itl2_code,itl2_name,year,population,pop_0_15,pop_16_24,pop_25_49,pop_50_64,pop_65_84,pop_85_plus,pop_16_64,pop_65_plus,share_0_15,share_16_24,share_25_49,share_50_64,share_65_84,share_85_plus,share_16_64,share_65_plus,median_age,child_dep_ratio,old_dep_ratio,top_age_group
TLC3,Tees Valley,1991,656181.0000,146084.0000,81905.0000,229730.0000,104530.0000,86207.0000,7725.0000,416165.0000,93932.0000,22.2628,12.4821,35.0102,15.9301,13.1377,1.1773,63.4223,14.3150,34.8579,35.1024,22.5709,85+
TLC4,"Northumberland, Durham and Tyne & Wear",1991,1930805.0000,385964.0000,248019.0000,669677.0000,315599.0000,284776.0000,26770.0000,1233295.0000,311546.0000,19.9898,12.8454,34.6838,16.3455,14.7491,1.3865,63.8747,16.1355,36.5468,31.2954,25.2613,85+
TLD1,Cumbria,1991,486263.0000,93812.0000,58258.0000,167760.0000,82242.0000,76316.0000,7875.0000,308260.0000,84191.0000,19.2924,11.9808,34.4998,16.9131,15.6944,1.6195,63.3937,17.3139,38.5242,30.4328,27.3117,85+
TLD3,Greater Manchester,1991,2553564.0000,545339.0000,345381.0000,892318.0000,383282.0000,352421.0000,34823.0000,1620981.0000,387244.0000,21.3560,13.5254,34.9440,15.0097,13.8011,1.3637,63.4792,15.1648,34.5801,33.6425,23.8895,85+
TLD4,Lancashire,1991,1402421.0000,290211.0000,175314.0000,477428.0000,222417.0000,213627.0000,23424.0000,875159.0000,237051.0000,20.6936,12.5008,34.0431,15.8595,15.2327,1.6703,62.4034,16.9030,37.0397,33.1609,27.0866,85+
TLD6,Cheshire,1991,837974.0000,169960.0000,101497.0000,302013.0000,137534.0000,115414.0000,11556.0000,541044.0000,126970.0000,20.2823,12.1122,36.0409,16.4127,13.7730,1.3790,64.5657,15.1520,37.2090,31.4133,23.4676,85+
TLD7,Merseyside,1991,1562817.0000,334403.0000,203830.0000,529894.0000,249902.0000,222052.0000,22736.0000,983626.0000,244788.0000,21.3975,13.0425,33.9063,15.9905,14.2084,1.4548,62.9393,15.6633,35.2330,33.9970,24.8863,85+
TLE1,East Yorkshire and Northern Lincolnshire,1991,871680.0000,180784.0000,113442.0000,298802.0000,139494.0000,126526.0000,12632.0000,551738.0000,139158.0000,20.7397,13.0142,34.2789,16.0029,14.5152,1.4492,63.2959,15.9643,36.3078,32.7663,25.2218,85+
TLE2,North Yorkshire,1991,714072.0000,133985.0000,89543.0000,247401.0000,117250.0000,112471.0000,13422.0000,454194.0000,125893.0000,18.7635,12.5398,34.6465,16.4199,15.7507,1.8796,63.6062,17.6303,38.6040,29.4995,27.7179,85+
TLE3,South Yorkshire,1991,1288650.0000,254999.0000,174312.0000,449780.0000,201761.0000,189898.0000,17900.0000,825853.0000,207798.0000,19.7881,13.5267,34.9032,15.6568,14.7362,1.3891,64.0867,16.1252,35.9048,30.8770,25.1616,85+
TLE4,West Yorkshire,1991,2061698.0000,437597.0000,282812.0000,719272.0000,309145.0000,283060.0000,29812.0000,1311229.0000,312872.0000,21.2251,13.7174,34.8874,14.9947,13.7295,1.4460,63.5995,15.1755,34.6585,33.3730,23.8610,85+
TLF1,Derbyshire and Nottinghamshire,1991,1950906.0000,387715.0000,255070.0000,692562.0000,307050.0000,281050.0000,27459.0000,1254682.0000,308509.0000,19.8736,13.0744,35.4995,15.7388,14.4061,1.4075,64.3128,15.8136,36.3863,30.9015,24.5886,85+
TLF2,"Leicestershire, Rutland and Northamptonshire",1991,1471922.0000,312595.0000,198191.0000,530812.0000,215977.0000,193451.0000,20896.0000,944980.0000,214347.0000,21.2372,13.4648,36.0625,14.6731,13.1427,1.4196,64.2004,14.5624,35.0287,33.0795,22.6827,85+
TLF3,Lincolnshire,1991,588583.0000,113330.0000,69182.0000,200347.0000,99425.0000,97027.0000,9272.0000,368954.0000,106299.0000,19.2547,11.7540,34.0389,16.8923,16.4848,1.5753,62.6851,18.0602,39.3924,30.7166,28.8109,85+
TLG1,"Herefordshire, Worcestershire and Warwickshire",1991,1159899.0000,232283.0000,139414.0000,415707.0000,187716.0000,167632.0000,17147.0000,742837.0000,184779.0000,20.0261,12.0195,35.8399,16.1838,14.4523,1.4783,64.0432,15.9306,37.9243,31.2697,24.8748,85+
TLG2,Shropshire and Staffordshire,1991,1451007.0000,296734.0000,187616.0000,520413.0000,232279.0000,195510.0000,18455.0000,940308.0000,213965.0000,20.4502,12.9301,35.8656,16.0081,13.4741,1.2719,64.8038,14.7460,36.5084,31.5571,22.7548,85+
TLG3,West Midlands,1991,2618793.0000,561151.0000,363874.0000,886727.0000,406682.0000,366728.0000,33631.0000,1657283.0000,400359.0000,21.4278,13.8947,33.8601,15.5294,14.0037,1.2842,63.2842,15.2879,34.4368,33.8597,24.1576,85+
TLH2,Bedfordshire and Hertfordshire,1991,1513925.0000,317994.0000,190898.0000,563746.0000,233056.0000,188668.0000,19563.0000,987700.0000,208231.0000,21.0046,12.6095,37.2374,15.3942,12.4622,1.2922,65.2410,13.7544,35.0877,32.1954,21.0824,85+
TLH3,Essex,1991,1538975.0000,310226.0000,191771.0000,551623.0000,238994.0000,222640.0000,23721.0000,982388.0000,246361.0000,20.1580,12.4610,35.8435,15.5294,14.4668,1.5414,63.8339,16.0081,36.9896,31.5788,25.0778,85+
TLH4,Cambridgeshire and Peterborough,1991,664767.0000,136623.0000,95389.0000,243544.0000,95196.0000,84972.0000,9043.0000,434129.0000,94015.0000,20.5520,14.3492,36.6360,14.3202,12.7822,1.3603,65.3054,14.1425,34.5384,31.4706,21.6560,85+
TLH5,Norfolk,1991,754319.0000,140703.0000,91589.0000,254226.0000,124199.0000,129684.0000,13918.0000,470014.0000,143602.0000,18.6530,12.1419,33.7027,16.4650,17.1922,1.8451,62.3097,19.0373,39.5737,29.9359,30.5527,85+
TLH6,Suffolk,1991,649066.0000,132704.0000,80168.0000,224849.0000,98703.0000,101280.0000,11362.0000,403720.0000,112642.0000,20.4454,12.3513,34.6419,15.2069,15.6040,1.7505,62.2001,17.3545,37.2106,32.8703,27.9010,85+
TLI3,Inner London - West,1991,930497.0000,139710.0000,144516.0000,393385.0000,126095.0000,113282.0000,13509.0000,663996.0000,126791.0000,15.0146,15.5311,42.2769,13.5514,12.1744,1.4518,71.3593,13.6262,32.7486,21.0408,19.0951,85+
TLI4,Inner London - East,1991,1668790.0000,352478.0000,237889.0000,655058.0000,215756.0000,187931.0000,19678.0000,1108703.0000,207609.0000,21.1218,14.2552,39.2535,12.9289,11.2615,1.1792,66.4375,12.4407,30.8246,31.7919,18.7254,85+
TLI5,Outer London - East and North East,1991,1513375.0000,310861.0000,197651.0000,549447.0000,224096.0000,208833.0000,22487.0000,971194.0000,231320.0000,20.5409,13.0603,36.3061,14.8077,13.7992,1.4859,64.1740,15.2850,34.6470,32.0081,23.8181,85+
TLI6,Outer London - South,1991,1086438.0000,207854.0000,135729.0000,412775.0000,163223.0000,149038.0000,17819.0000,711727.0000,166857.0000,19.1317,12.4930,37.9934,15.0237,13.7180,1.6401,65.5101,15.3582,35.6383,29.2042,23.4440,85+
TLI7,Outer London - West and North West,1991,1630214.0000,323632.0000,217521.0000,622970.0000,234806.0000,206808.0000,24477.0000,1075297.0000,231285.0000,19.8521,13.3431,38.2140,14.4034,12.6859,1.5015,65.9605,14.1874,34.0632,30.0970,21.5089,85+
TLJ1,"Berkshire, Buckinghamshire and Oxfordshire",1991,1961960.0000,414319.0000,271217.0000,743013.0000,283885.0000,224993.0000,24533.0000,1298115.0000,249526.0000,21.1176,13.8238,37.8710,14.4695,11.4678,1.2504,66.1642,12.7182,34.1240,31.9170,19.2222,85+
TLJ2,"Surrey, East and West Sussex",1991,2442789.0000,450949.0000,284634.0000,842663.0000,388446.0000,418748.0000,57349.0000,1515743.0000,476097.0000,18.4604,11.6520,34.4959,15.9017,17.1422,2.3477,62.0497,19.4899,39.4928,29.7510,31.4101,85+
TLJ3,Hampshire and Isle of Wight,1991,1696111.0000,337616.0000,223483.0000,609633.0000,256510.0000,241475.0000,27394.0000,1089626.0000,268869.0000,19.9053,13.1762,35.9430,15.1234,14.2370,1.6151,64.2426,15.8521,36.1385,30.9846,24.6753,85+
TLJ4,Kent,1991,1528326.0000,311694.0000,191072.0000,538087.0000,236006.0000,225288.0000,26179.0000,965165.0000,251467.0000,20.3945,12.5020,35.2076,15.4421,14.7408,1.7129,63.1518,16.4538,37.0062,32.2944,26.0543,85+
TLK3,Cornwall and Isles of Scilly,1991,471549.0000,90433.0000,51446.0000,157105.0000,80193.0000,83140.0000,9232.0000,288744.0000,92372.0000,19.1779,10.9100,33.3168,17.0063,17.6313,1.9578,61.2331,19.5891,40.7720,31.3194,31.9910,85+
TLK4,Devon,1991,1031723.0000,190787.0000,128480.0000,339779.0000,165463.0000,184022.0000,23192.0000,633722.0000,207214.0000,18.4921,12.4530,32.9332,16.0375,17.8364,2.2479,61.4237,20.0843,39.5968,30.1058,32.6979,85+
TLK5,West of England,1991,777459.0000,149686.0000,108723.0000,278859.0000,116738.0000,110992.0000,12461.0000,504320.0000,123453.0000,19.2532,13.9844,35.8680,15.0153,14.2763,1.6028,64.8677,15.8790,35.4052,29.6808,24.4791,85+
TLK6,"North Somerset, Somerset and Dorset",1991,1301381.0000,241110.0000,149043.0000,429964.0000,210272.0000,241066.0000,29926.0000,789279.0000,270992.0000,18.5272,11.4527,33.0391,16.1576,18.5239,2.2996,60.6493,20.8234,40.5726,30.5481,34.3341,85+
TLK7,Gloucestershire and Wiltshire,1991,1106136.0000,221683.0000,139020.0000,396216.0000,170494.0000,161324.0000,17399.0000,705730.0000,178723.0000,20.0412,12.5681,35.8198,15.4135,14.5845,1.5730,63.8014,16.1574,36.6509,31.4119,25.3246,85+
TLL3,North Wales,1991,647692.0000,128761.0000,79074.0000,213685.0000,106149.0000,107589.0000,12434.0000,398908.0000,120023.0000,19.8800,12.2086,32.9918,16.3888,16.6111,1.9197,61.5892,18.5309,38.7720,32.2784,30.0879,85+
TLL4,Mid and South West Wales,1991,836394.0000,165347.0000,99725.0000,276720.0000,141194.0000,139917.0000,13491.0000,517639.0000,153408.0000,19.7690,11.9232,33.0849,16.8813,16.7286,1.6130,61.8894,18.3416,38.9678,31.9425,29.6361,85+
TLL5,South East Wales,1991,1388912.0000,295069.0000,179873.0000,478170.0000,216096.0000,200554.0000,19150.0000,874139.0000,219704.0000,21.2446,12.9506,34.4277,15.5587,14.4396,1.3788,62.9370,15.8184,35.7910,33.7554,25.1338,85+
TLM0,Eastern Scotland,1991,867710.0000,173490.0000,115011.0000,299937.0000,139945.0000,126475.0000,12852.0000,554893.0000,139327.0000,19.9940,13.2545,34.5665,16.1281,14.5757,1.4811,63.9491,16.0569,36.5031,31.2655,25.1088,90+
TLM1,East Central Scotland,1991,887830.0000,167279.0000,126316.0000,322953.0000,138489.0000,120228.0000,12565.0000,587758.0000,132793.0000,18.8413,14.2275,36.3755,15.5986,13.5418,1.4152,66.2016,14.9570,35.2058,28.4605,22.5931,90+
TLM2,Highlands and Islands,1991,452680.0000,95855.0000,54801.0000,158150.0000,73013.0000,63705.0000,7156.0000,285964.0000,70861.0000,21.1750,12.1059,34.9364,16.1291,14.0729,1.5808,63.1713,15.6537,36.5861,33.5200,24.7797,90+
TLM3,West Central Scotland,1991,1516390.0000,308585.0000,212131.0000,526859.0000,245492.0000,204428.0000,18895.0000,984482.0000,223323.0000,20.3500,13.9892,34.7443,16.1892,13.4812,1.2461,64.9227,14.7273,34.5713,31.3449,22.6843,90+
TLM5,North Eastern Scotland,1991,429990.0000,86628.0000,60012.0000,159398.0000,64243.0000,53510.0000,6199.0000,283653.0000,59709.0000,20.1465,13.9566,37.0702,14.9406,12.4445,1.4417,65.9673,13.8861,34.7632,30.5401,21.0500,90+
TLM9,Southern Scotland,1991,928730.0000,189112.0000,114655.0000,324339.0000,156189.0000,131834.0000,12601.0000,595183.0000,144435.0000,20.3624,12.3454,34.9229,16.8175,14.1951,1.3568,64.0857,15.5519,36.8255,31.7738,24.2673,90+
TLC3,Tees Valley,1992,656572.0000,146921.0000,79498.0000,231553.0000,104011.0000,86572.0000,8017.0000,415062.0000,94589.0000,22.3770,12.1080,35.2670,15.8415,13.1855,1.2210,63.2165,14.4065,35.0546,35.3974,22.7891,85+
TLC4,"Northumberland, Durham and Tyne & Wear",1992,1934761.0000,389322.0000,241062.0000,679236.0000,312431.0000,285064.0000,27646.0000,1232729.0000,312710.0000,20.1225,12.4595,35.1070,16.1483,14.7338,1.4289,63.7148,16.1627,36.6101,31.5821,25.3673,85+
TLD1,Cumbria,1992,487245.0000,94608.0000,56050.0000,169400.0000,82320.0000,76723.0000,8144.0000,307770.0000,84867.0000,19.4169,11.5035,34.7669,16.8950,15.7463,1.6714,63.1653,17.4177,38.6874,30.7398,27.5748,85+
TLD3,Greater Manchester,1992,2551179.0000,550428.0000,332162.0000,900048.0000,381797.0000,350414.0000,36330.0000,1614007.0000,386744.0000,21.5754,13.0199,35.2797,14.9655,13.7354,1.4240,63.2651,15.1594,34.6911,34.1032,23.9617,85+
TLD4,Lancashire,1992,1405342.0000,292638.0000,171176.0000,482305.0000,222209.0000,212755.0000,24259.0000,875690.0000,237014.0000,20.8233,12.1804,34.3194,15.8117,15.1390,1.7262,62.3115,16.8652,37.0356,33.4180,27.0660,85+
TLD6,Cheshire,1992,840077.0000,170946.0000,98337.0000,304389.0000,138117.0000,116180.0000,12108.0000,540843.0000,128288.0000,20.3488,11.7057,36.2335,16.4410,13.8297,1.4413,64.3802,15.2710,37.3334,31.6073,23.7200,85+
TLD7,Merseyside,1992,1557186.0000,335343.0000,196842.0000,532497.0000,247637.0000,221463.0000,23404.0000,976976.0000,244867.0000,21.5352,12.6409,34.1961,15.9029,14.2220,1.5030,62.7398,15.7250,35.4288,34.3246,25.0638,85+
TLE1,East Yorkshire and Northern Lincolnshire,1992,875449.0000,182274.0000,110703.0000,302956.0000,139161.0000,127242.0000,13113.0000,552820.0000,140355.0000,20.8206,12.6453,34.6058,15.8960,14.5345,1.4979,63.1470,16.0323,36.4008,32.9717,25.3889,85+
TLE2,North Yorkshire,1992,717760.0000,135706.0000,86057.0000,251516.0000,117726.0000,112714.0000,14041.0000,455299.0000,126755.0000,18.9069,11.9897,35.0418,16.4019,15.7036,1.9562,63.4333,17.6598,38.7254,29.8059,27.8399,85+
TLE3,South Yorkshire,1992,1288287.0000,257936.0000,166947.0000,454280.0000,200862.0000,189513.0000,18749.0000,822089.0000,208262.0000,20.0216,12.9588,35.2623,15.5914,14.7105,1.4553,63.8126,16.1658,36.0210,31.3757,25.3333,85+
TLE4,West Yorkshire,1992,2067537.0000,442564.0000,273765.0000,729825.0000,307382.0000,282934.0000,31067.0000,1310972.0000,314001.0000,21.4054,13.2411,35.2992,14.8671,13.6846,1.5026,63.4074,15.1872,34.7686,33.7585,23.9518,85+
TLF1,Derbyshire and Nottinghamshire,1992,1958035.0000,392237.0000,246150.0000,702285.0000,306361.0000,282429.0000,28573.0000,1254796.0000,311002.0000,20.0322,12.5713,35.8668,15.6463,14.4241,1.4593,64.0845,15.8834,36.4527,31.2590,24.7851,85+
TLF2,"Leicestershire, Rutland and Northamptonshire",1992,1483228.0000,316374.0000,193640.0000,539796.0000,217340.0000,194292.0000,21786.0000,950776.0000,216078.0000,21.3301,13.0553,36.3933,14.6532,13.0993,1.4688,64.1018,14.5681,35.1565,33.2753,22.7265,85+
TLF3,Lincolnshire,1992,595428.0000,114668.0000,67845.0000,204358.0000,100341.0000,98431.0000,9785.0000,372544.0000,108216.0000,19.2581,11.3943,34.3212,16.8519,16.5311,1.6434,62.5674,18.1745,39.4742,30.7797,29.0478,85+
TLG1,"Herefordshire, Worcestershire and Warwickshire",1992,1167753.0000,233937.0000,136168.0000,421072.0000,189554.0000,169093.0000,17929.0000,746794.0000,187022.0000,20.0331,11.6607,36.0583,16.2324,14.4802,1.5353,63.9514,16.0155,38.0898,31.3255,25.0433,85+
TLG2,Shropshire and Staffordshire,1992,1454006.0000,297825.0000,181449.0000,524216.0000,233675.0000,197441.0000,19400.0000,939340.0000,216841.0000,20.4831,12.4792,36.0532,16.0711,13.5791,1.3342,64.6036,14.9133,36.7194,31.7058,23.0844,85+
TLG3,West Midlands,1992,2615616.0000,567584.0000,350335.0000,892579.0000,403251.0000,366808.0000,35059.0000,1646165.0000,401867.0000,21.6998,13.3940,34.1250,15.4171,14.0238,1.3404,62.9360,15.3641,34.5045,34.4792,24.4123,85+
TLH2,Bedfordshire and Hertfordshire,1992,1522883.0000,322088.0000,184413.0000,572312.0000,233516.0000,190150.0000,20404.0000,990241.0000,210554.0000,21.1499,12.1095,37.5808,15.3338,12.4862,1.3398,65.0241,13.8260,35.2243,32.5262,21.2629,85+
TLH3,Essex,1992,1546941.0000,312358.0000,186902.0000,558578.0000,240080.0000,224311.0000,24712.0000,985560.0000,249023.0000,20.1920,12.0820,36.1086,15.5197,14.5003,1.5975,63.7103,16.0978,37.0898,31.6935,25.2672,85+
TLH4,Cambridgeshire and Peterborough,1992,671623.0000,137970.0000,93329.0000,248830.0000,96349.0000,85615.0000,9530.0000,438508.0000,95145.0000,20.5428,13.8960,37.0491,14.3457,12.7475,1.4190,65.2908,14.1664,34.7169,31.4635,21.6974,85+
TLH5,Norfolk,1992,757659.0000,141068.0000,89489.0000,256712.0000,125044.0000,130807.0000,14539.0000,471245.0000,145346.0000,18.6189,11.8113,33.8823,16.5040,17.2646,1.9189,62.1975,19.1836,39.8134,29.9352,30.8430,85+
TLH6,Suffolk,1992,643483.0000,131310.0000,76316.0000,222836.0000,99498.0000,101653.0000,11870.0000,398650.0000,113523.0000,20.4061,11.8598,34.6297,15.4624,15.7973,1.8446,61.9519,17.6420,37.7162,32.9387,28.4769,85+
TLI3,Inner London - West,1992,922595.0000,140487.0000,132973.0000,399107.0000,125103.0000,110990.0000,13935.0000,657183.0000,124925.0000,15.2274,14.4129,43.2592,13.5599,12.0302,1.5104,71.2320,13.5406,32.9463,21.3772,19.0092,85+
TLI4,Inner London - East,1992,1675478.0000,362401.0000,227134.0000,668503.0000,212767.0000,184629.0000,20044.0000,1108404.0000,204673.0000,21.6297,13.5564,39.8992,12.6989,11.0195,1.1963,66.1545,12.2158,30.9876,32.6957,18.4656,85+
TLI5,Outer London - East and North East,1992,1515998.0000,315529.0000,191014.0000,556693.0000,222185.0000,207251.0000,23326.0000,969892.0000,230577.0000,20.8133,12.5999,36.7212,14.6560,13.6709,1.5387,63.9771,15.2096,34.6638,32.5324,23.7735,85+
TLI6,Outer London - South,1992,1087926.0000,211427.0000,129472.0000,418024.0000,162267.0000,148055.0000,18681.0000,709763.0000,166736.0000,19.4340,11.9008,38.4239,14.9153,13.6089,1.7171,65.2400,15.3260,35.6535,29.7884,23.4918,85+
TLI7,Outer London - West and North West,1992,1627411.0000,328529.0000,205907.0000,628920.0000,234529.0000,204152.0000,25374.0000,1069356.0000,229526.0000,20.1872,12.6524,38.6454,14.4112,12.5446,1.5592,65.7090,14.1038,34.1944,30.7221,21.4639,85+
TLJ1,"Berkshire, Buckinghamshire and Oxfordshire",1992,1977879.0000,419850.0000,261540.0000,756270.0000,287451.0000,226910.0000,25858.0000,1305261.0000,252768.0000,21.2273,13.2233,38.2364,14.5333,11.4724,1.3074,65.9930,12.7798,34.3414,32.1660,19.3653,85+
TLJ2,"Surrey, East and West Sussex",1992,2447368.0000,455925.0000,272893.0000,853586.0000,388734.0000,416774.0000,59456.0000,1515213.0000,476230.0000,18.6292,11.1505,34.8777,15.8838,17.0295,2.4294,61.9119,19.4589,39.5657,30.0898,31.4299,85+
TLJ3,Hampshire and Isle of Wight,1992,1702426.0000,340917.0000,214743.0000,617014.0000,258466.0000,242842.0000,28444.0000,1090223.0000,271286.0000,20.0254,12.6139,36.2432,15.1822,14.2645,1.6708,64.0394,15.9353,36.3435,31.2704,24.8835,85+
TLJ4,Kent,1992,1528921.0000,313665.0000,184257.0000,541691.0000,236841.0000,225231.0000,27236.0000,962789.0000,252467.0000,20.5154,12.0514,35.4296,15.4907,14.7314,1.7814,62.9718,16.5128,37.1494,32.5788,26.2225,85+
TLK3,Cornwall and Isles of Scilly,1992,473042.0000,90911.0000,50190.0000,158007.0000,80790.0000,83531.0000,9613.0000,288987.0000,93144.0000,19.2184,10.6101,33.4023,17.0788,17.6583,2.0322,61.0912,19.6904,41.0603,31.4585,32.2312,85+
TLK4,Devon,1992,1037431.0000,192689.0000,124295.0000,346022.0000,166127.0000,184094.0000,24204.0000,636444.0000,208298.0000,18.5737,11.9810,33.3537,16.0133,17.7452,2.3331,61.3481,20.0783,39.6905,30.2759,32.7284,85+
TLK5,West of England,1992,779259.0000,151536.0000,104271.0000,283293.0000,116585.0000,110775.0000,12799.0000,504149.0000,123574.0000,19.4462,13.3808,36.3542,14.9610,14.2154,1.6425,64.6959,15.8579,35.4858,30.0578,24.5114,85+
TLK6,"North Somerset, Somerset and Dorset",1992,1309830.0000,243739.0000,145404.0000,436197.0000,211681.0000,241576.0000,31233.0000,793282.0000,272809.0000,18.6084,11.1010,33.3018,16.1610,18.4433,2.3845,60.5637,20.8278,40.6941,30.7254,34.3899,85+
TLK7,Gloucestershire and Wiltshire,1992,1114359.0000,224541.0000,133952.0000,403170.0000,171917.0000,162581.0000,18198.0000,709039.0000,180779.0000,20.1498,12.0205,36.1795,15.4274,14.5896,1.6330,63.6275,16.2227,36.7911,31.6684,25.4963,85+
TLL3,North Wales,1992,649826.0000,129412.0000,77342.0000,215552.0000,106639.0000,107801.0000,13080.0000,399533.0000,120881.0000,19.9149,11.9020,33.1707,16.4104,16.5892,2.0128,61.4831,18.6021,38.9074,32.3908,30.2556,85+
TLL4,Mid and South West Wales,1992,838421.0000,166273.0000,97393.0000,278898.0000,140964.0000,140795.0000,14098.0000,517255.0000,154893.0000,19.8317,11.6162,33.2647,16.8130,16.7929,1.6815,61.6939,18.4744,39.1380,32.1453,29.9452,85+
TLL5,South East Wales,1992,1389427.0000,297555.0000,172866.0000,481884.0000,215955.0000,201407.0000,19760.0000,870705.0000,221167.0000,21.4157,12.4415,34.6822,15.5427,14.4957,1.4222,62.6665,15.9179,35.9339,34.1740,25.4009,85+
TLM0,Eastern Scotland,1992,871290.0000,174389.0000,112489.0000,303634.0000,140271.0000,127050.0000,13457.0000,556394.0000,140507.0000,20.0150,12.9106,34.8488,16.0992,14.5818,1.5445,63.8586,16.1263,36.6360,31.3427,25.2531,90+
TLM1,East Central Scotland,1992,887130.0000,167810.0000,121269.0000,327319.0000,137825.0000,120075.0000,12832.0000,586413.0000,132907.0000,18.9161,13.6698,36.8964,15.5361,13.5352,1.4465,66.1023,14.9817,35.3979,28.6164,22.6644,90+
TLM2,Highlands and Islands,1992,454240.0000,95564.0000,53475.0000,159679.0000,74040.0000,64040.0000,7442.0000,287194.0000,71482.0000,21.0382,11.7724,35.1530,16.2998,14.0983,1.6383,63.2252,15.7366,36.8934,33.2751,24.8898,90+
TLM3,West Central Scotland,1992,1506830.0000,307576.0000,202257.0000,531767.0000,242737.0000,203215.0000,19278.0000,976761.0000,222493.0000,20.4121,13.4227,35.2904,16.1091,13.4863,1.2794,64.8222,14.7656,34.8072,31.4894,22.7787,90+
TLM5,North Eastern Scotland,1992,436110.0000,88022.0000,59469.0000,163395.0000,64850.0000,53859.0000,6515.0000,287714.0000,60374.0000,20.1834,13.6362,37.4665,14.8701,12.3499,1.4939,65.9728,13.8438,34.8759,30.5936,20.9840,90+
TLM9,Southern Scotland,1992,930020.0000,188827.0000,110909.0000,327605.0000,156649.0000,133062.0000,12968.0000,595163.0000,146030.0000,20.3035,11.9254,35.2256,16.8436,14.3074,1.3944,63.9946,15.7018,37.0790,31.7269,24.5361,90+
TLC3,Tees Valley,1993,656208.0000,147623.0000,77155.0000,232655.0000,103560.0000,86834.0000,8381.0000,413370.0000,95215.0000,22.4964,11.7577,35.4545,15.7816,13.2327,1.2772,62.9937,14.5099,35.3178,35.7121,23.0338,85+
TLC4,"Northumberland, Durham and Tyne & Wear",1993,1937740.0000,393075.0000,233262.0000,686664.0000,311576.0000,284524.0000,28639.0000,1231502.0000,313163.0000,20.2852,12.0378,35.4363,16.0794,14.6833,1.4780,63.5535,16.1612,36.7306,31.9183,25.4294,85+
TLD1,Cumbria,1993,487165.0000,95083.0000,54026.0000,169918.0000,82707.0000,76886.0000,8545.0000,306651.0000,85431.0000,19.5176,11.0899,34.8789,16.9772,15.7823,1.7540,62.9460,17.5364,38.9011,31.0069,27.8594,85+
TLD3,Greater Manchester,1993,2551015.0000,555736.0000,319762.0000,906023.0000,384190.0000,347353.0000,37951.0000,1609975.0000,385304.0000,21.7849,12.5347,35.5162,15.0603,13.6163,1.4877,63.1112,15.1039,34.8085,34.5183,23.9323,85+
TLD4,Lancashire,1993,1411690.0000,296109.0000,167344.0000,487516.0000,223785.0000,211449.0000,25487.0000,878645.0000,236936.0000,20.9755,11.8542,34.5342,15.8523,14.9784,1.8054,62.2406,16.7839,37.0311,33.7006,26.9661,85+
TLD6,Cheshire,1993,845859.0000,172639.0000,96442.0000,307338.0000,139752.0000,116906.0000,12782.0000,543532.0000,129688.0000,20.4099,11.4017,36.3344,16.5219,13.8210,1.5111,64.2580,15.3321,37.4174,31.7624,23.8602,85+
TLD7,Merseyside,1993,1551011.0000,336478.0000,189321.0000,533642.0000,246387.0000,220879.0000,24304.0000,969350.0000,245183.0000,21.6941,12.2063,34.4061,15.8856,14.2410,1.5670,62.4979,15.8079,35.6734,34.7117,25.2935,85+
TLE1,East Yorkshire and Northern Lincolnshire,1993,878241.0000,183876.0000,107281.0000,305945.0000,139621.0000,127767.0000,13751.0000,552847.0000,141518.0000,20.9368,12.2154,34.8361,15.8978,14.5481,1.5657,62.9493,16.1138,36.5631,33.2598,25.5980,85+
TLE2,North Yorkshire,1993,716387.0000,136980.0000,81069.0000,251924.0000,118711.0000,113017.0000,14686.0000,451704.0000,127703.0000,19.1209,11.3164,35.1659,16.5708,15.7760,2.0500,63.0531,17.8260,39.0624,30.3252,28.2714,85+
TLE3,South Yorkshire,1993,1287041.0000,260941.0000,158829.0000,457727.0000,201286.0000,188522.0000,19736.0000,817842.0000,208258.0000,20.2745,12.3406,35.5643,15.6394,14.6477,1.5334,63.5444,16.1811,36.1768,31.9060,25.4643,85+
TLE4,West Yorkshire,1993,2072473.0000,447670.0000,263945.0000,737613.0000,308681.0000,281972.0000,32592.0000,1310239.0000,314564.0000,21.6008,12.7358,35.5910,14.8943,13.6056,1.5726,63.2210,15.1782,34.9229,34.1670,24.0081,85+
TLF1,Derbyshire and Nottinghamshire,1993,1962528.0000,396216.0000,236703.0000,708165.0000,308646.0000,282708.0000,30090.0000,1253514.0000,312798.0000,20.1891,12.0611,36.0843,15.7270,14.4053,1.5332,63.8724,15.9385,36.5742,31.6084,24.9537,85+
TLF2,"Leicestershire, Rutland and Northamptonshire",1993,1492581.0000,319383.0000,188760.0000,545911.0000,220749.0000,195006.0000,22772.0000,955420.0000,217778.0000,21.3980,12.6465,36.5750,14.7898,13.0650,1.5257,64.0113,14.5907,35.3412,33.4285,22.7940,85+
TLF3,Lincolnshire,1993,600784.0000,116218.0000,66397.0000,206563.0000,101583.0000,99635.0000,10388.0000,374543.0000,110023.0000,19.3444,11.0517,34.3822,16.9084,16.5842,1.7291,62.3424,18.3132,39.5839,31.0293,29.3753,85+
TLG1,"Herefordshire, Worcestershire and Warwickshire",1993,1174051.0000,235604.0000,132156.0000,423906.0000,193201.0000,170510.0000,18674.0000,749263.0000,189184.0000,20.0676,11.2564,36.1063,16.4559,14.5232,1.5906,63.8186,16.1138,38.2722,31.4448,25.2493,85+
TLG2,Shropshire and Staffordshire,1993,1456652.0000,299762.0000,174449.0000,525877.0000,237270.0000,198924.0000,20370.0000,937596.0000,219294.0000,20.5788,11.9760,36.1018,16.2887,13.6562,1.3984,64.3665,15.0547,36.9536,31.9713,23.3890,85+
TLG3,West Midlands,1993,2615227.0000,574255.0000,336992.0000,897477.0000,403441.0000,366373.0000,36689.0000,1637910.0000,403062.0000,21.9581,12.8858,34.3174,15.4266,14.0092,1.4029,62.6297,15.4121,34.5954,35.0602,24.6083,85+
TLH2,Bedfordshire and Hertfordshire,1993,1527911.0000,325369.0000,177777.0000,575980.0000,236038.0000,191321.0000,21426.0000,989795.0000,212747.0000,21.2950,11.6353,37.6972,15.4484,12.5217,1.4023,64.7809,13.9240,35.4388,32.8724,21.4940,85+
TLH3,Essex,1993,1550629.0000,314106.0000,180862.0000,561049.0000,243065.0000,225476.0000,26071.0000,984976.0000,251547.0000,20.2567,11.6638,36.1820,15.6753,14.5409,1.6813,63.5211,16.2223,37.2887,31.8897,25.5384,85+
TLH4,Cambridgeshire and Peterborough,1993,674681.0000,138778.0000,90345.0000,251182.0000,98180.0000,86169.0000,10027.0000,439707.0000,96196.0000,20.5694,13.3908,37.2297,14.5521,12.7718,1.4862,65.1726,14.2580,35.0111,31.5615,21.8773,85+
TLH5,Norfolk,1993,759523.0000,141890.0000,85993.0000,257928.0000,126792.0000,131644.0000,15276.0000,470713.0000,146920.0000,18.6815,11.3220,33.9592,16.6936,17.3325,2.0113,61.9748,19.3437,40.1006,30.1436,31.2122,85+
TLH6,Suffolk,1993,641625.0000,130839.0000,73288.0000,222288.0000,100669.0000,102106.0000,12435.0000,396245.0000,114541.0000,20.3918,11.4222,34.6445,15.6897,15.9137,1.9380,61.7565,17.8517,38.0665,33.0197,28.9066,85+
TLI3,Inner London - West,1993,916412.0000,140895.0000,123760.0000,403749.0000,124812.0000,108689.0000,14507.0000,652321.0000,123196.0000,15.3746,13.5048,44.0576,13.6196,11.8603,1.5830,71.1821,13.4433,33.1446,21.5990,18.8858,85+
TLI4,Inner London - East,1993,1685282.0000,371502.0000,220464.0000,681165.0000,210706.0000,180887.0000,20558.0000,1112335.0000,201445.0000,22.0439,13.0817,40.4185,12.5027,10.7333,1.2199,66.0029,11.9532,31.1122,33.3984,18.1101,85+
TLI5,Outer London - East and North East,1993,1518712.0000,320221.0000,185006.0000,561445.0000,222290.0000,205246.0000,24504.0000,968741.0000,229750.0000,21.0850,12.1818,36.9685,14.6367,13.5145,1.6135,63.7870,15.1280,34.7231,33.0554,23.7163,85+
TLI6,Outer London - South,1993,1091530.0000,215238.0000,124499.0000,422149.0000,162838.0000,147209.0000,19597.0000,709486.0000,166806.0000,19.7189,11.4059,38.6750,14.9183,13.4865,1.7954,64.9992,15.2819,35.6662,30.3372,23.5108,85+
TLI7,Outer London - West and North West,1993,1632555.0000,333824.0000,198839.0000,635888.0000,235480.0000,201825.0000,26699.0000,1070207.0000,228524.0000,20.4479,12.1796,38.9505,14.4240,12.3625,1.6354,65.5541,13.9979,34.2752,31.1925,21.3533,85+
TLJ1,"Berkshire, Buckinghamshire and Oxfordshire",1993,1985799.0000,422235.0000,251452.0000,763234.0000,292900.0000,228797.0000,27181.0000,1307586.0000,255978.0000,21.2627,12.6625,38.4346,14.7497,11.5217,1.3688,65.8468,12.8904,34.6351,32.2912,19.5764,85+
TLJ2,"Surrey, East and West Sussex",1993,2451656.0000,461000.0000,261202.0000,859933.0000,393099.0000,414569.0000,61853.0000,1514234.0000,476422.0000,18.8036,10.6541,35.0756,16.0340,16.9098,2.5229,61.7637,19.4327,39.6763,30.4444,31.4629,85+
TLJ3,Hampshire and Isle of Wight,1993,1707295.0000,344412.0000,206021.0000,620881.0000,262440.0000,243854.0000,29687.0000,1089342.0000,273541.0000,20.1730,12.0671,36.3664,15.3717,14.2831,1.7388,63.8051,16.0219,36.5808,31.6165,25.1107,85+
TLJ4,Kent,1993,1528422.0000,315726.0000,177099.0000,542570.0000,239914.0000,224652.0000,28461.0000,959583.0000,253113.0000,20.6570,11.5870,35.4987,15.6968,14.6983,1.8621,62.7826,16.5604,37.3324,32.9024,26.3774,85+
TLK3,Cornwall and Isles of Scilly,1993,474736.0000,91459.0000,49068.0000,158070.0000,81929.0000,84069.0000,10141.0000,289067.0000,94210.0000,19.2652,10.3358,33.2964,17.2578,17.7086,2.1361,60.8901,19.8447,41.3351,31.6394,32.5911,85+
TLK4,Devon,1993,1040670.0000,195154.0000,119245.0000,348388.0000,168859.0000,183778.0000,25246.0000,636492.0000,209024.0000,18.7527,11.4585,33.4773,16.2260,17.6596,2.4259,61.1618,20.0855,39.8741,30.6609,32.8400,85+
TLK5,West of England,1993,781452.0000,153259.0000,100542.0000,286375.0000,117640.0000,110395.0000,13241.0000,504557.0000,123636.0000,19.6121,12.8660,36.6465,15.0540,14.1269,1.6944,64.5666,15.8213,35.5947,30.3750,24.5039,85+
TLK6,"North Somerset, Somerset and Dorset",1993,1316026.0000,246120.0000,141199.0000,439625.0000,214506.0000,241739.0000,32837.0000,795330.0000,274576.0000,18.7018,10.7292,33.4055,16.2995,18.3689,2.4952,60.4342,20.8640,40.8448,30.9456,34.5235,85+
TLK7,Gloucestershire and Wiltshire,1993,1120750.0000,226741.0000,128977.0000,407975.0000,174637.0000,163405.0000,19015.0000,711589.0000,182420.0000,20.2312,11.5081,36.4020,15.5822,14.5800,1.6966,63.4922,16.2766,36.9943,31.8640,25.6356,85+
TLL3,North Wales,1993,652004.0000,130425.0000,75309.0000,217110.0000,107587.0000,107818.0000,13755.0000,400006.0000,121573.0000,20.0037,11.5504,33.2989,16.5010,16.5364,2.1096,61.3502,18.6461,39.0337,32.6058,30.3928,85+
TLL4,Mid and South West Wales,1993,839634.0000,167217.0000,94659.0000,279880.0000,141897.0000,141113.0000,14868.0000,516436.0000,155981.0000,19.9155,11.2738,33.3336,16.8999,16.8065,1.7708,61.5073,18.5773,39.3296,32.3790,30.2034,85+
TLL5,South East Wales,1993,1391920.0000,300651.0000,166480.0000,485237.0000,217664.0000,201240.0000,20648.0000,869381.0000,221888.0000,21.5997,11.9605,34.8610,15.6377,14.4577,1.4834,62.4591,15.9411,36.0863,34.5822,25.5225,85+
TLM0,Eastern Scotland,1993,874560.0000,175811.0000,109233.0000,307426.0000,141102.0000,126910.0000,14078.0000,557761.0000,140988.0000,20.1028,12.4901,35.1521,16.1341,14.5113,1.6097,63.7762,16.1210,36.7800,31.5208,25.2775,90+
TLM1,East Central Scotland,1993,890130.0000,169844.0000,116555.0000,332180.0000,138597.0000,119851.0000,13103.0000,587332.0000,132954.0000,19.0808,13.0942,37.3181,15.5704,13.4644,1.4720,65.9827,14.9365,35.5780,28.9179,22.6369,90+
TLM2,Highlands and Islands,1993,456160.0000,95594.0000,51878.0000,161375.0000,75394.0000,64165.0000,7754.0000,288647.0000,71919.0000,20.9562,11.3728,35.3768,16.5280,14.0663,1.6998,63.2776,15.7662,37.1452,33.1180,24.9159,90+
TLM3,West Central Scotland,1993,1498850.0000,307514.0000,192171.0000,536367.0000,241343.0000,201883.0000,19572.0000,969881.0000,221455.0000,20.5167,12.8212,35.7852,16.1019,13.4692,1.3058,64.7083,14.7750,35.0372,31.7064,22.8332,90+
TLM5,North Eastern Scotland,1993,441350.0000,89234.0000,59098.0000,166716.0000,65593.0000,54052.0000,6657.0000,291407.0000,60709.0000,20.2184,13.3903,37.7741,14.8619,12.2470,1.5083,66.0263,13.7553,34.9900,30.6218,20.8331,90+
TLM9,Southern Scotland,1993,931410.0000,189678.0000,106614.0000,329921.0000,157827.0000,133832.0000,13538.0000,594362.0000,147370.0000,20.3646,11.4465,35.4217,16.9450,14.3688,1.4535,63.8131,15.8222,37.3352,31.9129,24.7947,90+
TLC3,Tees Valley,1994,656800.0000,148342.0000,74684.0000,234243.0000,103708.0000,87212.0000,8611.0000,412635.0000,95823.0000,22.5856,11.3709,35.6643,15.7899,13.2783,1.3111,62.8251,14.5894,35.5574,35.9499,23.2222,85+
TLC4,"Northumberland, Durham and Tyne & Wear",1994,1931861.0000,393589.0000,226229.0000,686852.0000,311625.0000,284104.0000,29462.0000,1224706.0000,313566.0000,20.3736,11.7104,35.5539,16.1308,14.7062,1.5251,63.3951,16.2313,36.9761,32.1374,25.6034,85+
TLD1,Cumbria,1994,487002.0000,95320.0000,51034.0000,171379.0000,83531.0000,76962.0000,8776.0000,305944.0000,85738.0000,19.5728,10.4792,35.1906,17.1521,15.8032,1.8020,62.8219,17.6053,39.0751,31.1560,28.0241,85+
TLD3,Greater Manchester,1994,2545656.0000,558524.0000,307344.0000,909449.0000,387169.0000,344187.0000,38983.0000,1603962.0000,383170.0000,21.9403,12.0733,35.7255,15.2090,13.5206,1.5314,63.0078,15.0519,34.9867,34.8215,23.8890,85+
TLD4,Lancashire,1994,1413913.0000,298972.0000,161497.0000,491190.0000,226216.0000,209746.0000,26292.0000,878903.0000,236038.0000,21.1450,11.4220,34.7398,15.9993,14.8344,1.8595,62.1610,16.6940,37.0955,34.0165,26.8560,85+
TLD6,Cheshire,1994,850052.0000,174067.0000,92267.0000,310699.0000,142298.0000,117668.0000,13053.0000,545264.0000,130721.0000,20.4772,10.8543,36.5506,16.7399,13.8424,1.5356,64.1448,15.3780,37.5600,31.9234,23.9739,85+
TLD7,Merseyside,1994,1542281.0000,336510.0000,181950.0000,533819.0000,245146.0000,220227.0000,24629.0000,960915.0000,244856.0000,21.8190,11.7975,34.6123,15.8950,14.2793,1.5969,62.3048,15.8762,35.9355,35.0197,25.4815,85+
TLE1,East Yorkshire and Northern Lincolnshire,1994,883011.0000,185612.0000,104975.0000,309640.0000,140668.0000,127908.0000,14208.0000,555283.0000,142116.0000,21.0203,11.8883,35.0664,15.9305,14.4854,1.6090,62.8852,16.0945,36.6638,33.4266,25.5934,85+
TLE2,North Yorkshire,1994,720426.0000,138853.0000,77300.0000,255455.0000,120828.0000,112979.0000,15011.0000,453583.0000,127990.0000,19.2737,10.7298,35.4589,16.7717,15.6822,2.0836,62.9604,17.7659,39.1491,30.6125,28.2175,85+
TLE3,South Yorkshire,1994,1283838.0000,263252.0000,152096.0000,457725.0000,203351.0000,187146.0000,20268.0000,813172.0000,207414.0000,20.5051,11.8470,35.6529,15.8393,14.5771,1.5787,63.3391,16.1558,36.3757,32.3735,25.5068,85+
TLE4,West Yorkshire,1994,2072812.0000,451678.0000,255414.0000,741186.0000,310728.0000,280629.0000,33177.0000,1307328.0000,313806.0000,21.7906,12.3221,35.7575,14.9907,13.5386,1.6006,63.0703,15.1391,35.0935,34.5497,24.0036,85+
TLF1,Derbyshire and Nottinghamshire,1994,1965049.0000,399717.0000,226616.0000,711942.0000,313344.0000,282542.0000,30888.0000,1251902.0000,313430.0000,20.3413,11.5323,36.2302,15.9459,14.3784,1.5719,63.7084,15.9502,36.7199,31.9288,25.0363,85+
TLF2,"Leicestershire, Rutland and Northamptonshire",1994,1501158.0000,321588.0000,185380.0000,549545.0000,225499.0000,195788.0000,23358.0000,960424.0000,219146.0000,21.4227,12.3491,36.6081,15.0217,13.0425,1.5560,63.9789,14.5985,35.5416,33.4840,22.8176,85+
TLF3,Lincolnshire,1994,605513.0000,117932.0000,63460.0000,209135.0000,103587.0000,100768.0000,10631.0000,376182.0000,111399.0000,19.4764,10.4804,34.5385,17.1073,16.6418,1.7557,62.1262,18.3975,39.7085,31.3497,29.6131,85+
TLG1,"Herefordshire, Worcestershire and Warwickshire",1994,1181478.0000,237451.0000,126498.0000,427804.0000,198679.0000,171839.0000,19207.0000,752981.0000,191046.0000,20.0978,10.7068,36.2092,16.8161,14.5444,1.6257,63.7321,16.1701,38.4328,31.5348,25.3720,85+
TLG2,Shropshire and Staffordshire,1994,1462010.0000,301814.0000,167165.0000,530153.0000,241866.0000,199955.0000,21057.0000,939184.0000,221012.0000,20.6438,11.4339,36.2619,16.5434,13.6767,1.4403,64.2392,15.1170,37.1295,32.1358,23.5323,85+
TLG3,West Midlands,1994,2605807.0000,578103.0000,323865.0000,896580.0000,403991.0000,365407.0000,37861.0000,1624436.0000,403268.0000,22.1852,12.4286,34.4070,15.5035,14.0228,1.4529,62.3391,15.4757,34.7611,35.5879,24.8251,85+
TLH2,Bedfordshire and Hertfordshire,1994,1535544.0000,329490.0000,170204.0000,581543.0000,238876.0000,193273.0000,22158.0000,990623.0000,215431.0000,21.4575,11.0843,37.8721,15.5564,12.5866,1.4430,64.5128,14.0296,35.6339,33.2609,21.7470,85+
TLH3,Essex,1994,1558453.0000,317307.0000,174000.0000,565669.0000,247884.0000,226685.0000,26908.0000,987553.0000,253593.0000,20.3604,11.1649,36.2968,15.9058,14.5455,1.7266,63.3675,16.2721,37.4361,32.1306,25.6789,85+
TLH4,Cambridgeshire and Peterborough,1994,676718.0000,139996.0000,86514.0000,252937.0000,100095.0000,86832.0000,10344.0000,439546.0000,97176.0000,20.6875,12.7844,37.3770,14.7912,12.8313,1.5286,64.9526,14.3599,35.3132,31.8501,22.1083,85+
TLH5,Norfolk,1994,762389.0000,143263.0000,82029.0000,259698.0000,129124.0000,132353.0000,15922.0000,470851.0000,148275.0000,18.7913,10.7595,34.0637,16.9368,17.3603,2.0884,61.7599,19.4487,40.3246,30.4264,31.4909,85+
TLH6,Suffolk,1994,644811.0000,131907.0000,69701.0000,225282.0000,102545.0000,102584.0000,12792.0000,397528.0000,115376.0000,20.4567,10.8095,34.9377,15.9031,15.9092,1.9838,61.6503,17.8930,38.2078,33.1818,29.0234,85+
TLI3,Inner London - West,1994,914611.0000,142035.0000,126046.0000,400141.0000,124889.0000,106635.0000,14865.0000,651076.0000,121500.0000,15.5296,13.7814,43.7499,13.6549,11.6591,1.6253,71.1861,13.2843,33.2832,21.8154,18.6614,85+
TLI4,Inner London - East,1994,1697744.0000,380409.0000,219088.0000,691590.0000,208543.0000,177587.0000,20527.0000,1119221.0000,198114.0000,22.4067,12.9047,40.7358,12.2835,10.4602,1.2091,65.9240,11.6693,31.2552,33.9887,17.7011,85+
TLI5,Outer London - East and North East,1994,1521046.0000,324326.0000,178939.0000,566545.0000,222693.0000,203395.0000,25148.0000,968177.0000,228543.0000,21.3226,11.7642,37.2471,14.6408,13.3720,1.6533,63.6521,15.0254,34.8020,33.4986,23.6055,85+
TLI6,Outer London - South,1994,1097844.0000,219291.0000,121764.0000,426966.0000,163953.0000,146122.0000,19748.0000,712683.0000,165870.0000,19.9747,11.0912,38.8913,14.9341,13.3099,1.7988,64.9166,15.1087,35.6240,30.7698,23.2740,85+
TLI7,Outer London - West and North West,1994,1642282.0000,338909.0000,195858.0000,642935.0000,237489.0000,199928.0000,27163.0000,1076282.0000,227091.0000,20.6365,11.9260,39.1489,14.4609,12.1738,1.6540,65.5358,13.8278,34.3098,31.4889,21.0996,85+
TLJ1,"Berkshire, Buckinghamshire and Oxfordshire",1994,2000001.0000,425826.0000,242779.0000,772780.0000,299856.0000,230512.0000,28248.0000,1315415.0000,258760.0000,21.2913,12.1389,38.6390,14.9928,11.5256,1.4124,65.7707,12.9380,34.8736,32.3720,19.6714,85+
TLJ2,"Surrey, East and West Sussex",1994,2459962.0000,465803.0000,251724.0000,867800.0000,398753.0000,412791.0000,63091.0000,1518277.0000,475882.0000,18.9354,10.2328,35.2770,16.2097,16.7804,2.5647,61.7195,19.3451,39.7211,30.6797,31.3436,85+
TLJ3,Hampshire and Isle of Wight,1994,1718946.0000,348968.0000,199652.0000,627076.0000,267463.0000,245171.0000,30616.0000,1094191.0000,275787.0000,20.3013,11.6148,36.4803,15.5597,14.2629,1.7811,63.6548,16.0440,36.7517,31.8928,25.2046,85+
TLJ4,Kent,1994,1532685.0000,318723.0000,169230.0000,547021.0000,244417.0000,224377.0000,28917.0000,960668.0000,253294.0000,20.7951,11.0414,35.6904,15.9470,14.6395,1.8867,62.6788,16.5262,37.4456,33.1772,26.3664,85+
TLK3,Cornwall and Isles of Scilly,1994,477402.0000,92035.0000,47122.0000,159597.0000,83829.0000,84160.0000,10659.0000,290548.0000,94819.0000,19.2783,9.8705,33.4303,17.5594,17.6287,2.2327,60.8602,19.8615,41.4979,31.6763,32.6345,85+
TLK4,Devon,1994,1043756.0000,197759.0000,114748.0000,349090.0000,172249.0000,183751.0000,26159.0000,636087.0000,209910.0000,18.9469,10.9938,33.4456,16.5028,17.6048,2.5062,60.9421,20.1110,40.1070,31.0899,33.0002,85+
TLK5,West of England,1994,784826.0000,155174.0000,99299.0000,287646.0000,118787.0000,110228.0000,13692.0000,505732.0000,123920.0000,19.7718,12.6524,36.6509,15.1355,14.0449,1.7446,64.4387,15.7895,35.7043,30.6830,24.5031,85+
TLK6,"North Somerset, Somerset and Dorset",1994,1324919.0000,248970.0000,136086.0000,445173.0000,218479.0000,242429.0000,33782.0000,799738.0000,276211.0000,18.7913,10.2713,33.6000,16.4900,18.2976,2.5497,60.3613,20.8474,40.9375,31.1314,34.5377,85+
TLK7,Gloucestershire and Wiltshire,1994,1126175.0000,229057.0000,121865.0000,413703.0000,177996.0000,164068.0000,19486.0000,713564.0000,183554.0000,20.3394,10.8211,36.7352,15.8054,14.5686,1.7303,63.3617,16.2989,37.1738,32.1004,25.7236,85+
TLL3,North Wales,1994,653817.0000,131568.0000,72770.0000,219258.0000,108977.0000,107237.0000,14007.0000,401005.0000,121244.0000,20.1231,11.1300,33.5351,16.6678,16.4017,2.1423,61.3329,18.5440,39.0292,32.8096,30.2350,85+
TLL4,Mid and South West Wales,1994,841221.0000,167736.0000,92563.0000,281183.0000,143302.0000,141145.0000,15292.0000,517048.0000,156437.0000,19.9396,11.0034,33.4256,17.0350,16.7786,1.8178,61.4640,18.5964,39.4411,32.4411,30.2558,85+
TLL5,South East Wales,1994,1392409.0000,303347.0000,159848.0000,487488.0000,219466.0000,200964.0000,21296.0000,866802.0000,222260.0000,21.7858,11.4800,35.0104,15.7616,14.4328,1.5294,62.2520,15.9623,36.2603,34.9961,25.6414,85+
TLM0,Eastern Scotland,1994,876740.0000,176906.0000,105823.0000,310002.0000,142353.0000,127103.0000,14553.0000,558178.0000,141656.0000,20.1777,12.0701,35.3585,16.2366,14.4972,1.6599,63.6652,16.1571,36.9829,31.6935,25.3783,90+
TLM1,East Central Scotland,1994,894610.0000,171912.0000,113321.0000,336952.0000,139509.0000,119413.0000,13503.0000,589782.0000,132916.0000,19.2164,12.6671,37.6647,15.5944,13.3481,1.5094,65.9262,14.8574,35.7087,29.1484,22.5365,90+
TLM2,Highlands and Islands,1994,458800.0000,95822.0000,50448.0000,163416.0000,76582.0000,64484.0000,8048.0000,290446.0000,72532.0000,20.8854,10.9956,35.6181,16.6918,14.0549,1.7541,63.3056,15.8091,37.3887,32.9913,24.9726,90+
TLM3,West Central Scotland,1994,1493850.0000,307285.0000,184747.0000,540895.0000,239927.0000,201163.0000,19833.0000,965569.0000,220996.0000,20.5700,12.3672,36.2081,16.0610,13.4661,1.3276,64.6363,14.7937,35.2731,31.8242,22.8876,90+
TLM5,North Eastern Scotland,1994,445060.0000,90165.0000,58084.0000,169656.0000,66231.0000,54181.0000,6743.0000,293971.0000,60924.0000,20.2591,13.0508,38.1198,14.8814,12.1739,1.5151,66.0520,13.6889,35.1837,30.6714,20.7245,90+
TLM9,Southern Scotland,1994,933150.0000,190413.0000,102776.0000,332500.0000,159193.0000,134292.0000,13976.0000,594469.0000,148268.0000,20.4054,11.0139,35.6320,17.0597,14.3913,1.4977,63.7056,15.8890,37.5586,32.0308,24.9413,90+
TLC3,Tees Valley,1995,655641.0000,147406.0000,72865.0000,234803.0000,103686.0000,88102.0000,8779.0000,411354.0000,96881.0000,22.4827,11.1136,35.8127,15.8144,13.4375,1.3390,62.7407,14.7765,35.8667,35.8343,23.5517,85+
TLC4,"Northumberland, Durham and Tyne & Wear",1995,1927074.0000,390570.0000,222249.0000,687449.0000,312686.0000,284005.0000,30115.0000,1222384.0000,314120.0000,20.2675,11.5330,35.6732,16.2259,14.7376,1.5627,63.4321,16.3004,37.2497,31.9515,25.6973,85+
TLD1,Cumbria,1995,486791.0000,95118.0000,48701.0000,172560.0000,84212.0000,77142.0000,9058.0000,305473.0000,86200.0000,19.5398,10.0045,35.4485,17.2994,15.8470,1.8608,62.7524,17.7078,39.3289,31.1379,28.2185,85+
TLD3,Greater Manchester,1995,2540184.0000,557067.0000,299199.0000,912480.0000,389425.0000,341762.0000,40251.0000,1601104.0000,382013.0000,21.9302,11.7786,35.9218,15.3306,13.4542,1.5846,63.0310,15.0388,35.1819,34.7927,23.8593,85+
TLD4,Lancashire,1995,1414694.0000,299058.0000,157571.0000,494005.0000,228099.0000,208869.0000,27092.0000,879675.0000,235961.0000,21.1394,11.1382,34.9196,16.1236,14.7643,1.9150,62.1813,16.6793,37.2259,33.9964,26.8237,85+
TLD6,Cheshire,1995,853412.0000,174180.0000,89931.0000,312520.0000,144685.0000,118509.0000,13587.0000,547136.0000,132096.0000,20.4098,10.5378,36.6201,16.9537,13.8865,1.5921,64.1116,15.4786,37.7551,31.8349,24.1432,85+
TLD7,Merseyside,1995,1532859.0000,333319.0000,176385.0000,534421.0000,243486.0000,220046.0000,25202.0000,954292.0000,245248.0000,21.7449,11.5069,34.8643,15.8844,14.3553,1.6441,62.2557,15.9994,36.2363,34.9284,25.6995,85+
TLE1,East Yorkshire and Northern Lincolnshire,1995,882821.0000,185030.0000,102686.0000,310304.0000,141704.0000,128241.0000,14856.0000,554694.0000,143097.0000,20.9589,11.6316,35.1491,16.0513,14.5263,1.6828,62.8320,16.2091,36.9319,33.3571,25.7975,85+
TLE2,North Yorkshire,1995,724843.0000,139845.0000,75401.0000,257366.0000,123129.0000,113516.0000,15586.0000,455896.0000,129102.0000,19.2931,10.4024,35.5064,16.9870,15.6608,2.1503,62.8958,17.8110,39.3171,30.6748,28.3183,85+
TLE3,South Yorkshire,1995,1280195.0000,263014.0000,146733.0000,457518.0000,205330.0000,186682.0000,20918.0000,809581.0000,207600.0000,20.5448,11.4618,35.7381,16.0390,14.5823,1.6340,63.2389,16.2163,36.6170,32.4877,25.6429,85+
TLE4,West Yorkshire,1995,2072716.0000,451922.0000,250952.0000,743336.0000,312459.0000,279908.0000,34139.0000,1306747.0000,314047.0000,21.8034,12.1074,35.8629,15.0749,13.5044,1.6471,63.0452,15.1515,35.2913,34.5837,24.0327,85+
TLF1,Derbyshire and Nottinghamshire,1995,1967783.0000,400631.0000,220608.0000,713693.0000,317798.0000,283013.0000,32040.0000,1252099.0000,315053.0000,20.3595,11.2110,36.2689,16.1501,14.3823,1.6282,63.6299,16.0106,36.9158,31.9968,25.1620,85+
TLF2,"Leicestershire, Rutland and Northamptonshire",1995,1511408.0000,322969.0000,184265.0000,553046.0000,230161.0000,196955.0000,24012.0000,967472.0000,220967.0000,21.3688,12.1916,36.5914,15.2283,13.0312,1.5887,64.0113,14.6199,35.7366,33.3828,22.8396,85+
TLF3,Lincolnshire,1995,612472.0000,119139.0000,61539.0000,212625.0000,105903.0000,102053.0000,11213.0000,380067.0000,113266.0000,19.4522,10.0476,34.7159,17.2911,16.6625,1.8308,62.0546,18.4933,39.8155,31.3468,29.8016,85+
TLG1,"Herefordshire, Worcestershire and Warwickshire",1995,1186508.0000,237661.0000,122250.0000,429810.0000,203555.0000,173301.0000,19931.0000,755615.0000,193232.0000,20.0303,10.3033,36.2248,17.1558,14.6060,1.6798,63.6839,16.2858,38.6684,31.4527,25.5728,85+
TLG2,Shropshire and Staffordshire,1995,1466819.0000,301762.0000,162686.0000,532573.0000,246294.0000,201586.0000,21918.0000,941553.0000,223504.0000,20.5725,11.0911,36.3080,16.7910,13.7431,1.4943,64.1901,15.2373,37.3602,32.0494,23.7378,85+
TLG3,West Midlands,1995,2603584.0000,579445.0000,317585.0000,898973.0000,403796.0000,364812.0000,38973.0000,1620354.0000,403785.0000,22.2557,12.1980,34.5283,15.5092,14.0119,1.4969,62.2355,15.5088,34.8750,35.7604,24.9196,85+
TLH2,Bedfordshire and Hertfordshire,1995,1542147.0000,331070.0000,165638.0000,585815.0000,241648.0000,194934.0000,23042.0000,993101.0000,217976.0000,21.4681,10.7407,37.9870,15.6696,12.6404,1.4942,64.3973,14.1346,35.8649,33.3370,21.9490,85+
TLH3,Essex,1995,1564931.0000,318386.0000,169148.0000,568636.0000,252383.0000,228516.0000,27862.0000,990167.0000,256378.0000,20.3451,10.8087,36.3362,16.1274,14.6023,1.7804,63.2722,16.3827,37.6384,32.1548,25.8924,85+
TLH4,Cambridgeshire and Peterborough,1995,681426.0000,140284.0000,84806.0000,255302.0000,102589.0000,87600.0000,10845.0000,442697.0000,98445.0000,20.5868,12.4454,37.4658,15.0550,12.8554,1.5915,64.9663,14.4469,35.5748,31.6885,22.2376,85+
TLH5,Norfolk,1995,765596.0000,143604.0000,79411.0000,260694.0000,131839.0000,133403.0000,16645.0000,471944.0000,150048.0000,18.7572,10.3724,34.0511,17.2204,17.4247,2.1741,61.6440,19.5988,40.5958,30.4282,31.7936,85+
TLH6,Suffolk,1995,651600.0000,133149.0000,68168.0000,229086.0000,104757.0000,103247.0000,13193.0000,402011.0000,116440.0000,20.4342,10.4616,35.1575,16.0769,15.8452,2.0247,61.6960,17.8699,38.2466,33.1207,28.9644,85+
TLI3,Inner London - West,1995,916151.0000,143039.0000,125682.0000,402332.0000,125053.0000,104885.0000,15160.0000,653067.0000,120045.0000,15.6130,13.7185,43.9155,13.6498,11.4484,1.6547,71.2838,13.1032,33.3659,21.9027,18.3817,85+
TLI4,Inner London - East,1995,1712467.0000,387019.0000,220200.0000,704329.0000,205839.0000,174129.0000,20951.0000,1130368.0000,195080.0000,22.6001,12.8586,41.1295,12.0200,10.1683,1.2234,66.0082,11.3918,31.3756,34.2383,17.2581,85+
TLI5,Outer London - East and North East,1995,1524685.0000,326782.0000,176788.0000,570582.0000,222865.0000,201640.0000,26028.0000,970235.0000,227668.0000,21.4328,11.5951,37.4229,14.6171,13.2250,1.7071,63.6351,14.9321,34.8805,33.6807,23.4652,85+
TLI6,Outer London - South,1995,1106554.0000,222576.0000,121743.0000,431814.0000,164680.0000,145369.0000,20372.0000,718237.0000,165741.0000,20.1143,11.0020,39.0233,14.8822,13.1371,1.8410,64.9075,14.9781,35.5866,30.9892,23.0761,85+
TLI7,Outer London - West and North West,1995,1653266.0000,342101.0000,195955.0000,650611.0000,238441.0000,198077.0000,28081.0000,1085007.0000,226158.0000,20.6924,11.8526,39.3531,14.4224,11.9810,1.6985,65.6281,13.6795,34.3344,31.5298,20.8439,85+
TLJ1,"Berkshire, Buckinghamshire and Oxfordshire",1995,2024783.0000,429897.0000,240827.0000,784461.0000,306891.0000,233488.0000,29219.0000,1332179.0000,262707.0000,21.2318,11.8940,38.7430,15.1567,11.5315,1.4431,65.7937,12.9746,35.0376,32.2702,19.7201,85+
TLJ2,"Surrey, East and West Sussex",1995,2473659.0000,470166.0000,247349.0000,874810.0000,404815.0000,411777.0000,64742.0000,1526974.0000,476519.0000,19.0069,9.9993,35.3650,16.3650,16.6465,2.6173,61.7294,19.2637,39.7360,30.7907,31.2068,85+
TLJ3,Hampshire and Isle of Wight,1995,1729381.0000,351311.0000,195715.0000,630743.0000,273069.0000,246974.0000,31569.0000,1099527.0000,278543.0000,20.3143,11.3171,36.4722,15.7900,14.2811,1.8255,63.5792,16.1065,36.9724,31.9511,25.3330,85+
TLJ4,Kent,1995,1535155.0000,319651.0000,163806.0000,548578.0000,248775.0000,224662.0000,29683.0000,961159.0000,254345.0000,20.8221,10.6703,35.7344,16.2052,14.6345,1.9336,62.6099,16.5680,37.6439,33.2568,26.4623,85+
TLK3,Cornwall and Isles of Scilly,1995,480320.0000,92021.0000,46108.0000,160476.0000,85940.0000,84676.0000,11099.0000,292524.0000,95775.0000,19.1583,9.5994,33.4102,17.8922,17.6291,2.3108,60.9019,19.9398,41.7092,31.4576,32.7409,85+
TLK4,Devon,1995,1048301.0000,198791.0000,112873.0000,350281.0000,175523.0000,183744.0000,27089.0000,638677.0000,210833.0000,18.9632,10.7672,33.4142,16.7436,17.5278,2.5841,60.9250,20.1119,40.2404,31.1254,33.0109,85+
TLK5,West of England,1995,786178.0000,155610.0000,98780.0000,287652.0000,119958.0000,110067.0000,14111.0000,506390.0000,124178.0000,19.7932,12.5646,36.5887,15.2584,14.0003,1.7949,64.4116,15.7952,35.8546,30.7293,24.5222,85+
TLK6,"North Somerset, Somerset and Dorset",1995,1333784.0000,250166.0000,132995.0000,449099.0000,223023.0000,243235.0000,35266.0000,805117.0000,278501.0000,18.7561,9.9713,33.6710,16.7211,18.2365,2.6441,60.3634,20.8805,41.0810,31.0720,34.5914,85+
TLK7,Gloucestershire and Wiltshire,1995,1133273.0000,230720.0000,117897.0000,418222.0000,181230.0000,164902.0000,20302.0000,717349.0000,185204.0000,20.3587,10.4032,36.9039,15.9917,14.5510,1.7914,63.2989,16.3424,37.3999,32.1629,25.8178,85+
TLL3,North Wales,1995,655078.0000,131246.0000,70854.0000,220948.0000,110381.0000,107249.0000,14400.0000,402183.0000,121649.0000,20.0352,10.8161,33.7285,16.8501,16.3719,2.1982,61.3947,18.5702,39.1912,32.6334,30.2472,85+
TLL4,Mid and South West Wales,1995,841486.0000,166797.0000,91753.0000,281070.0000,144364.0000,141576.0000,15926.0000,517187.0000,157502.0000,19.8217,10.9037,33.4016,17.1558,16.8245,1.8926,61.4612,18.7171,39.6229,32.2508,30.4536,85+
TLL5,South East Wales,1995,1391953.0000,303192.0000,156093.0000,488176.0000,221550.0000,200900.0000,22042.0000,865819.0000,222942.0000,21.7818,11.2140,35.0713,15.9165,14.4330,1.5835,62.2017,16.0165,36.4760,35.0179,25.7493,85+
TLM0,Eastern Scotland,1995,877950.0000,176252.0000,104015.0000,311672.0000,143284.0000,127625.0000,15102.0000,558971.0000,142727.0000,20.0754,11.8475,35.5000,16.3203,14.5367,1.7201,63.6677,16.2568,37.2620,31.5315,25.5339,90+
TLM1,East Central Scotland,1995,900710.0000,173002.0000,111903.0000,341932.0000,140175.0000,119708.0000,13990.0000,594010.0000,133698.0000,19.2073,12.4239,37.9625,15.5627,13.2904,1.5532,65.9491,14.8436,35.8655,29.1244,22.5077,90+
TLM2,Highlands and Islands,1995,459630.0000,95178.0000,49168.0000,164618.0000,77468.0000,64782.0000,8416.0000,291254.0000,73198.0000,20.7075,10.6973,35.8153,16.8544,14.0944,1.8310,63.3671,15.9254,37.7262,32.6787,25.1320,90+
TLM3,West Central Scotland,1995,1485850.0000,304935.0000,177681.0000,544251.0000,237834.0000,200668.0000,20481.0000,959766.0000,221149.0000,20.5226,11.9582,36.6289,16.0066,13.5053,1.3784,64.5937,14.8837,35.6026,31.7718,23.0420,90+
TLM5,North Eastern Scotland,1995,445950.0000,89616.0000,57360.0000,171036.0000,66583.0000,54460.0000,6895.0000,294979.0000,61355.0000,20.0955,12.8624,38.3532,14.9306,12.2121,1.5461,66.1462,13.7583,35.4949,30.3805,20.7998,90+
TLM9,Southern Scotland,1995,933600.0000,189572.0000,99801.0000,334440.0000,159883.0000,135290.0000,14614.0000,594124.0000,149904.0000,20.3055,10.6899,35.8226,17.1254,14.4912,1.5653,63.6380,16.0566,37.8813,31.9078,25.2311,90+
TLC3,Tees Valley,1996,654622.0000,145967.0000,71265.0000,235688.0000,103813.0000,88883.0000,9006.0000,410766.0000,97889.0000,22.2979,10.8864,36.0037,15.8585,13.5778,1.3758,62.7486,14.9535,36.1822,35.5353,23.8308,85+
TLC4,"Northumberland, Durham and Tyne & Wear",1996,1921828.0000,386435.0000,217555.0000,688878.0000,313816.0000,284432.0000,30712.0000,1220249.0000,315144.0000,20.1077,11.3202,35.8449,16.3290,14.8001,1.5981,63.4942,16.3981,37.5416,31.6685,25.8262,85+
TLD1,Cumbria,1996,486746.0000,94500.0000,46853.0000,173460.0000,85390.0000,77280.0000,9263.0000,305703.0000,86543.0000,19.4146,9.6258,35.6367,17.5430,15.8769,1.9030,62.8054,17.7799,39.5821,30.9124,28.3095,85+
TLD3,Greater Manchester,1996,2531355.0000,553063.0000,290898.0000,914930.0000,392378.0000,339073.0000,41013.0000,1598206.0000,380086.0000,21.8485,11.4918,36.1439,15.5007,13.3949,1.6202,63.1364,15.0151,35.4400,34.6052,23.7820,85+
TLD4,Lancashire,1996,1412175.0000,297577.0000,153312.0000,495435.0000,230697.0000,207622.0000,27532.0000,879444.0000,235154.0000,21.0722,10.8564,35.0831,16.3363,14.7023,1.9496,62.2759,16.6519,37.4197,33.8369,26.7389,85+
TLD6,Cheshire,1996,855748.0000,173694.0000,87652.0000,313892.0000,147160.0000,119383.0000,13967.0000,548704.0000,133350.0000,20.2973,10.2427,36.6804,17.1967,13.9507,1.6321,64.1198,15.5829,38.0011,31.6553,24.3027,85+
TLD7,Merseyside,1996,1523622.0000,329644.0000,170920.0000,535421.0000,242769.0000,219326.0000,25542.0000,949110.0000,244868.0000,21.6356,11.2180,35.1413,15.9337,14.3950,1.6764,62.2930,16.0714,36.5404,34.7319,25.7997,85+
TLE1,East Yorkshire and Northern Lincolnshire,1996,880232.0000,183612.0000,99588.0000,310391.0000,143010.0000,128466.0000,15165.0000,552989.0000,143631.0000,20.8595,11.3138,35.2624,16.2469,14.5946,1.7228,62.8231,16.3174,37.2258,33.2036,25.9736,85+
TLE2,North Yorkshire,1996,728173.0000,140521.0000,73519.0000,258752.0000,125357.0000,114074.0000,15950.0000,457628.0000,130024.0000,19.2977,10.0964,35.5344,17.2153,15.6658,2.1904,62.8461,17.8562,39.4840,30.7064,28.4126,85+
TLE3,South Yorkshire,1996,1278632.0000,262751.0000,142428.0000,459337.0000,207129.0000,185675.0000,21312.0000,808894.0000,206987.0000,20.5494,11.1391,35.9241,16.1993,14.5214,1.6668,63.2625,16.1882,36.8019,32.4827,25.5889,85+
TLE4,West Yorkshire,1996,2074217.0000,451433.0000,247187.0000,746739.0000,315081.0000,279042.0000,34735.0000,1309007.0000,313777.0000,21.7640,11.9171,36.0010,15.1904,13.4529,1.6746,63.1085,15.1275,35.4913,34.4867,23.9706,85+
TLF1,Derbyshire and Nottinghamshire,1996,1969969.0000,399575.0000,215177.0000,717143.0000,321686.0000,283548.0000,32840.0000,1254006.0000,316388.0000,20.2833,10.9229,36.4038,16.3295,14.3935,1.6670,63.6561,16.0606,37.1270,31.8639,25.2302,85+
TLF2,"Leicestershire, Rutland and Northamptonshire",1996,1520871.0000,322470.0000,183011.0000,557779.0000,235151.0000,197755.0000,24705.0000,975941.0000,222460.0000,21.2030,12.0333,36.6750,15.4616,13.0027,1.6244,64.1699,14.6271,35.9645,33.0420,22.7944,85+
TLF3,Lincolnshire,1996,617230.0000,119754.0000,59863.0000,214554.0000,108338.0000,103145.0000,11576.0000,382755.0000,114721.0000,19.4018,9.6987,34.7608,17.5523,16.7110,1.8755,62.0117,18.5864,39.9874,31.2874,29.9724,85+
TLG1,"Herefordshire, Worcestershire and Warwickshire",1996,1190112.0000,236860.0000,118358.0000,431592.0000,208251.0000,174703.0000,20348.0000,758201.0000,195051.0000,19.9023,9.9451,36.2648,17.4984,14.6795,1.7098,63.7084,16.3893,38.9288,31.2397,25.7255,85+
TLG2,Shropshire and Staffordshire,1996,1466948.0000,299966.0000,157691.0000,533385.0000,250231.0000,203033.0000,22642.0000,941307.0000,225675.0000,20.4483,10.7496,36.3602,17.0579,13.8405,1.5435,64.1677,15.3840,37.6568,31.8670,23.9746,85+
TLG3,West Midlands,1996,2605986.0000,579796.0000,312516.0000,906509.0000,402982.0000,364442.0000,39741.0000,1622007.0000,404183.0000,22.2486,11.9922,34.7856,15.4637,13.9848,1.5250,62.2416,15.5098,35.0174,35.7456,24.9187,85+
TLH2,Bedfordshire and Hertfordshire,1996,1547857.0000,331604.0000,162422.0000,588833.0000,244649.0000,196659.0000,23690.0000,995904.0000,220349.0000,21.4234,10.4933,38.0418,15.8057,12.7052,1.5305,64.3408,14.2357,36.1014,33.2968,22.1255,85+
TLH3,Essex,1996,1571340.0000,318558.0000,165172.0000,571347.0000,257866.0000,230015.0000,28382.0000,994385.0000,258397.0000,20.2730,10.5115,36.3605,16.4106,14.6381,1.8062,63.2826,16.4444,37.8271,32.0357,25.9856,85+
TLH4,Cambridgeshire and Peterborough,1996,688529.0000,140888.0000,83502.0000,259319.0000,105547.0000,88222.0000,11051.0000,448368.0000,99273.0000,20.4622,12.1276,37.6628,15.3293,12.8131,1.6050,65.1197,14.4181,35.7741,31.4224,22.1410,85+
TLH5,Norfolk,1996,769295.0000,143639.0000,77337.0000,262225.0000,134586.0000,134291.0000,17217.0000,474148.0000,151508.0000,18.6715,10.0530,34.0864,17.4947,17.4564,2.2380,61.6341,19.6944,40.7894,30.2941,31.9537,85+
TLH6,Suffolk,1996,655739.0000,133141.0000,66790.0000,231297.0000,107298.0000,103764.0000,13449.0000,405385.0000,117213.0000,20.3040,10.1855,35.2727,16.3629,15.8240,2.0510,61.8211,17.8749,38.4164,32.8431,28.9140,85+
TLI3,Inner London - West,1996,927416.0000,146164.0000,127282.0000,409024.0000,126137.0000,103509.0000,15300.0000,662443.0000,118809.0000,15.7603,13.7244,44.1036,13.6009,11.1610,1.6497,71.4289,12.8108,33.3960,22.0644,17.9350,85+
TLI4,Inner London - East,1996,1728942.0000,393202.0000,220635.0000,718279.0000,204436.0000,171335.0000,21055.0000,1143350.0000,192390.0000,22.7423,12.7613,41.5444,11.8243,9.9098,1.2178,66.1300,11.1276,31.5349,34.3903,16.8269,85+
TLI5,Outer London - East and North East,1996,1529761.0000,328628.0000,175815.0000,574366.0000,224265.0000,200605.0000,26082.0000,974446.0000,226687.0000,21.4823,11.4930,37.5461,14.6601,13.1135,1.7050,63.6992,14.8185,34.9784,33.7246,23.2632,85+
TLI6,Outer London - South,1996,1116721.0000,225695.0000,122780.0000,436459.0000,166665.0000,144386.0000,20736.0000,725904.0000,165122.0000,20.2105,10.9947,39.0840,14.9245,12.9295,1.8569,65.0032,14.7863,35.5762,31.0916,22.7471,85+
TLI7,Outer London - West and North West,1996,1671567.0000,345786.0000,199390.0000,660445.0000,240555.0000,196763.0000,28628.0000,1100390.0000,225391.0000,20.6863,11.9283,39.5105,14.3910,11.7712,1.7126,65.8298,13.4838,34.3357,31.4239,20.4828,85+
TLJ1,"Berkshire, Buckinghamshire and Oxfordshire",1996,2040279.0000,431056.0000,237526.0000,792149.0000,313401.0000,236179.0000,29968.0000,1343076.0000,266147.0000,21.1273,11.6418,38.8255,15.3607,11.5758,1.4688,65.8281,13.0446,35.3055,32.0947,19.8162,85+
TLJ2,"Surrey, East and West Sussex",1996,2481668.0000,471274.0000,242927.0000,879654.0000,411376.0000,410588.0000,65849.0000,1533957.0000,476437.0000,18.9902,9.7889,35.4461,16.5766,16.5448,2.6534,61.8115,19.1983,39.8153,30.7228,31.0593,85+
TLJ3,Hampshire and Isle of Wight,1996,1739509.0000,351830.0000,193497.0000,634310.0000,278880.0000,248613.0000,32379.0000,1106687.0000,280992.0000,20.2258,11.1237,36.4649,16.0321,14.2921,1.8614,63.6207,16.1535,37.1882,31.7913,25.3904,85+
TLJ4,Kent,1996,1538950.0000,319812.0000,159709.0000,550265.0000,254145.0000,224997.0000,30022.0000,964119.0000,255019.0000,20.7812,10.3778,35.7559,16.5142,14.6202,1.9508,62.6478,16.5710,37.8224,33.1714,26.4510,85+
TLK3,Cornwall and Isles of Scilly,1996,480880.0000,91407.0000,44642.0000,160111.0000,88158.0000,85089.0000,11473.0000,292911.0000,96562.0000,19.0083,9.2834,33.2954,18.3326,17.6944,2.3858,60.9115,20.0803,42.0593,31.2064,32.9663,85+
TLK4,Devon,1996,1048048.0000,198475.0000,110383.0000,349159.0000,178758.0000,183599.0000,27674.0000,638300.0000,211273.0000,18.9376,10.5322,33.3152,17.0563,17.5182,2.6405,60.9037,20.1587,40.4952,31.0943,33.0993,85+
TLK5,West of England,1996,785802.0000,155261.0000,97298.0000,287947.0000,120981.0000,110059.0000,14256.0000,506226.0000,124315.0000,19.7583,12.3820,36.6437,15.3959,14.0059,1.8142,64.4216,15.8201,36.0935,30.6703,24.5572,85+
TLK6,"North Somerset, Somerset and Dorset",1996,1339084.0000,250122.0000,129762.0000,451853.0000,227192.0000,243908.0000,36247.0000,808807.0000,280155.0000,18.6786,9.6904,33.7434,16.9662,18.2145,2.7069,60.4000,20.9214,41.2365,30.9248,34.6381,85+
TLK7,Gloucestershire and Wiltshire,1996,1139276.0000,231136.0000,114649.0000,422287.0000,184749.0000,165560.0000,20895.0000,721685.0000,186455.0000,20.2880,10.0633,37.0663,16.2164,14.5320,1.8341,63.3459,16.3661,37.6516,32.0273,25.8361,85+
TLL3,North Wales,1996,654231.0000,130343.0000,68297.0000,222168.0000,111964.0000,106758.0000,14701.0000,402429.0000,121459.0000,19.9231,10.4393,33.9586,17.1138,16.3181,2.2471,61.5118,18.5652,39.3911,32.3891,30.1815,85+
TLL4,Mid and South West Wales,1996,842375.0000,165837.0000,91432.0000,281077.0000,146000.0000,141440.0000,16589.0000,518509.0000,158029.0000,19.6868,10.8541,33.3672,17.3319,16.7906,1.9693,61.5532,18.7599,39.8089,31.9834,30.4776,85+
TLL5,South East Wales,1996,1394698.0000,302295.0000,154082.0000,491228.0000,223606.0000,201011.0000,22476.0000,868916.0000,223487.0000,21.6746,11.0477,35.2211,16.0326,14.4125,1.6115,62.3014,16.0240,36.6416,34.7899,25.7202,85+
TLM0,Eastern Scotland,1996,874950.0000,174333.0000,101200.0000,311229.0000,144711.0000,128024.0000,15453.0000,557140.0000,143477.0000,19.9249,11.5664,35.5711,16.5393,14.6322,1.7662,63.6768,16.3983,37.6476,31.2907,25.7524,90+
TLM1,East Central Scotland,1996,903980.0000,173045.0000,109735.0000,346102.0000,141019.0000,119933.0000,14146.0000,596856.0000,134079.0000,19.1426,12.1391,38.2865,15.5998,13.2672,1.5649,66.0254,14.8321,36.0791,28.9928,22.4642,90+
TLM2,Highlands and Islands,1996,459010.0000,94320.0000,47623.0000,165035.0000,78419.0000,65057.0000,8556.0000,291077.0000,73613.0000,20.5486,10.3752,35.9546,17.0844,14.1733,1.8640,63.4141,16.0373,38.1379,32.4038,25.2899,90+
TLM3,West Central Scotland,1996,1476620.0000,301148.0000,172693.0000,545839.0000,235973.0000,200081.0000,20886.0000,954505.0000,220967.0000,20.3944,11.6952,36.9654,15.9806,13.5499,1.4144,64.6412,14.9644,35.9205,31.5502,23.1499,90+
TLM5,North Eastern Scotland,1996,445340.0000,88202.0000,56479.0000,171348.0000,67537.0000,54772.0000,7002.0000,295364.0000,61774.0000,19.8055,12.6822,38.4758,15.1653,12.2989,1.5723,66.3233,13.8712,35.8806,29.8621,20.9145,90+
TLM9,Southern Scotland,1996,932290.0000,187936.0000,96970.0000,335618.0000,160660.0000,136073.0000,15033.0000,593248.0000,151106.0000,20.1585,10.4013,35.9993,17.2328,14.5956,1.6125,63.6334,16.2080,38.2130,31.6792,25.4710,90+
TLC3,Tees Valley,1997,652274.0000,144451.0000,69529.0000,233163.0000,106584.0000,89179.0000,9368.0000,409276.0000,98547.0000,22.1458,10.6595,35.7462,16.3404,13.6720,1.4362,62.7460,15.1082,36.5523,35.2943,24.0784,85+
TLC4,"Northumberland, Durham and Tyne & Wear",1997,1915792.0000,382894.0000,213081.0000,682719.0000,321656.0000,284277.0000,31165.0000,1217456.0000,315442.0000,19.9862,11.1223,35.6364,16.7897,14.8386,1.6267,63.5484,16.4654,37.8335,31.4503,25.9099,85+
TLD1,Cumbria,1997,488170.0000,94321.0000,45659.0000,172778.0000,88288.0000,77698.0000,9426.0000,306725.0000,87124.0000,19.3213,9.3531,35.3930,18.0855,15.9162,1.9309,62.8316,17.8471,39.8101,30.7510,28.4046,85+
TLD3,Greater Manchester,1997,2521923.0000,550570.0000,282722.0000,906004.0000,404311.0000,336672.0000,41644.0000,1593037.0000,378316.0000,21.8314,11.2106,35.9251,16.0319,13.3498,1.6513,63.1676,15.0011,35.7141,34.5610,23.7481,85+
TLD4,Lancashire,1997,1411672.0000,297022.0000,149439.0000,492586.0000,238227.0000,206704.0000,27694.0000,880252.0000,234398.0000,21.0404,10.5860,34.8938,16.8755,14.6425,1.9618,62.3553,16.6043,37.5902,33.7428,26.6285,85+
TLD6,Cheshire,1997,858856.0000,173878.0000,85267.0000,312660.0000,152775.0000,119966.0000,14310.0000,550702.0000,134276.0000,20.2453,9.9280,36.4042,17.7882,13.9681,1.6662,64.1204,15.6343,38.2233,31.5739,24.3827,85+
TLD7,Merseyside,1997,1513757.0000,326328.0000,165762.0000,530201.0000,247324.0000,218279.0000,25863.0000,943287.0000,244142.0000,21.5575,10.9504,35.0255,16.3384,14.4197,1.7085,62.3143,16.1282,36.8591,34.5948,25.8820,85+
TLE1,East Yorkshire and Northern Lincolnshire,1997,878198.0000,182739.0000,96573.0000,306965.0000,147877.0000,128441.0000,15603.0000,551415.0000,144044.0000,20.8084,10.9967,34.9540,16.8387,14.6255,1.7767,62.7894,16.4022,37.5463,33.1400,26.1226,85+
TLE2,North Yorkshire,1997,730421.0000,140438.0000,72112.0000,256560.0000,130680.0000,114448.0000,16183.0000,459352.0000,130631.0000,19.2270,9.8727,35.1249,17.8911,15.6688,2.2156,62.8887,17.8843,39.7357,30.5731,28.4381,85+
TLE3,South Yorkshire,1997,1276198.0000,262332.0000,138754.0000,456606.0000,212535.0000,184263.0000,21708.0000,807895.0000,205971.0000,20.5557,10.8725,35.7786,16.6538,14.4384,1.7010,63.3048,16.1394,37.0061,32.4711,25.4948,85+
TLE4,West Yorkshire,1997,2072744.0000,450461.0000,243552.0000,740540.0000,325271.0000,277412.0000,35508.0000,1309363.0000,312920.0000,21.7326,11.7502,35.7275,15.6928,13.3838,1.7131,63.1705,15.0969,35.7322,34.4031,23.8986,85+
TLF1,Derbyshire and Nottinghamshire,1997,1971819.0000,398923.0000,210802.0000,712814.0000,331736.0000,284098.0000,33446.0000,1255352.0000,317544.0000,20.2312,10.6907,36.1501,16.8239,14.4079,1.6962,63.6647,16.1041,37.3443,31.7778,25.2952,85+
TLF2,"Leicestershire, Rutland and Northamptonshire",1997,1527345.0000,321718.0000,180805.0000,556109.0000,245015.0000,198344.0000,25354.0000,981929.0000,223698.0000,21.0639,11.8379,36.4102,16.0419,12.9862,1.6600,64.2899,14.6462,36.2514,32.7639,22.7815,85+
TLF3,Lincolnshire,1997,621156.0000,120242.0000,57900.0000,214087.0000,112801.0000,104230.0000,11896.0000,384788.0000,116126.0000,19.3578,9.3213,34.4659,18.1599,16.7800,1.9151,61.9471,18.6951,40.2441,31.2489,30.1792,85+
TLG1,"Herefordshire, Worcestershire and Warwickshire",1997,1197954.0000,237460.0000,115960.0000,430826.0000,216776.0000,176046.0000,20886.0000,763562.0000,196932.0000,19.8221,9.6798,35.9635,18.0955,14.6956,1.7435,63.7388,16.4390,39.1263,31.0990,25.7912,85+
TLG2,Shropshire and Staffordshire,1997,1472857.0000,300097.0000,154285.0000,531144.0000,259402.0000,204534.0000,23395.0000,944831.0000,227929.0000,20.3752,10.4752,36.0622,17.6122,13.8869,1.5884,64.1495,15.4753,37.8861,31.7620,24.1238,85+
TLG3,West Midlands,1997,2591467.0000,577166.0000,303590.0000,898826.0000,408081.0000,362804.0000,41000.0000,1610497.0000,403804.0000,22.2718,11.7150,34.6841,15.7471,13.9999,1.5821,62.1462,15.5821,35.3046,35.8378,25.0733,85+
TLH2,Bedfordshire and Hertfordshire,1997,1558373.0000,333131.0000,161452.0000,587748.0000,253456.0000,198355.0000,24231.0000,1002656.0000,222586.0000,21.3768,10.3603,37.7155,16.2641,12.7283,1.5549,64.3399,14.2832,36.3002,33.2249,22.1996,85+
TLH3,Essex,1997,1578675.0000,319086.0000,162376.0000,566629.0000,270196.0000,231360.0000,29028.0000,999201.0000,260388.0000,20.2123,10.2856,35.8927,17.1154,14.6553,1.8388,63.2936,16.4941,38.0214,31.9341,26.0596,85+
TLH4,Cambridgeshire and Peterborough,1997,695334.0000,141433.0000,82655.0000,260555.0000,110605.0000,88695.0000,11391.0000,453815.0000,100086.0000,20.3403,11.8871,37.4719,15.9067,12.7557,1.6382,65.2658,14.3939,35.9971,31.1653,22.0544,85+
TLH5,Norfolk,1997,774473.0000,143808.0000,75796.0000,261303.0000,140432.0000,135362.0000,17772.0000,477531.0000,153134.0000,18.5685,9.7868,33.7395,18.1326,17.4779,2.2947,61.6588,19.7727,40.9671,30.1149,32.0679,85+
TLH6,Suffolk,1997,660060.0000,133652.0000,65443.0000,230817.0000,112248.0000,104022.0000,13878.0000,408508.0000,117900.0000,20.2485,9.9147,34.9691,17.0057,15.7595,2.1025,61.8895,17.8620,38.5980,32.7171,28.8611,85+
TLI3,Inner London - West,1997,931528.0000,147548.0000,127308.0000,410206.0000,129221.0000,101858.0000,15387.0000,666735.0000,117245.0000,15.8394,13.6666,44.0358,13.8719,10.9345,1.6518,71.5743,12.5863,33.5597,22.1299,17.5849,85+
TLI4,Inner London - East,1997,1740839.0000,397553.0000,223564.0000,723907.0000,206583.0000,167876.0000,21356.0000,1154054.0000,189232.0000,22.8369,12.8423,41.5838,11.8669,9.6434,1.2268,66.2930,10.8702,31.7081,34.4484,16.3972,85+
TLI5,Outer London - East and North East,1997,1534460.0000,330430.0000,176214.0000,572201.0000,230266.0000,198803.0000,26546.0000,978681.0000,225349.0000,21.5340,11.4838,37.2901,15.0063,12.9559,1.7300,63.7802,14.6859,35.0854,33.7628,23.0258,85+
TLI6,Outer London - South,1997,1124060.0000,228302.0000,124063.0000,434978.0000,172110.0000,143566.0000,21041.0000,731151.0000,164607.0000,20.3105,11.0370,38.6970,15.3115,12.7721,1.8719,65.0455,14.6440,35.6520,31.2250,22.5134,85+
TLI7,Outer London - West and North West,1997,1683951.0000,348069.0000,203027.0000,662554.0000,246209.0000,194853.0000,29239.0000,1111790.0000,224092.0000,20.6698,12.0566,39.3452,14.6209,11.5712,1.7363,66.0227,13.3075,34.4129,31.3071,20.1560,85+
TLJ1,"Berkshire, Buckinghamshire and Oxfordshire",1997,2057216.0000,432436.0000,236379.0000,792280.0000,326800.0000,238652.0000,30669.0000,1355459.0000,269321.0000,21.0204,11.4902,38.5122,15.8855,11.6007,1.4908,65.8880,13.0915,35.5406,31.9033,19.8694,85+
TLJ2,"Surrey, East and West Sussex",1997,2502230.0000,474941.0000,243055.0000,880190.0000,427572.0000,409629.0000,66843.0000,1550817.0000,476472.0000,18.9807,9.7135,35.1762,17.0876,16.3706,2.6713,61.9774,19.0419,39.7854,30.6252,30.7239,85+
TLJ3,Hampshire and Isle of Wight,1997,1748237.0000,352589.0000,192503.0000,629733.0000,290569.0000,249750.0000,33093.0000,1112805.0000,282843.0000,20.1683,11.0113,36.0210,16.6207,14.2858,1.8929,63.6530,16.1788,37.4333,31.6847,25.4171,85+
TLJ4,Kent,1997,1545419.0000,320971.0000,157259.0000,546008.0000,265331.0000,225326.0000,30524.0000,968598.0000,255850.0000,20.7692,10.1758,35.3307,17.1689,14.5803,1.9751,62.6754,16.5554,37.9777,33.1377,26.4145,85+
TLK3,Cornwall and Isles of Scilly,1997,485114.0000,91836.0000,43902.0000,159616.0000,92401.0000,85584.0000,11775.0000,295919.0000,97359.0000,18.9308,9.0498,32.9028,19.0473,17.6420,2.4273,60.9999,20.0693,42.1864,31.0342,32.9006,85+
TLK4,Devon,1997,1051923.0000,198815.0000,108977.0000,346347.0000,185916.0000,183499.0000,28369.0000,641240.0000,211868.0000,18.9001,10.3598,32.9251,17.6739,17.4441,2.6969,60.9588,20.1410,40.6960,31.0048,33.0404,85+
TLK5,West of England,1997,790207.0000,156395.0000,96824.0000,288034.0000,124702.0000,109780.0000,14472.0000,509560.0000,124252.0000,19.7916,12.2530,36.4504,15.7809,13.8926,1.8314,64.4844,15.7240,36.2343,30.6922,24.3842,85+
TLK6,"North Somerset, Somerset and Dorset",1997,1348771.0000,251430.0000,128625.0000,450743.0000,236716.0000,244391.0000,36866.0000,816084.0000,281257.0000,18.6414,9.5365,33.4188,17.5505,18.1195,2.7333,60.5057,20.8528,41.2899,30.8093,34.4642,85+
TLK7,Gloucestershire and Wiltshire,1997,1151304.0000,232824.0000,114298.0000,424176.0000,192365.0000,166105.0000,21536.0000,730839.0000,187641.0000,20.2226,9.9277,36.8431,16.7084,14.4276,1.8706,63.4792,16.2981,37.7955,31.8571,25.6747,85+
TLL3,North Wales,1997,654785.0000,130310.0000,65960.0000,221085.0000,115985.0000,106448.0000,14997.0000,403030.0000,121445.0000,19.9012,10.0735,33.7645,17.7134,16.2569,2.2904,61.5515,18.5473,39.5992,32.3326,30.1330,85+
TLL4,Mid and South West Wales,1997,843028.0000,165094.0000,91085.0000,278365.0000,150126.0000,141236.0000,17122.0000,519576.0000,158358.0000,19.5835,10.8045,33.0197,17.8079,16.7534,2.0310,61.6321,18.7844,39.9930,31.7748,30.4783,85+
TLL5,South East Wales,1997,1397058.0000,302077.0000,152230.0000,488887.0000,230418.0000,200500.0000,22946.0000,871535.0000,223446.0000,21.6224,10.8965,34.9940,16.4931,14.3516,1.6425,62.3836,15.9940,36.8255,34.6603,25.6382,85+
TLM0,Eastern Scotland,1997,874480.0000,172778.0000,99751.0000,307882.0000,149780.0000,128562.0000,15727.0000,557413.0000,144289.0000,19.7578,11.4069,35.2074,17.1279,14.7015,1.7984,63.7422,16.5000,38.0068,30.9964,25.8855,90+
TLM1,East Central Scotland,1997,908120.0000,173256.0000,108649.0000,346107.0000,145367.0000,120266.0000,14475.0000,600123.0000,134741.0000,19.0785,11.9642,38.1125,16.0075,13.2434,1.5940,66.0841,14.8374,36.3064,28.8701,22.4522,90+
TLM2,Highlands and Islands,1997,457950.0000,92956.0000,46089.0000,163354.0000,81225.0000,65635.0000,8691.0000,290668.0000,74326.0000,20.2983,10.0642,35.6707,17.7367,14.3324,1.8978,63.4716,16.2302,38.6337,31.9801,25.5708,90+
TLM3,West Central Scotland,1997,1467800.0000,297512.0000,169295.0000,541762.0000,238006.0000,199851.0000,21374.0000,949063.0000,221225.0000,20.2692,11.5339,36.9098,16.2152,13.6157,1.4562,64.6589,15.0719,36.2550,31.3480,23.3098,90+
TLM5,North Eastern Scotland,1997,443320.0000,86989.0000,55110.0000,168971.0000,69895.0000,55266.0000,7089.0000,293976.0000,62355.0000,19.6222,12.4312,38.1149,15.7663,12.4664,1.5991,66.3124,14.0655,36.3424,29.5905,21.2109,90+
TLM9,Southern Scotland,1997,931670.0000,186524.0000,95026.0000,332815.0000,165215.0000,136774.0000,15316.0000,593056.0000,152090.0000,20.0204,10.1995,35.7224,17.7332,14.6805,1.6439,63.6552,16.3244,38.5525,31.4513,25.6451,90+
TLC3,Tees Valley,1998,652787.0000,143082.0000,69637.0000,231768.0000,109096.0000,89587.0000,9617.0000,410501.0000,99204.0000,21.9186,10.6676,35.5044,16.7123,13.7238,1.4732,62.8844,15.1970,36.8638,34.8555,24.1666,85+
TLC4,"Northumberland, Durham and Tyne & Wear",1998,1908096.0000,378772.0000,209214.0000,676594.0000,328043.0000,283853.0000,31620.0000,1213851.0000,315473.0000,19.8508,10.9645,35.4591,17.1922,14.8762,1.6571,63.6158,16.5334,38.1607,31.2042,25.9894,85+
TLD1,Cumbria,1998,489033.0000,93796.0000,45226.0000,171512.0000,90870.0000,77799.0000,9830.0000,307608.0000,87629.0000,19.1799,9.2480,35.0717,18.5816,15.9087,2.0101,62.9013,17.9188,40.0933,30.4921,28.4872,85+
TLD3,Greater Manchester,1998,2521915.0000,547921.0000,280300.0000,902140.0000,414644.0000,334456.0000,42454.0000,1597084.0000,376910.0000,21.7264,11.1146,35.7720,16.4416,13.2620,1.6834,63.3282,14.9454,35.9677,34.3076,23.5999,85+
TLD4,Lancashire,1998,1412688.0000,296598.0000,147687.0000,490269.0000,244455.0000,205588.0000,28091.0000,882411.0000,233679.0000,20.9953,10.4543,34.7047,17.3042,14.5530,1.9885,62.4633,16.5414,37.7686,33.6122,26.4819,85+
TLD6,Cheshire,1998,861767.0000,173803.0000,83807.0000,310857.0000,157940.0000,120552.0000,14808.0000,552604.0000,135360.0000,20.1682,9.7250,36.0720,18.3275,13.9889,1.7183,64.1245,15.7073,38.4987,31.4516,24.4949,85+
TLD7,Merseyside,1998,1506770.0000,322084.0000,163809.0000,526237.0000,251213.0000,217155.0000,26272.0000,941259.0000,243427.0000,21.3758,10.8715,34.9248,16.6723,14.4120,1.7436,62.4687,16.1556,37.1919,34.2184,25.8619,85+
TLE1,East Yorkshire and Northern Lincolnshire,1998,876664.0000,181468.0000,94683.0000,304587.0000,151392.0000,128514.0000,16020.0000,550662.0000,144534.0000,20.6998,10.8004,34.7439,17.2691,14.6594,1.8274,62.8133,16.4868,37.8629,32.9545,26.2473,85+
TLE2,North Yorkshire,1998,734384.0000,140963.0000,71944.0000,254952.0000,135173.0000,114676.0000,16676.0000,462069.0000,131352.0000,19.1947,9.7965,34.7164,18.4063,15.6153,2.2707,62.9193,17.8860,39.9474,30.5069,28.4269,85+
TLE3,South Yorkshire,1998,1273604.0000,261376.0000,136254.0000,453740.0000,216887.0000,183092.0000,22255.0000,806881.0000,205347.0000,20.5225,10.6983,35.6265,17.0294,14.3759,1.7474,63.3542,16.1233,37.2671,32.3934,25.4495,85+
TLE4,West Yorkshire,1998,2073051.0000,449604.0000,240459.0000,736806.0000,333585.0000,276109.0000,36488.0000,1310850.0000,312597.0000,21.6880,11.5993,35.5421,16.0915,13.3190,1.7601,63.2329,15.0791,35.9889,34.2987,23.8469,85+
TLF1,Derbyshire and Nottinghamshire,1998,1974703.0000,398072.0000,208323.0000,709494.0000,340428.0000,283855.0000,34531.0000,1258245.0000,318386.0000,20.1586,10.5496,35.9291,17.2395,14.3746,1.7487,63.7182,16.1232,37.5898,31.6371,25.3040,85+
TLF2,"Leicestershire, Rutland and Northamptonshire",1998,1531948.0000,321027.0000,177883.0000,554181.0000,253795.0000,199051.0000,26011.0000,985859.0000,225062.0000,20.9555,11.6116,36.1749,16.5668,12.9933,1.6979,64.3533,14.6912,36.5830,32.5632,22.8290,85+
TLF3,Lincolnshire,1998,625994.0000,120909.0000,57258.0000,213331.0000,116882.0000,105145.0000,12469.0000,387471.0000,117614.0000,19.3147,9.1467,34.0788,18.6714,16.7965,1.9919,61.8969,18.7884,40.5050,31.2047,30.3543,85+
TLG1,"Herefordshire, Worcestershire and Warwickshire",1998,1205431.0000,238677.0000,114892.0000,428712.0000,224318.0000,177032.0000,21800.0000,767922.0000,198832.0000,19.8001,9.5312,35.5650,18.6089,14.6862,1.8085,63.7052,16.4947,39.3304,31.0809,25.8922,85+
TLG2,Shropshire and Staffordshire,1998,1479300.0000,299625.0000,153789.0000,528361.0000,267557.0000,205743.0000,24225.0000,949707.0000,229968.0000,20.2545,10.3961,35.7170,18.0867,13.9081,1.6376,64.1998,15.5457,38.1201,31.5492,24.2146,85+
TLG3,West Midlands,1998,2586621.0000,575267.0000,299062.0000,895572.0000,412923.0000,361074.0000,42723.0000,1607557.0000,403797.0000,22.2401,11.5619,34.6232,15.9638,13.9593,1.6517,62.1489,15.6110,35.5636,35.7852,25.1187,85+
TLH2,Bedfordshire and Hertfordshire,1998,1569592.0000,335115.0000,162101.0000,587335.0000,260265.0000,199597.0000,25179.0000,1009701.0000,224776.0000,21.3505,10.3276,37.4196,16.5817,12.7165,1.6042,64.3289,14.3207,36.5095,33.1895,22.2616,85+
TLH3,Essex,1998,1586716.0000,319804.0000,160884.0000,562880.0000,280312.0000,232455.0000,30381.0000,1004076.0000,262836.0000,20.1551,10.1394,35.4745,17.6662,14.6501,1.9147,63.2801,16.5648,38.2414,31.8506,26.1769,85+
TLH4,Cambridgeshire and Peterborough,1998,700823.0000,141660.0000,82195.0000,261133.0000,114933.0000,89168.0000,11734.0000,458261.0000,100902.0000,20.2134,11.7284,37.2609,16.3997,12.7233,1.6743,65.3890,14.3976,36.2734,30.9125,22.0185,85+
TLH5,Norfolk,1998,780863.0000,144402.0000,75114.0000,261191.0000,145285.0000,136246.0000,18625.0000,481590.0000,154871.0000,18.4926,9.6194,33.4490,18.6057,17.4481,2.3852,61.6741,19.8333,41.1498,29.9844,32.1583,85+
TLH6,Suffolk,1998,664034.0000,134062.0000,65107.0000,229874.0000,116248.0000,104285.0000,14458.0000,411229.0000,118743.0000,20.1890,9.8048,34.6178,17.5063,15.7048,2.1773,61.9289,17.8821,38.8039,32.6003,28.8752,85+
TLI3,Inner London - West,1998,933846.0000,148875.0000,125438.0000,412041.0000,131621.0000,100464.0000,15407.0000,669100.0000,115871.0000,15.9421,13.4324,44.1230,14.0945,10.7581,1.6498,71.6499,12.4079,33.7795,22.2500,17.3174,85+
TLI4,Inner London - East,1998,1765363.0000,402764.0000,230137.0000,736783.0000,208639.0000,165405.0000,21635.0000,1175559.0000,187040.0000,22.8148,13.0362,41.7355,11.8185,9.3695,1.2255,66.5902,10.5950,31.8143,34.2615,15.9107,85+
TLI5,Outer London - East and North East,1998,1540391.0000,332580.0000,176867.0000,571770.0000,234797.0000,196870.0000,27507.0000,983434.0000,224377.0000,21.5906,11.4820,37.1185,15.2427,12.7805,1.7857,63.8431,14.5662,35.2187,33.8182,22.8157,85+
TLI6,Outer London - South,1998,1128731.0000,230650.0000,124318.0000,433783.0000,176227.0000,142274.0000,21479.0000,734328.0000,163753.0000,20.4345,11.0140,38.4310,15.6128,12.6048,1.9029,65.0578,14.5077,35.7992,31.4097,22.2997,85+
TLI7,Outer London - West and North West,1998,1697166.0000,350498.0000,205456.0000,667381.0000,250519.0000,193456.0000,29856.0000,1123356.0000,223312.0000,20.6520,12.1058,39.3233,14.7610,11.3988,1.7592,66.1901,13.1579,34.5314,31.2010,19.8790,85+
TLJ1,"Berkshire, Buckinghamshire and Oxfordshire",1998,2067712.0000,433100.0000,233381.0000,790924.0000,337977.0000,240344.0000,31986.0000,1362282.0000,272330.0000,20.9459,11.2869,38.2512,16.3455,11.6237,1.5469,65.8835,13.1706,35.8598,31.7922,19.9907,85+
TLJ2,"Surrey, East and West Sussex",1998,2512816.0000,477504.0000,240942.0000,877296.0000,440147.0000,408346.0000,68581.0000,1558385.0000,476927.0000,19.0027,9.5885,34.9129,17.5161,16.2505,2.7292,62.0175,18.9798,39.9123,30.6410,30.6039,85+
TLJ3,Hampshire and Isle of Wight,1998,1756246.0000,352467.0000,191531.0000,627225.0000,300331.0000,250355.0000,34337.0000,1119087.0000,284692.0000,20.0693,10.9057,35.7140,17.1007,14.2551,1.9551,63.7204,16.2103,37.7176,31.4959,25.4397,85+
TLJ4,Kent,1998,1552064.0000,322228.0000,156776.0000,542179.0000,274270.0000,225384.0000,31227.0000,973225.0000,256611.0000,20.7613,10.1011,34.9328,17.6713,14.5216,2.0120,62.7052,16.5335,38.1411,33.1093,26.3671,85+
TLK3,Cornwall and Isles of Scilly,1998,488031.0000,91908.0000,43328.0000,158302.0000,95972.0000,86306.0000,12215.0000,297602.0000,98521.0000,18.8324,8.8781,32.4369,19.6651,17.6845,2.5029,60.9801,20.1874,42.4913,30.8829,33.1050,85+
TLK4,Devon,1998,1055269.0000,198368.0000,107819.0000,344862.0000,191834.0000,183279.0000,29107.0000,644515.0000,212386.0000,18.7979,10.2172,32.6800,18.1787,17.3680,2.7583,61.0759,20.1262,40.9498,30.7779,32.9528,85+
TLK5,West of England,1998,793717.0000,157236.0000,95279.0000,288824.0000,127799.0000,109554.0000,15025.0000,511902.0000,124579.0000,19.8101,12.0042,36.3888,16.1013,13.8027,1.8930,64.4943,15.6956,36.4468,30.7160,24.3365,85+
TLK6,"North Somerset, Somerset and Dorset",1998,1356789.0000,252259.0000,129324.0000,447795.0000,244804.0000,244378.0000,38229.0000,821923.0000,282607.0000,18.5924,9.5316,33.0040,18.0429,18.0115,2.8176,60.5785,20.8291,41.4378,30.6913,34.3836,85+
TLK7,Gloucestershire and Wiltshire,1998,1155658.0000,234263.0000,112727.0000,420858.0000,198587.0000,166829.0000,22394.0000,732172.0000,189223.0000,20.2710,9.7544,36.4172,17.1839,14.4358,1.9378,63.3554,16.3736,38.1127,31.9956,25.8441,85+
TLL3,North Wales,1998,656936.0000,130134.0000,65187.0000,220422.0000,119629.0000,106063.0000,15501.0000,405238.0000,121564.0000,19.8092,9.9229,33.5530,18.2101,16.1451,2.3596,61.6861,18.5047,39.7659,32.1130,29.9982,85+
TLL4,Mid and South West Wales,1998,843596.0000,164150.0000,90487.0000,275795.0000,154026.0000,141569.0000,17569.0000,520308.0000,159138.0000,19.4584,10.7263,32.6928,18.2583,16.7816,2.0826,61.6774,18.8642,40.2522,31.5486,30.5853,85+
TLL5,South East Wales,1998,1398989.0000,301623.0000,150568.0000,486420.0000,236577.0000,200392.0000,23409.0000,873565.0000,223801.0000,21.5601,10.7626,34.7694,16.9106,14.3241,1.6733,62.4426,15.9973,37.0826,34.5278,25.6193,85+
TLM0,Eastern Scotland,1998,873680.0000,171419.0000,98304.0000,305124.0000,153969.0000,128698.0000,16166.0000,557397.0000,144864.0000,19.6203,11.2517,34.9240,17.6230,14.7306,1.8503,63.7988,16.5809,38.4201,30.7535,25.9894,90+
TLM1,East Central Scotland,1998,911800.0000,172890.0000,108460.0000,346279.0000,148787.0000,120507.0000,14877.0000,603526.0000,135384.0000,18.9614,11.8952,37.9775,16.3179,13.2164,1.6316,66.1906,14.8480,36.5677,28.6467,22.4322,90+
TLM2,Highlands and Islands,1998,457150.0000,92290.0000,44401.0000,161942.0000,83625.0000,66197.0000,8695.0000,289968.0000,74892.0000,20.1881,9.7126,35.4243,18.2927,14.4804,1.9020,63.4295,16.3824,39.1260,31.8276,25.8277,90+
TLM3,West Central Scotland,1998,1462670.0000,295173.0000,167568.0000,538660.0000,239998.0000,199282.0000,21989.0000,946226.0000,221271.0000,20.1804,11.4563,36.8272,16.4082,13.6245,1.5033,64.6917,15.1279,36.5887,31.1948,23.3846,90+
TLM5,North Eastern Scotland,1998,441870.0000,85835.0000,53823.0000,167341.0000,71979.0000,55620.0000,7272.0000,293143.0000,62892.0000,19.4254,12.1807,37.8711,16.2896,12.5874,1.6457,66.3415,14.2331,36.8197,29.2809,21.4544,90+
TLM9,Southern Scotland,1998,929900.0000,184982.0000,93091.0000,329880.0000,168671.0000,137497.0000,15779.0000,591642.0000,153276.0000,19.8927,10.0109,35.4748,18.1386,14.7862,1.6968,63.6243,16.4831,38.9735,31.2659,25.9069,90+
TLC3,Tees Valley,1999,651261.0000,142169.0000,69419.0000,228951.0000,110960.0000,89925.0000,9837.0000,409330.0000,99762.0000,21.8298,10.6592,35.1550,17.0377,13.8078,1.5105,62.8519,15.3183,37.2761,34.7321,24.3720,85+
TLC4,"Northumberland, Durham and Tyne & Wear",1999,1899053.0000,372992.0000,211242.0000,666732.0000,332626.0000,283348.0000,32113.0000,1210600.0000,315461.0000,19.6409,11.1235,35.1087,17.5154,14.9205,1.6910,63.7476,16.6115,38.4962,30.8105,26.0582,85+
TLD1,Cumbria,1999,488145.0000,93545.0000,44051.0000,169361.0000,93397.0000,77722.0000,10069.0000,306809.0000,87791.0000,19.1634,9.0242,34.6948,19.1330,15.9219,2.0627,62.8520,17.9846,40.5383,30.4897,28.6142,85+
TLD3,Greater Manchester,1999,2515488.0000,542735.0000,283010.0000,895714.0000,420187.0000,331016.0000,42826.0000,1598911.0000,373842.0000,21.5757,11.2507,35.6080,16.7040,13.1591,1.7025,63.5627,14.8616,36.1840,33.9440,23.3810,85+
TLD4,Lancashire,1999,1410858.0000,295727.0000,147466.0000,484376.0000,250048.0000,204917.0000,28324.0000,881890.0000,233241.0000,20.9608,10.4522,34.3320,17.7231,14.5243,2.0076,62.5074,16.5319,38.0944,33.5333,26.4479,85+
TLD6,Cheshire,1999,860850.0000,173555.0000,81563.0000,308420.0000,161135.0000,120876.0000,15301.0000,551118.0000,136177.0000,20.1609,9.4747,35.8274,18.7181,14.0415,1.7774,64.0202,15.8189,38.8608,31.4914,24.7092,85+
TLD7,Merseyside,1999,1497774.0000,318496.0000,164740.0000,518069.0000,253302.0000,216705.0000,26462.0000,936111.0000,243167.0000,21.2646,10.9990,34.5893,16.9119,14.4685,1.7668,62.5002,16.2352,37.5423,34.0233,25.9763,85+
TLE1,East Yorkshire and Northern Lincolnshire,1999,874966.0000,181108.0000,92268.0000,301621.0000,155010.0000,128499.0000,16460.0000,548899.0000,144959.0000,20.6989,10.5453,34.4723,17.7161,14.6862,1.8812,62.7338,16.5674,38.2863,32.9948,26.4090,85+
TLE2,North Yorkshire,1999,739157.0000,142011.0000,71234.0000,254534.0000,139449.0000,115090.0000,16839.0000,465217.0000,131929.0000,19.2126,9.6372,34.4357,18.8660,15.5704,2.2781,62.9389,17.8486,40.2068,30.5258,28.3586,85+
TLE3,South Yorkshire,1999,1269924.0000,259196.0000,139211.0000,447309.0000,219560.0000,181911.0000,22737.0000,806080.0000,204648.0000,20.4104,10.9622,35.2233,17.2892,14.3246,1.7904,63.4747,16.1150,37.5357,32.1551,25.3881,85+
TLE4,West Yorkshire,1999,2072278.0000,447537.0000,244050.0000,730037.0000,338983.0000,274705.0000,36966.0000,1313070.0000,311671.0000,21.5964,11.7769,35.2287,16.3580,13.2562,1.7838,63.3636,15.0400,36.2101,34.0833,23.7361,85+
TLF1,Derbyshire and Nottinghamshire,1999,1977966.0000,398328.0000,209862.0000,704317.0000,346970.0000,283053.0000,35436.0000,1261149.0000,318489.0000,20.1383,10.6100,35.6081,17.5418,14.3103,1.7915,63.7599,16.1018,37.8260,31.5845,25.2539,85+
TLF2,"Leicestershire, Rutland and Northamptonshire",1999,1541768.0000,322375.0000,177430.0000,554950.0000,261617.0000,199006.0000,26390.0000,993997.0000,225396.0000,20.9094,11.5082,35.9944,16.9686,12.9076,1.7117,64.4712,14.6193,36.8359,32.4322,22.6757,85+
TLF3,Lincolnshire,1999,632709.0000,122188.0000,58264.0000,212785.0000,121004.0000,105717.0000,12751.0000,392053.0000,118468.0000,19.3119,9.2087,33.6308,19.1247,16.7086,2.0153,61.9642,18.7239,40.7531,31.1662,30.2173,85+
TLG1,"Herefordshire, Worcestershire and Warwickshire",1999,1208941.0000,239036.0000,112413.0000,425981.0000,231051.0000,177523.0000,22937.0000,769445.0000,200460.0000,19.7723,9.2985,35.2359,19.1119,14.6842,1.8973,63.6462,16.5815,39.6895,31.0660,26.0525,85+
TLG2,Shropshire and Staffordshire,1999,1480814.0000,299192.0000,152190.0000,523083.0000,274659.0000,206684.0000,25006.0000,949932.0000,231690.0000,20.2046,10.2775,35.3240,18.5478,13.9575,1.6887,64.1493,15.6461,38.4911,31.4961,24.3902,85+
TLG3,West Midlands,1999,2582204.0000,571926.0000,304100.0000,889946.0000,415210.0000,357609.0000,43413.0000,1609256.0000,401022.0000,22.1488,11.7768,34.4646,16.0797,13.8490,1.6812,62.3210,15.5302,35.6925,35.5398,24.9197,85+
TLH2,Bedfordshire and Hertfordshire,1999,1583397.0000,338641.0000,160616.0000,591811.0000,265123.0000,200924.0000,26282.0000,1017550.0000,227206.0000,21.3870,10.1438,37.3760,16.7439,12.6894,1.6598,64.2637,14.3493,36.7653,33.2800,22.3287,85+
TLH3,Essex,1999,1597427.0000,324268.0000,156910.0000,563830.0000,288143.0000,232910.0000,31366.0000,1008883.0000,264276.0000,20.2994,9.8227,35.2961,18.0379,14.5803,1.9635,63.1568,16.5439,38.4797,32.1413,26.1949,85+
TLH4,Cambridgeshire and Peterborough,1999,704102.0000,141988.0000,81698.0000,260556.0000,118212.0000,89552.0000,12096.0000,460466.0000,101648.0000,20.1658,11.6031,37.0054,16.7890,12.7186,1.7179,65.3976,14.4365,36.6044,30.8357,22.0750,85+
TLH5,Norfolk,1999,786454.0000,145500.0000,74115.0000,260485.0000,150389.0000,137006.0000,18959.0000,484989.0000,155965.0000,18.5008,9.4239,33.1215,19.1224,17.4207,2.4107,61.6678,19.8314,41.4536,30.0007,32.1585,85+
TLH6,Suffolk,1999,667342.0000,135343.0000,63288.0000,228678.0000,120199.0000,104908.0000,14926.0000,412165.0000,119834.0000,20.2809,9.4836,34.2670,18.0116,15.7203,2.2366,61.7622,17.9569,39.2229,32.8371,29.0743,85+
TLI3,Inner London - West,1999,958349.0000,150854.0000,127602.0000,432786.0000,133265.0000,98892.0000,14950.0000,693653.0000,113842.0000,15.7410,13.3148,45.1595,13.9057,10.3190,1.5600,72.3800,11.8790,33.3554,21.7478,16.4120,85+
TLI4,Inner London - East,1999,1792367.0000,398828.0000,238020.0000,764947.0000,208336.0000,161106.0000,21130.0000,1211303.0000,182236.0000,22.2515,13.2796,42.6780,11.6235,8.9884,1.1789,67.5812,10.1673,31.6478,32.9255,15.0446,85+
TLI5,Outer London - East and North East,1999,1549708.0000,333697.0000,176210.0000,578236.0000,237672.0000,196095.0000,27798.0000,992118.0000,223893.0000,21.5329,11.3705,37.3126,15.3366,12.6537,1.7938,64.0197,14.4474,35.3626,33.6348,22.5672,85+
TLI6,Outer London - South,1999,1137408.0000,232177.0000,121187.0000,442342.0000,178508.0000,141552.0000,21642.0000,742037.0000,163194.0000,20.4128,10.6547,38.8904,15.6943,12.4451,1.9027,65.2393,14.3479,35.9220,31.2891,21.9927,85+
TLI7,Outer London - West and North West,1999,1716080.0000,351650.0000,204725.0000,682931.0000,253813.0000,192781.0000,30180.0000,1141469.0000,222961.0000,20.4915,11.9298,39.7960,14.7903,11.2338,1.7587,66.5161,12.9925,34.5780,30.8068,19.5328,85+
TLJ1,"Berkshire, Buckinghamshire and Oxfordshire",1999,2083133.0000,434744.0000,235611.0000,793410.0000,345014.0000,241452.0000,32902.0000,1374035.0000,274354.0000,20.8697,11.3104,38.0873,16.5623,11.5908,1.5794,65.9600,13.1703,36.0826,31.6400,19.9670,85+
TLJ2,"Surrey, East and West Sussex",1999,2542247.0000,484249.0000,244656.0000,884521.0000,451797.0000,407063.0000,69961.0000,1580974.0000,477024.0000,19.0481,9.6236,34.7929,17.7716,16.0119,2.7519,62.1881,18.7639,39.9235,30.6298,30.1728,85+
TLJ3,Hampshire and Isle of Wight,1999,1766641.0000,352892.0000,193853.0000,625468.0000,307706.0000,251279.0000,35443.0000,1127027.0000,286722.0000,19.9753,10.9730,35.4044,17.4176,14.2235,2.0062,63.7949,16.2298,37.9702,31.3118,25.4406,85+
TLJ4,Kent,1999,1563103.0000,327811.0000,154612.0000,541812.0000,281736.0000,225215.0000,31917.0000,978160.0000,257132.0000,20.9718,9.8914,34.6626,18.0241,14.4082,2.0419,62.5781,16.4501,38.3540,33.5130,26.2873,85+
TLK3,Cornwall and Isles of Scilly,1999,492588.0000,92566.0000,42899.0000,157541.0000,100623.0000,86313.0000,12646.0000,301063.0000,98959.0000,18.7918,8.7089,31.9823,20.4274,17.5224,2.5673,61.1186,20.0896,42.8380,30.7464,32.8699,85+
TLK4,Devon,1999,1060583.0000,198773.0000,107731.0000,341952.0000,198928.0000,183415.0000,29784.0000,648611.0000,213199.0000,18.7419,10.1577,32.2419,18.7565,17.2938,2.8083,61.1561,20.1021,41.3669,30.6459,32.8701,85+
TLK5,West of England,1999,799681.0000,157444.0000,98633.0000,289916.0000,129812.0000,108648.0000,15228.0000,518361.0000,123876.0000,19.6884,12.3340,36.2540,16.2330,13.5864,1.9043,64.8210,15.4907,36.4284,30.3734,23.8976,85+
TLK6,"North Somerset, Somerset and Dorset",1999,1362514.0000,254200.0000,124221.0000,445702.0000,254255.0000,245007.0000,39129.0000,824178.0000,284136.0000,18.6567,9.1170,32.7117,18.6607,17.9820,2.8718,60.4895,20.8538,41.9044,30.8429,34.4751,85+
TLK7,Gloucestershire and Wiltshire,1999,1165592.0000,236526.0000,110709.0000,422819.0000,204639.0000,167863.0000,23036.0000,738167.0000,190899.0000,20.2923,9.4981,36.2750,17.5567,14.4015,1.9763,63.3298,16.3779,38.4038,32.0423,25.8612,85+
TLL3,North Wales,1999,657902.0000,130584.0000,64949.0000,217906.0000,123493.0000,105559.0000,15411.0000,406348.0000,120970.0000,19.8485,9.8721,33.1213,18.7707,16.0448,2.3424,61.7642,18.3872,40.0272,32.1360,29.7700,85+
TLL4,Mid and South West Wales,1999,844110.0000,164176.0000,90626.0000,272141.0000,158209.0000,140991.0000,17967.0000,520976.0000,158958.0000,19.4496,10.7363,32.2400,18.7427,16.7029,2.1285,61.7190,18.8314,40.5609,31.5132,30.5116,85+
TLL5,South East Wales,1999,1398587.0000,299338.0000,154462.0000,482569.0000,239381.0000,199078.0000,23759.0000,876412.0000,222837.0000,21.4029,11.0441,34.5040,17.1159,14.2342,1.6988,62.6641,15.9330,37.2325,34.1549,25.4261,85+
TLM0,Eastern Scotland,1999,873450.0000,170380.0000,97789.0000,302664.0000,157271.0000,128837.0000,16509.0000,557724.0000,145346.0000,19.5066,11.1957,34.6516,18.0057,14.7504,1.8901,63.8530,16.6404,38.7834,30.5492,26.0606,90+
TLM1,East Central Scotland,1999,916260.0000,173368.0000,108905.0000,346334.0000,151775.0000,120652.0000,15226.0000,607014.0000,135878.0000,18.9213,11.8858,37.7987,16.5646,13.1679,1.6618,66.2491,14.8296,36.8068,28.5608,22.3847,90+
TLM2,Highlands and Islands,1999,456780.0000,91505.0000,43335.0000,160708.0000,85606.0000,66855.0000,8771.0000,289649.0000,75626.0000,20.0326,9.4871,35.1828,18.7412,14.6361,1.9202,63.4111,16.5563,39.5982,31.5917,26.1095,90+
TLM3,West Central Scotland,1999,1456410.0000,291686.0000,168191.0000,534891.0000,240927.0000,198434.0000,22281.0000,944009.0000,220715.0000,20.0277,11.5483,36.7267,16.5425,13.6249,1.5299,64.8175,15.1547,36.9222,30.8986,23.3806,90+
TLM5,North Eastern Scotland,1999,441870.0000,84908.0000,53648.0000,166000.0000,73875.0000,56102.0000,7337.0000,293523.0000,63439.0000,19.2156,12.1411,37.5676,16.7187,12.6965,1.6604,66.4275,14.3569,37.1879,28.9272,21.6130,90+
TLM9,Southern Scotland,1999,927180.0000,183549.0000,91173.0000,326706.0000,171684.0000,138056.0000,16012.0000,589563.0000,154068.0000,19.7965,9.8334,35.2365,18.5168,14.8899,1.7270,63.5867,16.6168,39.4086,31.1331,26.1326,90+
TLC3,Tees Valley,2000,651860.0000,140482.0000,70655.0000,227610.0000,112601.0000,90446.0000,10066.0000,410866.0000,100512.0000,21.5509,10.8390,34.9170,17.2738,13.8751,1.5442,63.0298,15.4193,37.6437,34.1917,24.4635,85+
TLC4,"Northumberland, Durham and Tyne & Wear",2000,1891561.0000,368258.0000,210663.0000,659806.0000,336737.0000,283251.0000,32846.0000,1207206.0000,316097.0000,19.4685,11.1370,34.8816,17.8021,14.9745,1.7364,63.8206,16.7109,38.8581,30.5050,26.1842,85+
TLD1,Cumbria,2000,487602.0000,92676.0000,43863.0000,167000.0000,95524.0000,78184.0000,10355.0000,306387.0000,88539.0000,19.0065,8.9957,34.2492,19.5906,16.0344,2.1237,62.8355,18.1580,41.0484,30.2480,28.8978,85+
TLD3,Greater Manchester,2000,2516339.0000,537746.0000,286315.0000,894701.0000,424663.0000,329529.0000,43385.0000,1605679.0000,372914.0000,21.3702,11.3782,35.5557,16.8762,13.0956,1.7241,63.8101,14.8197,36.4021,33.4903,23.2247,85+
TLD4,Lancashire,2000,1414141.0000,294749.0000,149215.0000,482650.0000,253975.0000,205072.0000,28480.0000,885840.0000,233552.0000,20.8430,10.5516,34.1303,17.9597,14.5015,2.0139,62.6416,16.5155,38.3577,33.2734,26.3650,85+
TLD6,Cheshire,2000,862976.0000,173231.0000,80927.0000,307430.0000,163565.0000,122068.0000,15755.0000,551922.0000,137823.0000,20.0737,9.3777,35.6244,18.9536,14.1450,1.8257,63.9557,15.9707,39.2079,31.3869,24.9715,85+
TLD7,Merseyside,2000,1493165.0000,313303.0000,167307.0000,513712.0000,255439.0000,216457.0000,26947.0000,936458.0000,243404.0000,20.9825,11.2049,34.4042,17.1072,14.4965,1.8047,62.7163,16.3012,37.8607,33.4562,25.9920,85+
TLE1,East Yorkshire and Northern Lincolnshire,2000,873900.0000,179299.0000,91106.0000,299429.0000,158120.0000,129201.0000,16745.0000,548655.0000,145946.0000,20.5171,10.4252,34.2635,18.0936,14.7844,1.9161,62.7824,16.7005,38.7462,32.6797,26.6007,85+
TLE2,North Yorkshire,2000,744717.0000,141957.0000,72944.0000,254357.0000,142597.0000,115692.0000,17170.0000,469898.0000,132862.0000,19.0619,9.7949,34.1549,19.1478,15.5350,2.3056,63.0975,17.8406,40.4281,30.2102,28.2746,85+
TLE3,South Yorkshire,2000,1266337.0000,256803.0000,140488.0000,442972.0000,221541.0000,181495.0000,23038.0000,805001.0000,204533.0000,20.2792,11.0940,34.9806,17.4946,14.3323,1.8193,63.5693,16.1515,37.8245,31.9010,25.4078,85+
TLE4,West Yorkshire,2000,2073655.0000,445039.0000,244935.0000,728397.0000,343438.0000,274126.0000,37720.0000,1316770.0000,311846.0000,21.4616,11.8118,35.1262,16.5620,13.2195,1.8190,63.5000,15.0385,36.4498,33.7978,23.6826,85+
TLF1,Derbyshire and Nottinghamshire,2000,1978848.0000,396018.0000,211035.0000,699287.0000,352712.0000,283424.0000,36372.0000,1263034.0000,319796.0000,20.0126,10.6645,35.3381,17.8241,14.3227,1.8380,63.8267,16.1607,38.1408,31.3545,25.3197,85+
TLF2,"Leicestershire, Rutland and Northamptonshire",2000,1549065.0000,322153.0000,176104.0000,555717.0000,268642.0000,199628.0000,26821.0000,1000463.0000,226449.0000,20.7966,11.3684,35.8744,17.3422,12.8870,1.7314,64.5850,14.6184,37.1566,32.2004,22.6344,85+
TLF3,Lincolnshire,2000,640163.0000,123240.0000,59251.0000,212144.0000,125232.0000,107066.0000,13230.0000,396627.0000,120296.0000,19.2513,9.2556,33.1391,19.5625,16.7248,2.0667,61.9572,18.7915,41.1467,31.0720,30.3298,85+
TLG1,"Herefordshire, Worcestershire and Warwickshire",2000,1214415.0000,238871.0000,112986.0000,423995.0000,236160.0000,178699.0000,23704.0000,773141.0000,202403.0000,19.6696,9.3037,34.9135,19.4464,14.7148,1.9519,63.6637,16.6667,39.9716,30.8962,26.1793,85+
TLG2,Shropshire and Staffordshire,2000,1483811.0000,297628.0000,152921.0000,518900.0000,280624.0000,208020.0000,25718.0000,952445.0000,233738.0000,20.0583,10.3060,34.9708,18.9124,14.0193,1.7332,64.1891,15.7525,38.8454,31.2488,24.5408,85+
TLG3,West Midlands,2000,2571400.0000,567183.0000,303748.0000,885006.0000,416062.0000,355213.0000,44188.0000,1604816.0000,399401.0000,22.0574,11.8126,34.4173,16.1804,13.8140,1.7184,62.4102,15.5324,35.9140,35.3426,24.8877,85+
TLH2,Bedfordshire and Hertfordshire,2000,1593458.0000,339040.0000,161965.0000,594142.0000,268590.0000,202631.0000,27090.0000,1024697.0000,229721.0000,21.2770,10.1644,37.2863,16.8558,12.7164,1.7001,64.3065,14.4165,37.0242,33.0869,22.4184,85+
TLH3,Essex,2000,1607515.0000,325438.0000,157592.0000,564241.0000,294133.0000,233804.0000,32307.0000,1015966.0000,266111.0000,20.2448,9.8035,35.1002,18.2974,14.5444,2.0097,63.2010,16.5542,38.7324,32.0324,26.1929,85+
TLH4,Cambridgeshire and Peterborough,2000,707984.0000,142312.0000,81409.0000,260175.0000,121322.0000,90327.0000,12439.0000,462906.0000,102766.0000,20.1010,11.4987,36.7487,17.1363,12.7583,1.7570,65.3837,14.5153,36.9457,30.7432,22.2002,85+
TLH5,Norfolk,2000,793509.0000,145687.0000,74769.0000,260605.0000,154608.0000,138252.0000,19588.0000,489982.0000,157840.0000,18.3598,9.4226,32.8421,19.4841,17.4229,2.4685,61.7488,19.8914,41.7369,29.7331,32.2134,85+
TLH6,Suffolk,2000,672506.0000,135252.0000,63865.0000,228457.0000,123590.0000,105984.0000,15358.0000,415912.0000,121342.0000,20.1116,9.4966,33.9710,18.3775,15.7596,2.2837,61.8451,18.0433,39.5847,32.5194,29.1749,85+
TLI3,Inner London - West,2000,986415.0000,151841.0000,126014.0000,459959.0000,135770.0000,98052.0000,14779.0000,721743.0000,112831.0000,15.3932,12.7749,46.6294,13.7640,9.9402,1.4983,73.1683,11.4385,33.2736,21.0381,15.6331,85+
TLI4,Inner London - East,2000,1818534.0000,394993.0000,240648.0000,795132.0000,208869.0000,158277.0000,20615.0000,1244649.0000,178892.0000,21.7204,13.2331,43.7238,11.4856,8.7035,1.1336,68.4424,9.8372,31.6642,31.7353,14.3729,85+
TLI5,Outer London - East and North East,2000,1558421.0000,333529.0000,175620.0000,587003.0000,239436.0000,194943.0000,27890.0000,1002059.0000,222833.0000,21.4017,11.2691,37.6665,15.3640,12.5090,1.7896,64.2996,14.2986,35.5016,33.2844,22.2375,85+
TLI6,Outer London - South,2000,1145567.0000,233331.0000,119942.0000,449308.0000,180371.0000,140721.0000,21894.0000,749621.0000,162615.0000,20.3682,10.4701,39.2215,15.7451,12.2840,1.9112,65.4367,14.1952,36.0912,31.1265,21.6930,85+
TLI7,Outer London - West and North West,2000,1727775.0000,349221.0000,202482.0000,697739.0000,256250.0000,191871.0000,30212.0000,1156471.0000,222083.0000,20.2122,11.7192,40.3837,14.8312,11.1051,1.7486,66.9341,12.8537,34.7395,30.1971,19.2035,85+
TLJ1,"Berkshire, Buckinghamshire and Oxfordshire",2000,2094772.0000,434435.0000,235682.0000,796156.0000,351330.0000,243308.0000,33861.0000,1383168.0000,277169.0000,20.7390,11.2510,38.0068,16.7718,11.6150,1.6165,66.0295,13.2315,36.3627,31.4087,20.0387,85+
TLJ2,"Surrey, East and West Sussex",2000,2549741.0000,485143.0000,242000.0000,886044.0000,459708.0000,406193.0000,70653.0000,1587752.0000,476846.0000,19.0271,9.4912,34.7504,18.0296,15.9308,2.7710,62.2711,18.7017,40.1302,30.5553,30.0328,85+
TLJ3,Hampshire and Isle of Wight,2000,1772932.0000,351833.0000,195781.0000,622910.0000,313459.0000,252429.0000,36520.0000,1132150.0000,288949.0000,19.8447,11.0428,35.1345,17.6803,14.2379,2.0599,63.8575,16.2978,38.2773,31.0765,25.5221,85+
TLJ4,Kent,2000,1573153.0000,328647.0000,156995.0000,542205.0000,287026.0000,225909.0000,32371.0000,986226.0000,258280.0000,20.8910,9.9796,34.4661,18.2453,14.3603,2.0577,62.6910,16.4180,38.5839,33.3237,26.1887,85+
TLK3,Cornwall and Isles of Scilly,2000,497473.0000,92595.0000,43866.0000,156885.0000,104250.0000,86889.0000,12988.0000,305001.0000,99877.0000,18.6131,8.8178,31.5364,20.9559,17.4661,2.6108,61.3101,20.0769,43.1210,30.3589,32.7465,85+
TLK4,Devon,2000,1071082.0000,198829.0000,109288.0000,343616.0000,205245.0000,183820.0000,30284.0000,658149.0000,214104.0000,18.5634,10.2035,32.0812,19.1624,17.1621,2.8274,61.4471,19.9895,41.5982,30.2103,32.5312,85+
TLK5,West of England,2000,803726.0000,156719.0000,99560.0000,292373.0000,131621.0000,108300.0000,15153.0000,523554.0000,123453.0000,19.4991,12.3873,36.3772,16.3764,13.4747,1.8853,65.1409,15.3601,36.5683,29.9337,23.5798,85+
TLK6,"North Somerset, Somerset and Dorset",2000,1372347.0000,255393.0000,124669.0000,445146.0000,261925.0000,245607.0000,39607.0000,831740.0000,285214.0000,18.6099,9.0844,32.4368,19.0859,17.8969,2.8861,60.6071,20.7829,42.1755,30.7059,34.2912,85+
TLK7,Gloucestershire and Wiltshire,2000,1172446.0000,237256.0000,111514.0000,421914.0000,209316.0000,168711.0000,23735.0000,742744.0000,192446.0000,20.2360,9.5112,35.9858,17.8529,14.3897,2.0244,63.3500,16.4141,38.7152,31.9432,25.9101,85+
TLL3,North Wales,2000,661356.0000,130627.0000,65842.0000,216877.0000,126658.0000,105663.0000,15689.0000,409377.0000,121352.0000,19.7514,9.9556,32.7928,19.1513,15.9767,2.3722,61.8996,18.3490,40.2742,31.9087,29.6431,85+
TLL4,Mid and South West Wales,2000,845797.0000,163669.0000,90613.0000,270065.0000,162054.0000,140985.0000,18411.0000,522732.0000,159396.0000,19.3509,10.7133,31.9302,19.1599,16.6689,2.1768,61.8035,18.8457,40.8762,31.3103,30.4929,85+
TLL5,South East Wales,2000,1399717.0000,297074.0000,156657.0000,480124.0000,243029.0000,198761.0000,24072.0000,879810.0000,222833.0000,21.2239,11.1920,34.3015,17.3627,14.2001,1.7198,62.8563,15.9199,37.4730,33.7657,25.3274,85+
TLM0,Eastern Scotland,2000,873100.0000,168639.0000,97779.0000,300417.0000,159929.0000,129374.0000,16962.0000,558125.0000,146336.0000,19.3150,11.1991,34.4081,18.3174,14.8178,1.9427,63.9245,16.7605,39.1871,30.2153,26.2192,90+
TLM1,East Central Scotland,2000,921150.0000,173556.0000,110028.0000,347123.0000,153898.0000,121047.0000,15498.0000,611049.0000,136545.0000,18.8412,11.9446,37.6837,16.7072,13.1409,1.6825,66.3355,14.8233,37.0237,28.4030,22.3460,90+
TLM2,Highlands and Islands,2000,455160.0000,90245.0000,42286.0000,158955.0000,87262.0000,67503.0000,8909.0000,288503.0000,76412.0000,19.8271,9.2904,34.9229,19.1717,14.8306,1.9573,63.3850,16.7879,40.1345,31.2804,26.4857,90+
TLM3,West Central Scotland,2000,1448340.0000,287063.0000,169068.0000,530102.0000,241213.0000,198401.0000,22493.0000,940383.0000,220894.0000,19.8201,11.6732,36.6007,16.6544,13.6985,1.5530,64.9283,15.2515,37.3019,30.5262,23.4898,90+
TLM5,North Eastern Scotland,2000,440360.0000,83745.0000,52773.0000,164341.0000,75483.0000,56608.0000,7410.0000,292597.0000,64018.0000,19.0174,11.9841,37.3197,17.1412,12.8549,1.6827,66.4450,14.5377,37.6782,28.6213,21.8792,90+
TLM9,Southern Scotland,2000,924830.0000,181515.0000,90243.0000,323485.0000,174307.0000,138891.0000,16389.0000,588035.0000,155280.0000,19.6269,9.7578,34.9778,18.8475,15.0180,1.7721,63.5830,16.7901,39.8642,30.8681,26.4066,90+
TLC3,Tees Valley,2001,652233.0000,138338.0000,72207.0000,226201.0000,113863.0000,91582.0000,10042.0000,412271.0000,101624.0000,21.2099,11.0707,34.6810,17.4574,14.0413,1.5396,63.2092,15.5809,38.0395,33.5551,24.6498,90+
TLC4,"Northumberland, Durham and Tyne & Wear",2001,1887857.0000,362522.0000,213619.0000,653981.0000,340143.0000,284588.0000,33004.0000,1207743.0000,317592.0000,19.2028,11.3154,34.6414,18.0174,15.0747,1.7482,63.9743,16.8229,39.2157,30.0165,26.2963,90+
TLD1,Cumbria,2001,487795.0000,91754.0000,44687.0000,164701.0000,97052.0000,79102.0000,10499.0000,306440.0000,89601.0000,18.8100,9.1610,33.7644,19.8961,16.2162,2.1523,62.8215,18.3686,41.4788,29.9419,29.2393,90+
TLD3,Greater Manchester,2001,2516096.0000,530301.0000,292521.0000,892925.0000,427079.0000,330111.0000,43159.0000,1612525.0000,373270.0000,21.0763,11.6260,35.4885,16.9739,13.1200,1.7153,64.0884,14.8353,36.6518,32.8864,23.1482,90+
TLD4,Lancashire,2001,1417265.0000,293156.0000,152107.0000,480063.0000,256756.0000,206665.0000,28518.0000,888926.0000,235183.0000,20.6846,10.7324,33.8725,18.1163,14.5820,2.0122,62.7212,16.5941,38.6590,32.9787,26.4570,90+
TLD6,Cheshire,2001,865460.0000,172465.0000,81963.0000,305785.0000,165522.0000,123636.0000,16089.0000,553270.0000,139725.0000,19.9276,9.4705,35.3321,19.1253,14.2856,1.8590,63.9279,16.1446,39.5543,31.1719,25.2544,90+
TLD7,Merseyside,2001,1486369.0000,306452.0000,171335.0000,507738.0000,256924.0000,217296.0000,26624.0000,935997.0000,243920.0000,20.6175,11.5271,34.1596,17.2853,14.6192,1.7912,62.9720,16.4105,38.2192,32.7407,26.0599,90+
TLE1,East Yorkshire and Northern Lincolnshire,2001,875682.0000,177868.0000,91841.0000,297731.0000,160513.0000,130817.0000,16912.0000,550085.0000,147729.0000,20.3119,10.4879,33.9999,18.3301,14.9389,1.9313,62.8179,16.8702,39.1496,32.3346,26.8557,90+
TLE2,North Yorkshire,2001,751385.0000,141164.0000,76371.0000,253977.0000,145401.0000,117015.0000,17457.0000,475749.0000,134472.0000,18.7872,10.1640,33.8012,19.3511,15.5732,2.3233,63.3163,17.8966,40.6688,29.6719,28.2653,90+
TLE3,South Yorkshire,2001,1266475.0000,254086.0000,144307.0000,439963.0000,222999.0000,181935.0000,23185.0000,807269.0000,205120.0000,20.0625,11.3944,34.7392,17.6078,14.3655,1.8307,63.7414,16.1961,38.0728,31.4748,25.4091,90+
TLE4,West Yorkshire,2001,2083101.0000,441476.0000,250664.0000,730792.0000,347014.0000,275402.0000,37753.0000,1328470.0000,313155.0000,21.1932,12.0332,35.0819,16.6585,13.2208,1.8123,63.7737,15.0331,36.6202,33.2319,23.5726,90+
TLF1,Derbyshire and Nottinghamshire,2001,1983362.0000,392380.0000,215869.0000,696024.0000,357124.0000,285143.0000,36822.0000,1269017.0000,321965.0000,19.7836,10.8840,35.0931,18.0060,14.3768,1.8565,63.9831,16.2333,38.4541,30.9200,25.3712,90+
TLF2,"Leicestershire, Rutland and Northamptonshire",2001,1558620.0000,321586.0000,177396.0000,556534.0000,274044.0000,201857.0000,27203.0000,1007974.0000,229060.0000,20.6327,11.3816,35.7068,17.5825,12.9510,1.7453,64.6709,14.6963,37.4800,31.9042,22.7248,90+
TLF3,Lincolnshire,2001,647640.0000,124036.0000,61667.0000,211059.0000,128655.0000,108769.0000,13454.0000,401381.0000,122223.0000,19.1520,9.5218,32.5889,19.8652,16.7947,2.0774,61.9759,18.8721,41.4677,30.9023,30.4506,90+
TLG1,"Herefordshire, Worcestershire and Warwickshire",2001,1223311.0000,237954.0000,116743.0000,423169.0000,240276.0000,180711.0000,24458.0000,780188.0000,205169.0000,19.4516,9.5432,34.5921,19.6414,14.7723,1.9993,63.7768,16.7716,40.2074,30.4996,26.2974,90+
TLG2,Shropshire and Staffordshire,2001,1489401.0000,295890.0000,155504.0000,516274.0000,285019.0000,210552.0000,26162.0000,956797.0000,236714.0000,19.8664,10.4407,34.6632,19.1365,14.1367,1.7565,64.2404,15.8932,39.1808,30.9251,24.7403,90+
TLG3,West Midlands,2001,2568015.0000,560339.0000,308496.0000,883082.0000,415857.0000,355643.0000,44598.0000,1607435.0000,400241.0000,21.8199,12.0130,34.3877,16.1937,13.8489,1.7367,62.5945,15.5856,36.1233,34.8592,24.8994,90+
TLH2,Bedfordshire and Hertfordshire,2001,1603531.0000,338861.0000,165985.0000,595025.0000,270930.0000,205140.0000,27590.0000,1031940.0000,232730.0000,21.1322,10.3512,37.1072,16.8958,12.7930,1.7206,64.3542,14.5136,37.2809,32.8373,22.5527,90+
TLH3,Essex,2001,1616258.0000,325409.0000,160256.0000,563225.0000,298459.0000,235568.0000,33341.0000,1021940.0000,268909.0000,20.1335,9.9152,34.8475,18.4660,14.5749,2.0629,63.2288,16.6378,39.0285,31.8423,26.3136,90+
TLH4,Cambridgeshire and Peterborough,2001,712143.0000,141621.0000,83238.0000,259600.0000,123477.0000,91460.0000,12747.0000,466315.0000,104207.0000,19.8866,11.6884,36.4534,17.3388,12.8429,1.7899,65.4805,14.6329,37.2287,30.3702,22.3469,90+
TLH5,Norfolk,2001,798618.0000,144440.0000,77341.0000,258986.0000,157694.0000,140035.0000,20122.0000,494021.0000,160157.0000,18.0862,9.6844,32.4293,19.7459,17.5347,2.5196,61.8595,20.0543,42.0592,29.2376,32.4191,90+
TLH6,Suffolk,2001,669913.0000,132535.0000,64169.0000,224145.0000,126160.0000,107176.0000,15728.0000,414474.0000,122904.0000,19.7839,9.5787,33.4588,18.8323,15.9985,2.3478,61.8698,18.3463,40.2624,31.9767,29.6530,90+
TLI3,Inner London - West,2001,1016570.0000,154278.0000,127710.0000,485644.0000,136508.0000,98183.0000,14247.0000,749862.0000,112430.0000,15.1763,12.5628,47.7728,13.4283,9.6583,1.4015,73.7639,11.0597,33.0580,20.5742,14.9934,90+
TLI4,Inner London - East,2001,1842805.0000,387104.0000,246028.0000,824662.0000,208382.0000,156948.0000,19681.0000,1279072.0000,176629.0000,21.0062,13.3507,44.7504,11.3079,8.5168,1.0680,69.4090,9.5848,31.6819,30.2644,13.8092,90+
TLI5,Outer London - East and North East,2001,1567762.0000,331051.0000,177527.0000,595824.0000,240422.0000,194858.0000,28080.0000,1013773.0000,222938.0000,21.1162,11.3236,38.0047,15.3354,12.4291,1.7911,64.6637,14.2201,35.6558,32.6553,21.9909,90+
TLI6,Outer London - South,2001,1152942.0000,233452.0000,121011.0000,454305.0000,181473.0000,140865.0000,21836.0000,756789.0000,162701.0000,20.2484,10.4958,39.4040,15.7400,12.2179,1.8939,65.6398,14.1118,36.2527,30.8477,21.4989,90+
TLI7,Outer London - West and North West,2001,1742324.0000,344827.0000,205875.0000,711802.0000,257400.0000,192573.0000,29847.0000,1175077.0000,222420.0000,19.7912,11.8161,40.8536,14.7734,11.0527,1.7131,67.4431,12.7657,34.8141,29.3451,18.9281,90+
TLJ1,"Berkshire, Buckinghamshire and Oxfordshire",2001,2102395.0000,432620.0000,238685.0000,795132.0000,355062.0000,246076.0000,34820.0000,1388879.0000,280896.0000,20.5775,11.3530,37.8203,16.8885,11.7046,1.6562,66.0618,13.3608,36.6324,31.1489,20.2247,90+
TLJ2,"Surrey, East and West Sussex",2001,2558218.0000,484456.0000,247023.0000,884398.0000,464343.0000,406680.0000,71318.0000,1595764.0000,477998.0000,18.9372,9.6561,34.5709,18.1510,15.8970,2.7878,62.3780,18.6848,40.3115,30.3589,29.9542,90+
TLJ3,Hampshire and Isle of Wight,2001,1781938.0000,349447.0000,201830.0000,621496.0000,317379.0000,254233.0000,37553.0000,1140705.0000,291786.0000,19.6105,11.3264,34.8775,17.8109,14.2672,2.1074,64.0149,16.3746,38.5376,30.6343,25.5794,90+
TLJ4,Kent,2001,1580898.0000,327606.0000,162244.0000,539838.0000,291087.0000,227493.0000,32630.0000,993169.0000,260123.0000,20.7228,10.2628,34.1476,18.4128,14.3901,2.0640,62.8231,16.4541,38.8572,32.9859,26.1912,90+
TLK3,Cornwall and Isles of Scilly,2001,502077.0000,92647.0000,45194.0000,155992.0000,107253.0000,87808.0000,13183.0000,308439.0000,100991.0000,18.4527,9.0014,31.0693,21.3619,17.4890,2.6257,61.4326,20.1146,43.4137,30.0374,32.7426,90+
TLK4,Devon,2001,1076487.0000,197701.0000,110979.0000,342460.0000,209631.0000,185113.0000,30603.0000,663070.0000,215716.0000,18.3654,10.3094,31.8127,19.4736,17.1960,2.8429,61.5957,20.0389,41.9181,29.8160,32.5329,90+
TLK5,West of England,2001,805192.0000,155389.0000,101296.0000,292541.0000,132535.0000,108214.0000,15217.0000,526372.0000,123431.0000,19.2984,12.5804,36.3318,16.4600,13.4395,1.8899,65.3722,15.3294,36.7523,29.5208,23.4494,90+
TLK6,"North Somerset, Somerset and Dorset",2001,1380972.0000,255512.0000,128091.0000,442168.0000,267897.0000,247278.0000,40026.0000,838156.0000,287304.0000,18.5023,9.2754,32.0186,19.3992,17.9061,2.8984,60.6932,20.8045,42.4410,30.4850,34.2781,90+
TLK7,Gloucestershire and Wiltshire,2001,1178636.0000,237671.0000,114099.0000,419640.0000,212733.0000,170158.0000,24335.0000,746472.0000,194493.0000,20.1649,9.6806,35.6039,18.0491,14.4369,2.0647,63.3335,16.5015,39.0254,31.8392,26.0550,90+
TLL3,North Wales,2001,664563.0000,130116.0000,67849.0000,215282.0000,129273.0000,106373.0000,15670.0000,412404.0000,122043.0000,19.5792,10.2096,32.3945,19.4523,16.0065,2.3579,62.0564,18.3644,40.5404,31.5506,29.5931,90+
TLL4,Mid and South West Wales,2001,846368.0000,162802.0000,90849.0000,267269.0000,165224.0000,141553.0000,18671.0000,523342.0000,160224.0000,19.2354,10.7340,31.5783,19.5215,16.7248,2.2060,61.8339,18.9308,41.2540,31.1081,30.6155,90+
TLL5,South East Wales,2001,1399301.0000,293914.0000,159002.0000,476876.0000,245735.0000,199463.0000,24311.0000,881613.0000,223774.0000,21.0043,11.3630,34.0796,17.5613,14.2545,1.7374,63.0038,15.9918,37.7803,33.3382,25.3823,90+
TLM0,Eastern Scotland,2001,872820.0000,166733.0000,97770.0000,298402.0000,162053.0000,130852.0000,17010.0000,558225.0000,147862.0000,19.1028,11.2016,34.1883,18.5666,14.9919,1.9489,63.9565,16.9407,39.6279,29.8684,26.4879,90+
TLM1,East Central Scotland,2001,924450.0000,172254.0000,111309.0000,347073.0000,156029.0000,122129.0000,15656.0000,614411.0000,137785.0000,18.6331,12.0406,37.5437,16.8780,13.2110,1.6935,66.4623,14.9045,37.3176,28.0356,22.4255,90+
TLM2,Highlands and Islands,2001,454850.0000,88982.0000,41675.0000,157636.0000,89101.0000,68432.0000,9024.0000,288412.0000,77456.0000,19.5629,9.1624,34.6567,19.5891,15.0450,1.9840,63.4082,17.0289,40.6845,30.8524,26.8560,90+
TLM3,West Central Scotland,2001,1447870.0000,281348.0000,173537.0000,529583.0000,241862.0000,198817.0000,22723.0000,944982.0000,221540.0000,19.4319,11.9857,36.5767,16.7047,13.7317,1.5694,65.2670,15.3011,37.5984,29.7728,23.4438,90+
TLM5,North Eastern Scotland,2001,438850.0000,82262.0000,52455.0000,162315.0000,76866.0000,57391.0000,7561.0000,291636.0000,64952.0000,18.7449,11.9528,36.9864,17.5153,13.0776,1.7229,66.4546,14.8005,38.1979,28.2071,22.2716,90+
TLM9,Southern Scotland,2001,925360.0000,178795.0000,90877.0000,321441.0000,176661.0000,140766.0000,16820.0000,588979.0000,157586.0000,19.3217,9.8207,34.7369,19.0911,15.2120,1.8177,63.6486,17.0297,40.3188,30.3568,26.7558,90+
TLN0,Northern Ireland,2001,1688838.0000,397533.0000,212179.0000,593647.0000,261389.0000,200630.0000,23460.0000,1067215.0000,224090.0000,23.5388,12.5636,35.1512,15.4774,11.8798,1.3891,63.1923,13.2689,34.7072,37.2496,20.9976,90+
TLC3,Tees Valley,2002,652017.0000,136056.0000,74221.0000,224498.0000,114846.0000,92444.0000,9952.0000,413565.0000,102396.0000,20.8669,11.3833,34.4313,17.6140,14.1782,1.5263,63.4286,15.7045,38.3634,32.8983,24.7593,90+
TLC4,"Northumberland, Durham and Tyne & Wear",2002,1888583.0000,356648.0000,220684.0000,648743.0000,343444.0000,286257.0000,32807.0000,1212871.0000,319064.0000,18.8844,11.6852,34.3508,18.1853,15.1572,1.7371,64.2212,16.8944,39.5108,29.4053,26.3065,90+
TLD1,Cumbria,2002,488681.0000,90704.0000,45661.0000,163299.0000,98547.0000,79937.0000,10533.0000,307507.0000,90470.0000,18.5610,9.3437,33.4163,20.1659,16.3577,2.1554,62.9259,18.5131,41.8707,29.4966,29.4205,90+
TLD3,Greater Manchester,2002,2523214.0000,525671.0000,302455.0000,893704.0000,428815.0000,330275.0000,42294.0000,1624974.0000,372569.0000,20.8334,11.9869,35.4193,16.9948,13.0895,1.6762,64.4010,14.7657,36.8115,32.3495,22.9277,90+
TLD4,Lancashire,2002,1420076.0000,289619.0000,155790.0000,478430.0000,259700.0000,208498.0000,28039.0000,893920.0000,236537.0000,20.3946,10.9705,33.6905,18.2878,14.6822,1.9745,62.9487,16.6566,38.9839,32.3988,26.4606,90+
TLD6,Cheshire,2002,867620.0000,171101.0000,83384.0000,304531.0000,167017.0000,125337.0000,16250.0000,554932.0000,141587.0000,19.7207,9.6107,35.0996,19.2500,14.4461,1.8729,63.9603,16.3190,39.9053,30.8328,25.5143,90+
TLD7,Merseyside,2002,1485289.0000,301232.0000,176916.0000,503846.0000,258584.0000,218537.0000,26174.0000,939346.0000,244711.0000,20.2810,11.9112,33.9224,17.4097,14.7134,1.7622,63.2433,16.4756,38.4957,32.0683,26.0512,90+
TLE1,East Yorkshire and Northern Lincolnshire,2002,880339.0000,175705.0000,94547.0000,297202.0000,163209.0000,132818.0000,16858.0000,554958.0000,149676.0000,19.9588,10.7398,33.7599,18.5393,15.0871,1.9149,63.0391,17.0021,39.5316,31.6610,26.9707,90+
TLE2,North Yorkshire,2002,755274.0000,140704.0000,78456.0000,252730.0000,147152.0000,118766.0000,17466.0000,478338.0000,136232.0000,18.6295,10.3878,33.4620,19.4833,15.7249,2.3125,63.3330,18.0374,40.9784,29.4152,28.4803,90+
TLE3,South Yorkshire,2002,1271309.0000,252404.0000,149350.0000,439234.0000,224283.0000,182812.0000,23226.0000,812867.0000,206038.0000,19.8539,11.7477,34.5497,17.6419,14.3798,1.8269,63.9394,16.2068,38.2890,31.0511,25.3471,90+
TLE4,West Yorkshire,2002,2093189.0000,437161.0000,260625.0000,731657.0000,349825.0000,276718.0000,37203.0000,1342107.0000,313921.0000,20.8849,12.4511,34.9542,16.7125,13.2199,1.7773,64.1178,14.9973,36.7587,32.5727,23.3902,90+
TLF1,Derbyshire and Nottinghamshire,2002,1994738.0000,390293.0000,222520.0000,696813.0000,361288.0000,286812.0000,37012.0000,1280621.0000,323824.0000,19.5661,11.1553,34.9326,18.1121,14.3784,1.8555,64.2000,16.2339,38.7009,30.4769,25.2865,90+
TLF2,"Leicestershire, Rutland and Northamptonshire",2002,1571435.0000,321552.0000,182024.0000,557140.0000,279015.0000,204560.0000,27144.0000,1018179.0000,231704.0000,20.4623,11.5833,35.4542,17.7554,13.0174,1.7273,64.7929,14.7447,37.7423,31.5811,22.7567,90+
TLF3,Lincolnshire,2002,655580.0000,123808.0000,63117.0000,211860.0000,132269.0000,110739.0000,13787.0000,407246.0000,124526.0000,18.8853,9.6277,32.3164,20.1759,16.8918,2.1030,62.1200,18.9948,41.8730,30.4013,30.5776,90+
TLG1,"Herefordshire, Worcestershire and Warwickshire",2002,1230423.0000,237693.0000,119226.0000,421927.0000,243348.0000,183501.0000,24728.0000,784501.0000,208229.0000,19.3180,9.6898,34.2912,19.7776,14.9137,2.0097,63.7586,16.9234,40.4615,30.2986,26.5429,90+
TLG2,Shropshire and Staffordshire,2002,1494456.0000,294288.0000,158230.0000,513968.0000,288147.0000,213582.0000,26241.0000,960345.0000,239823.0000,19.6920,10.5878,34.3916,19.2811,14.2916,1.7559,64.2605,16.0475,39.5123,30.6440,24.9726,90+
TLG3,West Midlands,2002,2576364.0000,557171.0000,318317.0000,883655.0000,416154.0000,356337.0000,44730.0000,1618126.0000,401067.0000,21.6263,12.3553,34.2985,16.1528,13.8310,1.7362,62.8066,15.5672,36.2418,34.4331,24.7859,90+
TLH2,Bedfordshire and Hertfordshire,2002,1611904.0000,338872.0000,168794.0000,596380.0000,272861.0000,207370.0000,27627.0000,1038035.0000,234997.0000,21.0231,10.4717,36.9985,16.9279,12.8649,1.7139,64.3981,14.5788,37.5194,32.6455,22.6386,90+
TLH3,Essex,2002,1625032.0000,325445.0000,161721.0000,564325.0000,301955.0000,238162.0000,33424.0000,1028001.0000,271586.0000,20.0270,9.9519,34.7270,18.5815,14.6558,2.0568,63.2604,16.7127,39.2926,31.6580,26.4188,90+
TLH4,Cambridgeshire and Peterborough,2002,717710.0000,142216.0000,84316.0000,260069.0000,125572.0000,92755.0000,12782.0000,469957.0000,105537.0000,19.8152,11.7479,36.2359,17.4962,12.9237,1.7809,65.4801,14.7047,37.4815,30.2615,22.4567,90+
TLH5,Norfolk,2002,803463.0000,144154.0000,79222.0000,258254.0000,159869.0000,141773.0000,20191.0000,497345.0000,161964.0000,17.9416,9.8601,32.1426,19.8975,17.6452,2.5130,61.9002,20.1582,42.2690,28.9847,32.5657,90+
TLH6,Suffolk,2002,674579.0000,132953.0000,64623.0000,224166.0000,128452.0000,108582.0000,15803.0000,417241.0000,124385.0000,19.7090,9.5798,33.2305,19.0418,16.0963,2.3426,61.8521,18.4389,40.5836,31.8648,29.8113,90+
TLI3,Inner London - West,2002,1030085.0000,156136.0000,129191.0000,496297.0000,136820.0000,97620.0000,14021.0000,762308.0000,111641.0000,15.1576,12.5418,48.1802,13.2824,9.4769,1.3611,74.0044,10.8380,33.0479,20.4820,14.6451,90+
TLI4,Inner London - East,2002,1860838.0000,389313.0000,249874.0000,838280.0000,208635.0000,155514.0000,19222.0000,1296789.0000,174736.0000,20.9214,13.4280,45.0485,11.2119,8.3572,1.0330,69.6884,9.3902,31.7416,30.0213,13.4745,90+
TLI5,Outer London - East and North East,2002,1580804.0000,333199.0000,181653.0000,602515.0000,241251.0000,194512.0000,27674.0000,1025419.0000,222186.0000,21.0778,11.4912,38.1145,15.2613,12.3046,1.7506,64.8669,14.0553,35.7336,32.4939,21.6678,90+
TLI6,Outer London - South,2002,1153551.0000,232660.0000,121120.0000,454931.0000,182353.0000,140768.0000,21719.0000,758404.0000,162487.0000,20.1690,10.4998,39.4374,15.8080,12.2030,1.8828,65.7452,14.0858,36.4957,30.6776,21.4249,90+
TLI7,Outer London - West and North West,2002,1751393.0000,346889.0000,207409.0000,715442.0000,259525.0000,192937.0000,29191.0000,1182376.0000,222128.0000,19.8065,11.8425,40.8499,14.8182,11.0162,1.6667,67.5106,12.6829,34.9678,29.3383,18.7866,90+
TLJ1,"Berkshire, Buckinghamshire and Oxfordshire",2002,2104641.0000,430097.0000,241351.0000,791723.0000,358049.0000,248701.0000,34720.0000,1391123.0000,283421.0000,20.4356,11.4676,37.6180,17.0124,11.8168,1.6497,66.0979,13.4665,36.9061,30.9173,20.3735,90+
TLJ2,"Surrey, East and West Sussex",2002,2563405.0000,483810.0000,249596.0000,882722.0000,468791.0000,407930.0000,70556.0000,1601109.0000,478486.0000,18.8737,9.7369,34.4355,18.2878,15.9136,2.7524,62.4602,18.6660,40.5120,30.2172,29.8847,90+
TLJ3,Hampshire and Isle of Wight,2002,1787916.0000,346782.0000,205082.0000,621147.0000,321137.0000,255994.0000,37774.0000,1147366.0000,293768.0000,19.3959,11.4704,34.7414,17.9615,14.3180,2.1127,64.1734,16.4307,38.8483,30.2242,25.6037,90+
TLJ4,Kent,2002,1589230.0000,328444.0000,164374.0000,540007.0000,294070.0000,229729.0000,32606.0000,998451.0000,262335.0000,20.6669,10.3430,33.9792,18.5039,14.4554,2.0517,62.8261,16.5071,39.1058,32.8954,26.2742,90+
TLK3,Cornwall and Isles of Scilly,2002,506814.0000,92791.0000,45829.0000,156819.0000,109050.0000,89026.0000,13299.0000,311698.0000,102325.0000,18.3087,9.0426,30.9421,21.5168,17.5658,2.6240,61.5015,20.1899,43.6350,29.7695,32.8283,90+
TLK4,Devon,2002,1083011.0000,196319.0000,114256.0000,341232.0000,213826.0000,187037.0000,30341.0000,669314.0000,217378.0000,18.1271,10.5498,31.5077,19.7437,17.2701,2.8015,61.8012,20.0716,42.1760,29.3314,32.4777,90+
TLK5,West of England,2002,807309.0000,153165.0000,104529.0000,292776.0000,133430.0000,108211.0000,15198.0000,530735.0000,123409.0000,18.9723,12.9478,36.2657,16.5277,13.4039,1.8826,65.7412,15.2865,36.9320,28.8590,23.2525,90+
TLK6,"North Somerset, Somerset and Dorset",2002,1392054.0000,255313.0000,131884.0000,442665.0000,272649.0000,249383.0000,40160.0000,847198.0000,289543.0000,18.3407,9.4741,31.7994,19.5861,17.9148,2.8849,60.8596,20.7997,42.6072,30.1362,34.1765,90+
TLK7,Gloucestershire and Wiltshire,2002,1186941.0000,237946.0000,116681.0000,420385.0000,215761.0000,171979.0000,24189.0000,752827.0000,196168.0000,20.0470,9.8304,35.4175,18.1779,14.4893,2.0379,63.4258,16.5272,39.2867,31.6070,26.0575,90+
TLL3,North Wales,2002,666867.0000,129426.0000,67978.0000,215070.0000,131270.0000,107491.0000,15632.0000,414318.0000,123123.0000,19.4081,10.1936,32.2508,19.6846,16.1188,2.3441,62.1290,18.4629,40.8771,31.2383,29.7170,90+
TLL4,Mid and South West Wales,2002,851105.0000,161668.0000,93012.0000,266889.0000,167764.0000,142840.0000,18932.0000,527665.0000,161772.0000,18.9951,10.9284,31.3579,19.7113,16.7829,2.2244,61.9976,19.0073,41.5157,30.6384,30.6581,90+
TLL5,South East Wales,2002,1404904.0000,290457.0000,164701.0000,476320.0000,249031.0000,200029.0000,24366.0000,890052.0000,224395.0000,20.6745,11.7233,33.9041,17.7258,14.2379,1.7344,63.3532,15.9723,38.0323,32.6337,25.2114,90+
TLM0,Eastern Scotland,2002,873820.0000,164422.0000,99652.0000,296831.0000,163616.0000,132536.0000,16763.0000,560099.0000,149299.0000,18.8165,11.4042,33.9694,18.7242,15.1674,1.9184,64.0978,17.0858,40.0048,29.3559,26.6558,90+
TLM1,East Central Scotland,2002,925730.0000,170389.0000,112376.0000,347036.0000,157570.0000,122938.0000,15421.0000,616982.0000,138359.0000,18.4059,12.1392,37.4878,17.0212,13.2801,1.6658,66.6482,14.9459,37.6282,27.6165,22.4251,90+
TLM2,Highlands and Islands,2002,456150.0000,87801.0000,42404.0000,156479.0000,91022.0000,69606.0000,8838.0000,289905.0000,78444.0000,19.2483,9.2961,34.3043,19.9544,15.2595,1.9375,63.5548,17.1970,41.2009,30.2861,27.0585,90+
TLM3,West Central Scotland,2002,1445320.0000,277538.0000,177354.0000,526504.0000,242066.0000,199312.0000,22546.0000,945924.0000,221858.0000,19.2025,12.2709,36.4282,16.7483,13.7902,1.5599,65.4474,15.3501,37.8815,29.3404,23.4541,90+
TLM5,North Eastern Scotland,2002,439510.0000,81409.0000,52992.0000,161486.0000,78196.0000,58043.0000,7384.0000,292674.0000,65427.0000,18.5227,12.0571,36.7423,17.7916,13.2063,1.6801,66.5910,14.8864,38.5710,27.8156,22.3549,90+
TLM9,Southern Scotland,2002,925470.0000,176226.0000,92326.0000,318771.0000,178670.0000,142709.0000,16768.0000,589767.0000,159477.0000,19.0418,9.9761,34.4442,19.3059,15.4202,1.8118,63.7262,17.2320,40.7539,29.8806,27.0407,90+
TLN0,Northern Ireland,2002,1697534.0000,391656.0000,217212.0000,596711.0000,265126.0000,203102.0000,23727.0000,1079049.0000,226829.0000,23.0721,12.7957,35.1516,15.6183,11.9645,1.3977,63.5657,13.3623,35.0367,36.2964,21.0212,90+
TLC3,Tees Valley,2003,652359.0000,134509.0000,75661.0000,222923.0000,115856.0000,93470.0000,9940.0000,414440.0000,103410.0000,20.6189,11.5981,34.1718,17.7595,14.3280,1.5237,63.5294,15.8517,38.6895,32.4556,24.9517,90+
TLC4,"Northumberland, Durham and Tyne & Wear",2003,1888102.0000,351960.0000,225600.0000,643687.0000,345760.0000,288717.0000,32378.0000,1215047.0000,321095.0000,18.6409,11.9485,34.0917,18.3126,15.2914,1.7148,64.3528,17.0062,39.8125,28.9668,26.4265,90+
TLD1,Cumbria,2003,491329.0000,90218.0000,46727.0000,162895.0000,100016.0000,81054.0000,10419.0000,309638.0000,91473.0000,18.3620,9.5103,33.1540,20.3562,16.4969,2.1206,63.0205,18.6175,42.1790,29.1366,29.5419,90+
TLD3,Greater Manchester,2003,2538555.0000,523071.0000,313626.0000,898255.0000,430495.0000,332110.0000,40998.0000,1642376.0000,373108.0000,20.6051,12.3545,35.3845,16.9583,13.0826,1.6150,64.6973,14.6977,36.8995,31.8484,22.7176,90+
TLD4,Lancashire,2003,1427668.0000,287292.0000,161060.0000,478454.0000,262805.0000,210939.0000,27118.0000,902319.0000,238057.0000,20.1232,11.2813,33.5130,18.4080,14.7751,1.8995,63.2023,16.6745,39.2276,31.8393,26.3828,90+
TLD6,Cheshire,2003,871894.0000,170317.0000,85393.0000,304098.0000,168394.0000,127567.0000,16125.0000,557885.0000,143692.0000,19.5341,9.7940,34.8779,19.3136,14.6310,1.8494,63.9854,16.4804,40.2036,30.5291,25.7566,90+
TLD7,Merseyside,2003,1485214.0000,296522.0000,182013.0000,500927.0000,260357.0000,220093.0000,25302.0000,943297.0000,245395.0000,19.9649,12.2550,33.7276,17.5299,14.8189,1.7036,63.5125,16.5225,38.7586,31.4346,26.0146,90+
TLE1,East Yorkshire and Northern Lincolnshire,2003,887042.0000,174196.0000,98165.0000,297983.0000,165628.0000,134680.0000,16390.0000,561776.0000,151070.0000,19.6379,11.0666,33.5929,18.6719,15.1830,1.8477,63.3314,17.0308,39.8022,31.0081,26.8915,90+
TLE2,North Yorkshire,2003,760090.0000,140094.0000,80936.0000,252369.0000,148693.0000,120835.0000,17163.0000,481998.0000,137998.0000,18.4312,10.6482,33.2025,19.5626,15.8975,2.2580,63.4133,18.1555,41.2562,29.0653,28.6304,90+
TLE3,South Yorkshire,2003,1276501.0000,250920.0000,154786.0000,438401.0000,225127.0000,184334.0000,22933.0000,818314.0000,207267.0000,19.6569,12.1258,34.3440,17.6363,14.4406,1.7966,64.1060,16.2371,38.4719,30.6630,25.3285,90+
TLE4,West Yorkshire,2003,2102681.0000,433716.0000,269254.0000,733042.0000,351704.0000,278786.0000,36179.0000,1354000.0000,314965.0000,20.6268,12.8053,34.8623,16.7265,13.2586,1.7206,64.3940,14.9792,36.8888,32.0322,23.2618,90+
TLF1,Derbyshire and Nottinghamshire,2003,2007042.0000,388126.0000,230015.0000,698537.0000,364721.0000,289018.0000,36625.0000,1293273.0000,325643.0000,19.3382,11.4604,34.8043,18.1721,14.4002,1.8248,64.4368,16.2250,38.9139,30.0111,25.1798,90+
TLF2,"Leicestershire, Rutland and Northamptonshire",2003,1584841.0000,322077.0000,187222.0000,557974.0000,283380.0000,207597.0000,26591.0000,1028576.0000,234188.0000,20.3224,11.8133,35.2069,17.8807,13.0989,1.6778,64.9009,14.7768,37.9627,31.3129,22.7682,90+
TLF3,Lincolnshire,2003,663197.0000,123757.0000,64923.0000,212701.0000,134748.0000,113263.0000,13805.0000,412372.0000,127068.0000,18.6607,9.7894,32.0721,20.3179,17.0783,2.0816,62.1794,19.1599,42.1938,30.0110,30.8139,90+
TLG1,"Herefordshire, Worcestershire and Warwickshire",2003,1237975.0000,237574.0000,121235.0000,421441.0000,246390.0000,186689.0000,24646.0000,789066.0000,211335.0000,19.1905,9.7930,34.0428,19.9027,15.0802,1.9908,63.7384,17.0710,40.7308,30.1083,26.7829,90+
TLG2,Shropshire and Staffordshire,2003,1502020.0000,293056.0000,161404.0000,513054.0000,291423.0000,217096.0000,25987.0000,965881.0000,243083.0000,19.5108,10.7458,34.1576,19.4021,14.4536,1.7301,64.3055,16.1837,39.8071,30.3408,25.1670,90+
TLG3,West Midlands,2003,2585480.0000,554848.0000,329094.0000,884608.0000,416017.0000,357039.0000,43874.0000,1629719.0000,400913.0000,21.4602,12.7285,34.2145,16.0905,13.8094,1.6969,63.0335,15.5063,36.3120,34.0456,24.6001,90+
TLH2,Bedfordshire and Hertfordshire,2003,1619584.0000,339051.0000,170965.0000,597512.0000,274509.0000,210482.0000,27065.0000,1042986.0000,237547.0000,20.9344,10.5561,36.8929,16.9494,12.9961,1.6711,64.3984,14.6672,37.7658,32.5077,22.7757,90+
TLH3,Essex,2003,1633493.0000,325357.0000,164150.0000,565324.0000,304553.0000,241429.0000,32680.0000,1034027.0000,274109.0000,19.9179,10.0490,34.6083,18.6443,14.7799,2.0006,63.3016,16.7805,39.5243,31.4650,26.5089,90+
TLH4,Cambridgeshire and Peterborough,2003,729521.0000,144125.0000,86592.0000,263824.0000,127688.0000,94768.0000,12524.0000,478104.0000,107292.0000,19.7561,11.8697,36.1640,17.5030,12.9904,1.7167,65.5367,14.7072,37.5865,30.1451,22.4411,90+
TLH5,Norfolk,2003,810127.0000,144312.0000,81028.0000,258574.0000,162114.0000,144222.0000,19877.0000,501716.0000,164099.0000,17.8135,10.0019,31.9177,20.0109,17.8024,2.4536,61.9305,20.2560,42.4880,28.7637,32.7075,90+
TLH6,Suffolk,2003,681408.0000,132625.0000,66638.0000,225635.0000,130360.0000,110559.0000,15591.0000,422633.0000,126150.0000,19.4634,9.7795,33.1131,19.1310,16.2251,2.2881,62.0235,18.5131,40.7878,31.3807,29.8486,90+
TLI3,Inner London - West,2003,1035984.0000,158395.0000,130318.0000,499589.0000,136638.0000,97367.0000,13677.0000,766545.0000,111044.0000,15.2893,12.5792,48.2236,13.1892,9.3985,1.3202,73.9920,10.7187,33.0780,20.6635,14.4863,90+
TLI4,Inner London - East,2003,1862579.0000,389910.0000,250626.0000,841451.0000,208002.0000,154273.0000,18317.0000,1300079.0000,172590.0000,20.9339,13.4559,45.1767,11.1674,8.2828,0.9834,69.7999,9.2662,31.8311,29.9913,13.2753,90+
TLI5,Outer London - East and North East,2003,1589139.0000,336697.0000,183525.0000,606214.0000,241755.0000,194519.0000,26429.0000,1031494.0000,220948.0000,21.1874,11.5487,38.1473,15.2130,12.2405,1.6631,64.9090,13.9036,35.8349,32.6417,21.4202,90+
TLI6,Outer London - South,2003,1153420.0000,232331.0000,121266.0000,454670.0000,182989.0000,141204.0000,20960.0000,758925.0000,162164.0000,20.1428,10.5136,39.4193,15.8649,12.2422,1.8172,65.7978,14.0594,36.7351,30.6132,21.3676,90+
TLI7,Outer London - West and North West,2003,1753695.0000,350153.0000,206421.0000,713967.0000,261115.0000,193990.0000,28049.0000,1181503.0000,222039.0000,19.9666,11.7706,40.7122,14.8894,11.0618,1.5994,67.3722,12.6612,35.1432,29.6362,18.7929,90+
TLJ1,"Berkshire, Buckinghamshire and Oxfordshire",2003,2115498.0000,430235.0000,245325.0000,792042.0000,361284.0000,252770.0000,33842.0000,1398651.0000,286612.0000,20.3373,11.5966,37.4400,17.0780,11.9485,1.5997,66.1145,13.5482,37.1214,30.7607,20.4920,90+
TLJ2,"Surrey, East and West Sussex",2003,2574651.0000,485257.0000,253243.0000,884305.0000,472574.0000,410794.0000,68478.0000,1610122.0000,479272.0000,18.8475,9.8360,34.3466,18.3549,15.9553,2.6597,62.5375,18.6150,40.6660,30.1379,29.7662,90+
TLJ3,Hampshire and Isle of Wight,2003,1797570.0000,345078.0000,209244.0000,623430.0000,323953.0000,258818.0000,37047.0000,1156627.0000,295865.0000,19.1969,11.6404,34.6818,18.0217,14.3982,2.0609,64.3439,16.4592,39.0716,29.8349,25.5800,90+
TLJ4,Kent,2003,1600205.0000,329478.0000,167571.0000,541854.0000,296721.0000,232691.0000,31890.0000,1006146.0000,264581.0000,20.5897,10.4718,33.8615,18.5427,14.5413,1.9929,62.8761,16.5342,39.3183,32.7465,26.2965,90+
TLK3,Cornwall and Isles of Scilly,2003,510734.0000,92654.0000,46878.0000,157655.0000,110452.0000,89941.0000,13154.0000,314985.0000,103095.0000,18.1413,9.1786,30.8683,21.6261,17.6101,2.5755,61.6730,20.1857,43.7883,29.4154,32.7301,90+
TLK4,Devon,2003,1088683.0000,195500.0000,117588.0000,340165.0000,216675.0000,189080.0000,29675.0000,674428.0000,218755.0000,17.9575,10.8009,31.2456,19.9025,17.3678,2.7258,61.9490,20.0935,42.3816,28.9875,32.4356,90+
TLK5,West of England,2003,810991.0000,151813.0000,108170.0000,293257.0000,134101.0000,108885.0000,14765.0000,535528.0000,123650.0000,18.7194,13.3380,36.1603,16.5354,13.4262,1.8206,66.0338,15.2468,37.0315,28.3483,23.0894,90+
TLK6,"North Somerset, Somerset and Dorset",2003,1399963.0000,255119.0000,134808.0000,442635.0000,276028.0000,251970.0000,39403.0000,853471.0000,291373.0000,18.2233,9.6294,31.6176,19.7168,17.9983,2.8146,60.9638,20.8129,42.7888,29.8919,34.1398,90+
TLK7,Gloucestershire and Wiltshire,2003,1196282.0000,238661.0000,119049.0000,421579.0000,218878.0000,174331.0000,23784.0000,759506.0000,198115.0000,19.9502,9.9516,35.2408,18.2965,14.5727,1.9882,63.4889,16.5609,39.5407,31.4232,26.0847,90+
TLL3,North Wales,2003,669372.0000,128501.0000,68837.0000,214673.0000,132976.0000,109047.0000,15338.0000,416486.0000,124385.0000,19.1972,10.2838,32.0708,19.8658,16.2909,2.2914,62.2204,18.5823,41.1953,30.8536,29.8653,90+
TLL4,Mid and South West Wales,2003,857739.0000,161490.0000,95273.0000,267314.0000,170599.0000,144329.0000,18734.0000,533186.0000,163063.0000,18.8274,11.1075,31.1650,19.8894,16.8267,2.1841,62.1618,19.0108,41.7083,30.2877,30.5828,90+
TLL5,South East Wales,2003,1410610.0000,287357.0000,170819.0000,475661.0000,251675.0000,200994.0000,24104.0000,898155.0000,225098.0000,20.3711,12.1096,33.7202,17.8416,14.2487,1.7088,63.6714,15.9575,38.2467,31.9941,25.0623,90+
TLM0,Eastern Scotland,2003,875330.0000,162277.0000,101461.0000,295650.0000,165670.0000,133969.0000,16303.0000,562781.0000,150272.0000,18.5390,11.5912,33.7758,18.9266,15.3050,1.8625,64.2936,17.1675,40.3458,28.8348,26.7017,90+
TLM1,East Central Scotland,2003,925710.0000,168517.0000,112602.0000,346681.0000,158988.0000,124056.0000,14866.0000,618271.0000,138922.0000,18.2041,12.1639,37.4503,17.1747,13.4012,1.6059,66.7888,15.0071,37.9641,27.2562,22.4694,90+
TLM2,Highlands and Islands,2003,459320.0000,87131.0000,43348.0000,155988.0000,93095.0000,71175.0000,8583.0000,292431.0000,79758.0000,18.9696,9.4374,33.9606,20.2680,15.4957,1.8686,63.6661,17.3644,41.5854,29.7954,27.2741,90+
TLM3,West Central Scotland,2003,1440170.0000,273476.0000,179548.0000,522349.0000,242787.0000,200044.0000,21966.0000,944684.0000,222010.0000,18.9891,12.4671,36.2700,16.8582,13.8903,1.5252,65.5953,15.4155,38.1841,28.9489,23.5010,90+
TLM5,North Eastern Scotland,2003,440530.0000,80525.0000,53671.0000,160594.0000,79586.0000,58951.0000,7203.0000,293851.0000,66154.0000,18.2791,12.1833,36.4547,18.0660,13.3818,1.6351,66.7040,15.0169,38.9396,27.4033,22.5128,90+
TLM9,Southern Scotland,2003,927440.0000,174179.0000,93586.0000,317344.0000,180916.0000,145029.0000,16386.0000,591846.0000,161415.0000,18.7806,10.0908,34.2172,19.5070,15.6376,1.7668,63.8150,17.4044,41.1460,29.4298,27.2731,90+
TLN0,Northern Ireland,2003,1704924.0000,385907.0000,220799.0000,598965.0000,269894.0000,205543.0000,23816.0000,1089658.0000,229359.0000,22.6349,12.9507,35.1315,15.8303,12.0558,1.3969,63.9124,13.4527,35.3887,35.4154,21.0487,90+
TLC3,Tees Valley,2004,652441.0000,132988.0000,76589.0000,221922.0000,116530.0000,94235.0000,10177.0000,415041.0000,104412.0000,20.3831,11.7388,34.0141,17.8606,14.4435,1.5598,63.6136,16.0033,38.9913,32.0421,25.1570,90+
TLC4,"Northumberland, Durham and Tyne & Wear",2004,1888061.0000,347400.0000,228966.0000,640721.0000,348851.0000,289109.0000,33014.0000,1218538.0000,322123.0000,18.3998,12.1270,33.9354,18.4767,15.3125,1.7486,64.5391,17.0610,40.0794,28.5096,26.4352,90+
TLD1,Cumbria,2004,494918.0000,89750.0000,48081.0000,162892.0000,101570.0000,82021.0000,10604.0000,312543.0000,92625.0000,18.1343,9.7149,32.9129,20.5226,16.5726,2.1426,63.1505,18.7152,42.4688,28.7160,29.6359,90+
TLD3,Greater Manchester,2004,2549752.0000,519640.0000,322802.0000,902445.0000,431577.0000,332272.0000,41016.0000,1656824.0000,373288.0000,20.3800,12.6601,35.3934,16.9262,13.0315,1.6086,64.9798,14.6402,37.0005,31.3636,22.5303,90+
TLD4,Lancashire,2004,1434024.0000,284622.0000,165682.0000,478825.0000,265601.0000,212620.0000,26674.0000,910108.0000,239294.0000,19.8478,11.5536,33.3903,18.5214,14.8268,1.8601,63.4653,16.6869,39.4641,31.2734,26.2929,90+
TLD6,Cheshire,2004,874687.0000,169514.0000,86522.0000,303655.0000,169376.0000,129376.0000,16244.0000,559553.0000,145620.0000,19.3800,9.8918,34.7158,19.3642,14.7911,1.8571,63.9718,16.6482,40.5105,30.2945,26.0243,90+
TLD7,Merseyside,2004,1486988.0000,291595.0000,187621.0000,499560.0000,262202.0000,220556.0000,25454.0000,949383.0000,246010.0000,19.6098,12.6175,33.5954,17.6331,14.8324,1.7118,63.8460,16.5442,38.9786,30.7142,25.9126,90+
TLE1,East Yorkshire and Northern Lincolnshire,2004,894919.0000,172583.0000,101896.0000,299890.0000,167933.0000,136151.0000,16466.0000,569719.0000,152617.0000,19.2848,11.3861,33.5103,18.7652,15.2138,1.8399,63.6615,17.0537,40.0332,30.2927,26.7881,90+
TLE2,North Yorkshire,2004,766602.0000,139556.0000,83681.0000,253184.0000,150496.0000,122656.0000,17029.0000,487361.0000,139685.0000,18.2045,10.9158,33.0268,19.6316,16.0000,2.2214,63.5742,18.2213,41.4804,28.6350,28.6615,90+
TLE3,South Yorkshire,2004,1283439.0000,249865.0000,159601.0000,439596.0000,226471.0000,184838.0000,23068.0000,825668.0000,207906.0000,19.4684,12.4354,34.2514,17.6456,14.4018,1.7974,64.3325,16.1991,38.5953,30.2622,25.1803,90+
TLE4,West Yorkshire,2004,2118239.0000,431884.0000,277042.0000,738667.0000,355078.0000,279487.0000,36081.0000,1370787.0000,315568.0000,20.3888,13.0789,34.8717,16.7629,13.1943,1.7033,64.7135,14.8977,36.9553,31.5063,23.0209,90+
TLF1,Derbyshire and Nottinghamshire,2004,2020561.0000,385975.0000,237174.0000,701122.0000,368600.0000,290609.0000,37081.0000,1306896.0000,327690.0000,19.1024,11.7380,34.6994,18.2425,14.3826,1.8352,64.6799,16.2178,39.1117,29.5337,25.0739,90+
TLF2,"Leicestershire, Rutland and Northamptonshire",2004,1598500.0000,321783.0000,193268.0000,559701.0000,287150.0000,209942.0000,26656.0000,1040119.0000,236598.0000,20.1303,12.0906,35.0141,17.9637,13.1337,1.6676,65.0684,14.8013,38.1366,30.9371,22.7472,90+
TLF3,Lincolnshire,2004,672415.0000,123496.0000,67803.0000,214290.0000,137288.0000,115354.0000,14184.0000,419381.0000,129538.0000,18.3660,10.0835,31.8687,20.4172,17.1552,2.1094,62.3694,19.2646,42.4537,29.4472,30.8879,90+
TLG1,"Herefordshire, Worcestershire and Warwickshire",2004,1243330.0000,236756.0000,122631.0000,420234.0000,249248.0000,189483.0000,24978.0000,792113.0000,214461.0000,19.0421,9.8631,33.7991,20.0468,15.2400,2.0090,63.7090,17.2489,41.0387,29.8892,27.0745,90+
TLG2,Shropshire and Staffordshire,2004,1509054.0000,291314.0000,164078.0000,512082.0000,295031.0000,220041.0000,26508.0000,971191.0000,246549.0000,19.3044,10.8729,33.9340,19.5507,14.5814,1.7566,64.3576,16.3380,40.1241,29.9955,25.3863,90+
TLG3,West Midlands,2004,2593992.0000,553556.0000,337623.0000,886615.0000,415349.0000,356436.0000,44413.0000,1639587.0000,400849.0000,21.3399,13.0156,34.1796,16.0120,13.7408,1.7121,63.2071,15.4530,36.3597,33.7619,24.4482,90+
TLH2,Bedfordshire and Hertfordshire,2004,1622681.0000,338250.0000,171340.0000,597291.0000,276482.0000,212121.0000,27197.0000,1045113.0000,239318.0000,20.8451,10.5591,36.8089,17.0386,13.0723,1.6761,64.4066,14.7483,38.0350,32.3649,22.8988,90+
TLH3,Essex,2004,1643176.0000,325117.0000,166895.0000,567359.0000,306918.0000,243865.0000,33022.0000,1041172.0000,276887.0000,19.7859,10.1569,34.5282,18.6783,14.8411,2.0096,63.3634,16.8507,39.7485,31.2261,26.5938,90+
TLH4,Cambridgeshire and Peterborough,2004,737930.0000,144568.0000,88700.0000,265678.0000,129785.0000,96449.0000,12750.0000,484163.0000,109199.0000,19.5910,12.0201,36.0031,17.5877,13.0702,1.7278,65.6110,14.7980,37.8112,29.8594,22.5542,90+
TLH5,Norfolk,2004,815690.0000,144077.0000,82840.0000,258216.0000,164483.0000,146134.0000,19940.0000,505539.0000,166074.0000,17.6632,10.1558,31.6561,20.1649,17.9154,2.4446,61.9769,20.3599,42.7350,28.4997,32.8509,90+
TLH6,Suffolk,2004,689087.0000,133057.0000,68667.0000,227022.0000,132440.0000,112141.0000,15760.0000,428129.0000,127901.0000,19.3092,9.9649,32.9453,19.2196,16.2739,2.2871,62.1299,18.5609,40.9622,31.0787,29.8744,90+
TLI3,Inner London - West,2004,1045466.0000,159513.0000,133989.0000,505777.0000,135876.0000,96701.0000,13610.0000,775642.0000,110311.0000,15.2576,12.8162,48.3781,12.9967,9.2496,1.3018,74.1910,10.5514,33.0563,20.5653,14.2219,90+
TLI4,Inner London - East,2004,1870446.0000,389459.0000,256155.0000,846386.0000,208213.0000,152111.0000,18122.0000,1310754.0000,170233.0000,20.8217,13.6949,45.2505,11.1317,8.1323,0.9689,70.0771,9.1012,31.8070,29.7126,12.9874,90+
TLI5,Outer London - East and North East,2004,1595479.0000,339019.0000,186488.0000,607952.0000,242233.0000,193764.0000,26023.0000,1036673.0000,219787.0000,21.2487,11.6885,38.1047,15.1825,12.1446,1.6310,64.9757,13.7756,35.8767,32.7026,21.2012,90+
TLI6,Outer London - South,2004,1155498.0000,231835.0000,123484.0000,454907.0000,183778.0000,140783.0000,20711.0000,762169.0000,161494.0000,20.0636,10.6866,39.3689,15.9047,12.1838,1.7924,65.9602,13.9761,36.8729,30.4178,21.1887,90+
TLI7,Outer London - West and North West,2004,1765841.0000,352917.0000,209805.0000,718287.0000,262887.0000,194511.0000,27434.0000,1190979.0000,221945.0000,19.9858,11.8813,40.6768,14.8874,11.0152,1.5536,67.4454,12.5688,35.1764,29.6325,18.6355,90+
TLJ1,"Berkshire, Buckinghamshire and Oxfordshire",2004,2125892.0000,430575.0000,248774.0000,792320.0000,364453.0000,255713.0000,34057.0000,1405547.0000,289770.0000,20.2539,11.7021,37.2700,17.1435,12.0285,1.6020,66.1156,13.6305,37.3259,30.6340,20.6162,90+
TLJ2,"Surrey, East and West Sussex",2004,2585983.0000,485285.0000,257034.0000,886307.0000,476677.0000,412553.0000,68127.0000,1620018.0000,480680.0000,18.7660,9.9395,34.2735,18.4331,15.9534,2.6345,62.6461,18.5879,40.8574,29.9555,29.6713,90+
TLJ3,Hampshire and Isle of Wight,2004,1808382.0000,343745.0000,213825.0000,625216.0000,327158.0000,261188.0000,37250.0000,1166199.0000,298438.0000,19.0084,11.8241,34.5732,18.0912,14.4432,2.0599,64.4885,16.5030,39.2946,29.4757,25.5907,90+
TLJ4,Kent,2004,1612843.0000,330054.0000,171221.0000,544745.0000,299773.0000,234793.0000,32257.0000,1015739.0000,267050.0000,20.4641,10.6161,33.7755,18.5866,14.5577,2.0000,62.9782,16.5577,39.5215,32.4940,26.2912,90+
TLK3,Cornwall and Isles of Scilly,2004,514020.0000,92042.0000,47866.0000,158480.0000,111688.0000,90731.0000,13213.0000,318034.0000,103944.0000,17.9063,9.3121,30.8315,21.7283,17.6513,2.5705,61.8719,20.2218,43.9421,28.9409,32.6833,90+
TLK4,Devon,2004,1094801.0000,194183.0000,120820.0000,340184.0000,219304.0000,190684.0000,29626.0000,680308.0000,220310.0000,17.7368,11.0358,31.0727,20.0314,17.4172,2.7061,62.1399,20.1233,42.6032,28.5434,32.3839,90+
TLK5,West of England,2004,817554.0000,150766.0000,112864.0000,295211.0000,134773.0000,109134.0000,14806.0000,542848.0000,123940.0000,18.4411,13.8051,36.1091,16.4849,13.3488,1.8110,66.3990,15.1599,37.0103,27.7732,22.8314,90+
TLK6,"North Somerset, Somerset and Dorset",2004,1407246.0000,253949.0000,137757.0000,442677.0000,279672.0000,253877.0000,39314.0000,860106.0000,293191.0000,18.0458,9.7891,31.4570,19.8737,18.0407,2.7937,61.1198,20.8344,42.9986,29.5253,34.0878,90+
TLK7,Gloucestershire and Wiltshire,2004,1204663.0000,238456.0000,121538.0000,422057.0000,222057.0000,176479.0000,24076.0000,765652.0000,200555.0000,19.7944,10.0890,35.0353,18.4331,14.6497,1.9986,63.5574,16.6482,39.8491,31.1442,26.1940,90+
TLL3,North Wales,2004,672442.0000,127550.0000,69500.0000,215048.0000,134716.0000,110275.0000,15353.0000,419264.0000,125628.0000,18.9682,10.3355,31.9802,20.0338,16.3992,2.2832,62.3495,18.6824,41.4995,30.4224,29.9639,90+
TLL4,Mid and South West Wales,2004,864578.0000,160908.0000,97166.0000,268653.0000,173542.0000,145202.0000,19107.0000,539361.0000,164309.0000,18.6112,11.2385,31.0733,20.0725,16.7946,2.2100,62.3843,19.0045,41.9002,29.8331,30.4636,90+
TLL5,South East Wales,2004,1420402.0000,284673.0000,176396.0000,478599.0000,254335.0000,201645.0000,24754.0000,909330.0000,226399.0000,20.0417,12.4187,33.6946,17.9058,14.1963,1.7427,64.0192,15.9391,38.4047,31.3058,24.8973,90+
TLM0,Eastern Scotland,2004,878820.0000,161312.0000,101492.0000,296328.0000,168045.0000,135632.0000,16011.0000,565865.0000,151643.0000,18.3555,11.5487,33.7189,19.1217,15.4334,1.8219,64.3892,17.2553,40.6734,28.5072,26.7984,90+
TLM1,East Central Scotland,2004,930110.0000,167267.0000,113944.0000,348441.0000,160692.0000,125057.0000,14709.0000,623077.0000,139766.0000,17.9836,12.2506,37.4623,17.2767,13.4454,1.5814,66.9896,15.0268,38.1889,26.8453,22.4316,90+
TLM2,Highlands and Islands,2004,463090.0000,86835.0000,44301.0000,155547.0000,95294.0000,72627.0000,8486.0000,295142.0000,81113.0000,18.7512,9.5664,33.5889,20.5779,15.6831,1.8325,63.7332,17.5156,41.9693,29.4214,27.4827,90+
TLM3,West Central Scotland,2004,1437410.0000,270039.0000,180728.0000,520250.0000,244280.0000,200462.0000,21651.0000,945258.0000,222113.0000,18.7865,12.5732,36.1936,16.9945,13.9461,1.5063,65.7612,15.4523,38.4540,28.5678,23.4976,90+
TLM5,North Eastern Scotland,2004,442510.0000,79731.0000,53852.0000,160348.0000,81579.0000,59891.0000,7109.0000,295779.0000,67000.0000,18.0179,12.1697,36.2360,18.4355,13.5344,1.6065,66.8412,15.1409,39.3184,26.9563,22.6520,90+
TLM9,Southern Scotland,2004,932360.0000,172561.0000,95236.0000,317040.0000,183898.0000,147402.0000,16223.0000,596174.0000,163625.0000,18.5080,10.2145,34.0040,19.7239,15.8096,1.7400,63.9425,17.5496,41.5047,28.9447,27.4458,90+
TLN0,Northern Ireland,2004,1714042.0000,381247.0000,224308.0000,601766.0000,274551.0000,207794.0000,24376.0000,1100625.0000,232170.0000,22.2426,13.0865,35.1080,16.0178,12.1230,1.4221,64.2123,13.5452,35.7235,34.6391,21.0944,90+
TLC3,Tees Valley,2005,653788.0000,131872.0000,77438.0000,222056.0000,117516.0000,94020.0000,10886.0000,417010.0000,104906.0000,20.1705,11.8445,33.9645,17.9746,14.3808,1.6651,63.7837,16.0459,39.2147,31.6232,25.1567,90+
TLC4,"Northumberland, Durham and Tyne & Wear",2005,1893339.0000,343811.0000,230842.0000,642668.0000,352719.0000,288435.0000,34864.0000,1226229.0000,323299.0000,18.1590,12.1923,33.9436,18.6295,15.2342,1.8414,64.7654,17.0756,40.3150,28.0381,26.3653,90+
TLD1,Cumbria,2005,497040.0000,88809.0000,49094.0000,162940.0000,102453.0000,82589.0000,11155.0000,314487.0000,93744.0000,17.8676,9.8773,32.7821,20.6126,16.6162,2.2443,63.2720,18.8605,42.7580,28.2393,29.8085,90+
TLD3,Greater Manchester,2005,2564055.0000,518497.0000,328892.0000,910510.0000,432257.0000,330766.0000,43133.0000,1671659.0000,373899.0000,20.2218,12.8270,35.5105,16.8583,12.9001,1.6822,65.1959,14.5823,37.0605,31.0169,22.3669,90+
TLD4,Lancashire,2005,1440141.0000,282823.0000,167979.0000,481000.0000,267804.0000,212580.0000,27955.0000,916783.0000,240535.0000,19.6386,11.6641,33.3995,18.5957,14.7611,1.9411,63.6593,16.7022,39.6620,30.8495,26.2369,90+
TLD6,Cheshire,2005,879968.0000,168404.0000,88628.0000,304748.0000,170450.0000,130509.0000,17229.0000,563826.0000,147738.0000,19.1375,10.0717,34.6317,19.3700,14.8311,1.9579,64.0735,16.7890,40.7719,29.8681,26.2028,90+
TLD7,Merseyside,2005,1488817.0000,287082.0000,190972.0000,500112.0000,264104.0000,219832.0000,26715.0000,955188.0000,246547.0000,19.2826,12.8271,33.5912,17.7392,14.7655,1.7944,64.1575,16.5599,39.1565,30.0550,25.8114,90+
TLE1,East Yorkshire and Northern Lincolnshire,2005,900831.0000,171032.0000,104230.0000,301527.0000,169776.0000,136928.0000,17338.0000,575533.0000,154266.0000,18.9860,11.5704,33.4721,18.8466,15.2002,1.9247,63.8891,17.1249,40.2662,29.7171,26.8040,90+
TLE2,North Yorkshire,2005,772215.0000,138649.0000,85676.0000,254484.0000,151989.0000,123498.0000,17919.0000,492149.0000,141417.0000,17.9547,11.0948,32.9551,19.6822,15.9927,2.3205,63.7321,18.3132,41.7330,28.1722,28.7346,90+
TLE3,South Yorkshire,2005,1293188.0000,249311.0000,163419.0000,443947.0000,227826.0000,184656.0000,24029.0000,835192.0000,208685.0000,19.2788,12.6369,34.3297,17.6174,14.2791,1.8581,64.5840,16.1373,38.6676,29.8507,24.9865,90+
TLE4,West Yorkshire,2005,2142174.0000,432360.0000,283091.0000,751724.0000,358713.0000,278460.0000,37826.0000,1393528.0000,316286.0000,20.1832,13.2151,35.0916,16.7453,12.9989,1.7658,65.0520,14.7647,36.9424,31.0263,22.6968,90+
TLF1,Derbyshire and Nottinghamshire,2005,2034828.0000,384901.0000,240933.0000,706995.0000,372144.0000,290740.0000,39115.0000,1320072.0000,329855.0000,18.9157,11.8405,34.7447,18.2887,14.2882,1.9223,64.8739,16.2105,39.3149,29.1576,24.9877,90+
TLF2,"Leicestershire, Rutland and Northamptonshire",2005,1616960.0000,321975.0000,197401.0000,566828.0000,291711.0000,210887.0000,28158.0000,1055940.0000,239045.0000,19.9124,12.2082,35.0552,18.0407,13.0422,1.7414,65.3040,14.7836,38.3051,30.4918,22.6381,90+
TLF3,Lincolnshire,2005,677324.0000,122356.0000,69843.0000,214958.0000,138656.0000,116364.0000,15147.0000,423457.0000,131511.0000,18.0646,10.3116,31.7364,20.4711,17.1800,2.2363,62.5191,19.4163,42.7466,28.8946,31.0565,90+
TLG1,"Herefordshire, Worcestershire and Warwickshire",2005,1251572.0000,236250.0000,124495.0000,421913.0000,251673.0000,190770.0000,26471.0000,798081.0000,217241.0000,18.8763,9.9471,33.7106,20.1086,15.2424,2.1150,63.7663,17.3575,41.2783,29.6023,27.2204,90+
TLG2,Shropshire and Staffordshire,2005,1517252.0000,289839.0000,166300.0000,513624.0000,297506.0000,222128.0000,27855.0000,977430.0000,249983.0000,19.1029,10.9606,33.8523,19.6082,14.6402,1.8359,64.4211,16.4760,40.3997,29.6532,25.5755,90+
TLG3,West Midlands,2005,2611863.0000,554701.0000,342200.0000,897339.0000,416441.0000,354128.0000,47054.0000,1655980.0000,401182.0000,21.2378,13.1018,34.3563,15.9442,13.5584,1.8015,63.4023,15.3600,36.3859,33.4968,24.2263,90+
TLH2,Bedfordshire and Hertfordshire,2005,1634684.0000,338640.0000,173405.0000,601342.0000,279922.0000,212690.0000,28685.0000,1054669.0000,241375.0000,20.7159,10.6079,36.7864,17.1239,13.0111,1.7548,64.5182,14.7659,38.2382,32.1087,22.8863,90+
TLH3,Essex,2005,1656371.0000,324922.0000,169922.0000,572353.0000,309915.0000,244036.0000,35223.0000,1052190.0000,279259.0000,19.6165,10.2587,34.5546,18.7105,14.7332,2.1265,63.5238,16.8597,39.9559,30.8805,26.5407,90+
TLH4,Cambridgeshire and Peterborough,2005,750871.0000,144596.0000,92257.0000,271013.0000,132114.0000,97350.0000,13541.0000,495384.0000,110891.0000,19.2571,12.2867,36.0932,17.5948,12.9649,1.8034,65.9746,14.7683,37.9009,29.1887,22.3849,90+
TLH5,Norfolk,2005,822890.0000,143990.0000,84532.0000,259959.0000,166382.0000,146934.0000,21093.0000,510873.0000,168027.0000,17.4981,10.2726,31.5910,20.2192,17.8558,2.5633,62.0828,20.4191,42.9024,28.1851,32.8902,90+
TLH6,Suffolk,2005,697837.0000,132691.0000,70786.0000,230212.0000,134588.0000,112664.0000,16896.0000,435586.0000,129560.0000,19.0146,10.1436,32.9894,19.2865,16.1447,2.4212,62.4194,18.5659,41.1451,30.4626,29.7438,90+
TLI3,Inner London - West,2005,1066247.0000,161466.0000,137957.0000,520493.0000,136246.0000,96035.0000,14050.0000,794696.0000,110085.0000,15.1434,12.9386,48.8154,12.7781,9.0068,1.3177,74.5321,10.3245,33.0258,20.3180,13.8525,90+
TLI4,Inner London - East,2005,1890801.0000,390538.0000,260153.0000,860927.0000,210492.0000,149944.0000,18747.0000,1331572.0000,168691.0000,20.6546,13.7589,45.5324,11.1324,7.9302,0.9915,70.4237,8.9217,31.7786,29.3291,12.6686,90+
TLI5,Outer London - East and North East,2005,1609236.0000,343809.0000,188075.0000,614857.0000,243775.0000,191456.0000,27264.0000,1046707.0000,218720.0000,21.3647,11.6872,38.2080,15.1485,11.8973,1.6942,65.0437,13.5915,35.8765,32.8467,20.8960,90+
TLI6,Outer London - South,2005,1163648.0000,233062.0000,125175.0000,458004.0000,185884.0000,139760.0000,21763.0000,769063.0000,161523.0000,20.0286,10.7571,39.3593,15.9742,12.0105,1.8702,66.0907,13.8807,37.0059,30.3047,21.0026,90+
TLI7,Outer London - West and North West,2005,1789077.0000,357629.0000,212391.0000,729243.0000,267027.0000,194453.0000,28334.0000,1208661.0000,222787.0000,19.9896,11.8715,40.7609,14.9254,10.8689,1.5837,67.5578,12.4526,35.1661,29.5889,18.4325,90+
TLJ1,"Berkshire, Buckinghamshire and Oxfordshire",2005,2148393.0000,431518.0000,252874.0000,800556.0000,369380.0000,257915.0000,36150.0000,1422810.0000,294065.0000,20.0856,11.7704,37.2630,17.1933,12.0050,1.6827,66.2267,13.6877,37.4800,30.3286,20.6679,90+
TLJ2,"Surrey, East and West Sussex",2005,2603961.0000,485184.0000,260692.0000,893635.0000,482113.0000,411179.0000,71158.0000,1636440.0000,482337.0000,18.6325,10.0114,34.3183,18.5146,15.7905,2.7327,62.8443,18.5232,41.0551,29.6487,29.4748,90+
TLJ3,Hampshire and Isle of Wight,2005,1823227.0000,342678.0000,216705.0000,631406.0000,330846.0000,261974.0000,39618.0000,1178957.0000,301592.0000,18.7951,11.8858,34.6312,18.1462,14.3687,2.1730,64.6632,16.5417,39.5015,29.0662,25.5813,90+
TLJ4,Kent,2005,1627315.0000,329479.0000,175126.0000,549877.0000,303086.0000,235701.0000,34046.0000,1028089.0000,269747.0000,20.2468,10.7617,33.7904,18.6249,14.4840,2.0922,63.1770,16.5762,39.7384,32.0477,26.2377,90+
TLK3,Cornwall and Isles of Scilly,2005,517308.0000,91278.0000,48950.0000,159755.0000,112507.0000,90916.0000,13902.0000,321212.0000,104818.0000,17.6448,9.4624,30.8820,21.7486,17.5748,2.6874,62.0930,20.2622,44.0855,28.4167,32.6320,90+
TLK4,Devon,2005,1105314.0000,193088.0000,125348.0000,343611.0000,221342.0000,190944.0000,30981.0000,690301.0000,221925.0000,17.4691,11.3405,31.0872,20.0253,17.2751,2.8029,62.4529,20.0780,42.6747,27.9716,32.1490,90+
TLK5,West of England,2005,829859.0000,150754.0000,117281.0000,301187.0000,136105.0000,108797.0000,15735.0000,554573.0000,124532.0000,18.1662,14.1326,36.2938,16.4010,13.1103,1.8961,66.8274,15.0064,36.8828,27.1838,22.4555,90+
TLK6,"North Somerset, Somerset and Dorset",2005,1418378.0000,252762.0000,141505.0000,446034.0000,282957.0000,253894.0000,41226.0000,870496.0000,295120.0000,17.8205,9.9765,31.4468,19.9493,17.9003,2.9066,61.3726,20.8069,43.1611,29.0365,33.9025,90+
TLK7,Gloucestershire and Wiltshire,2005,1215262.0000,237423.0000,124995.0000,424752.0000,225276.0000,177373.0000,25443.0000,775023.0000,202816.0000,19.5368,10.2854,34.9515,18.5372,14.5955,2.0936,63.7741,16.6891,40.1165,30.6343,26.1690,90+
TLL3,North Wales,2005,673227.0000,126227.0000,69797.0000,215093.0000,135456.0000,110693.0000,15961.0000,420346.0000,126654.0000,18.7495,10.3675,31.9496,20.1204,16.4422,2.3708,62.4375,18.8130,41.8149,30.0293,30.1309,90+
TLL4,Mid and South West Wales,2005,868145.0000,159822.0000,98150.0000,269636.0000,175122.0000,145377.0000,20038.0000,542908.0000,165415.0000,18.4096,11.3057,31.0589,20.1720,16.7457,2.3081,62.5366,19.0538,42.1163,29.4381,30.4683,90+
TLL5,South East Wales,2005,1427937.0000,282067.0000,179218.0000,482747.0000,256222.0000,201358.0000,26325.0000,918187.0000,227683.0000,19.7535,12.5508,33.8073,17.9435,14.1013,1.8436,64.3016,15.9449,38.5798,30.7200,24.7970,90+
TLM0,Eastern Scotland,2005,885130.0000,161112.0000,103245.0000,297626.0000,170147.0000,135999.0000,17001.0000,571018.0000,153000.0000,18.2021,11.6644,33.6251,19.2228,15.3649,1.9207,64.5123,17.2856,40.8891,28.2149,26.7943,90+
TLM1,East Central Scotland,2005,937390.0000,166398.0000,116291.0000,351654.0000,162684.0000,124758.0000,15605.0000,630629.0000,140363.0000,17.7512,12.4058,37.5142,17.3550,13.3091,1.6647,67.2750,14.9738,38.3366,26.3860,22.2576,90+
TLM2,Highlands and Islands,2005,467750.0000,86561.0000,44822.0000,156436.0000,97014.0000,73903.0000,9014.0000,298272.0000,82917.0000,18.5058,9.5825,33.4444,20.7406,15.7997,1.9271,63.7674,17.7268,42.3324,29.0208,27.7991,90+
TLM3,West Central Scotland,2005,1437950.0000,267118.0000,181390.0000,520108.0000,247034.0000,199525.0000,22775.0000,948532.0000,222300.0000,18.5763,12.6145,36.1701,17.1796,13.8757,1.5839,65.9642,15.4595,38.7060,28.1612,23.4362,90+
TLM5,North Eastern Scotland,2005,446260.0000,79311.0000,54385.0000,161212.0000,83354.0000,60381.0000,7617.0000,298951.0000,67998.0000,17.7724,12.1868,36.1251,18.6783,13.5305,1.7069,66.9903,15.2373,39.5771,26.5298,22.7455,90+
TLM9,Southern Scotland,2005,935720.0000,171541.0000,95307.0000,316771.0000,186361.0000,148391.0000,17349.0000,598439.0000,165740.0000,18.3325,10.1854,33.8532,19.9163,15.8585,1.8541,63.9549,17.7126,41.8820,28.6647,27.6954,90+
TLN0,Northern Ireland,2005,1727733.0000,378770.0000,226394.0000,608093.0000,279571.0000,209050.0000,25855.0000,1114058.0000,234905.0000,21.9229,13.1035,35.1960,16.1814,12.0997,1.4965,64.4809,13.5961,35.9950,33.9991,21.0855,90+
TLC3,Tees Valley,2006,655350.0000,131015.0000,78466.0000,221666.0000,119033.0000,93693.0000,11477.0000,419165.0000,105170.0000,19.9916,11.9731,33.8241,18.1633,14.2966,1.7513,63.9605,16.0479,39.4177,31.2562,25.0904,90+
TLC4,"Northumberland, Durham and Tyne & Wear",2006,1897218.0000,341280.0000,232970.0000,641733.0000,358075.0000,286525.0000,36635.0000,1232778.0000,323160.0000,17.9884,12.2796,33.8249,18.8737,15.1024,1.9310,64.9782,17.0334,40.5340,27.6838,26.2140,90+
TLD1,Cumbria,2006,498813.0000,87948.0000,49652.0000,162817.0000,103719.0000,82920.0000,11757.0000,316188.0000,94677.0000,17.6315,9.9540,32.6409,20.7932,16.6235,2.3570,63.3881,18.9805,43.0854,27.8151,29.9433,90+
TLD3,Greater Manchester,2006,2582260.0000,518002.0000,335493.0000,919508.0000,435855.0000,328120.0000,45282.0000,1690856.0000,373402.0000,20.0600,12.9922,35.6087,16.8788,12.7067,1.7536,65.4797,14.4603,37.0912,30.6355,22.0836,90+
TLD4,Lancashire,2006,1445983.0000,280707.0000,170846.0000,481961.0000,270652.0000,212050.0000,29767.0000,923459.0000,241817.0000,19.4129,11.8152,33.3310,18.7175,14.6648,2.0586,63.8638,16.7234,39.8696,30.3973,26.1860,90+
TLD6,Cheshire,2006,885010.0000,167053.0000,91205.0000,305328.0000,172293.0000,130836.0000,18295.0000,568826.0000,149131.0000,18.8758,10.3055,34.4999,19.4679,14.7836,2.0672,64.2734,16.8508,41.0275,29.3680,26.2173,90+
TLD7,Merseyside,2006,1489519.0000,282842.0000,193083.0000,499292.0000,267452.0000,218935.0000,27915.0000,959827.0000,246850.0000,18.9888,12.9628,33.5204,17.9556,14.6984,1.8741,64.4387,16.5725,39.3737,29.4680,25.7182,90+
TLE1,East Yorkshire and Northern Lincolnshire,2006,903857.0000,169396.0000,105711.0000,301514.0000,172255.0000,136648.0000,18333.0000,579480.0000,154981.0000,18.7415,11.6955,33.3586,19.0578,15.1183,2.0283,64.1119,17.1466,40.5309,29.2324,26.7448,90+
TLE2,North Yorkshire,2006,776276.0000,137381.0000,87144.0000,254771.0000,154352.0000,123672.0000,18956.0000,496267.0000,142628.0000,17.6974,11.2259,32.8196,19.8836,15.9314,2.4419,63.9292,18.3734,42.0308,27.6829,28.7402,90+
TLE3,South Yorkshire,2006,1299676.0000,248585.0000,165643.0000,445750.0000,230467.0000,183964.0000,25267.0000,841860.0000,209231.0000,19.1267,12.7449,34.2970,17.7327,14.1546,1.9441,64.7746,16.0987,38.8197,29.5281,24.8534,90+
TLE4,West Yorkshire,2006,2154207.0000,433074.0000,282819.0000,757844.0000,364167.0000,276619.0000,39684.0000,1404830.0000,316303.0000,20.1036,13.1287,35.1797,16.9049,12.8409,1.8422,65.2133,14.6830,37.0560,30.8275,22.5154,90+
TLF1,Derbyshire and Nottinghamshire,2006,2045045.0000,383487.0000,242510.0000,710586.0000,377335.0000,289837.0000,41290.0000,1330431.0000,331127.0000,18.7520,11.8584,34.7467,18.4512,14.1726,2.0190,65.0563,16.1917,39.5703,28.8243,24.8887,90+
TLF2,"Leicestershire, Rutland and Northamptonshire",2006,1636217.0000,322732.0000,201595.0000,573741.0000,297204.0000,210923.0000,30022.0000,1072540.0000,240945.0000,19.7243,12.3208,35.0651,18.1641,12.8909,1.8348,65.5500,14.7257,38.4436,30.0904,22.4649,90+
TLF3,Lincolnshire,2006,685414.0000,121811.0000,72513.0000,217103.0000,140907.0000,116909.0000,16171.0000,430523.0000,133080.0000,17.7719,10.5794,31.6747,20.5579,17.0567,2.3593,62.8121,19.4160,42.9433,28.2937,30.9112,90+
TLG1,"Herefordshire, Worcestershire and Warwickshire",2006,1261862.0000,234861.0000,127840.0000,424378.0000,255016.0000,191654.0000,28113.0000,807234.0000,219767.0000,18.6123,10.1311,33.6311,20.2095,15.1882,2.2279,63.9717,17.4161,41.5017,29.0945,27.2247,90+
TLG2,Shropshire and Staffordshire,2006,1527631.0000,288123.0000,170111.0000,515332.0000,300717.0000,223696.0000,29652.0000,986160.0000,253348.0000,18.8608,11.1356,33.7341,19.6852,14.6433,1.9410,64.5549,16.5844,40.6433,29.2167,25.6904,90+
TLG3,West Midlands,2006,2626028.0000,556268.0000,345598.0000,904911.0000,419397.0000,350509.0000,49345.0000,1669906.0000,399854.0000,21.1829,13.1605,34.4593,15.9708,13.3475,1.8791,63.5906,15.2266,36.4193,33.3113,23.9447,90+
TLH2,Bedfordshire and Hertfordshire,2006,1647211.0000,339335.0000,176335.0000,604981.0000,284395.0000,211763.0000,30402.0000,1065711.0000,242165.0000,20.6006,10.7051,36.7276,17.2652,12.8559,1.8457,64.6979,14.7015,38.3877,31.8412,22.7233,90+
TLH3,Essex,2006,1668283.0000,324597.0000,172746.0000,575936.0000,314528.0000,243269.0000,37207.0000,1063210.0000,280476.0000,19.4570,10.3547,34.5227,18.8534,14.5820,2.2303,63.7308,16.8123,40.1801,30.5299,26.3801,90+
TLH4,Cambridgeshire and Peterborough,2006,758777.0000,145073.0000,93002.0000,273839.0000,134831.0000,97764.0000,14268.0000,501672.0000,112032.0000,19.1193,12.2568,36.0895,17.7695,12.8844,1.8804,66.1159,14.7648,38.1168,28.9179,22.3317,90+
TLH5,Norfolk,2006,829062.0000,143507.0000,86170.0000,261654.0000,168304.0000,147106.0000,22321.0000,516128.0000,169427.0000,17.3096,10.3937,31.5602,20.3005,17.7437,2.6923,62.2545,20.4360,43.0702,27.8045,32.8265,90+
TLH6,Suffolk,2006,702961.0000,132294.0000,71639.0000,231075.0000,137194.0000,112886.0000,17873.0000,439908.0000,130759.0000,18.8195,10.1910,32.8717,19.5166,16.0586,2.5425,62.5793,18.6012,41.4745,30.0731,29.7242,90+
TLI3,Inner London - West,2006,1068573.0000,162203.0000,136209.0000,523689.0000,137204.0000,94851.0000,14417.0000,797102.0000,109268.0000,15.1794,12.7468,49.0083,12.8399,8.8764,1.3492,74.5950,10.2256,33.1449,20.3491,13.7082,90+
TLI4,Inner London - East,2006,1921097.0000,393503.0000,267002.0000,878660.0000,215231.0000,147651.0000,19050.0000,1360893.0000,166701.0000,20.4832,13.8984,45.7374,11.2035,7.6858,0.9916,70.8394,8.6774,31.6789,28.9151,12.2494,90+
TLI5,Outer London - East and North East,2006,1626375.0000,348819.0000,191943.0000,621111.0000,247598.0000,188566.0000,28338.0000,1060652.0000,216904.0000,21.4476,11.8019,38.1899,15.2239,11.5943,1.7424,65.2157,13.3367,35.7930,32.8872,20.4501,90+
TLI6,Outer London - South,2006,1170481.0000,233490.0000,127618.0000,460502.0000,188411.0000,137758.0000,22702.0000,776531.0000,160460.0000,19.9482,10.9030,39.3430,16.0969,11.7693,1.9395,66.3429,13.7089,37.0609,30.0683,20.6637,90+
TLI7,Outer London - West and North West,2006,1811299.0000,363048.0000,215575.0000,737576.0000,272739.0000,193146.0000,29215.0000,1225890.0000,222361.0000,20.0435,11.9017,40.7208,15.0576,10.6634,1.6129,67.6802,12.2763,35.0977,29.6151,18.1387,90+
TLJ1,"Berkshire, Buckinghamshire and Oxfordshire",2006,2167530.0000,433094.0000,254307.0000,807492.0000,375718.0000,258613.0000,38306.0000,1437517.0000,296919.0000,19.9810,11.7326,37.2540,17.3339,11.9312,1.7673,66.3205,13.6985,37.6544,30.1279,20.6550,90+
TLJ2,"Surrey, East and West Sussex",2006,2627332.0000,486231.0000,266175.0000,902130.0000,490490.0000,407748.0000,74558.0000,1658795.0000,482306.0000,18.5066,10.1310,34.3364,18.6687,15.5195,2.8378,63.1361,18.3573,41.2058,29.3123,29.0757,90+
TLJ3,Hampshire and Isle of Wight,2006,1832887.0000,341918.0000,217073.0000,634092.0000,336057.0000,261732.0000,42015.0000,1187222.0000,303747.0000,18.6546,11.8432,34.5953,18.3348,14.2798,2.2923,64.7733,16.5721,39.7792,28.7998,25.5847,90+
TLJ4,Kent,2006,1643112.0000,330020.0000,179331.0000,554506.0000,307744.0000,235346.0000,36165.0000,1041581.0000,271511.0000,20.0851,10.9141,33.7473,18.7293,14.3232,2.2010,63.3907,16.5242,39.9327,31.6845,26.0672,90+
TLK3,Cornwall and Isles of Scilly,2006,520248.0000,90716.0000,49722.0000,160543.0000,113787.0000,90950.0000,14530.0000,324052.0000,105480.0000,17.4371,9.5574,30.8589,21.8717,17.4820,2.7929,62.2880,20.2749,44.2791,27.9943,32.5503,90+
TLK4,Devon,2006,1110627.0000,191588.0000,127204.0000,344662.0000,224134.0000,190321.0000,32718.0000,696000.0000,223039.0000,17.2504,11.4534,31.0331,20.1809,17.1364,2.9459,62.6673,20.0823,42.9089,27.5270,32.0458,90+
TLK5,West of England,2006,834890.0000,151199.0000,118024.0000,303276.0000,137651.0000,107856.0000,16884.0000,558951.0000,124740.0000,18.1101,14.1365,36.3253,16.4873,12.9186,2.0223,66.9491,14.9409,36.9459,27.0505,22.3168,90+
TLK6,"North Somerset, Somerset and Dorset",2006,1427987.0000,251347.0000,144242.0000,448961.0000,287310.0000,252413.0000,43714.0000,880513.0000,296127.0000,17.6015,10.1011,31.4401,20.1199,17.6761,3.0612,61.6611,20.7374,43.3745,28.5455,33.6312,90+
TLK7,Gloucestershire and Wiltshire,2006,1226088.0000,236390.0000,128116.0000,427568.0000,229427.0000,177287.0000,27300.0000,785111.0000,204587.0000,19.2800,10.4492,34.8725,18.7121,14.4596,2.2266,64.0338,16.6862,40.3794,30.1091,26.0584,90+
TLL3,North Wales,2006,675881.0000,125193.0000,71041.0000,215422.0000,136303.0000,111191.0000,16731.0000,422766.0000,127922.0000,18.5229,10.5109,31.8728,20.1667,16.4513,2.4754,62.5504,18.9267,42.0943,29.6128,30.2583,90+
TLL4,Mid and South West Wales,2006,873277.0000,158935.0000,100042.0000,270504.0000,176990.0000,145675.0000,21131.0000,547536.0000,166806.0000,18.1998,11.4559,30.9757,20.2673,16.6814,2.4197,62.6990,19.1012,42.3202,29.0273,30.4648,90+
TLL5,South East Wales,2006,1436510.0000,280504.0000,181307.0000,486526.0000,258958.0000,201202.0000,28013.0000,926791.0000,229215.0000,19.5268,12.6214,33.8686,18.0269,14.0063,1.9501,64.5168,15.9564,38.7711,30.2662,24.7321,90+
TLM0,Eastern Scotland,2006,890130.0000,160408.0000,104101.0000,298582.0000,172916.0000,136180.0000,17943.0000,575599.0000,154123.0000,18.0207,11.6950,33.5436,19.4259,15.2989,2.0158,64.6646,17.3147,41.1565,27.8680,26.7761,90+
TLM1,East Central Scotland,2006,944080.0000,166256.0000,116730.0000,354589.0000,165363.0000,124729.0000,16413.0000,636682.0000,141142.0000,17.6104,12.3644,37.5592,17.5158,13.2117,1.7385,67.4394,14.9502,38.5360,26.1129,22.1684,90+
TLM2,Highlands and Islands,2006,472030.0000,85916.0000,45748.0000,157119.0000,99055.0000,74667.0000,9525.0000,301922.0000,84192.0000,18.2014,9.6918,33.2858,20.9849,15.8183,2.0179,63.9625,17.8362,42.6505,28.4564,27.8853,90+
TLM3,West Central Scotland,2006,1437540.0000,264101.0000,181676.0000,518519.0000,250881.0000,198542.0000,23821.0000,951076.0000,222363.0000,18.3717,12.6380,36.0699,17.4521,13.8112,1.6571,66.1600,15.4683,38.9566,27.7687,23.3802,90+
TLM5,North Eastern Scotland,2006,450810.0000,79248.0000,54941.0000,162214.0000,85785.0000,60623.0000,7999.0000,302940.0000,68622.0000,17.5790,12.1872,35.9828,19.0291,13.4476,1.7744,67.1990,15.2219,39.7783,26.1596,22.6520,90+
TLM9,Southern Scotland,2006,938410.0000,170303.0000,95504.0000,315761.0000,189509.0000,149159.0000,18174.0000,600774.0000,167333.0000,18.1480,10.1772,33.6485,20.1947,15.8949,1.9367,64.0204,17.8315,42.2425,28.3473,27.8529,90+
TLN0,Northern Ireland,2006,1743113.0000,377149.0000,228227.0000,614007.0000,285680.0000,211010.0000,27040.0000,1127914.0000,238050.0000,21.6365,13.0931,35.2247,16.3891,12.1054,1.5512,64.7069,13.6566,36.2438,33.4377,21.1053,90+
TLC3,Tees Valley,2007,656668.0000,129791.0000,79496.0000,220855.0000,120660.0000,93895.0000,11971.0000,421011.0000,105866.0000,19.7651,12.1060,33.6327,18.3746,14.2987,1.8230,64.1132,16.1217,39.6277,30.8284,25.1457,90+
TLC4,"Northumberland, Durham and Tyne & Wear",2007,1905377.0000,338630.0000,236420.0000,641591.0000,364482.0000,285832.0000,38422.0000,1242493.0000,324254.0000,17.7723,12.4080,33.6727,19.1291,15.0013,2.0165,65.2098,17.0178,40.7241,27.2541,26.0970,90+
TLD1,Cumbria,2007,500779.0000,87016.0000,50720.0000,162228.0000,104868.0000,83771.0000,12176.0000,317816.0000,95947.0000,17.3761,10.1282,32.3951,20.9410,16.7281,2.4314,63.4643,19.1595,43.3896,27.3794,30.1895,90+
TLD3,Greater Manchester,2007,2598619.0000,518097.0000,340832.0000,926234.0000,439333.0000,327373.0000,46750.0000,1706399.0000,374123.0000,19.9374,13.1159,35.6433,16.9064,12.5980,1.7990,65.6656,14.3970,37.1171,30.3620,21.9247,90+
TLD4,Lancashire,2007,1449418.0000,278072.0000,173196.0000,481655.0000,272755.0000,212748.0000,30992.0000,927606.0000,243740.0000,19.1851,11.9493,33.2309,18.8182,14.6782,2.1382,63.9985,16.8164,40.0910,29.9774,26.2762,90+
TLD6,Cheshire,2007,890926.0000,165913.0000,93663.0000,306078.0000,173858.0000,132272.0000,19142.0000,573599.0000,151414.0000,18.6225,10.5130,34.3550,19.5143,14.8466,2.1486,64.3823,16.9951,41.2653,28.9249,26.3972,90+
TLD7,Merseyside,2007,1489535.0000,278051.0000,194862.0000,497728.0000,271252.0000,218731.0000,28911.0000,963842.0000,247642.0000,18.6670,13.0821,33.4150,18.2105,14.6845,1.9409,64.7076,16.6255,39.5984,28.8482,25.6932,90+
TLE1,East Yorkshire and Northern Lincolnshire,2007,908016.0000,167903.0000,107640.0000,301657.0000,174427.0000,137243.0000,19146.0000,583724.0000,156389.0000,18.4912,11.8544,33.2216,19.2097,15.1146,2.1086,64.2857,17.2232,40.7697,28.7641,26.7916,90+
TLE2,North Yorkshire,2007,781017.0000,136128.0000,88897.0000,255167.0000,156221.0000,124923.0000,19681.0000,500285.0000,144604.0000,17.4296,11.3822,32.6711,20.0023,15.9949,2.5199,64.0556,18.5148,42.3111,27.2101,28.9043,90+
TLE3,South Yorkshire,2007,1306289.0000,248036.0000,168346.0000,446542.0000,233110.0000,183986.0000,26269.0000,847998.0000,210255.0000,18.9878,12.8873,34.1840,17.8452,14.0846,2.0110,64.9166,16.0956,38.9586,29.2496,24.7943,90+
TLE4,West Yorkshire,2007,2168816.0000,434534.0000,284575.0000,763087.0000,369682.0000,276198.0000,40740.0000,1417344.0000,316938.0000,20.0355,13.1212,35.1845,17.0453,12.7350,1.8784,65.3510,14.6134,37.1419,30.6583,22.3614,90+
TLF1,Derbyshire and Nottinghamshire,2007,2056005.0000,382483.0000,245804.0000,711775.0000,381737.0000,290912.0000,43294.0000,1339316.0000,334206.0000,18.6032,11.9554,34.6193,18.5669,14.1494,2.1057,65.1417,16.2551,39.8055,28.5581,24.9535,90+
TLF2,"Leicestershire, Rutland and Northamptonshire",2007,1655030.0000,324100.0000,205517.0000,579727.0000,301702.0000,212465.0000,31519.0000,1086946.0000,243984.0000,19.5827,12.4177,35.0282,18.2294,12.8375,1.9044,65.6753,14.7420,38.5788,29.8175,22.4467,90+
TLF3,Lincolnshire,2007,693739.0000,121784.0000,74621.0000,218819.0000,143134.0000,118509.0000,16872.0000,436574.0000,135381.0000,17.5547,10.7564,31.5420,20.6323,17.0826,2.4320,62.9306,19.5147,43.1703,27.8954,31.0099,90+
TLG1,"Herefordshire, Worcestershire and Warwickshire",2007,1272346.0000,233077.0000,132411.0000,425781.0000,257128.0000,194305.0000,29644.0000,815320.0000,223949.0000,18.3187,10.4068,33.4642,20.2090,15.2714,2.3299,64.0801,17.6013,41.7276,28.5872,27.4676,90+
TLG2,Shropshire and Staffordshire,2007,1537820.0000,286699.0000,173802.0000,516624.0000,302838.0000,226568.0000,31289.0000,993264.0000,257857.0000,18.6432,11.3018,33.5946,19.6927,14.7331,2.0346,64.5891,16.7677,40.8604,28.8643,25.9606,90+
TLG3,West Midlands,2007,2641758.0000,558505.0000,349319.0000,911636.0000,421802.0000,349433.0000,51063.0000,1682757.0000,400496.0000,21.1414,13.2230,34.5087,15.9667,13.2273,1.9329,63.6984,15.1602,36.4430,33.1899,23.8000,90+
TLH2,Bedfordshire and Hertfordshire,2007,1662606.0000,340394.0000,180800.0000,608384.0000,288584.0000,212558.0000,31886.0000,1077768.0000,244444.0000,20.4735,10.8745,36.5922,17.3573,12.7846,1.9178,64.8240,14.7025,38.4811,31.5832,22.6806,90+
TLH3,Essex,2007,1680058.0000,324435.0000,176432.0000,577780.0000,317578.0000,245014.0000,38819.0000,1071790.0000,283833.0000,19.3109,10.5015,34.3905,18.9028,14.5837,2.3106,63.7948,16.8942,40.3877,30.2704,26.4821,90+
TLH4,Cambridgeshire and Peterborough,2007,766781.0000,145841.0000,94275.0000,276016.0000,136742.0000,98946.0000,14961.0000,507033.0000,113907.0000,19.0199,12.2949,35.9967,17.8333,12.9041,1.9511,66.1249,14.8552,38.2896,28.7636,22.4654,90+
TLH5,Norfolk,2007,834945.0000,143572.0000,87761.0000,262041.0000,169947.0000,148220.0000,23404.0000,519749.0000,171624.0000,17.1954,10.5110,31.3842,20.3543,17.7521,2.8031,62.2495,20.5551,43.2713,27.6233,33.0206,90+
TLH6,Suffolk,2007,709144.0000,132068.0000,73007.0000,231676.0000,139164.0000,114372.0000,18857.0000,443847.0000,133229.0000,18.6236,10.2951,32.6698,19.6242,16.1282,2.6591,62.5891,18.7873,41.7658,29.7553,30.0169,90+
TLI3,Inner London - West,2007,1070541.0000,163916.0000,135686.0000,523776.0000,138334.0000,94075.0000,14754.0000,797796.0000,108829.0000,15.3115,12.6745,48.9263,12.9219,8.7876,1.3782,74.5227,10.1658,33.2593,20.5461,13.6412,90+
TLI4,Inner London - East,2007,1960223.0000,398412.0000,277136.0000,898971.0000,220762.0000,145481.0000,19461.0000,1396869.0000,164942.0000,20.3248,14.1380,45.8606,11.2621,7.4217,0.9928,71.2607,8.4145,31.5181,28.5218,11.8080,90+
TLI5,Outer London - East and North East,2007,1647144.0000,354982.0000,197409.0000,628545.0000,250279.0000,186702.0000,29227.0000,1076233.0000,215929.0000,21.5514,11.9849,38.1597,15.1947,11.3349,1.7744,65.3393,13.1093,35.6324,32.9837,20.0634,90+
TLI6,Outer London - South,2007,1179573.0000,235783.0000,130548.0000,462897.0000,189936.0000,137140.0000,23269.0000,783381.0000,160409.0000,19.9888,11.0674,39.2428,16.1021,11.6262,1.9727,66.4123,13.5989,37.0045,30.0981,20.4765,90+
TLI7,Outer London - West and North West,2007,1835992.0000,368914.0000,220422.0000,745911.0000,277427.0000,193200.0000,30118.0000,1243760.0000,223318.0000,20.0934,12.0056,40.6271,15.1105,10.5229,1.6404,67.7432,12.1633,35.0375,29.6612,17.9551,90+
TLJ1,"Berkshire, Buckinghamshire and Oxfordshire",2007,2189942.0000,436708.0000,258125.0000,812422.0000,380710.0000,261561.0000,40416.0000,1451257.0000,301977.0000,19.9415,11.7868,37.0979,17.3845,11.9437,1.8455,66.2692,13.7893,37.7600,30.0917,20.8080,90+
TLJ2,"Surrey, East and West Sussex",2007,2653974.0000,487962.0000,273406.0000,910115.0000,496680.0000,408999.0000,76812.0000,1680201.0000,485811.0000,18.3861,10.3018,34.2925,18.7146,15.4108,2.8942,63.3089,18.3050,41.3215,29.0419,28.9139,90+
TLJ3,Hampshire and Isle of Wight,2007,1843860.0000,341572.0000,218749.0000,634510.0000,340415.0000,264665.0000,43949.0000,1193674.0000,308614.0000,18.5248,11.8636,34.4120,18.4621,14.3539,2.3835,64.7378,16.7374,40.0556,28.6152,25.8541,90+
TLJ4,Kent,2007,1663615.0000,331066.0000,185557.0000,559276.0000,312019.0000,237796.0000,37901.0000,1056852.0000,275697.0000,19.9004,11.1538,33.6181,18.7555,14.2939,2.2782,63.5274,16.5722,40.0808,31.3257,26.0866,90+
TLK3,Cornwall and Isles of Scilly,2007,524250.0000,90789.0000,50529.0000,161327.0000,114827.0000,91820.0000,14958.0000,326683.0000,106778.0000,17.3179,9.6383,30.7729,21.9031,17.5145,2.8532,62.3144,20.3678,44.4370,27.7912,32.6855,90+
TLK4,Devon,2007,1119735.0000,191029.0000,129547.0000,346621.0000,227085.0000,191510.0000,33943.0000,703253.0000,225453.0000,17.0602,11.5694,30.9556,20.2802,17.1032,3.0313,62.8053,20.1345,43.1170,27.1636,32.0586,90+
TLK5,West of England,2007,841176.0000,151589.0000,119232.0000,306074.0000,138850.0000,107708.0000,17723.0000,564156.0000,125431.0000,18.0211,14.1744,36.3864,16.5067,12.8045,2.1069,67.0675,14.9114,36.9688,26.8701,22.2334,90+
TLK6,"North Somerset, Somerset and Dorset",2007,1444179.0000,251144.0000,148840.0000,452614.0000,291429.0000,254321.0000,45831.0000,892883.0000,300152.0000,17.3901,10.3062,31.3406,20.1796,17.6101,3.1735,61.8263,20.7836,43.5426,28.1273,33.6161,90+
TLK7,Gloucestershire and Wiltshire,2007,1241197.0000,236558.0000,132532.0000,430932.0000,233429.0000,179082.0000,28664.0000,796893.0000,207746.0000,19.0589,10.6778,34.7191,18.8068,14.4282,2.3094,64.2036,16.7376,40.5939,29.6850,26.0695,90+
TLL3,North Wales,2007,679485.0000,124266.0000,72736.0000,215703.0000,137233.0000,112180.0000,17367.0000,425672.0000,129547.0000,18.2883,10.7046,31.7451,20.1966,16.5096,2.5559,62.6463,19.0655,42.3333,29.1929,30.4335,90+
TLL4,Mid and South West Wales,2007,879679.0000,158052.0000,102201.0000,271732.0000,178820.0000,146800.0000,22074.0000,552753.0000,168874.0000,17.9670,11.6180,30.8899,20.3279,16.6879,2.5093,62.8358,19.1972,42.4993,28.5936,30.5514,90+
TLL5,South East Wales,2007,1447135.0000,278737.0000,185315.0000,489943.0000,261687.0000,202034.0000,29419.0000,936945.0000,231453.0000,19.2613,12.8056,33.8561,18.0831,13.9610,2.0329,64.7448,15.9939,38.8942,29.7496,24.7029,90+
TLM0,Eastern Scotland,2007,896150.0000,160034.0000,105252.0000,299391.0000,175421.0000,137490.0000,18562.0000,580064.0000,156052.0000,17.8579,11.7449,33.4086,19.5750,15.3423,2.0713,64.7284,17.4136,41.3938,27.5890,26.9025,90+
TLM1,East Central Scotland,2007,953770.0000,166241.0000,118547.0000,358028.0000,168721.0000,125325.0000,16908.0000,645296.0000,142233.0000,17.4299,12.4293,37.5382,17.6899,13.1400,1.7728,67.6574,14.9127,38.6514,25.7620,22.0415,90+
TLM2,Highlands and Islands,2007,476370.0000,85872.0000,46428.0000,157257.0000,100832.0000,76132.0000,9849.0000,304517.0000,85981.0000,18.0263,9.7462,33.0115,21.1667,15.9817,2.0675,63.9245,18.0492,42.9920,28.1994,28.2352,90+
TLM3,West Central Scotland,2007,1443160.0000,262588.0000,182531.0000,520207.0000,255367.0000,198015.0000,24452.0000,958105.0000,222467.0000,18.1953,12.6480,36.0464,17.6950,13.7209,1.6943,66.3894,15.4153,39.1281,27.4070,23.2195,90+
TLM5,North Eastern Scotland,2007,456860.0000,79335.0000,56156.0000,164217.0000,87641.0000,61304.0000,8207.0000,308014.0000,69511.0000,17.3653,12.2917,35.9447,19.1833,13.4186,1.7964,67.4198,15.2149,39.8413,25.7569,22.5675,90+
TLM9,Southern Scotland,2007,943690.0000,169577.0000,96535.0000,314974.0000,192819.0000,151054.0000,18731.0000,604328.0000,169785.0000,17.9696,10.2295,33.3769,20.4325,16.0067,1.9849,64.0388,17.9916,42.5679,28.0604,28.0948,90+
TLN0,Northern Ireland,2007,1761683.0000,377073.0000,230155.0000,621413.0000,291114.0000,213982.0000,27946.0000,1142682.0000,241928.0000,21.4041,13.0645,35.2738,16.5248,12.1465,1.5863,64.8631,13.7328,36.4257,32.9989,21.1719,90+
TLC3,Tees Valley,2008,658509.0000,128809.0000,80480.0000,219757.0000,122697.0000,94452.0000,12314.0000,422934.0000,106766.0000,19.5607,12.2215,33.3719,18.6325,14.3433,1.8700,64.2260,16.2133,39.8166,30.4561,25.2441,90+
TLC4,"Northumberland, Durham and Tyne & Wear",2008,1910803.0000,336488.0000,237677.0000,639136.0000,370989.0000,287224.0000,39289.0000,1247802.0000,326513.0000,17.6098,12.4386,33.4486,19.4153,15.0316,2.0562,65.3025,17.0877,40.9482,26.9665,26.1671,90+
TLD1,Cumbria,2008,500916.0000,85929.0000,50642.0000,160925.0000,105701.0000,85247.0000,12472.0000,317268.0000,97719.0000,17.1544,10.1099,32.1261,21.1015,17.0182,2.4898,63.3376,19.5081,43.8175,27.0840,30.8001,90+
TLD3,Greater Manchester,2008,2620007.0000,520753.0000,344381.0000,934182.0000,442948.0000,330338.0000,47405.0000,1721511.0000,377743.0000,19.8760,13.1443,35.6557,16.9064,12.6083,1.8093,65.7064,14.4176,37.1694,30.2498,21.9425,90+
TLD4,Lancashire,2008,1451175.0000,275602.0000,173674.0000,480410.0000,274411.0000,215393.0000,31685.0000,928495.0000,247078.0000,18.9916,11.9678,33.1049,18.9096,14.8427,2.1834,63.9823,17.0261,40.3667,29.6827,26.6106,90+
TLD6,Cheshire,2008,894700.0000,164839.0000,94595.0000,305578.0000,175290.0000,134663.0000,19735.0000,575463.0000,154398.0000,18.4239,10.5728,34.1542,19.5920,15.0512,2.2058,64.3191,17.2570,41.5821,28.6446,26.8302,90+
TLD7,Merseyside,2008,1491749.0000,274656.0000,195576.0000,496941.0000,275341.0000,219783.0000,29452.0000,967858.0000,249235.0000,18.4117,13.1105,33.3126,18.4576,14.7332,1.9743,64.8808,16.7076,39.8039,28.3777,25.7512,90+
TLE1,East Yorkshire and Northern Lincolnshire,2008,912437.0000,166915.0000,108740.0000,301647.0000,176605.0000,138854.0000,19676.0000,586992.0000,158530.0000,18.2933,11.9175,33.0595,19.3553,15.2179,2.1564,64.3323,17.3744,41.0104,28.4357,27.0072,90+
TLE2,North Yorkshire,2008,785747.0000,135221.0000,90506.0000,254402.0000,158034.0000,127268.0000,20316.0000,502942.0000,147584.0000,17.2092,11.5185,32.3771,20.1126,16.1971,2.5856,64.0081,18.7826,42.6257,26.8860,29.3441,90+
TLE3,South Yorkshire,2008,1315448.0000,247616.0000,171668.0000,447844.0000,235990.0000,185567.0000,26763.0000,855502.0000,212330.0000,18.8237,13.0502,34.0450,17.9399,14.1068,2.0345,65.0350,16.1413,39.0622,28.9439,24.8193,90+
TLE4,West Yorkshire,2008,2185043.0000,437255.0000,285128.0000,768083.0000,374832.0000,278508.0000,41237.0000,1428043.0000,319745.0000,20.0113,13.0491,35.1518,17.1544,12.7461,1.8872,65.3554,14.6334,37.2514,30.6192,22.3904,90+
TLF1,Derbyshire and Nottinghamshire,2008,2069957.0000,382868.0000,248421.0000,713032.0000,385762.0000,295636.0000,44238.0000,1347215.0000,339874.0000,18.4964,12.0013,34.4467,18.6362,14.2822,2.1371,65.0842,16.4194,40.0408,28.4192,25.2279,90+
TLF2,"Leicestershire, Rutland and Northamptonshire",2008,1670388.0000,325986.0000,206390.0000,582933.0000,305626.0000,216828.0000,32625.0000,1094949.0000,249453.0000,19.5156,12.3558,34.8981,18.2967,12.9807,1.9531,65.5506,14.9338,38.7868,29.7718,22.7822,90+
TLF3,Lincolnshire,2008,700780.0000,122017.0000,75506.0000,220171.0000,144595.0000,120922.0000,17569.0000,440272.0000,138491.0000,17.4116,10.7746,31.4180,20.6334,17.2553,2.5071,62.8260,19.7624,43.4152,27.7140,31.4558,90+
TLG1,"Herefordshire, Worcestershire and Warwickshire",2008,1281965.0000,231858.0000,135326.0000,426557.0000,258565.0000,198819.0000,30840.0000,820448.0000,229659.0000,18.0861,10.5561,33.2737,20.1694,15.5089,2.4057,63.9993,17.9146,41.9964,28.2599,27.9919,90+
TLG2,Shropshire and Staffordshire,2008,1548213.0000,286467.0000,175459.0000,517556.0000,304519.0000,232107.0000,32105.0000,997534.0000,264212.0000,18.5031,11.3330,33.4293,19.6691,14.9919,2.0737,64.4313,17.0656,41.1238,28.7175,26.4865,90+
TLG3,West Midlands,2008,2666062.0000,563208.0000,352446.0000,921700.0000,424614.0000,351741.0000,52353.0000,1698760.0000,404094.0000,21.1251,13.2197,34.5716,15.9266,13.1933,1.9637,63.7179,15.1570,36.4253,33.1541,23.7876,90+
TLH2,Bedfordshire and Hertfordshire,2008,1680717.0000,343525.0000,182929.0000,612607.0000,292489.0000,216194.0000,32973.0000,1088025.0000,249167.0000,20.4392,10.8840,36.4491,17.4026,12.8632,1.9618,64.7358,14.8250,38.5683,31.5733,22.9009,90+
TLH3,Essex,2008,1694955.0000,325601.0000,179374.0000,579489.0000,321035.0000,249224.0000,40232.0000,1079898.0000,289456.0000,19.2100,10.5828,34.1890,18.9406,14.7039,2.3736,63.7125,17.0775,40.6235,30.1511,26.8040,90+
TLH4,Cambridgeshire and Peterborough,2008,776835.0000,147475.0000,95071.0000,278980.0000,138486.0000,101260.0000,15563.0000,512537.0000,116823.0000,18.9841,12.2382,35.9124,17.8270,13.0349,2.0034,65.9776,15.0383,38.4033,28.7735,22.7931,90+
TLH5,Norfolk,2008,841495.0000,143808.0000,89389.0000,262710.0000,170468.0000,150895.0000,24225.0000,522567.0000,175120.0000,17.0896,10.6226,31.2194,20.2578,17.9318,2.8788,62.0998,20.8106,43.4978,27.5195,33.5115,90+
TLH6,Suffolk,2008,714348.0000,132082.0000,73923.0000,231630.0000,140724.0000,116535.0000,19454.0000,446277.0000,135989.0000,18.4899,10.3483,32.4254,19.6996,16.3135,2.7233,62.4733,19.0368,42.0626,29.5964,30.4719,90+
TLI3,Inner London - West,2008,1070347.0000,165432.0000,133359.0000,522782.0000,139640.0000,94364.0000,14770.0000,795781.0000,109134.0000,15.4559,12.4594,48.8423,13.0462,8.8162,1.3799,74.3479,10.1961,33.3579,20.7886,13.7141,90+
TLI4,Inner London - East,2008,2008567.0000,404795.0000,282980.0000,928690.0000,227629.0000,144858.0000,19615.0000,1439299.0000,164473.0000,20.1534,14.0887,46.2364,11.3329,7.2120,0.9766,71.6580,8.1886,31.3849,28.1245,11.4273,90+
TLI5,Outer London - East and North East,2008,1675638.0000,362183.0000,202745.0000,639449.0000,254221.0000,187023.0000,30017.0000,1096415.0000,217040.0000,21.6146,12.0996,38.1615,15.1716,11.1613,1.7914,65.4327,12.9527,35.4066,33.0334,19.7954,90+
TLI6,Outer London - South,2008,1192022.0000,238157.0000,132501.0000,467381.0000,192289.0000,138276.0000,23418.0000,792171.0000,161694.0000,19.9792,11.1157,39.2091,16.1313,11.6001,1.9646,66.4561,13.5647,37.0105,30.0638,20.4115,90+
TLI7,Outer London - West and North West,2008,1865587.0000,376192.0000,222845.0000,757657.0000,283001.0000,195067.0000,30825.0000,1263503.0000,225892.0000,20.1648,11.9450,40.6123,15.1695,10.4561,1.6523,67.7268,12.1084,34.9484,29.7737,17.8782,90+
TLJ1,"Berkshire, Buckinghamshire and Oxfordshire",2008,2211708.0000,441067.0000,258378.0000,816590.0000,386280.0000,267294.0000,42099.0000,1461248.0000,309393.0000,19.9424,11.6823,36.9212,17.4652,12.0854,1.9035,66.0688,13.9889,37.8986,30.1843,21.1732,90+
TLJ2,"Surrey, East and West Sussex",2008,2676436.0000,489357.0000,278685.0000,913712.0000,501680.0000,414500.0000,78502.0000,1694077.0000,493002.0000,18.2839,10.4125,34.1391,18.7443,15.4870,2.9331,63.2960,18.4201,41.5094,28.8863,29.1015,90+
TLJ3,Hampshire and Isle of Wight,2008,1856723.0000,342258.0000,220560.0000,634887.0000,344301.0000,269329.0000,45388.0000,1199748.0000,314717.0000,18.4334,11.8790,34.1940,18.5435,14.5056,2.4445,64.6164,16.9501,40.2789,28.5275,26.2319,90+
TLJ4,Kent,2008,1681532.0000,331945.0000,190221.0000,562593.0000,315508.0000,242223.0000,39042.0000,1068322.0000,281265.0000,19.7406,11.3124,33.4572,18.7631,14.4049,2.3218,63.5327,16.7267,40.2488,31.0716,26.3277,90+
TLK3,Cornwall and Isles of Scilly,2008,527306.0000,90411.0000,51751.0000,160884.0000,115290.0000,93580.0000,15390.0000,327925.0000,108970.0000,17.1458,9.8142,30.5106,21.8640,17.7468,2.9186,62.1887,20.6654,44.7064,27.5706,33.2302,90+
TLK4,Devon,2008,1124479.0000,190839.0000,129403.0000,346333.0000,228385.0000,194682.0000,34837.0000,704121.0000,229519.0000,16.9713,11.5078,30.7994,20.3103,17.3131,3.0981,62.6175,20.4111,43.4159,27.1032,32.5965,90+
TLK5,West of England,2008,846357.0000,152852.0000,119670.0000,306985.0000,139907.0000,108818.0000,18125.0000,566562.0000,126943.0000,18.0600,14.1394,36.2713,16.5305,12.8572,2.1415,66.9413,14.9988,37.0331,26.9789,22.4058,90+
TLK6,"North Somerset, Somerset and Dorset",2008,1453764.0000,251171.0000,150333.0000,452797.0000,293819.0000,258320.0000,47324.0000,896949.0000,305644.0000,17.2773,10.3409,31.1465,20.2109,17.7690,3.2553,61.6984,21.0243,43.8237,28.0028,34.0760,90+
TLK7,Gloucestershire and Wiltshire,2008,1253138.0000,237230.0000,134476.0000,432465.0000,236651.0000,182575.0000,29741.0000,803592.0000,212316.0000,18.9309,10.7311,34.5106,18.8847,14.5694,2.3733,64.1264,16.9427,40.8540,29.5212,26.4209,90+
TLL3,North Wales,2008,682644.0000,123588.0000,73909.0000,215659.0000,137424.0000,114389.0000,17675.0000,426992.0000,132064.0000,18.1043,10.8269,31.5917,20.1311,16.7568,2.5892,62.5497,19.3460,42.5837,28.9439,30.9289,90+
TLL4,Mid and South West Wales,2008,885107.0000,157232.0000,103784.0000,272355.0000,179913.0000,149039.0000,22784.0000,556052.0000,171823.0000,17.7642,11.7256,30.7709,20.3267,16.8385,2.5742,62.8231,19.4127,42.7107,28.2765,30.9005,90+
TLL5,South East Wales,2008,1458116.0000,278091.0000,187679.0000,493281.0000,264551.0000,204372.0000,30142.0000,945511.0000,234514.0000,19.0719,12.8713,33.8300,18.1433,14.0162,2.0672,64.8447,16.0834,39.0419,29.4117,24.8029,90+
TLM0,Eastern Scotland,2008,901680.0000,159961.0000,106280.0000,299158.0000,177853.0000,139479.0000,18949.0000,583291.0000,158428.0000,17.7403,11.7869,33.1778,19.7246,15.4688,2.1015,64.6894,17.5703,41.6335,27.4239,27.1611,90+
TLM1,East Central Scotland,2008,962230.0000,166675.0000,120444.0000,359470.0000,171662.0000,126706.0000,17273.0000,651576.0000,143979.0000,17.3217,12.5172,37.3580,17.8400,13.1680,1.7951,67.7152,14.9631,38.7674,25.5803,22.0970,90+
TLM2,Highlands and Islands,2008,480220.0000,85699.0000,47077.0000,157004.0000,102223.0000,78129.0000,10088.0000,306304.0000,88217.0000,17.8458,9.8032,32.6942,21.2867,16.2694,2.1007,63.7841,18.3701,43.3504,27.9784,28.8005,90+
TLM3,West Central Scotland,2008,1450120.0000,261031.0000,184197.0000,521580.0000,259487.0000,199061.0000,24764.0000,965264.0000,223825.0000,18.0006,12.7022,35.9681,17.8942,13.7272,1.7077,66.5644,15.4349,39.2862,27.0424,23.1880,90+
TLM5,North Eastern Scotland,2008,460850.0000,79400.0000,56753.0000,165291.0000,88999.0000,62054.0000,8353.0000,311043.0000,70407.0000,17.2290,12.3149,35.8666,19.3119,13.4651,1.8125,67.4933,15.2776,39.9079,25.5270,22.6358,90+
TLM9,Southern Scotland,2008,947800.0000,168875.0000,97502.0000,313365.0000,195153.0000,153635.0000,19270.0000,606020.0000,172905.0000,17.8176,10.2872,33.0624,20.5901,16.2096,2.0331,63.9396,18.2428,42.8916,27.8662,28.5312,90+
TLN0,Northern Ireland,2008,1779152.0000,378485.0000,229960.0000,627425.0000,295782.0000,218570.0000,28930.0000,1153167.0000,247500.0000,21.2733,12.9253,35.2654,16.6249,12.2851,1.6261,64.8155,13.9111,36.6092,32.8214,21.4626,90+
TLC3,Tees Valley,2009,659003.0000,127962.0000,80181.0000,218692.0000,124208.0000,95313.0000,12647.0000,423081.0000,107960.0000,19.4175,12.1670,33.1853,18.8479,14.4632,1.9191,64.2002,16.3823,40.0489,30.2453,25.5176,90+
TLC4,"Northumberland, Durham and Tyne & Wear",2009,1916438.0000,334698.0000,238511.0000,636922.0000,375937.0000,290260.0000,40110.0000,1251370.0000,330370.0000,17.4646,12.4455,33.2347,19.6164,15.1458,2.0929,65.2967,17.2388,41.1633,26.7465,26.4007,90+
TLD1,Cumbria,2009,500786.0000,85065.0000,50183.0000,159412.0000,106312.0000,87043.0000,12771.0000,315907.0000,99814.0000,16.9863,10.0208,31.8324,21.2290,17.3813,2.5502,63.0822,19.9315,44.2340,26.9272,31.5960,90+
TLD3,Greater Manchester,2009,2639833.0000,524571.0000,343673.0000,941663.0000,447740.0000,334074.0000,48112.0000,1733076.0000,382186.0000,19.8714,13.0187,35.6713,16.9609,12.6551,1.8225,65.6510,14.4777,37.2751,30.2682,22.0525,90+
TLD4,Lancashire,2009,1452916.0000,274640.0000,172955.0000,479154.0000,275503.0000,218500.0000,32164.0000,927612.0000,250664.0000,18.9027,11.9040,32.9788,18.9621,15.0387,2.2138,63.8448,17.2525,40.6284,29.6072,27.0225,90+
TLD6,Cheshire,2009,897196.0000,163600.0000,94818.0000,304000.0000,176343.0000,138072.0000,20363.0000,575161.0000,158435.0000,18.2346,10.5683,33.8833,19.6549,15.3893,2.2696,64.1065,17.6589,41.9569,28.4442,27.5462,90+
TLD7,Merseyside,2009,1495425.0000,272507.0000,195395.0000,496578.0000,279267.0000,221632.0000,30046.0000,971240.0000,251678.0000,18.2227,13.0662,33.2065,18.6748,14.8207,2.0092,64.9474,16.8299,40.0231,28.0576,25.9131,90+
TLE1,East Yorkshire and Northern Lincolnshire,2009,913088.0000,165856.0000,107832.0000,300470.0000,177994.0000,140693.0000,20243.0000,586296.0000,160936.0000,18.1643,11.8096,32.9070,19.4936,15.4085,2.2170,64.2102,17.6255,41.3319,28.2888,27.4496,90+
TLE2,North Yorkshire,2009,788794.0000,134833.0000,91405.0000,252417.0000,159070.0000,130111.0000,20958.0000,502892.0000,151069.0000,17.0936,11.5879,32.0004,20.1662,16.4949,2.6570,63.7545,19.1519,42.9400,26.8115,30.0400,90+
TLE3,South Yorkshire,2009,1323855.0000,248109.0000,173623.0000,448459.0000,237770.0000,188606.0000,27288.0000,859852.0000,215894.0000,18.7414,13.1150,33.8752,17.9604,14.2467,2.0613,64.9506,16.3080,39.2101,28.8548,25.1083,90+
TLE4,West Yorkshire,2009,2197607.0000,440237.0000,283826.0000,770443.0000,379378.0000,281869.0000,41854.0000,1433647.0000,323723.0000,20.0326,12.9152,35.0583,17.2632,12.8262,1.9045,65.2367,14.7307,37.4249,30.7075,22.5804,90+
TLF1,Derbyshire and Nottinghamshire,2009,2083210.0000,383340.0000,251974.0000,712331.0000,388537.0000,301811.0000,45217.0000,1352842.0000,347028.0000,18.4014,12.0955,34.1939,18.6509,14.4878,2.1705,64.9403,16.6583,40.2750,28.3359,25.6518,90+
TLF2,"Leicestershire, Rutland and Northamptonshire",2009,1682844.0000,327717.0000,206122.0000,584092.0000,308721.0000,222419.0000,33773.0000,1098935.0000,256192.0000,19.4740,12.2484,34.7086,18.3452,13.2169,2.0069,65.3023,15.2238,39.0280,29.8213,23.3128,90+
TLF3,Lincolnshire,2009,705599.0000,122019.0000,75773.0000,221060.0000,144899.0000,123937.0000,17911.0000,441732.0000,141848.0000,17.2930,10.7388,31.3294,20.5356,17.5648,2.5384,62.6038,20.1032,43.6616,27.6229,32.1118,90+
TLG1,"Herefordshire, Worcestershire and Warwickshire",2009,1286794.0000,231102.0000,135964.0000,424803.0000,258578.0000,204640.0000,31707.0000,819345.0000,236347.0000,17.9595,10.5661,33.0125,20.0947,15.9031,2.4640,63.6734,18.3671,42.3258,28.2057,28.8458,90+
TLG2,Shropshire and Staffordshire,2009,1554097.0000,285941.0000,175914.0000,515891.0000,305126.0000,238231.0000,32994.0000,996931.0000,271225.0000,18.3992,11.3194,33.1955,19.6337,15.3292,2.1230,64.1486,17.4523,41.4265,28.6821,27.2060,90+
TLG3,West Midlands,2009,2687116.0000,568879.0000,353175.0000,928385.0000,427396.0000,355952.0000,53329.0000,1708956.0000,409281.0000,21.1706,13.1433,34.5495,15.9054,13.2466,1.9846,63.5981,15.2312,36.4566,33.2881,23.9492,90+
TLH2,Bedfordshire and Hertfordshire,2009,1697185.0000,346126.0000,184353.0000,614951.0000,297644.0000,220102.0000,34009.0000,1096948.0000,254111.0000,20.3941,10.8623,36.2336,17.5375,12.9687,2.0038,64.6334,14.9725,38.7377,31.5535,23.1653,90+
TLH3,Essex,2009,1704519.0000,326239.0000,180051.0000,579045.0000,323429.0000,254567.0000,41188.0000,1082525.0000,295755.0000,19.1397,10.5632,33.9712,18.9748,14.9348,2.4164,63.5091,17.3512,40.9061,30.1369,27.3208,90+
TLH4,Cambridgeshire and Peterborough,2009,785201.0000,149147.0000,95010.0000,281132.0000,140146.0000,103608.0000,16158.0000,516288.0000,119766.0000,18.9948,12.1001,35.8038,17.8484,13.1951,2.0578,65.7523,15.2529,38.6001,28.8883,23.1975,90+
TLH5,Norfolk,2009,846355.0000,144180.0000,90218.0000,262991.0000,170072.0000,154122.0000,24772.0000,523281.0000,178894.0000,17.0354,10.6596,31.0734,20.0946,18.2101,2.9269,61.8276,21.1370,43.7164,27.5531,34.1870,90+
TLH6,Suffolk,2009,718183.0000,132162.0000,74119.0000,231251.0000,141396.0000,119350.0000,19905.0000,446766.0000,139255.0000,18.4023,10.3204,32.1995,19.6880,16.6183,2.7716,62.2078,19.3899,42.3774,29.5819,31.1696,90+
TLI3,Inner London - West,2009,1078732.0000,168791.0000,130345.0000,527403.0000,141992.0000,95491.0000,14710.0000,799740.0000,110201.0000,15.6472,12.0832,48.8910,13.1629,8.8522,1.3636,74.1370,10.2158,33.5369,21.1057,13.7796,90+
TLI4,Inner London - East,2009,2055661.0000,411455.0000,284776.0000,958675.0000,236059.0000,144998.0000,19698.0000,1479510.0000,164696.0000,20.0157,13.8533,46.6359,11.4834,7.0536,0.9582,71.9725,8.0118,31.4107,27.8102,11.1318,90+
TLI5,Outer London - East and North East,2009,1704071.0000,370406.0000,205863.0000,648893.0000,260175.0000,188273.0000,30461.0000,1114931.0000,218734.0000,21.7365,12.0807,38.0790,15.2678,11.0484,1.7875,65.4275,12.8360,35.2876,33.2223,19.6186,90+
TLI6,Outer London - South,2009,1203297.0000,240948.0000,132946.0000,469821.0000,196035.0000,139755.0000,23792.0000,798802.0000,163547.0000,20.0240,11.0485,39.0445,16.2915,11.6143,1.9772,66.3844,13.5916,37.1357,30.1637,20.4740,90+
TLI7,Outer London - West and North West,2009,1900833.0000,385119.0000,223898.0000,771554.0000,290149.0000,198614.0000,31499.0000,1285601.0000,230113.0000,20.2605,11.7789,40.5903,15.2643,10.4488,1.6571,67.6336,12.1059,34.9509,29.9563,17.8993,90+
TLJ1,"Berkshire, Buckinghamshire and Oxfordshire",2009,2230698.0000,446430.0000,254690.0000,819802.0000,391905.0000,274754.0000,43117.0000,1466397.0000,317871.0000,20.0130,11.4175,36.7509,17.5687,12.3170,1.9329,65.7371,14.2498,38.1526,30.4440,21.6770,90+
TLJ2,"Surrey, East and West Sussex",2009,2695658.0000,491832.0000,281326.0000,914799.0000,506325.0000,421343.0000,80033.0000,1702450.0000,501376.0000,18.2453,10.4363,33.9360,18.7830,15.6304,2.9690,63.1553,18.5994,41.7363,28.8897,29.4503,90+
TLJ3,Hampshire and Isle of Wight,2009,1869067.0000,343434.0000,222260.0000,634091.0000,347746.0000,274977.0000,46559.0000,1204097.0000,321536.0000,18.3746,11.8915,33.9255,18.6053,14.7120,2.4910,64.4224,17.2030,40.4950,28.5221,26.7035,90+
TLJ4,Kent,2009,1695499.0000,333117.0000,192435.0000,564038.0000,318324.0000,247924.0000,39661.0000,1074797.0000,287585.0000,19.6471,11.3498,33.2668,18.7746,14.6225,2.3392,63.3912,16.9617,40.4699,30.9935,26.7571,90+
TLK3,Cornwall and Isles of Scilly,2009,528616.0000,89963.0000,52517.0000,159777.0000,115022.0000,95781.0000,15556.0000,327316.0000,111337.0000,17.0186,9.9348,30.2255,21.7591,18.1192,2.9428,61.9194,21.0620,44.9703,27.4851,34.0151,90+
TLK4,Devon,2009,1125745.0000,189902.0000,128850.0000,344392.0000,228689.0000,198359.0000,35553.0000,701931.0000,233912.0000,16.8690,11.4458,30.5924,20.3145,17.6202,3.1582,62.3526,20.7784,43.7641,27.0542,33.3241,90+
TLK5,West of England,2009,852080.0000,154621.0000,119399.0000,308057.0000,141096.0000,110214.0000,18693.0000,568552.0000,128907.0000,18.1463,14.0127,36.1535,16.5590,12.9347,2.1938,66.7252,15.1285,37.1579,27.1956,22.6729,90+
TLK6,"North Somerset, Somerset and Dorset",2009,1458818.0000,251351.0000,150332.0000,451838.0000,294561.0000,262466.0000,48270.0000,896731.0000,310736.0000,17.2298,10.3051,30.9729,20.1918,17.9917,3.3088,61.4697,21.3005,44.0931,28.0297,34.6521,90+
TLK7,Gloucestershire and Wiltshire,2009,1261562.0000,237598.0000,134989.0000,431726.0000,239944.0000,186689.0000,30616.0000,806659.0000,217305.0000,18.8336,10.7001,34.2215,19.0196,14.7982,2.4268,63.9413,17.2251,41.1558,29.4546,26.9389,90+
TLL3,North Wales,2009,684575.0000,123303.0000,74500.0000,214946.0000,137230.0000,116613.0000,17983.0000,426676.0000,134596.0000,18.0116,10.8827,31.3985,20.0460,17.0344,2.6269,62.3271,19.6612,42.8119,28.8985,31.5452,90+
TLL4,Mid and South West Wales,2009,887279.0000,156127.0000,104588.0000,271803.0000,179869.0000,151642.0000,23250.0000,556260.0000,174892.0000,17.5962,11.7875,30.6333,20.2720,17.0907,2.6204,62.6928,19.7110,42.9198,28.0673,31.4407,90+
TLL5,South East Wales,2009,1467018.0000,277535.0000,188702.0000,495232.0000,267440.0000,207207.0000,30902.0000,951374.0000,238109.0000,18.9183,12.8630,33.7577,18.2302,14.1244,2.1064,64.8509,16.2308,39.2109,29.1720,25.0279,90+
TLM0,Eastern Scotland,2009,905770.0000,159795.0000,107220.0000,298121.0000,179814.0000,141396.0000,19424.0000,585155.0000,160820.0000,17.6419,11.8374,32.9135,19.8521,15.6106,2.1445,64.6030,17.7551,41.8611,27.3081,27.4833,90+
TLM1,East Central Scotland,2009,970720.0000,167910.0000,121920.0000,360030.0000,174908.0000,128248.0000,17704.0000,656858.0000,145952.0000,17.2975,12.5597,37.0890,18.0184,13.2116,1.8238,67.6671,15.0354,38.8837,25.5626,22.2197,90+
TLM2,Highlands and Islands,2009,482520.0000,85852.0000,47349.0000,155763.0000,103147.0000,79905.0000,10504.0000,306259.0000,90409.0000,17.7924,9.8129,32.2811,21.3767,16.5599,2.1769,63.4707,18.7368,43.6832,28.0325,29.5204,90+
TLM3,West Central Scotland,2009,1457490.0000,259564.0000,185764.0000,521902.0000,264454.0000,200511.0000,25295.0000,972120.0000,225806.0000,17.8090,12.7455,35.8083,18.1445,13.7573,1.7355,66.6982,15.4928,39.4401,26.7008,23.2282,90+
TLM5,North Eastern Scotland,2009,466040.0000,79451.0000,58123.0000,166561.0000,90605.0000,62649.0000,8651.0000,315289.0000,71300.0000,17.0481,12.4717,35.7396,19.4415,13.4428,1.8563,67.6528,15.2991,39.9455,25.1994,22.6142,90+
TLM9,Southern Scotland,2009,949360.0000,167655.0000,97648.0000,310204.0000,197565.0000,156574.0000,19714.0000,605417.0000,176288.0000,17.6598,10.2857,32.6751,20.8103,16.4926,2.0766,63.7711,18.5691,43.2686,27.6925,29.1184,90+
TLN0,Northern Ireland,2009,1793333.0000,379520.0000,229407.0000,630654.0000,300385.0000,223635.0000,29732.0000,1160446.0000,253367.0000,21.1628,12.7922,35.1666,16.7501,12.4704,1.6579,64.7089,14.1283,36.8224,32.7047,21.8336,90+
TLC3,Tees Valley,2010,660753.0000,127329.0000,80067.0000,217909.0000,125628.0000,96596.0000,13224.0000,423604.0000,109820.0000,19.2703,12.1175,32.9789,19.0129,14.6191,2.0014,64.1093,16.6204,40.2598,30.0585,25.9252,90+
TLC4,"Northumberland, Durham and Tyne & Wear",2010,1926115.0000,334396.0000,240365.0000,635487.0000,380235.0000,294346.0000,41286.0000,1256087.0000,335632.0000,17.3612,12.4793,32.9932,19.7410,15.2818,2.1435,65.2135,17.4253,41.3266,26.6220,26.7204,90+
TLD1,Cumbria,2010,500165.0000,83840.0000,49959.0000,157719.0000,106992.0000,88599.0000,13056.0000,314670.0000,101655.0000,16.7625,9.9885,31.5334,21.3913,17.7140,2.6103,62.9132,20.3243,44.6463,26.6438,32.3053,90+
TLD3,Greater Manchester,2010,2661841.0000,529070.0000,344318.0000,948032.0000,453063.0000,338563.0000,48795.0000,1745413.0000,387358.0000,19.8761,12.9353,35.6157,17.0207,12.7191,1.8331,65.5716,14.5523,37.3049,30.3120,22.1929,90+
TLD4,Lancashire,2010,1457298.0000,273829.0000,173405.0000,477741.0000,277346.0000,221751.0000,33226.0000,928492.0000,254977.0000,18.7902,11.8991,32.7827,19.0315,15.2166,2.2800,63.7133,17.4966,40.8625,29.4918,27.4614,90+
TLD6,Cheshire,2010,899913.0000,162933.0000,94338.0000,302598.0000,177724.0000,141393.0000,20927.0000,574660.0000,162320.0000,18.1054,10.4830,33.6253,19.7490,15.7119,2.3254,63.8573,18.0373,42.3066,28.3529,28.2463,90+
TLD7,Merseyside,2010,1500704.0000,270989.0000,193948.0000,497204.0000,284180.0000,223573.0000,30810.0000,975332.0000,254383.0000,18.0575,12.9238,33.1314,18.9364,14.8979,2.0530,64.9916,16.9509,40.2450,27.7843,26.0817,90+
TLE1,East Yorkshire and Northern Lincolnshire,2010,915263.0000,165206.0000,107422.0000,299154.0000,179639.0000,143005.0000,20837.0000,586215.0000,163842.0000,18.0501,11.7367,32.6850,19.6270,15.6245,2.2766,64.0488,17.9011,41.6212,28.1818,27.9491,90+
TLE2,North Yorkshire,2010,794098.0000,134727.0000,92386.0000,252023.0000,160183.0000,133394.0000,21385.0000,504592.0000,154779.0000,16.9660,11.6341,31.7370,20.1717,16.7982,2.6930,63.5428,19.4912,43.1863,26.7002,30.6741,90+
TLE3,South Yorkshire,2010,1332871.0000,248682.0000,176141.0000,448691.0000,239661.0000,191808.0000,27888.0000,864493.0000,219696.0000,18.6576,13.2152,33.6635,17.9808,14.3906,2.0923,64.8595,16.4829,39.3365,28.7662,25.4133,90+
TLE4,West Yorkshire,2010,2212556.0000,443354.0000,284223.0000,772255.0000,384362.0000,285465.0000,42897.0000,1440840.0000,328362.0000,20.0381,12.8459,34.9033,17.3719,12.9020,1.9388,65.1211,14.8408,37.5359,30.7705,22.7896,90+
TLF1,Derbyshire and Nottinghamshire,2010,2098381.0000,383830.0000,256760.0000,710896.0000,392512.0000,307806.0000,46577.0000,1360168.0000,354383.0000,18.2917,12.2361,33.8783,18.7055,14.6687,2.2197,64.8199,16.8884,40.4658,28.2193,26.0544,90+
TLF2,"Leicestershire, Rutland and Northamptonshire",2010,1696885.0000,329249.0000,207075.0000,584878.0000,312747.0000,227821.0000,35115.0000,1104700.0000,262936.0000,19.4031,12.2032,34.4677,18.4307,13.4258,2.0694,65.1016,15.4952,39.2576,29.8044,23.8016,90+
TLF3,Lincolnshire,2010,711805.0000,122189.0000,76619.0000,221578.0000,145834.0000,127083.0000,18502.0000,444031.0000,145585.0000,17.1661,10.7640,31.1290,20.4879,17.8536,2.5993,62.3810,20.4529,43.9060,27.5181,32.7871,90+
TLG1,"Herefordshire, Worcestershire and Warwickshire",2010,1291111.0000,230195.0000,135833.0000,422867.0000,258801.0000,210520.0000,32895.0000,817501.0000,243415.0000,17.8292,10.5206,32.7522,20.0448,16.3053,2.5478,63.3176,18.8531,42.6935,28.1584,29.7755,90+
TLG2,Shropshire and Staffordshire,2010,1562817.0000,285385.0000,177136.0000,515233.0000,306403.0000,244634.0000,34026.0000,998772.0000,278660.0000,18.2609,11.3344,32.9682,19.6058,15.6534,2.1772,63.9084,17.8306,41.7113,28.5736,27.9003,90+
TLG3,West Midlands,2010,2711938.0000,573245.0000,358339.0000,935262.0000,431333.0000,359209.0000,54550.0000,1724934.0000,413759.0000,21.1378,13.2134,34.4869,15.9050,13.2455,2.0115,63.6052,15.2569,36.3806,33.2329,23.9869,90+
TLH2,Bedfordshire and Hertfordshire,2010,1716219.0000,348733.0000,188639.0000,617591.0000,302066.0000,223972.0000,35218.0000,1108296.0000,259190.0000,20.3198,10.9915,35.9856,17.6007,13.0503,2.0521,64.5778,15.1024,38.8162,31.4657,23.3864,90+
TLH3,Essex,2010,1717620.0000,326706.0000,182312.0000,580112.0000,326106.0000,260092.0000,42292.0000,1088530.0000,302384.0000,19.0209,10.6142,33.7742,18.9859,15.1426,2.4622,63.3743,17.6048,41.1381,30.0135,27.7791,90+
TLH4,Cambridgeshire and Peterborough,2010,796661.0000,150619.0000,96473.0000,284584.0000,141908.0000,106297.0000,16780.0000,522965.0000,123077.0000,18.9063,12.1097,35.7221,17.8128,13.3428,2.1063,65.6446,15.4491,38.6812,28.8010,23.5345,90+
TLH5,Norfolk,2010,852926.0000,144297.0000,91485.0000,263779.0000,170436.0000,157523.0000,25406.0000,525700.0000,182929.0000,16.9179,10.7260,30.9264,19.9825,18.4685,2.9787,61.6349,21.4472,43.9084,27.4485,34.7972,90+
TLH6,Suffolk,2010,723976.0000,132465.0000,74397.0000,232206.0000,142183.0000,122266.0000,20459.0000,448786.0000,142725.0000,18.2969,10.2762,32.0737,19.6392,16.8881,2.8259,61.9891,19.7141,42.6388,29.5163,31.8025,90+
TLI3,Inner London - West,2010,1083175.0000,171979.0000,128820.0000,527573.0000,143492.0000,96607.0000,14704.0000,799885.0000,111311.0000,15.8773,11.8928,48.7062,13.2474,8.9189,1.3575,73.8463,10.2764,33.5874,21.5005,13.9159,90+
TLI4,Inner London - East,2010,2096253.0000,417814.0000,287092.0000,981050.0000,245127.0000,145355.0000,19815.0000,1513269.0000,165170.0000,19.9315,13.6955,46.8002,11.6936,6.9340,0.9453,72.1892,7.8793,31.4085,27.6100,10.9148,90+
TLI5,Outer London - East and North East,2010,1735699.0000,378442.0000,210212.0000,659860.0000,266389.0000,189552.0000,31244.0000,1136461.0000,220796.0000,21.8034,12.1111,38.0170,15.3476,10.9208,1.8001,65.4757,12.7209,35.1115,33.3000,19.4284,90+
TLI6,Outer London - South,2010,1213616.0000,244329.0000,133269.0000,470769.0000,199623.0000,141491.0000,24135.0000,803661.0000,165626.0000,20.1323,10.9812,38.7906,16.4486,11.6586,1.9887,66.2204,13.6473,37.2078,30.4020,20.6089,90+
TLI7,Outer London - West and North West,2010,1932752.0000,393284.0000,226496.0000,781568.0000,297146.0000,202011.0000,32247.0000,1305210.0000,234258.0000,20.3484,11.7188,40.4381,15.3742,10.4520,1.6684,67.5312,12.1204,34.9200,30.1319,17.9479,90+
TLJ1,"Berkshire, Buckinghamshire and Oxfordshire",2010,2254528.0000,452233.0000,253845.0000,824051.0000,397674.0000,282295.0000,44430.0000,1475570.0000,326725.0000,20.0589,11.2593,36.5509,17.6389,12.5212,1.9707,65.4492,14.4919,38.3096,30.6480,22.1423,90+
TLJ2,"Surrey, East and West Sussex",2010,2722104.0000,495702.0000,284855.0000,918377.0000,512309.0000,429124.0000,81737.0000,1715541.0000,510861.0000,18.2103,10.4645,33.7378,18.8203,15.7644,3.0027,63.0226,18.7671,41.9047,28.8948,29.7784,90+
TLJ3,Hampshire and Isle of Wight,2010,1886496.0000,345622.0000,225960.0000,633947.0000,351266.0000,281856.0000,47845.0000,1211173.0000,329701.0000,18.3208,11.9778,33.6045,18.6200,14.9407,2.5362,64.2023,17.4769,40.6432,28.5361,27.2216,90+
TLJ4,Kent,2010,1714643.0000,334810.0000,196859.0000,566707.0000,321848.0000,253795.0000,40624.0000,1085414.0000,294419.0000,19.5265,11.4810,33.0510,18.7706,14.8016,2.3692,63.3026,17.1709,40.6129,30.8463,27.1250,90+
TLK3,Cornwall and Isles of Scilly,2010,532022.0000,90082.0000,53420.0000,159406.0000,115179.0000,98325.0000,15610.0000,328005.0000,113935.0000,16.9320,10.0409,29.9623,21.6493,18.4814,2.9341,61.6525,21.4155,45.1756,27.4636,34.7358,90+
TLK4,Devon,2010,1129578.0000,189370.0000,130134.0000,342513.0000,229248.0000,202145.0000,36168.0000,701895.0000,238313.0000,16.7647,11.5206,30.3222,20.2950,17.8956,3.2019,62.1378,21.0975,44.0185,26.9798,33.9528,90+
TLK5,West of England,2010,858782.0000,156168.0000,120385.0000,309031.0000,142278.0000,111894.0000,19026.0000,571694.0000,130920.0000,18.1848,14.0181,35.9848,16.5674,13.0294,2.2155,66.5703,15.2448,37.1878,27.3167,22.9004,90+
TLK6,"North Somerset, Somerset and Dorset",2010,1469653.0000,251633.0000,152866.0000,452167.0000,295662.0000,267434.0000,49891.0000,900695.0000,317325.0000,17.1219,10.4015,30.7669,20.1178,18.1971,3.3947,61.2862,21.5918,44.3201,27.9376,35.2311,90+
TLK7,Gloucestershire and Wiltshire,2010,1271235.0000,238056.0000,136108.0000,431004.0000,243679.0000,190965.0000,31423.0000,810791.0000,222388.0000,18.7264,10.7068,33.9044,19.1687,15.0220,2.4718,63.7798,17.4939,41.4326,29.3610,27.4285,90+
TLL3,North Wales,2010,685911.0000,123055.0000,75260.0000,212988.0000,137720.0000,118681.0000,18207.0000,425968.0000,136888.0000,17.9404,10.9723,31.0518,20.0784,17.3027,2.6544,62.1025,19.9571,43.0637,28.8883,32.1357,90+
TLL4,Mid and South West Wales,2010,890022.0000,154903.0000,106462.0000,270282.0000,180384.0000,154230.0000,23761.0000,557128.0000,177991.0000,17.4044,11.9617,30.3680,20.2674,17.3288,2.6697,62.5971,19.9985,43.1337,27.8038,31.9480,90+
TLL5,South East Wales,2010,1474038.0000,277033.0000,188727.0000,495648.0000,270254.0000,210610.0000,31766.0000,954629.0000,242376.0000,18.7942,12.8034,33.6252,18.3343,14.2880,2.1550,64.7628,16.4430,39.4264,29.0200,25.3895,90+
TLM0,Eastern Scotland,2010,910560.0000,159609.0000,108516.0000,296957.0000,182162.0000,143453.0000,19863.0000,587635.0000,163316.0000,17.5287,11.9175,32.6126,20.0055,15.7544,2.1814,64.5356,17.9358,42.0723,27.1612,27.7921,90+
TLM1,East Central Scotland,2010,980650.0000,169062.0000,123984.0000,361074.0000,178405.0000,130000.0000,18125.0000,663463.0000,148125.0000,17.2398,12.6430,36.8199,18.1925,13.2565,1.8483,67.6554,15.1048,38.9977,25.4818,22.3260,90+
TLM2,Highlands and Islands,2010,484920.0000,85540.0000,47556.0000,154987.0000,104567.0000,81427.0000,10843.0000,307110.0000,92270.0000,17.6400,9.8070,31.9614,21.5638,16.7918,2.2360,63.3321,19.0279,44.0184,27.8532,30.0446,90+
TLM3,West Central Scotland,2010,1464120.0000,258266.0000,186457.0000,522294.0000,269818.0000,201408.0000,25877.0000,978569.0000,227285.0000,17.6397,12.7351,35.6729,18.4287,13.7562,1.7674,66.8367,15.5237,39.6075,26.3922,23.2263,90+
TLM5,North Eastern Scotland,2010,471160.0000,79618.0000,59470.0000,167829.0000,92196.0000,63125.0000,8922.0000,319495.0000,72047.0000,16.8983,12.6220,35.6204,19.5679,13.3978,1.8936,67.8103,15.2914,39.9227,24.9200,22.5503,90+
TLM9,Southern Scotland,2010,950790.0000,165725.0000,97965.0000,307381.0000,200540.0000,158898.0000,20281.0000,605886.0000,179179.0000,17.4302,10.3035,32.3290,21.0919,16.7122,2.1331,63.7245,18.8453,43.6568,27.3525,29.5731,90+
TLN0,Northern Ireland,2010,1804833.0000,379959.0000,227699.0000,631878.0000,305662.0000,228805.0000,30830.0000,1165239.0000,259635.0000,21.0523,12.6161,35.0103,16.9357,12.6774,1.7082,64.5622,14.3855,37.0910,32.6078,22.2817,90+
TLC3,Tees Valley,2011,663028.0000,127323.0000,80148.0000,216785.0000,127052.0000,97995.0000,13725.0000,423985.0000,111720.0000,19.2033,12.0882,32.6962,19.1624,14.7799,2.0700,63.9468,16.8500,40.4235,30.0301,26.3500,90+
TLC4,"Northumberland, Durham and Tyne & Wear",2011,1933413.0000,334887.0000,240157.0000,632793.0000,384739.0000,298312.0000,42525.0000,1257689.0000,340837.0000,17.3210,12.4214,32.7293,19.8995,15.4293,2.1995,65.0502,17.6288,41.5014,26.6272,27.1003,90+
TLD1,Cumbria,2011,499817.0000,83283.0000,49661.0000,155754.0000,107552.0000,90126.0000,13441.0000,312967.0000,103567.0000,16.6627,9.9358,31.1622,21.5183,18.0318,2.6892,62.6163,20.7210,45.0214,26.6108,33.0920,90+
TLD3,Greater Manchester,2011,2685386.0000,534365.0000,345233.0000,953242.0000,460333.0000,342525.0000,49688.0000,1758808.0000,392213.0000,19.8990,12.8560,35.4974,17.1422,12.7551,1.8503,65.4955,14.6055,37.2693,30.3822,22.2999,90+
TLD4,Lancashire,2011,1461295.0000,273881.0000,173679.0000,474834.0000,279463.0000,225523.0000,33915.0000,927976.0000,259438.0000,18.7423,11.8853,32.4941,19.1243,15.4331,2.3209,63.5037,17.7540,41.0696,29.5138,27.9574,90+
TLD6,Cheshire,2011,902971.0000,162497.0000,94211.0000,299868.0000,180223.0000,144534.0000,21638.0000,574302.0000,166172.0000,17.9958,10.4334,33.2090,19.9589,16.0065,2.3963,63.6014,18.4028,42.6509,28.2947,28.9346,90+
TLD7,Merseyside,2011,1506492.0000,269871.0000,193680.0000,495939.0000,289093.0000,226065.0000,31844.0000,978712.0000,257909.0000,17.9139,12.8564,32.9201,19.1898,15.0061,2.1138,64.9663,17.1198,40.4525,27.5741,26.3519,90+
TLE1,East Yorkshire and Northern Lincolnshire,2011,918047.0000,165611.0000,106329.0000,297465.0000,181618.0000,145608.0000,21416.0000,585412.0000,167024.0000,18.0395,11.5821,32.4019,19.7831,15.8606,2.3328,63.7671,18.1934,41.8834,28.2896,28.5310,90+
TLE2,North Yorkshire,2011,798989.0000,135234.0000,92933.0000,251111.0000,161697.0000,136107.0000,21907.0000,505741.0000,158014.0000,16.9256,11.6313,31.4286,20.2377,17.0349,2.7418,63.2976,19.7767,43.4041,26.7398,31.2441,90+
TLE3,South Yorkshire,2011,1343805.0000,250423.0000,178549.0000,449060.0000,242669.0000,194487.0000,28617.0000,870278.0000,223104.0000,18.6354,13.2868,33.4171,18.0583,14.4729,2.1296,64.7622,16.6024,39.4011,28.7751,25.6359,90+
TLE4,West Yorkshire,2011,2227371.0000,446504.0000,285620.0000,772584.0000,389640.0000,289466.0000,43557.0000,1447844.0000,333023.0000,20.0462,12.8232,34.6859,17.4933,12.9959,1.9555,65.0024,14.9514,37.6052,30.8392,23.0013,90+
TLF1,Derbyshire and Nottinghamshire,2011,2110326.0000,385191.0000,260157.0000,706220.0000,397471.0000,313536.0000,47751.0000,1363848.0000,361287.0000,18.2527,12.3278,33.4650,18.8346,14.8572,2.2627,64.6274,17.1200,40.6821,28.2430,26.4903,90+
TLF2,"Leicestershire, Rutland and Northamptonshire",2011,1712354.0000,331632.0000,208782.0000,584878.0000,317889.0000,232990.0000,36183.0000,1111549.0000,269173.0000,19.3670,12.1927,34.1564,18.5644,13.6064,2.1131,64.9135,15.7195,39.4156,29.8351,24.2160,90+
TLF3,Lincolnshire,2011,714768.0000,121856.0000,76745.0000,220474.0000,146542.0000,130219.0000,18932.0000,443761.0000,149151.0000,17.0483,10.7371,30.8455,20.5020,18.2184,2.6487,62.0846,20.8671,44.2148,27.4598,33.6107,90+
TLG1,"Herefordshire, Worcestershire and Warwickshire",2011,1296730.0000,230197.0000,135420.0000,421093.0000,260174.0000,216000.0000,33846.0000,816687.0000,249846.0000,17.7521,10.4432,32.4735,20.0639,16.6573,2.6101,62.9805,19.2674,42.9993,28.1867,30.5926,90+
TLG2,Shropshire and Staffordshire,2011,1572204.0000,285642.0000,177870.0000,513763.0000,309372.0000,250389.0000,35168.0000,1001005.0000,285557.0000,18.1683,11.3134,32.6779,19.6776,15.9260,2.2369,63.6689,18.1628,41.9738,28.5355,28.5270,90+
TLG3,West Midlands,2011,2739733.0000,578685.0000,364852.0000,940321.0000,438228.0000,361629.0000,56018.0000,1743401.0000,417647.0000,21.1219,13.3171,34.3216,15.9953,13.1994,2.0447,63.6340,15.2441,36.2447,33.1929,23.9559,90+
TLH2,Bedfordshire and Hertfordshire,2011,1736949.0000,352270.0000,192103.0000,620225.0000,307598.0000,228303.0000,36450.0000,1119926.0000,264753.0000,20.2810,11.0598,35.7077,17.7091,13.1439,2.0985,64.4766,15.2424,38.8636,31.4548,23.6402,90+
TLH3,Essex,2011,1729141.0000,327459.0000,184016.0000,579156.0000,329102.0000,266115.0000,43293.0000,1092274.0000,309408.0000,18.9377,10.6420,33.4939,19.0327,15.3900,2.5037,63.1686,17.8937,41.3445,29.9796,28.3270,90+
TLH4,Cambridgeshire and Peterborough,2011,806769.0000,152070.0000,97545.0000,286998.0000,143729.0000,109002.0000,17425.0000,528272.0000,126427.0000,18.8493,12.0908,35.5738,17.8154,13.5109,2.1598,65.4800,15.6708,38.7372,28.7863,23.9322,90+
TLH5,Norfolk,2011,859426.0000,144702.0000,92391.0000,264388.0000,171016.0000,160896.0000,26033.0000,527795.0000,186929.0000,16.8371,10.7503,30.7633,19.8989,18.7213,3.0291,61.4125,21.7504,44.0592,27.4163,35.4170,90+
TLH6,Suffolk,2011,730133.0000,132987.0000,75069.0000,232268.0000,143471.0000,125390.0000,20948.0000,450808.0000,146338.0000,18.2141,10.2816,31.8117,19.6500,17.1736,2.8691,61.7433,20.0426,42.8589,29.4997,32.4613,90+
TLI3,Inner London - West,2011,1095487.0000,174179.0000,130265.0000,532239.0000,146041.0000,98099.0000,14664.0000,808545.0000,112763.0000,15.8997,11.8911,48.5847,13.3311,8.9548,1.3386,73.8069,10.2934,33.5122,21.5423,13.9464,90+
TLI4,Inner London - East,2011,2145615.0000,421902.0000,291854.0000,1010478.0000,255190.0000,146252.0000,19939.0000,1557522.0000,166191.0000,19.6635,13.6023,47.0950,11.8936,6.8163,0.9293,72.5909,7.7456,31.4306,27.0880,10.6702,90+
TLI5,Outer London - East and North East,2011,1768285.0000,385383.0000,215373.0000,670681.0000,272809.0000,191921.0000,32118.0000,1158863.0000,224039.0000,21.7942,12.1798,37.9283,15.4279,10.8535,1.8163,65.5360,12.6698,34.9513,33.2553,19.3327,90+
TLI6,Outer London - South,2011,1227471.0000,247652.0000,134723.0000,473278.0000,203496.0000,143761.0000,24561.0000,811497.0000,168322.0000,20.1758,10.9757,38.5572,16.5785,11.7120,2.0009,66.1113,13.7129,37.1694,30.5179,20.7422,90+
TLI7,Outer London - West and North West,2011,1967549.0000,400745.0000,230013.0000,793323.0000,304653.0000,206008.0000,32807.0000,1327989.0000,238815.0000,20.3677,11.6903,40.3204,15.4839,10.4703,1.6674,67.4946,12.1377,34.8653,30.1768,17.9832,90+
TLJ1,"Berkshire, Buckinghamshire and Oxfordshire",2011,2275173.0000,458697.0000,252978.0000,824685.0000,404089.0000,288962.0000,45762.0000,1481752.0000,334724.0000,20.1610,11.1191,36.2471,17.7608,12.7007,2.0114,65.1270,14.7120,38.4303,30.9564,22.5897,90+
TLJ2,"Surrey, East and West Sussex",2011,2744447.0000,499574.0000,288956.0000,917417.0000,517733.0000,437400.0000,83367.0000,1724106.0000,520767.0000,18.2031,10.5288,33.4281,18.8647,15.9376,3.0377,62.8216,18.9753,42.0622,28.9758,30.2050,90+
TLJ3,Hampshire and Isle of Wight,2011,1901813.0000,348211.0000,228998.0000,631837.0000,355050.0000,288802.0000,48915.0000,1215885.0000,337717.0000,18.3094,12.0410,33.2229,18.6690,15.1856,2.5720,63.9329,17.7576,40.7888,28.6385,27.7754,90+
TLJ4,Kent,2011,1731351.0000,337268.0000,199683.0000,567178.0000,324960.0000,260644.0000,41618.0000,1091821.0000,302262.0000,19.4800,11.5334,32.7593,18.7692,15.0544,2.4038,63.0618,17.4582,40.7729,30.8904,27.6842,90+
TLK3,Cornwall and Isles of Scilly,2011,535984.0000,90318.0000,54290.0000,159264.0000,115099.0000,101022.0000,15991.0000,328653.0000,117013.0000,16.8509,10.1290,29.7143,21.4743,18.8480,2.9835,61.3177,21.8314,45.3774,27.4813,35.6038,90+
TLK4,Devon,2011,1135491.0000,189702.0000,131366.0000,341251.0000,230188.0000,206240.0000,36744.0000,702805.0000,242984.0000,16.7066,11.5691,30.0532,20.2721,18.1631,3.2360,61.8944,21.3990,44.2296,26.9921,34.5735,90+
TLK5,West of England,2011,867029.0000,158231.0000,122534.0000,309133.0000,144242.0000,113448.0000,19441.0000,575909.0000,132889.0000,18.2498,14.1326,35.6543,16.6364,13.0847,2.2423,66.4233,15.3269,37.1328,27.4750,23.0747,90+
TLK6,"North Somerset, Somerset and Dorset",2011,1480010.0000,252383.0000,153726.0000,452050.0000,298116.0000,273036.0000,50699.0000,903892.0000,323735.0000,17.0528,10.3868,30.5437,20.1428,18.4483,3.4256,61.0734,21.8738,44.5707,27.9218,35.8157,90+
TLK7,Gloucestershire and Wiltshire,2011,1282317.0000,239315.0000,136784.0000,430275.0000,248034.0000,195537.0000,32372.0000,815093.0000,227909.0000,18.6627,10.6669,33.5545,19.3426,15.2487,2.5245,63.5641,17.7732,41.6818,29.3605,27.9611,90+
TLL3,North Wales,2011,688417.0000,123267.0000,76148.0000,211195.0000,138367.0000,120854.0000,18586.0000,425710.0000,139440.0000,17.9059,11.0613,30.6784,20.0993,17.5553,2.6998,61.8390,20.2552,43.2785,28.9556,32.7547,90+
TLL4,Mid and South West Wales,2011,893509.0000,154950.0000,107335.0000,269025.0000,181299.0000,156583.0000,24317.0000,557659.0000,180900.0000,17.3417,12.0127,30.1088,20.2907,17.5245,2.7215,62.4122,20.2460,43.2989,27.7858,32.4392,90+
TLL5,South East Wales,2011,1481832.0000,277624.0000,189032.0000,494863.0000,274260.0000,213625.0000,32428.0000,958155.0000,246053.0000,18.7352,12.7566,33.3954,18.5082,14.4163,2.1884,64.6602,16.6046,39.5989,28.9749,25.6799,90+
TLM0,Eastern Scotland,2011,917380.0000,158761.0000,110807.0000,296692.0000,184822.0000,145854.0000,20444.0000,592321.0000,166298.0000,17.3059,12.0786,32.3412,20.1467,15.8990,2.2285,64.5666,18.1275,42.2649,26.8032,28.0757,90+
TLM1,East Central Scotland,2011,992860.0000,170637.0000,126054.0000,363425.0000,182306.0000,131819.0000,18619.0000,671785.0000,150438.0000,17.1864,12.6960,36.6039,18.3617,13.2767,1.8753,67.6616,15.1520,39.0407,25.4005,22.3938,90+
TLM2,Highlands and Islands,2011,487480.0000,85340.0000,47985.0000,153815.0000,105973.0000,83271.0000,11096.0000,307773.0000,94367.0000,17.5064,9.8435,31.5531,21.7389,17.0819,2.2762,63.1355,19.3581,44.3240,27.7282,30.6612,90+
TLM3,West Central Scotland,2011,1473120.0000,257379.0000,187511.0000,522941.0000,275843.0000,202764.0000,26682.0000,986295.0000,229446.0000,17.4717,12.7288,35.4989,18.7251,13.7643,1.8113,66.9528,15.5755,39.7467,26.0955,23.2634,90+
TLM5,North Eastern Scotland,2011,476110.0000,79735.0000,60461.0000,169275.0000,93259.0000,64252.0000,9128.0000,322995.0000,73380.0000,16.7472,12.6990,35.5538,19.5877,13.4952,1.9172,67.8404,15.4124,39.9310,24.6861,22.7186,90+
TLM9,Southern Scotland,2011,952950.0000,164251.0000,98242.0000,304521.0000,203501.0000,161360.0000,21075.0000,606264.0000,182435.0000,17.2361,10.3093,31.9556,21.3548,16.9327,2.2116,63.6197,19.1442,44.0297,27.0923,30.0917,90+
TLN0,Northern Ireland,2011,1814318.0000,380806.0000,225511.0000,630567.0000,311672.0000,233997.0000,31765.0000,1167750.0000,265762.0000,20.9889,12.4295,34.7550,17.1785,12.8972,1.7508,64.3630,14.6480,37.3557,32.6102,22.7585,90+
TLC3,Tees Valley,2012,664161.0000,127392.0000,79196.0000,214740.0000,127431.0000,101369.0000,14033.0000,421367.0000,115402.0000,19.1809,11.9242,32.3325,19.1868,15.2627,2.1129,63.4435,17.3756,40.6744,30.2330,27.3875,90+
TLC4,"Northumberland, Durham and Tyne & Wear",2012,1934811.0000,334556.0000,237797.0000,626417.0000,383181.0000,309343.0000,43517.0000,1247395.0000,352860.0000,17.2914,12.2905,32.3761,19.8046,15.9883,2.2492,64.4712,18.2374,41.7772,26.8204,28.2878,90+
TLD1,Cumbria,2012,498835.0000,82554.0000,49742.0000,152726.0000,106429.0000,93537.0000,13847.0000,308897.0000,107384.0000,16.5494,9.9716,30.6165,21.3355,18.7511,2.7759,61.9237,21.5270,45.4167,26.7254,34.7637,90+
TLD3,Greater Manchester,2012,2700093.0000,540036.0000,340488.0000,953326.0000,460487.0000,355153.0000,50603.0000,1754301.0000,405756.0000,20.0006,12.6102,35.3072,17.0545,13.1534,1.8741,64.9719,15.0275,37.3360,30.7835,23.1292,90+
TLD4,Lancashire,2012,1465418.0000,274712.0000,173222.0000,470917.0000,277827.0000,234328.0000,34412.0000,921966.0000,268740.0000,18.7463,11.8207,32.1353,18.9589,15.9905,2.3483,62.9149,18.3388,41.2986,29.7963,29.1486,90+
TLD6,Cheshire,2012,907646.0000,163368.0000,93772.0000,297797.0000,179614.0000,150875.0000,22220.0000,571183.0000,173095.0000,17.9991,10.3313,32.8098,19.7890,16.6227,2.4481,62.9302,19.0708,42.9538,28.6017,30.3046,90+
TLD7,Merseyside,2012,1507352.0000,269895.0000,189954.0000,492108.0000,289467.0000,233291.0000,32637.0000,971529.0000,265928.0000,17.9052,12.6018,32.6472,19.2037,15.4769,2.1652,64.4527,17.6421,40.7520,27.7804,27.3721,90+
TLE1,East Yorkshire and Northern Lincolnshire,2012,920439.0000,166188.0000,105097.0000,295081.0000,180493.0000,151748.0000,21832.0000,580671.0000,173580.0000,18.0553,11.4181,32.0587,19.6094,16.4865,2.3719,63.0863,18.8584,42.1345,28.6200,29.8930,90+
TLE2,North Yorkshire,2012,803120.0000,134940.0000,93569.0000,249397.0000,160831.0000,142055.0000,22328.0000,503797.0000,164383.0000,16.8020,11.6507,31.0535,20.0258,17.6879,2.7802,62.7300,20.4680,43.6723,26.7846,32.6288,90+
TLE3,South Yorkshire,2012,1348437.0000,250889.0000,178284.0000,447114.0000,242516.0000,200569.0000,29065.0000,867914.0000,229634.0000,18.6059,13.2215,33.1579,17.9850,14.8742,2.1555,64.3644,17.0296,39.5647,28.9071,26.4582,90+
TLE4,West Yorkshire,2012,2241490.0000,449402.0000,287479.0000,771468.0000,388643.0000,300098.0000,44400.0000,1447590.0000,344498.0000,20.0493,12.8254,34.4176,17.3386,13.3883,1.9808,64.5816,15.3692,37.6550,31.0448,23.7980,90+
TLF1,Derbyshire and Nottinghamshire,2012,2121441.0000,386188.0000,262095.0000,701837.0000,396659.0000,325793.0000,48869.0000,1360591.0000,374662.0000,18.2040,12.3546,33.0830,18.6976,15.3572,2.3036,64.1352,17.6607,40.9190,28.3838,27.5367,90+
TLF2,"Leicestershire, Rutland and Northamptonshire",2012,1729454.0000,335349.0000,209756.0000,584974.0000,318295.0000,243894.0000,37186.0000,1113025.0000,281080.0000,19.3905,12.1285,33.8242,18.4044,14.1024,2.1502,64.3570,16.2525,39.5937,30.1295,25.2537,90+
TLF3,Lincolnshire,2012,719807.0000,122301.0000,77805.0000,219509.0000,145114.0000,135774.0000,19304.0000,442428.0000,155078.0000,16.9908,10.8091,30.4955,20.1601,18.8626,2.6818,61.4648,21.5444,44.4112,27.6431,35.0516,90+
TLG1,"Herefordshire, Worcestershire and Warwickshire",2012,1304603.0000,230785.0000,136352.0000,418388.0000,259254.0000,225005.0000,34819.0000,813994.0000,259824.0000,17.6901,10.4516,32.0701,19.8723,17.2470,2.6689,62.3940,19.9159,43.2916,28.3522,31.9196,90+
TLG2,Shropshire and Staffordshire,2012,1576889.0000,285540.0000,176584.0000,508876.0000,308219.0000,261399.0000,36271.0000,993679.0000,297670.0000,18.1078,11.1983,32.2709,19.5460,16.5769,2.3002,63.0152,18.8770,42.3167,28.7356,29.9564,90+
TLG3,West Midlands,2012,2758833.0000,584678.0000,361116.0000,944446.0000,442355.0000,368951.0000,57287.0000,1747917.0000,426238.0000,21.1929,13.0894,34.2335,16.0341,13.3734,2.0765,63.3571,15.4499,36.2835,33.4500,24.3855,90+
TLH2,Bedfordshire and Hertfordshire,2012,1757277.0000,357353.0000,190946.0000,624010.0000,310263.0000,237262.0000,37443.0000,1125219.0000,274705.0000,20.3356,10.8660,35.5101,17.6559,13.5017,2.1307,64.0320,15.6324,38.9881,31.7585,24.4135,90+
TLH3,Essex,2012,1742829.0000,329806.0000,184143.0000,579053.0000,326738.0000,278811.0000,44278.0000,1089934.0000,323089.0000,18.9236,10.5658,33.2249,18.7476,15.9976,2.5406,62.5382,18.5382,41.5533,30.2593,29.6430,90+
TLH4,Cambridgeshire and Peterborough,2012,817454.0000,154091.0000,98625.0000,288693.0000,144036.0000,114058.0000,17951.0000,531354.0000,132009.0000,18.8501,12.0649,35.3161,17.6201,13.9528,2.1960,65.0011,16.1488,38.8242,28.9997,24.8439,90+
TLH5,Norfolk,2012,864776.0000,145024.0000,92504.0000,264313.0000,168414.0000,167848.0000,26673.0000,525231.0000,194521.0000,16.7701,10.6969,30.5643,19.4749,19.4094,3.0844,60.7361,22.4938,44.2819,27.6115,37.0353,90+
TLH6,Suffolk,2012,732697.0000,132480.0000,75067.0000,230637.0000,141663.0000,131362.0000,21488.0000,447367.0000,152850.0000,18.0811,10.2453,31.4778,19.3345,17.9286,2.9327,61.0576,20.8613,43.2247,29.6133,34.1666,90+
TLI3,Inner London - West,2012,1100641.0000,176046.0000,131695.0000,531012.0000,146749.0000,100413.0000,14726.0000,809456.0000,115139.0000,15.9949,11.9653,48.2457,13.3330,9.1231,1.3379,73.5441,10.4611,33.6827,21.7487,14.2242,90+
TLI4,Inner London - East,2012,2179491.0000,428481.0000,290232.0000,1028142.0000,263544.0000,148926.0000,20166.0000,1581918.0000,169092.0000,19.6597,13.3165,47.1735,12.0920,6.8331,0.9253,72.5820,7.7583,31.6537,27.0862,10.6890,90+
TLI5,Outer London - East and North East,2012,1792986.0000,392983.0000,215536.0000,679147.0000,275901.0000,196781.0000,32638.0000,1170584.0000,229419.0000,21.9178,12.0211,37.8780,15.3878,10.9750,1.8203,65.2868,12.7954,34.9959,33.5715,19.5987,90+
TLI6,Outer London - South,2012,1245990.0000,252917.0000,135241.0000,478552.0000,205360.0000,149057.0000,24863.0000,819153.0000,173920.0000,20.2985,10.8541,38.4074,16.4817,11.9629,1.9954,65.7431,13.9584,37.2134,30.8754,21.2317,90+
TLI7,Outer London - West and North West,2012,2001659.0000,411042.0000,230157.0000,805238.0000,309639.0000,212126.0000,33457.0000,1345034.0000,245583.0000,20.5351,11.4983,40.2285,15.4691,10.5975,1.6715,67.1960,12.2690,34.9970,30.5600,18.2585,90+
TLJ1,"Berkshire, Buckinghamshire and Oxfordshire",2012,2304463.0000,465351.0000,254596.0000,828631.0000,406980.0000,301888.0000,47017.0000,1490207.0000,348905.0000,20.1935,11.0480,35.9577,17.6605,13.1001,2.0403,64.6661,15.1404,38.5752,31.2273,23.4132,90+
TLJ2,"Surrey, East and West Sussex",2012,2766941.0000,504609.0000,288226.0000,917615.0000,516991.0000,454753.0000,84747.0000,1722832.0000,539500.0000,18.2371,10.4168,33.1635,18.6846,16.4352,3.0628,62.2649,19.4981,42.2537,29.2895,31.3147,90+
TLJ3,Hampshire and Isle of Wight,2012,1914030.0000,349061.0000,229060.0000,629778.0000,354304.0000,301757.0000,50070.0000,1213142.0000,351827.0000,18.2370,11.9674,32.9032,18.5109,15.7655,2.6159,63.3816,18.3815,41.0688,28.7733,29.0013,90+
TLJ4,Kent,2012,1746406.0000,339255.0000,199985.0000,567538.0000,323710.0000,273470.0000,42448.0000,1091233.0000,315918.0000,19.4259,11.4512,32.4975,18.5358,15.6590,2.4306,62.4845,18.0896,41.0023,31.0891,28.9506,90+
TLK3,Cornwall and Isles of Scilly,2012,539660.0000,90860.0000,55282.0000,158362.0000,113142.0000,105724.0000,16290.0000,326786.0000,122014.0000,16.8365,10.2439,29.3448,20.9654,19.5909,3.0186,60.5541,22.6094,45.5845,27.8041,37.3376,90+
TLK4,Devon,2012,1140828.0000,190123.0000,131649.0000,339033.0000,227828.0000,214860.0000,37335.0000,698510.0000,252195.0000,16.6654,11.5398,29.7182,19.9704,18.8337,3.2726,61.2283,22.1063,44.4900,27.2184,36.1047,90+
TLK5,West of England,2012,875603.0000,160295.0000,121880.0000,311707.0000,144838.0000,117135.0000,19748.0000,578425.0000,136883.0000,18.3068,13.9196,35.5991,16.5415,13.3776,2.2554,66.0602,15.6330,37.1478,27.7123,23.6648,90+
TLK6,"North Somerset, Somerset and Dorset",2012,1489344.0000,253641.0000,152431.0000,451047.0000,296251.0000,284508.0000,51466.0000,899729.0000,335974.0000,17.0304,10.2348,30.2849,19.8914,19.1029,3.4556,60.4111,22.5585,44.8671,28.1908,37.3417,90+
TLK7,Gloucestershire and Wiltshire,2012,1290908.0000,240693.0000,135225.0000,428352.0000,249056.0000,204334.0000,33248.0000,812633.0000,237582.0000,18.6452,10.4752,33.1822,19.2931,15.8287,2.5756,62.9505,18.4043,42.0164,29.6189,29.2361,90+
TLL3,North Wales,2012,689203.0000,123349.0000,75260.0000,209656.0000,136740.0000,125190.0000,19008.0000,421656.0000,144198.0000,17.8973,10.9199,30.4201,19.8403,18.1645,2.7580,61.1802,20.9224,43.5757,29.2535,34.1980,90+
TLL4,Mid and South West Wales,2012,895079.0000,154394.0000,107877.0000,266264.0000,179751.0000,161912.0000,24881.0000,553892.0000,186793.0000,17.2492,12.0522,29.7475,20.0821,18.0891,2.7798,61.8819,20.8689,43.5428,27.8744,33.7237,90+
TLL5,South East Wales,2012,1486646.0000,278013.0000,188744.0000,491701.0000,273978.0000,221210.0000,33000.0000,954423.0000,254210.0000,18.7007,12.6960,33.0745,18.4293,14.8798,2.2198,64.1997,17.0996,39.7799,29.1289,26.6349,90+
TLM0,Eastern Scotland,2012,918690.0000,157484.0000,110390.0000,293986.0000,184329.0000,151551.0000,20950.0000,588705.0000,172501.0000,17.1422,12.0160,32.0006,20.0643,16.4964,2.2804,64.0809,18.7768,42.6111,26.7509,29.3018,90+
TLM1,East Central Scotland,2012,997950.0000,171268.0000,124738.0000,362815.0000,183293.0000,136684.0000,19152.0000,670846.0000,155836.0000,17.1620,12.4994,36.3560,18.3670,13.6965,1.9191,67.2224,15.6156,39.2779,25.5302,23.2298,90+
TLM2,Highlands and Islands,2012,485130.0000,83702.0000,47283.0000,150871.0000,105501.0000,86459.0000,11314.0000,303655.0000,97773.0000,17.2535,9.7465,31.0991,21.7470,17.8218,2.3322,62.5925,20.1540,44.8714,27.5648,32.1987,90+
TLM3,West Central Scotland,2012,1474110.0000,256277.0000,184932.0000,519008.0000,279200.0000,207628.0000,27065.0000,983140.0000,234693.0000,17.3852,12.5453,35.2082,18.9402,14.0850,1.8360,66.6938,15.9210,39.9989,26.0672,23.8718,90+
TLM5,North Eastern Scotland,2012,479790.0000,80512.0000,60053.0000,169652.0000,93383.0000,66849.0000,9341.0000,323088.0000,76190.0000,16.7807,12.5165,35.3596,19.4633,13.9330,1.9469,67.3395,15.8799,40.0621,24.9195,23.5818,90+
TLM9,Southern Scotland,2012,952530.0000,162552.0000,97635.0000,300323.0000,203067.0000,167522.0000,21431.0000,601025.0000,188953.0000,17.0653,10.2501,31.5290,21.3187,17.5871,2.2499,63.0978,19.8370,44.4504,27.0458,31.4385,90+
TLN0,Northern Ireland,2012,1824603.0000,381966.0000,222840.0000,629454.0000,317374.0000,240256.0000,32713.0000,1169668.0000,272969.0000,20.9342,12.2131,34.4981,17.3941,13.1676,1.7929,64.1053,14.9605,37.5961,32.6559,23.3373,90+
TLC3,Tees Valley,2013,665405.0000,127805.0000,77634.0000,213390.0000,128543.0000,103869.0000,14164.0000,419567.0000,118033.0000,19.2071,11.6672,32.0692,19.3180,15.6099,2.1286,63.0544,17.7385,40.8719,30.4612,28.1321,90+
TLC4,"Northumberland, Durham and Tyne & Wear",2013,1937894.0000,333781.0000,236766.0000,621277.0000,384728.0000,317448.0000,43894.0000,1242771.0000,361342.0000,17.2239,12.2177,32.0594,19.8529,16.3811,2.2650,64.1300,18.6461,42.0156,26.8578,29.0755,90+
TLD1,Cumbria,2013,498080.0000,81867.0000,49606.0000,150517.0000,106049.0000,96061.0000,13980.0000,306172.0000,110041.0000,16.4365,9.9594,30.2194,21.2916,19.2863,2.8068,61.4704,22.0930,45.7511,26.7389,35.9409,90+
TLD3,Greater Manchester,2013,2714958.0000,545317.0000,334420.0000,955521.0000,463926.0000,365236.0000,50538.0000,1753867.0000,415774.0000,20.0857,12.3177,35.1947,17.0878,13.4527,1.8615,64.6002,15.3142,37.3928,31.0923,23.7061,90+
TLD4,Lancashire,2013,1470467.0000,275034.0000,172643.0000,468635.0000,278676.0000,240849.0000,34630.0000,919954.0000,275479.0000,18.7039,11.7407,31.8698,18.9515,16.3791,2.3550,62.5620,18.7341,41.5097,29.8965,29.9449,90+
TLD6,Cheshire,2013,913337.0000,163632.0000,93805.0000,296514.0000,180749.0000,156016.0000,22621.0000,571068.0000,178637.0000,17.9158,10.2706,32.4649,19.7900,17.0820,2.4767,62.5254,19.5587,43.1883,28.6537,31.2812,90+
TLD7,Merseyside,2013,1508304.0000,269346.0000,187098.0000,489500.0000,291383.0000,237890.0000,33087.0000,967981.0000,270977.0000,17.8575,12.4045,32.4537,19.3186,15.7720,2.1937,64.1768,17.9657,40.9497,27.8255,27.9940,90+
TLE1,East Yorkshire and Northern Lincolnshire,2013,921431.0000,166083.0000,103107.0000,293055.0000,180695.0000,156603.0000,21888.0000,576857.0000,178491.0000,18.0245,11.1899,31.8043,19.6103,16.9956,2.3754,62.6045,19.3711,42.4214,28.7910,30.9420,90+
TLE2,North Yorkshire,2013,805319.0000,134547.0000,93136.0000,247460.0000,161340.0000,146314.0000,22522.0000,501936.0000,168836.0000,16.7073,11.5651,30.7282,20.0343,18.1685,2.7967,62.3276,20.9651,43.9638,26.8056,33.6370,90+
TLE3,South Yorkshire,2013,1352510.0000,251113.0000,176542.0000,446374.0000,244096.0000,205128.0000,29257.0000,867012.0000,234385.0000,18.5664,13.0529,33.0034,18.0476,15.1665,2.1632,64.1039,17.3296,39.6943,28.9630,27.0337,90+
TLE4,West Yorkshire,2013,2255832.0000,453351.0000,286577.0000,771652.0000,391300.0000,308394.0000,44558.0000,1449529.0000,352952.0000,20.0968,12.7038,34.2070,17.3461,13.6710,1.9752,64.2570,15.6462,37.7041,31.2757,24.3494,90+
TLF1,Derbyshire and Nottinghamshire,2013,2131614.0000,386362.0000,261531.0000,699147.0000,399555.0000,335488.0000,49531.0000,1360233.0000,385019.0000,18.1253,12.2692,32.7989,18.7442,15.7387,2.3236,63.8124,18.0623,41.1364,28.4041,28.3054,90+
TLF2,"Leicestershire, Rutland and Northamptonshire",2013,1747053.0000,338677.0000,210256.0000,586326.0000,321191.0000,252751.0000,37852.0000,1117773.0000,290603.0000,19.3856,12.0349,33.5609,18.3847,14.4673,2.1666,63.9805,16.6339,39.7253,30.2993,25.9984,90+
TLF3,Lincolnshire,2013,725901.0000,123188.0000,78589.0000,219535.0000,144796.0000,140106.0000,19687.0000,442920.0000,159793.0000,16.9704,10.8264,30.2431,19.9471,19.3010,2.7121,61.0166,22.0131,44.5155,27.8127,36.0772,90+
TLG1,"Herefordshire, Worcestershire and Warwickshire",2013,1311796.0000,231436.0000,136502.0000,416133.0000,260039.0000,232226.0000,35460.0000,812674.0000,267686.0000,17.6427,10.4057,31.7224,19.8231,17.7029,2.7032,61.9512,20.4061,43.5353,28.4783,32.9389,90+
TLG2,Shropshire and Staffordshire,2013,1583336.0000,284815.0000,175692.0000,506968.0000,308906.0000,270269.0000,36686.0000,991566.0000,306955.0000,17.9883,11.0963,32.0190,19.5098,17.0696,2.3170,62.6251,19.3866,42.6242,28.7238,30.9566,90+
TLG3,West Midlands,2013,2781813.0000,591519.0000,360764.0000,948848.0000,448669.0000,373963.0000,58050.0000,1758281.0000,432013.0000,21.2638,12.9687,34.1090,16.1287,13.4431,2.0868,63.2063,15.5299,36.2435,33.6419,24.5702,90+
TLH2,Bedfordshire and Hertfordshire,2013,1780402.0000,362077.0000,191747.0000,628469.0000,316025.0000,243723.0000,38361.0000,1136241.0000,282084.0000,20.3368,10.7699,35.2993,17.7502,13.6892,2.1546,63.8194,15.8438,39.0397,31.8662,24.8261,90+
TLH3,Essex,2013,1756952.0000,331955.0000,184421.0000,578854.0000,327992.0000,288558.0000,45172.0000,1091267.0000,333730.0000,18.8938,10.4966,32.9465,18.6682,16.4238,2.5710,62.1114,18.9948,41.7636,30.4192,30.5819,90+
TLH4,Cambridgeshire and Peterborough,2013,827484.0000,156139.0000,99217.0000,290359.0000,145595.0000,117757.0000,18417.0000,535171.0000,136174.0000,18.8691,11.9902,35.0894,17.5949,14.2307,2.2257,64.6745,16.4564,38.8762,29.1755,25.4450,90+
TLH5,Norfolk,2013,870771.0000,145314.0000,93445.0000,264171.0000,167926.0000,172682.0000,27233.0000,525542.0000,199915.0000,16.6880,10.7313,30.3376,19.2847,19.8309,3.1275,60.3536,22.9584,44.4689,27.6503,38.0398,90+
TLH6,Suffolk,2013,734875.0000,131348.0000,75202.0000,229058.0000,141582.0000,135671.0000,22014.0000,445842.0000,157685.0000,17.8735,10.2333,31.1697,19.2661,18.4618,2.9956,60.6691,21.4574,43.5824,29.4607,35.3679,90+
TLI3,Inner London - West,2013,1104481.0000,176641.0000,133778.0000,528291.0000,148924.0000,101861.0000,14986.0000,810993.0000,116847.0000,15.9931,12.1123,47.8316,13.4836,9.2225,1.3568,73.4275,10.5794,33.8776,21.7808,14.4079,90+
TLI4,Inner London - East,2013,2218849.0000,434812.0000,294238.0000,1044060.0000,274147.0000,151385.0000,20207.0000,1612445.0000,171592.0000,19.5963,13.2608,47.0541,12.3554,6.8227,0.9107,72.6703,7.7334,31.8282,26.9660,10.6417,90+
TLI5,Outer London - East and North East,2013,1818652.0000,400452.0000,214438.0000,688769.0000,281917.0000,200160.0000,32916.0000,1185124.0000,233076.0000,22.0192,11.7910,37.8725,15.5014,11.0060,1.8099,65.1650,12.8159,35.0862,33.7899,19.6668,90+
TLI6,Outer London - South,2013,1262477.0000,256087.0000,135783.0000,482985.0000,209670.0000,152701.0000,25251.0000,828438.0000,177952.0000,20.2845,10.7553,38.2569,16.6078,12.0953,2.0001,65.6200,14.0955,37.3083,30.9120,21.4804,90+
TLI7,Outer London - West and North West,2013,2034528.0000,419396.0000,231521.0000,816205.0000,316271.0000,217255.0000,33880.0000,1363997.0000,251135.0000,20.6139,11.3796,40.1177,15.5452,10.6784,1.6653,67.0424,12.3436,35.1636,30.7476,18.4117,90+
TLJ1,"Berkshire, Buckinghamshire and Oxfordshire",2013,2334187.0000,471535.0000,257311.0000,832150.0000,412706.0000,312488.0000,47997.0000,1502167.0000,360485.0000,20.2013,11.0236,35.6505,17.6809,13.3874,2.0563,64.3550,15.4437,38.6672,31.3903,23.9977,90+
TLJ2,"Surrey, East and West Sussex",2013,2790609.0000,508596.0000,288741.0000,918103.0000,521623.0000,468028.0000,85518.0000,1728467.0000,553546.0000,18.2253,10.3469,32.8997,18.6921,16.7715,3.0645,61.9387,19.8360,42.4394,29.4247,32.0253,90+
TLJ3,Hampshire and Isle of Wight,2013,1923481.0000,349530.0000,227987.0000,626593.0000,357615.0000,311345.0000,50411.0000,1212195.0000,361756.0000,18.1717,11.8528,32.5760,18.5921,16.1865,2.6208,63.0209,18.8074,41.3220,28.8345,29.8431,90+
TLJ4,Kent,2013,1761105.0000,340131.0000,201009.0000,568088.0000,325635.0000,283117.0000,43125.0000,1094732.0000,326242.0000,19.3135,11.4138,32.2575,18.4904,16.0761,2.4487,62.1617,18.5248,41.1817,31.0698,29.8011,90+
TLK3,Cornwall and Isles of Scilly,2013,542275.0000,90971.0000,55576.0000,157578.0000,112542.0000,109132.0000,16476.0000,325696.0000,125608.0000,16.7758,10.2487,29.0587,20.7537,20.1248,3.0383,60.0610,23.1632,45.8192,27.9313,38.5660,90+
TLK4,Devon,2013,1146900.0000,190508.0000,132142.0000,337859.0000,227428.0000,221375.0000,37588.0000,697429.0000,258963.0000,16.6107,11.5217,29.4585,19.8298,19.3020,3.2774,60.8099,22.5794,44.6885,27.3158,37.1311,90+
TLK5,West of England,2013,885894.0000,161523.0000,123679.0000,314330.0000,146384.0000,120148.0000,19830.0000,584393.0000,139978.0000,18.2328,13.9609,35.4817,16.5239,13.5623,2.2384,65.9665,15.8008,37.0360,27.6394,23.9527,90+
TLK6,"North Somerset, Somerset and Dorset",2013,1499002.0000,254559.0000,152216.0000,449975.0000,296767.0000,293264.0000,52221.0000,898958.0000,345485.0000,16.9819,10.1545,30.0183,19.7976,19.5639,3.4837,59.9704,23.0477,45.0998,28.3171,38.4317,90+
TLK7,Gloucestershire and Wiltshire,2013,1300712.0000,241050.0000,135261.0000,427235.0000,252034.0000,211542.0000,33590.0000,814530.0000,245132.0000,18.5322,10.3990,32.8462,19.3766,16.2636,2.5824,62.6219,18.8460,42.3132,29.5938,30.0949,90+
TLL3,North Wales,2013,688741.0000,122915.0000,74128.0000,207964.0000,136166.0000,128399.0000,19169.0000,418258.0000,147568.0000,17.8463,10.7628,30.1948,19.7703,18.6426,2.7832,60.7279,21.4258,43.8788,29.3874,35.2816,90+
TLL4,Mid and South West Wales,2013,893690.0000,153164.0000,106286.0000,263705.0000,179226.0000,166182.0000,25127.0000,549217.0000,191309.0000,17.1384,11.8929,29.5074,20.0546,18.5950,2.8116,61.4550,21.4066,43.8646,27.8877,34.8330,90+
TLL5,South East Wales,2013,1488627.0000,277430.0000,186569.0000,489570.0000,274917.0000,227304.0000,32837.0000,951056.0000,260141.0000,18.6366,12.5330,32.8874,18.4678,15.2694,2.2059,63.8881,17.4752,39.9707,29.1707,27.3529,90+
TLM0,Eastern Scotland,2013,918780.0000,156376.0000,108947.0000,291093.0000,185567.0000,155568.0000,21229.0000,585607.0000,176797.0000,17.0200,11.8578,31.6826,20.1971,16.9320,2.3106,63.7375,19.2426,42.9611,26.7032,30.1904,90+
TLM1,East Central Scotland,2013,1001730.0000,171918.0000,122667.0000,361101.0000,186165.0000,140523.0000,19356.0000,669933.0000,159879.0000,17.1621,12.2455,36.0477,18.5843,14.0280,1.9323,66.8776,15.9603,39.5437,25.6620,23.8649,90+
TLM2,Highlands and Islands,2013,487530.0000,82396.0000,47829.0000,150666.0000,106073.0000,89100.0000,11466.0000,304568.0000,100566.0000,16.9007,9.8105,30.9039,21.7572,18.2758,2.3519,62.4716,20.6277,45.1648,27.0534,33.0192,90+
TLM3,West Central Scotland,2013,1473170.0000,255370.0000,180033.0000,515870.0000,283824.0000,210783.0000,27290.0000,979727.0000,238073.0000,17.3347,12.2208,35.0177,19.2662,14.3081,1.8525,66.5047,16.1606,40.2229,26.0654,24.2999,90+
TLM5,North Eastern Scotland,2013,483390.0000,81097.0000,59702.0000,170031.0000,94234.0000,68781.0000,9545.0000,323967.0000,78326.0000,16.7767,12.3507,35.1747,19.4944,14.2289,1.9746,67.0198,16.2035,40.1836,25.0325,24.1772,90+
TLM9,Southern Scotland,2013,952200.0000,160472.0000,96891.0000,296260.0000,204774.0000,171970.0000,21833.0000,597925.0000,193803.0000,16.8528,10.1755,31.1132,21.5054,18.0603,2.2929,62.7941,20.3532,44.8760,26.8381,32.4126,90+
TLN0,Northern Ireland,2013,1831677.0000,381952.0000,220278.0000,626137.0000,323865.0000,246159.0000,33286.0000,1170280.0000,279445.0000,20.8526,12.0260,34.1838,17.6813,13.4390,1.8172,63.8912,15.2562,37.8566,32.6377,23.8785,90+
TLC3,Tees Valley,2014,667432.0000,128055.0000,76620.0000,212063.0000,129754.0000,106264.0000,14676.0000,418437.0000,120940.0000,19.1862,11.4798,31.7730,19.4408,15.9213,2.1989,62.6936,18.1202,41.0461,30.6032,28.9028,90+
TLC4,"Northumberland, Durham and Tyne & Wear",2014,1943050.0000,334031.0000,236105.0000,615232.0000,388141.0000,324372.0000,45169.0000,1239478.0000,369541.0000,17.1911,12.1513,31.6632,19.9759,16.6940,2.3246,63.7903,19.0186,42.2300,26.9493,29.8142,90+
TLD1,Cumbria,2014,498303.0000,81388.0000,49235.0000,148660.0000,106494.0000,98100.0000,14426.0000,304389.0000,112526.0000,16.3330,9.8805,29.8333,21.3713,19.6868,2.8950,61.0851,22.5818,46.0641,26.7382,36.9678,90+
TLD3,Greater Manchester,2014,2733895.0000,552230.0000,329719.0000,956549.0000,470973.0000,372956.0000,51468.0000,1757241.0000,424424.0000,20.1994,12.0604,34.9885,17.2272,13.6419,1.8826,64.2761,15.5245,37.4092,31.4260,24.1529,90+
TLD4,Lancashire,2014,1475344.0000,275722.0000,170751.0000,466097.0000,280979.0000,246369.0000,35426.0000,917827.0000,281795.0000,18.6887,11.5736,31.5924,19.0450,16.6991,2.4012,62.2111,19.1003,41.7420,30.0407,30.7024,90+
TLD6,Cheshire,2014,921067.0000,164280.0000,94171.0000,295624.0000,183197.0000,160262.0000,23533.0000,572992.0000,183795.0000,17.8358,10.2241,32.0958,19.8896,17.3996,2.5550,62.2096,19.9546,43.4186,28.6706,32.0764,90+
TLD7,Merseyside,2014,1512487.0000,270196.0000,183213.0000,487933.0000,295136.0000,241782.0000,34227.0000,966282.0000,276009.0000,17.8644,12.1134,32.2603,19.5133,15.9857,2.2630,63.8870,18.2487,41.1251,27.9624,28.5640,90+
TLE1,East Yorkshire and Northern Lincolnshire,2014,924757.0000,166107.0000,102511.0000,291008.0000,182463.0000,160148.0000,22520.0000,575982.0000,182668.0000,17.9622,11.0852,31.4686,19.7309,17.3178,2.4352,62.2847,19.7531,42.6796,28.8389,31.7142,90+
TLE2,North Yorkshire,2014,805878.0000,133804.0000,91757.0000,244009.0000,163193.0000,149962.0000,23153.0000,498959.0000,173115.0000,16.6035,11.3860,30.2787,20.2503,18.6085,2.8730,61.9150,21.4815,44.3898,26.8166,34.6952,90+
TLE3,South Yorkshire,2014,1356290.0000,251539.0000,174873.0000,444251.0000,246714.0000,208939.0000,29974.0000,865838.0000,238913.0000,18.5461,12.8935,32.7549,18.1904,15.4052,2.2100,63.8387,17.6152,39.8070,29.0515,27.5933,90+
TLE4,West Yorkshire,2014,2269503.0000,457682.0000,285313.0000,769809.0000,395720.0000,315234.0000,45745.0000,1450842.0000,360979.0000,20.1666,12.5716,33.9197,17.4364,13.8900,2.0156,63.9277,15.9056,37.7576,31.5460,24.8807,90+
TLF1,Derbyshire and Nottinghamshire,2014,2141352.0000,386813.0000,260641.0000,695199.0000,404325.0000,343640.0000,50734.0000,1360165.0000,394374.0000,18.0640,12.1718,32.4654,18.8818,16.0478,2.3693,63.5190,18.4171,41.3399,28.4387,28.9946,90+
TLF2,"Leicestershire, Rutland and Northamptonshire",2014,1768296.0000,342135.0000,211471.0000,589078.0000,325982.0000,260906.0000,38724.0000,1126531.0000,299630.0000,19.3483,11.9590,33.3133,18.4348,14.7547,2.1899,63.7072,16.9446,39.8062,30.3707,26.5976,90+
TLF3,Lincolnshire,2014,732981.0000,124158.0000,79373.0000,219429.0000,146383.0000,143213.0000,20425.0000,445185.0000,163638.0000,16.9388,10.8288,29.9365,19.9709,19.5384,2.7866,60.7362,22.3250,44.6569,27.8891,36.7573,90+
TLG1,"Herefordshire, Worcestershire and Warwickshire",2014,1321709.0000,232191.0000,136009.0000,415878.0000,261773.0000,239270.0000,36588.0000,813660.0000,275858.0000,17.5675,10.2904,31.4652,19.8056,18.1031,2.7682,61.5612,20.8713,43.7667,28.5366,33.9034,90+
TLG2,Shropshire and Staffordshire,2014,1589753.0000,284338.0000,173682.0000,504439.0000,311556.0000,277873.0000,37865.0000,989677.0000,315738.0000,17.8857,10.9251,31.7307,19.5978,17.4790,2.3818,62.2535,19.8608,42.9631,28.7304,31.9031,90+
TLG3,West Midlands,2014,2805420.0000,598635.0000,360115.0000,951868.0000,456915.0000,378171.0000,59716.0000,1768898.0000,437887.0000,21.3385,12.8364,33.9296,16.2869,13.4800,2.1286,63.0529,15.6086,36.2502,33.8423,24.7548,90+
TLH2,Bedfordshire and Hertfordshire,2014,1803992.0000,367553.0000,191044.0000,633409.0000,323012.0000,249021.0000,39953.0000,1147465.0000,288974.0000,20.3744,10.5901,35.1115,17.9054,13.8039,2.2147,63.6070,16.0186,39.1007,32.0317,25.1837,90+
TLH3,Essex,2014,1779577.0000,334941.0000,188658.0000,581181.0000,332476.0000,296096.0000,46225.0000,1102315.0000,342321.0000,18.8214,10.6013,32.6584,18.6829,16.6386,2.5975,61.9425,19.2361,41.8159,30.3852,31.0547,90+
TLH4,Cambridgeshire and Peterborough,2014,838791.0000,158557.0000,99420.0000,292493.0000,147971.0000,121209.0000,19141.0000,539884.0000,140350.0000,18.9030,11.8528,34.8708,17.6410,14.4504,2.2820,64.3645,16.7324,38.9193,29.3687,25.9963,90+
TLH5,Norfolk,2014,876986.0000,146011.0000,93236.0000,264091.0000,169001.0000,176559.0000,28088.0000,526328.0000,204647.0000,16.6492,10.6314,30.1135,19.2707,20.1325,3.2028,60.0156,23.3353,44.6908,27.7414,38.8820,90+
TLH6,Suffolk,2014,740175.0000,132126.0000,74325.0000,228767.0000,142781.0000,139430.0000,22746.0000,445873.0000,162176.0000,17.8506,10.0415,30.9072,19.2902,18.8374,3.0731,60.2389,21.9105,43.8336,29.6331,36.3727,90+
TLI3,Inner London - West,2014,1105738.0000,176443.0000,135304.0000,523596.0000,152058.0000,103051.0000,15286.0000,810958.0000,118337.0000,15.9570,12.2365,47.3526,13.7517,9.3197,1.3824,73.3409,10.7021,34.1153,21.7574,14.5922,90+
TLI4,Inner London - East,2014,2251633.0000,438070.0000,294757.0000,1059118.0000,285764.0000,152979.0000,20945.0000,1639639.0000,173924.0000,19.4557,13.0908,47.0378,12.6914,6.7941,0.9302,72.8200,7.7243,32.0368,26.7175,10.6075,90+
TLI5,Outer London - East and North East,2014,1848215.0000,407371.0000,213773.0000,701139.0000,289797.0000,202521.0000,33614.0000,1204709.0000,236135.0000,22.0413,11.5665,37.9360,15.6798,10.9577,1.8187,65.1823,12.7764,35.1933,33.8149,19.6010,90+
TLI6,Outer London - South,2014,1276004.0000,259389.0000,134194.0000,486574.0000,214598.0000,155310.0000,25939.0000,835366.0000,181249.0000,20.3282,10.5167,38.1326,16.8180,12.1716,2.0328,65.4673,14.2044,37.4290,31.0509,21.6970,90+
TLI7,Outer London - West and North West,2014,2065602.0000,426495.0000,232874.0000,825246.0000,324321.0000,222007.0000,34659.0000,1382441.0000,256666.0000,20.6475,11.2739,39.9518,15.7010,10.7478,1.6779,66.9268,12.4257,35.3988,30.8509,18.5661,90+
TLJ1,"Berkshire, Buckinghamshire and Oxfordshire",2014,2362949.0000,476459.0000,259105.0000,836285.0000,420827.0000,320732.0000,49541.0000,1516217.0000,370273.0000,20.1637,10.9653,35.3916,17.8094,13.5734,2.0966,64.1663,15.6700,38.7735,31.4242,24.4208,90+
TLJ2,"Surrey, East and West Sussex",2014,2814540.0000,511949.0000,288835.0000,916663.0000,530358.0000,478936.0000,87799.0000,1735856.0000,566735.0000,18.1894,10.2622,32.5688,18.8435,17.0165,3.1195,61.6746,20.1360,42.6719,29.4926,32.6487,90+
TLJ3,Hampshire and Isle of Wight,2014,1936277.0000,350310.0000,227232.0000,624784.0000,362560.0000,319324.0000,52067.0000,1214576.0000,371391.0000,18.0919,11.7355,32.2673,18.7246,16.4916,2.6890,62.7274,19.1807,41.5465,28.8422,30.5778,90+
TLJ4,Kent,2014,1780164.0000,341736.0000,202572.0000,570293.0000,330184.0000,290921.0000,44458.0000,1103049.0000,335379.0000,19.1969,11.3794,32.0360,18.5480,16.3424,2.4974,61.9633,18.8398,41.3005,30.9810,30.4047,90+
TLK3,Cornwall and Isles of Scilly,2014,545966.0000,91298.0000,55940.0000,156747.0000,112853.0000,112246.0000,16882.0000,325540.0000,129128.0000,16.7223,10.2461,28.7100,20.6703,20.5592,3.0921,59.6264,23.6513,46.0428,28.0451,39.6658,90+
TLK4,Devon,2014,1156431.0000,191709.0000,132876.0000,337115.0000,229692.0000,226873.0000,38166.0000,699683.0000,265039.0000,16.5776,11.4902,29.1513,19.8621,19.6184,3.3003,60.5037,22.9187,44.8806,27.3994,37.8799,90+
TLK5,West of England,2014,893739.0000,162588.0000,122735.0000,316866.0000,148925.0000,122195.0000,20430.0000,588526.0000,142625.0000,18.1919,13.7328,35.4540,16.6631,13.6723,2.2859,65.8499,15.9582,37.0654,27.6263,24.2343,90+
TLK6,"North Somerset, Somerset and Dorset",2014,1511350.0000,255914.0000,152215.0000,448266.0000,300214.0000,301205.0000,53536.0000,900695.0000,354741.0000,16.9328,10.0715,29.6600,19.8640,19.9295,3.5423,59.5954,23.4718,45.3679,28.4129,39.3853,90+
TLK7,Gloucestershire and Wiltshire,2014,1314673.0000,243310.0000,135336.0000,426984.0000,256497.0000,217965.0000,34581.0000,818817.0000,252546.0000,18.5073,10.2943,32.4783,19.5103,16.5794,2.6304,62.2829,19.2098,42.5429,29.7148,30.8428,90+
TLL3,North Wales,2014,689349.0000,122766.0000,73008.0000,205916.0000,136694.0000,131243.0000,19722.0000,415618.0000,150965.0000,17.8090,10.5909,29.8711,19.8294,19.0387,2.8610,60.2914,21.8996,44.1791,29.5382,36.3230,90+
TLL4,Mid and South West Wales,2014,893170.0000,152524.0000,104895.0000,260538.0000,179931.0000,169626.0000,25656.0000,545364.0000,195282.0000,17.0767,11.7441,29.1700,20.1452,18.9915,2.8725,61.0594,21.8639,44.1630,27.9674,35.8076,90+
TLL5,South East Wales,2014,1491269.0000,277000.0000,183919.0000,486897.0000,277683.0000,232605.0000,33165.0000,948499.0000,265770.0000,18.5748,12.3331,32.6498,18.6206,15.5978,2.2239,63.6035,17.8217,40.1376,29.2040,28.0201,90+
TLM0,Eastern Scotland,2014,919620.0000,155901.0000,106661.0000,287903.0000,187791.0000,159394.0000,21970.0000,582355.0000,181364.0000,16.9528,11.5984,31.3067,20.4205,17.3326,2.3890,63.3256,19.7216,43.3772,26.7708,31.1432,90+
TLM1,East Central Scotland,2014,1008360.0000,173350.0000,120817.0000,360941.0000,189182.0000,144115.0000,19955.0000,670940.0000,164070.0000,17.1913,11.9815,35.7949,18.7614,14.2920,1.9790,66.5377,16.2710,39.7476,25.8369,24.4538,90+
TLM2,Highlands and Islands,2014,487830.0000,81355.0000,47348.0000,148480.0000,107129.0000,91474.0000,12044.0000,302957.0000,103518.0000,16.6769,9.7058,30.4368,21.9603,18.7512,2.4689,62.1030,21.2201,45.6241,26.8536,34.1692,90+
TLM3,West Central Scotland,2014,1476070.0000,255278.0000,176253.0000,512947.0000,289565.0000,213910.0000,28117.0000,978765.0000,242027.0000,17.2944,11.9407,34.7509,19.6173,14.4919,1.9049,66.3088,16.3967,40.4055,26.0816,24.7278,90+
TLM5,North Eastern Scotland,2014,487520.0000,82310.0000,58912.0000,170857.0000,94992.0000,70629.0000,9820.0000,324761.0000,80449.0000,16.8834,12.0840,35.0462,19.4847,14.4874,2.0143,66.6149,16.5017,40.2026,25.3448,24.7718,90+
TLM9,Southern Scotland,2014,952000.0000,159098.0000,95771.0000,291501.0000,207376.0000,175812.0000,22442.0000,594648.0000,198254.0000,16.7120,10.0600,30.6199,21.7832,18.4676,2.3574,62.4630,20.8250,45.2944,26.7550,33.3397,90+
TLN0,Northern Ireland,2014,1843186.0000,382660.0000,218873.0000,624069.0000,331190.0000,251987.0000,34407.0000,1174132.0000,286394.0000,20.7608,11.8747,33.8582,17.9683,13.6713,1.8667,63.7012,15.5380,38.0573,32.5909,24.3920,90+
TLC3,Tees Valley,2015,668875.0000,128735.0000,75255.0000,210435.0000,131863.0000,107761.0000,14826.0000,417553.0000,122587.0000,19.2465,11.2510,31.4610,19.7141,16.1108,2.2166,62.4262,18.3273,41.1543,30.8308,29.3584,90+
TLC4,"Northumberland, Durham and Tyne & Wear",2015,1942929.0000,333867.0000,232706.0000,608924.0000,392288.0000,329463.0000,45681.0000,1233918.0000,375144.0000,17.1837,11.9771,31.3405,20.1905,16.9570,2.3511,63.5081,19.3082,42.4321,27.0575,30.4027,90+
TLD1,Cumbria,2015,498718.0000,81275.0000,48659.0000,147011.0000,107484.0000,99743.0000,14546.0000,303154.0000,114289.0000,16.2968,9.7568,29.4778,21.5521,19.9999,2.9167,60.7867,22.9166,46.3557,26.8098,37.7000,90+
TLD3,Greater Manchester,2015,2756962.0000,559967.0000,326485.0000,961087.0000,479034.0000,378624.0000,51765.0000,1766606.0000,430389.0000,20.3110,11.8422,34.8604,17.3754,13.7334,1.8776,64.0780,15.6110,37.3413,31.6973,24.3625,90+
TLD4,Lancashire,2015,1481431.0000,277107.0000,167919.0000,464694.0000,285357.0000,250521.0000,35833.0000,917970.0000,286354.0000,18.7054,11.3349,31.3679,19.2623,16.9107,2.4188,61.9651,19.3296,41.9168,30.1869,31.1943,90+
TLD6,Cheshire,2015,927267.0000,164669.0000,93808.0000,295109.0000,186239.0000,163522.0000,23920.0000,575156.0000,187442.0000,17.7585,10.1166,31.8257,20.0847,17.6348,2.5796,62.0270,20.2145,43.6337,28.6303,32.5898,90+
TLD7,Merseyside,2015,1518273.0000,271234.0000,181661.0000,486612.0000,299299.0000,244648.0000,34819.0000,967572.0000,279467.0000,17.8646,11.9650,32.0504,19.7131,16.1136,2.2933,63.7285,18.4069,41.1391,28.0324,28.8833,90+
TLE1,East Yorkshire and Northern Lincolnshire,2015,925798.0000,166305.0000,100308.0000,289085.0000,184300.0000,163069.0000,22731.0000,573693.0000,185800.0000,17.9634,10.8348,31.2255,19.9072,17.6139,2.4553,61.9674,20.0692,42.9276,28.9885,32.3867,90+
TLE2,North Yorkshire,2015,806923.0000,133335.0000,90176.0000,241449.0000,165602.0000,152935.0000,23426.0000,497227.0000,176361.0000,16.5239,11.1753,29.9222,20.5227,18.9529,2.9031,61.6201,21.8560,44.7545,26.8157,35.4689,90+
TLE3,South Yorkshire,2015,1359690.0000,251818.0000,173031.0000,442861.0000,250250.0000,211506.0000,30224.0000,866142.0000,241730.0000,18.5203,12.7258,32.5707,18.4049,15.5555,2.2229,63.7014,17.7783,39.8360,29.0735,27.9088,90+
TLE4,West Yorkshire,2015,2284951.0000,461599.0000,285192.0000,770243.0000,400967.0000,320858.0000,46092.0000,1456402.0000,366950.0000,20.2017,12.4813,33.7094,17.5482,14.0422,2.0172,63.7389,16.0594,37.7336,31.6945,25.1957,90+
TLF1,Derbyshire and Nottinghamshire,2015,2150694.0000,387317.0000,259744.0000,692484.0000,410318.0000,349897.0000,50934.0000,1362546.0000,400831.0000,18.0089,12.0772,32.1982,19.0784,16.2690,2.3683,63.3538,18.6373,41.4265,28.4260,29.4178,90+
TLF2,"Leicestershire, Rutland and Northamptonshire",2015,1792595.0000,346341.0000,213426.0000,593343.0000,332286.0000,267973.0000,39226.0000,1139055.0000,307199.0000,19.3206,11.9060,33.0997,18.5366,14.9489,2.1882,63.5422,17.1371,39.7953,30.4060,26.9696,90+
TLF3,Lincolnshire,2015,738351.0000,124899.0000,79187.0000,219245.0000,148099.0000,146112.0000,20809.0000,446531.0000,166921.0000,16.9159,10.7248,29.6939,20.0581,19.7890,2.8183,60.4768,22.6073,44.8390,27.9710,37.3817,90+
TLG1,"Herefordshire, Worcestershire and Warwickshire",2015,1329714.0000,233174.0000,133634.0000,416011.0000,265259.0000,244593.0000,37043.0000,814904.0000,281636.0000,17.5357,10.0498,31.2858,19.9486,18.3944,2.7858,61.2842,21.1802,44.0074,28.6137,34.5606,90+
TLG2,Shropshire and Staffordshire,2015,1594911.0000,284718.0000,169956.0000,502222.0000,315558.0000,283885.0000,38572.0000,987736.0000,322457.0000,17.8517,10.6561,31.4890,19.7853,17.7994,2.4184,61.9305,20.2179,43.2481,28.8253,32.6461,90+
TLG3,West Midlands,2015,2831662.0000,605466.0000,360590.0000,958533.0000,465518.0000,380938.0000,60617.0000,1784641.0000,441555.0000,21.3820,12.7342,33.8505,16.4397,13.4528,2.1407,63.0245,15.5935,36.2412,33.9265,24.7420,90+
TLH2,Bedfordshire and Hertfordshire,2015,1826031.0000,372855.0000,190226.0000,638572.0000,330456.0000,253004.0000,40918.0000,1159254.0000,293922.0000,20.4189,10.4175,34.9705,18.0970,13.8554,2.2408,63.4849,16.0962,39.1138,32.1634,25.3544,90+
TLH3,Essex,2015,1793535.0000,338155.0000,185203.0000,583701.0000,338393.0000,301104.0000,46979.0000,1107297.0000,348083.0000,18.8541,10.3261,32.5447,18.8674,16.7883,2.6194,61.7382,19.4077,41.9351,30.5388,31.4354,90+
TLH4,Cambridgeshire and Peterborough,2015,851257.0000,161046.0000,100258.0000,295823.0000,150747.0000,124053.0000,19330.0000,546828.0000,143383.0000,18.9186,11.7776,34.7513,17.7088,14.5729,2.2708,64.2377,16.8437,38.8797,29.4509,26.2209,90+
TLH5,Norfolk,2015,882938.0000,146927.0000,92568.0000,263925.0000,171354.0000,179645.0000,28519.0000,527847.0000,208164.0000,16.6407,10.4841,29.8917,19.4073,20.3463,3.2300,59.7830,23.5763,44.8912,27.8351,39.4364,90+
TLH6,Suffolk,2015,744501.0000,132686.0000,73776.0000,228249.0000,144401.0000,142281.0000,23108.0000,446426.0000,165389.0000,17.8221,9.9095,30.6580,19.3957,19.1109,3.1038,59.9631,22.2147,44.0762,29.7218,37.0473,90+
TLI3,Inner London - West,2015,1110629.0000,176091.0000,140899.0000,518772.0000,155755.0000,103771.0000,15341.0000,815426.0000,119112.0000,15.8551,12.6864,46.7097,14.0240,9.3434,1.3813,73.4202,10.7247,34.2155,21.5950,14.6073,90+
TLI4,Inner London - East,2015,2288411.0000,441520.0000,299616.0000,1073393.0000,297928.0000,154642.0000,21312.0000,1670937.0000,175954.0000,19.2937,13.0928,46.9056,13.0190,6.7576,0.9313,73.0173,7.6889,32.1906,26.4235,10.5303,90+
TLI5,Outer London - East and North East,2015,1879025.0000,414590.0000,213663.0000,714625.0000,298269.0000,204057.0000,33821.0000,1226557.0000,237878.0000,22.0641,11.3710,38.0317,15.8736,10.8597,1.7999,65.2762,12.6597,35.2878,33.8011,19.3940,90+
TLI6,Outer London - South,2015,1289523.0000,262560.0000,133613.0000,490361.0000,219822.0000,156966.0000,26201.0000,843796.0000,183167.0000,20.3610,10.3614,38.0265,17.0468,12.1724,2.0318,65.4347,14.2042,37.4926,31.1165,21.7075,90+
TLI7,Outer London - West and North West,2015,2091957.0000,432185.0000,233880.0000,832696.0000,332302.0000,225637.0000,35257.0000,1398878.0000,260894.0000,20.6594,11.1800,39.8046,15.8847,10.7859,1.6854,66.8693,12.4713,35.6351,30.8951,18.6502,90+
TLJ1,"Berkshire, Buckinghamshire and Oxfordshire",2015,2391466.0000,482202.0000,259855.0000,842355.0000,429317.0000,327325.0000,50412.0000,1531527.0000,377737.0000,20.1634,10.8659,35.2234,17.9520,13.6872,2.1080,64.0413,15.7952,38.8058,31.4850,24.6641,90+
TLJ2,"Surrey, East and West Sussex",2015,2834923.0000,514801.0000,289607.0000,914998.0000,540950.0000,485867.0000,88700.0000,1745555.0000,574567.0000,18.1593,10.2157,32.2759,19.0816,17.1386,3.1288,61.5733,20.2675,42.8279,29.4921,32.9160,90+
TLJ3,Hampshire and Isle of Wight,2015,1950196.0000,351244.0000,227025.0000,624071.0000,369545.0000,325417.0000,52894.0000,1220641.0000,378311.0000,18.0107,11.6411,32.0004,18.9491,16.6864,2.7122,62.5907,19.3986,41.6824,28.7754,30.9928,90+
TLJ4,Kent,2015,1793053.0000,343644.0000,199776.0000,571876.0000,336451.0000,296375.0000,44931.0000,1108103.0000,341306.0000,19.1653,11.1417,31.8940,18.7641,16.5291,2.5058,61.7998,19.0349,41.4212,31.0119,30.8009,90+
TLK3,Cornwall and Isles of Scilly,2015,549572.0000,91637.0000,55993.0000,156577.0000,113725.0000,114695.0000,16945.0000,326295.0000,131640.0000,16.6742,10.1885,28.4907,20.6934,20.8699,3.0833,59.3726,23.9532,46.2353,28.0841,40.3439,90+
TLK4,Devon,2015,1164950.0000,192779.0000,132745.0000,337079.0000,232484.0000,231497.0000,38366.0000,702308.0000,269863.0000,16.5483,11.3949,28.9351,19.9566,19.8718,3.2934,60.2865,23.1652,45.0395,27.4494,38.4252,90+
TLK5,West of England,2015,906540.0000,164445.0000,125312.0000,320569.0000,151759.0000,123904.0000,20551.0000,597640.0000,144455.0000,18.1399,13.8231,35.3618,16.7405,13.6678,2.2670,65.9254,15.9348,36.8536,27.5157,24.1709,90+
TLK6,"North Somerset, Somerset and Dorset",2015,1522572.0000,256840.0000,151820.0000,448369.0000,303907.0000,307451.0000,54185.0000,904096.0000,361636.0000,16.8688,9.9713,29.4481,19.9601,20.1929,3.5588,59.3795,23.7517,45.5671,28.4085,39.9997,90+
TLK7,Gloucestershire and Wiltshire,2015,1327853.0000,244609.0000,135350.0000,427400.0000,261732.0000,223382.0000,35380.0000,824482.0000,258762.0000,18.4214,10.1931,32.1873,19.7109,16.8228,2.6645,62.0914,19.4872,42.7573,29.6682,31.3848,90+
TLL3,North Wales,2015,688371.0000,122277.0000,71516.0000,204150.0000,137716.0000,133029.0000,19683.0000,413382.0000,152712.0000,17.7632,10.3892,29.6570,20.0061,19.3252,2.8594,60.0522,22.1845,44.4813,29.5797,36.9421,90+
TLL4,Mid and South West Wales,2015,891852.0000,152179.0000,102525.0000,258148.0000,181071.0000,172175.0000,25754.0000,541744.0000,197929.0000,17.0633,11.4957,28.9452,20.3028,19.3053,2.8877,60.7437,22.1930,44.4310,28.0906,36.5355,90+
TLL5,South East Wales,2015,1492516.0000,277340.0000,180693.0000,483887.0000,280578.0000,236714.0000,33304.0000,945158.0000,270018.0000,18.5820,12.1066,32.4209,18.7990,15.8601,2.2314,63.3265,18.0915,40.2499,29.3432,28.5686,90+
TLM0,Eastern Scotland,2015,922150.0000,156120.0000,105841.0000,284958.0000,190809.0000,162109.0000,22313.0000,581608.0000,184422.0000,16.9300,11.4776,30.9015,20.6918,17.5795,2.4197,63.0709,19.9991,43.6294,26.8428,31.7090,90+
TLM1,East Central Scotland,2015,1017510.0000,174269.0000,121517.0000,361601.0000,192816.0000,147111.0000,20196.0000,675934.0000,167307.0000,17.1270,11.9426,35.5378,18.9498,14.4579,1.9848,66.4302,16.4428,39.7655,25.7820,24.7520,90+
TLM2,Highlands and Islands,2015,488530.0000,80496.0000,47233.0000,147115.0000,108285.0000,93200.0000,12201.0000,302633.0000,105401.0000,16.4772,9.6684,30.1138,22.1655,19.0776,2.4975,61.9477,21.5751,45.9196,26.5986,34.8280,90+
TLM3,West Central Scotland,2015,1480560.0000,255193.0000,174260.0000,510817.0000,295724.0000,216110.0000,28456.0000,980801.0000,244566.0000,17.2362,11.7699,34.5016,19.9738,14.5965,1.9220,66.2453,16.5185,40.4674,26.0188,24.9353,90+
TLM5,North Eastern Scotland,2015,489930.0000,82754.0000,58284.0000,171159.0000,96082.0000,71760.0000,9891.0000,325525.0000,81651.0000,16.8910,11.8964,34.9354,19.6114,14.6470,2.0189,66.4432,16.6659,40.1851,25.4217,25.0829,90+
TLM9,Southern Scotland,2015,951920.0000,158574.0000,94282.0000,287388.0000,210523.0000,178578.0000,22575.0000,592193.0000,201153.0000,16.6583,9.9044,30.1904,22.1156,18.7598,2.3715,62.2104,21.1313,45.6346,26.7774,33.9675,90+
TLN0,Northern Ireland,2015,1854943.0000,383770.0000,217395.0000,622697.0000,338584.0000,257145.0000,35352.0000,1178676.0000,292497.0000,20.6890,11.7198,33.5696,18.2531,13.8627,1.9058,63.5424,15.7685,38.2095,32.5594,24.8157,90+
TLC3,Tees Valley,2016,670923.0000,129129.0000,73898.0000,209631.0000,133893.0000,109099.0000,15273.0000,417422.0000,124372.0000,19.2465,11.0144,31.2452,19.9565,16.2610,2.2764,62.2161,18.5374,41.1958,30.9349,29.7953,90+
TLC4,"Northumberland, Durham and Tyne & Wear",2016,1947330.0000,335522.0000,227671.0000,606232.0000,396490.0000,334477.0000,46938.0000,1230393.0000,381415.0000,17.2298,11.6914,31.1314,20.3607,17.1762,2.4104,63.1836,19.5866,42.5661,27.2695,30.9994,90+
TLD1,Cumbria,2016,498946.0000,81250.0000,47406.0000,145952.0000,108286.0000,101260.0000,14792.0000,301644.0000,116052.0000,16.2843,9.5012,29.2521,21.7029,20.2948,2.9646,60.4562,23.2594,46.6330,26.9357,38.4732,90+
TLD3,Greater Manchester,2016,2784566.0000,568821.0000,323703.0000,968505.0000,487771.0000,383238.0000,52528.0000,1779979.0000,435766.0000,20.4276,11.6249,34.7812,17.5169,13.7629,1.8864,63.9230,15.6493,37.2866,31.9566,24.4815,90+
TLD4,Lancashire,2016,1488803.0000,278829.0000,164546.0000,464366.0000,289941.0000,254570.0000,36551.0000,918853.0000,291121.0000,18.7284,11.0522,31.1906,19.4748,17.0990,2.4551,61.7176,19.5540,42.0585,30.3453,31.6831,90+
TLD6,Cheshire,2016,934711.0000,165906.0000,92515.0000,295704.0000,189447.0000,166551.0000,24588.0000,577666.0000,191139.0000,17.7494,9.8977,31.6359,20.2680,17.8184,2.6305,61.8016,20.4490,43.8117,28.7201,33.0882,90+
TLD7,Merseyside,2016,1527115.0000,273069.0000,179841.0000,488266.0000,302225.0000,247863.0000,35851.0000,970332.0000,283714.0000,17.8814,11.7765,31.9731,19.7906,16.2308,2.3476,63.5402,18.5784,41.0880,28.1418,29.2389,90+
TLE1,East Yorkshire and Northern Lincolnshire,2016,930712.0000,167457.0000,98650.0000,288829.0000,186716.0000,165628.0000,23432.0000,574195.0000,189060.0000,17.9924,10.5994,31.0331,20.0616,17.7958,2.5176,61.6942,20.3135,43.0745,29.1638,32.9261,90+
TLE2,North Yorkshire,2016,808662.0000,133356.0000,87875.0000,240461.0000,167548.0000,155482.0000,23940.0000,495884.0000,179422.0000,16.4909,10.8667,29.7357,20.7192,19.2271,2.9604,61.3215,22.1875,45.0903,26.8926,36.1823,90+
TLE3,South Yorkshire,2016,1366070.0000,252830.0000,171650.0000,442645.0000,254266.0000,213947.0000,30732.0000,868561.0000,244679.0000,18.5078,12.5652,32.4028,18.6130,15.6615,2.2497,63.5810,17.9112,39.7667,29.1091,28.1706,90+
TLE4,West Yorkshire,2016,2302614.0000,466759.0000,282938.0000,773527.0000,406988.0000,325450.0000,46952.0000,1463453.0000,372402.0000,20.2708,12.2877,33.5934,17.6750,14.1339,2.0391,63.5562,16.1730,37.7318,31.8944,25.4468,90+
TLF1,Derbyshire and Nottinghamshire,2016,2164887.0000,389536.0000,257583.0000,692606.0000,417486.0000,355778.0000,51898.0000,1367675.0000,407676.0000,17.9934,11.8982,31.9927,19.2844,16.4340,2.3973,63.1754,18.8313,41.4758,28.4816,29.8080,90+
TLF2,"Leicestershire, Rutland and Northamptonshire",2016,1820587.0000,351733.0000,214777.0000,600668.0000,338941.0000,274381.0000,40087.0000,1154386.0000,314468.0000,19.3198,11.7971,32.9931,18.6171,15.0710,2.2019,63.4074,17.2729,39.7193,30.4693,27.2411,90+
TLF3,Lincolnshire,2016,746141.0000,126126.0000,79623.0000,220089.0000,150288.0000,148663.0000,21352.0000,450000.0000,170015.0000,16.9038,10.6713,29.4970,20.1420,19.9243,2.8617,60.3103,22.7859,44.9697,28.0280,37.7811,90+
TLG1,"Herefordshire, Worcestershire and Warwickshire",2016,1340812.0000,234693.0000,131588.0000,417547.0000,269580.0000,249510.0000,37894.0000,818715.0000,287404.0000,17.5038,9.8141,31.1414,20.1057,18.6089,2.8262,61.0611,21.4351,44.1855,28.6660,35.1043,90+
TLG2,Shropshire and Staffordshire,2016,1605586.0000,285794.0000,168054.0000,502549.0000,320539.0000,289076.0000,39574.0000,991142.0000,328650.0000,17.8000,10.4668,31.3000,19.9640,18.0044,2.4648,61.7309,20.4692,43.4134,28.8348,33.1587,90+
TLG3,West Midlands,2016,2865850.0000,614462.0000,362051.0000,969070.0000,475071.0000,383138.0000,62058.0000,1806192.0000,445196.0000,21.4408,12.6333,33.8144,16.5770,13.3691,2.1654,63.0247,15.5345,36.2460,34.0197,24.6483,90+
TLH2,Bedfordshire and Hertfordshire,2016,1849798.0000,378349.0000,189928.0000,644418.0000,338622.0000,256369.0000,42112.0000,1172968.0000,298481.0000,20.4535,10.2675,34.8372,18.3059,13.8593,2.2766,63.4106,16.1359,39.0914,32.2557,25.4466,90+
TLH3,Essex,2016,1809967.0000,342016.0000,183023.0000,587074.0000,344704.0000,305070.0000,48080.0000,1114801.0000,353150.0000,18.8963,10.1120,32.4356,19.0448,16.8550,2.6564,61.5923,19.5114,41.9505,30.6796,31.6783,90+
TLH4,Cambridgeshire and Peterborough,2016,862377.0000,163559.0000,99660.0000,299528.0000,153584.0000,126285.0000,19761.0000,552772.0000,146046.0000,18.9661,11.5564,34.7328,17.8094,14.6438,2.2915,64.0986,16.9353,38.8321,29.5889,26.4207,90+
TLH5,Norfolk,2016,891150.0000,148139.0000,92840.0000,264518.0000,173822.0000,182676.0000,29155.0000,531180.0000,211831.0000,16.6234,10.4180,29.6828,19.5054,20.4989,3.2716,59.6061,23.7705,45.0499,27.8887,39.8793,90+
TLH6,Suffolk,2016,747783.0000,132626.0000,72313.0000,227791.0000,146610.0000,144847.0000,23596.0000,446714.0000,168443.0000,17.7359,9.6703,30.4622,19.6060,19.3702,3.1555,59.7385,22.5257,44.3791,29.6892,37.7071,90+
TLI3,Inner London - West,2016,1108547.0000,175695.0000,141174.0000,512316.0000,159670.0000,104240.0000,15452.0000,813160.0000,119692.0000,15.8491,12.7350,46.2151,14.4035,9.4033,1.3939,73.3537,10.7972,34.3825,21.6064,14.7194,90+
TLI4,Inner London - East,2016,2318264.0000,444519.0000,300961.0000,1084551.0000,310074.0000,156476.0000,21683.0000,1695586.0000,178159.0000,19.1746,12.9822,46.7829,13.3753,6.7497,0.9353,73.1403,7.6850,32.3425,26.2162,10.5072,90+
TLI5,Outer London - East and North East,2016,1903053.0000,420691.0000,211594.0000,724403.0000,306439.0000,205825.0000,34101.0000,1242436.0000,239926.0000,22.1061,11.1187,38.0653,16.1025,10.8155,1.7919,65.2865,12.6074,35.4464,33.8602,19.3109,90+
TLI6,Outer London - South,2016,1299513.0000,265782.0000,130924.0000,492084.0000,225051.0000,158985.0000,26687.0000,848059.0000,185672.0000,20.4524,10.0749,37.8668,17.3181,12.2342,2.0536,65.2598,14.2878,37.6777,31.3400,21.8938,90+
TLI7,Outer London - West and North West,2016,2114274.0000,437273.0000,234693.0000,835973.0000,340886.0000,229269.0000,36180.0000,1411552.0000,265449.0000,20.6819,11.1004,39.5395,16.1231,10.8439,1.7112,66.7630,12.5551,35.8914,30.9782,18.8055,90+
TLJ1,"Berkshire, Buckinghamshire and Oxfordshire",2016,2420592.0000,487924.0000,260079.0000,849272.0000,438098.0000,333260.0000,51959.0000,1547449.0000,385219.0000,20.1572,10.7444,35.0853,18.0988,13.7677,2.1465,63.9285,15.9142,38.8563,31.5309,24.8938,90+
TLJ2,"Surrey, East and West Sussex",2016,2857233.0000,518249.0000,288642.0000,916094.0000,551614.0000,492138.0000,90496.0000,1756350.0000,582634.0000,18.1381,10.1022,32.0623,19.3059,17.2243,3.1673,61.4703,20.3915,42.9636,29.5072,33.1730,90+
TLJ3,Hampshire and Isle of Wight,2016,1966660.0000,353120.0000,226694.0000,625541.0000,376383.0000,330760.0000,54162.0000,1228618.0000,384922.0000,17.9553,11.5269,31.8073,19.1382,16.8184,2.7540,62.4723,19.5724,41.7379,28.7412,31.3297,90+
TLJ4,Kent,2016,1808526.0000,346419.0000,196873.0000,575214.0000,343040.0000,301072.0000,45908.0000,1115127.0000,346980.0000,19.1548,10.8858,31.8057,18.9679,16.6474,2.5384,61.6594,19.1858,41.4614,31.0654,31.1157,90+
TLK3,Cornwall and Isles of Scilly,2016,553439.0000,92154.0000,55327.0000,156576.0000,115327.0000,116938.0000,17117.0000,327230.0000,134055.0000,16.6512,9.9969,28.2915,20.8382,21.1293,3.0928,59.1267,24.2222,46.4648,28.1618,40.9666,90+
TLK4,Devon,2016,1174412.0000,194360.0000,131200.0000,337997.0000,236225.0000,235809.0000,38821.0000,705422.0000,274630.0000,16.5496,11.1715,28.7801,20.1143,20.0789,3.3056,60.0660,23.3845,45.2552,27.5523,38.9313,90+
TLK5,West of England,2016,920903.0000,166457.0000,128110.0000,325377.0000,154893.0000,125197.0000,20869.0000,608380.0000,146066.0000,18.0754,13.9113,35.3324,16.8197,13.5950,2.2661,66.0634,15.8612,36.6730,27.3607,24.0090,90+
TLK6,"North Somerset, Somerset and Dorset",2016,1536948.0000,258345.0000,152282.0000,449658.0000,308447.0000,313171.0000,55045.0000,910387.0000,368216.0000,16.8090,9.9081,29.2566,20.0688,20.3762,3.5814,59.2334,23.9576,45.7302,28.3775,40.4461,90+
TLK7,Gloucestershire and Wiltshire,2016,1341280.0000,247451.0000,133589.0000,427877.0000,267870.0000,228225.0000,36268.0000,829336.0000,264493.0000,18.4489,9.9598,31.9006,19.9712,17.0155,2.7040,61.8317,19.7194,42.9390,29.8372,31.8921,90+
TLL3,North Wales,2016,687418.0000,121886.0000,69767.0000,202423.0000,138692.0000,134669.0000,19981.0000,410882.0000,154650.0000,17.7310,10.1491,29.4469,20.1758,19.5906,2.9067,59.7718,22.4972,44.8205,29.6645,37.6385,90+
TLL4,Mid and South West Wales,2016,892154.0000,152030.0000,100642.0000,256654.0000,182464.0000,174371.0000,25993.0000,539760.0000,200364.0000,17.0408,11.2808,28.7679,20.4521,19.5449,2.9135,60.5008,22.4585,44.6928,28.1662,37.1209,90+
TLL5,South East Wales,2016,1497593.0000,278784.0000,176895.0000,483497.0000,284159.0000,240419.0000,33839.0000,944551.0000,274258.0000,18.6155,11.8120,32.2849,18.9744,16.0537,2.2596,63.0713,18.3133,40.3050,29.5150,29.0358,90+
TLM0,Eastern Scotland,2016,924810.0000,155978.0000,104805.0000,283578.0000,193081.0000,164492.0000,22876.0000,581464.0000,187368.0000,16.8660,11.3326,30.6634,20.8779,17.7866,2.4736,62.8739,20.2602,43.8094,26.8250,32.2235,90+
TLM1,East Central Scotland,2016,1027830.0000,175808.0000,121258.0000,364206.0000,195925.0000,149808.0000,20825.0000,681389.0000,170633.0000,17.1048,11.7975,35.4345,19.0620,14.5752,2.0261,66.2939,16.6013,39.7252,25.8014,25.0419,90+
TLM2,Highlands and Islands,2016,489490.0000,80261.0000,46574.0000,145917.0000,109499.0000,94771.0000,12468.0000,301990.0000,107239.0000,16.3969,9.5148,29.8100,22.3700,19.3612,2.5471,61.6948,21.9083,46.2084,26.5774,35.5108,90+
TLM3,West Central Scotland,2016,1490040.0000,256482.0000,173496.0000,511194.0000,301342.0000,218410.0000,29116.0000,986032.0000,247526.0000,17.2131,11.6437,34.3074,20.2238,14.6580,1.9540,66.1749,16.6120,40.4066,26.0115,25.1032,90+
TLM5,North Eastern Scotland,2016,488800.0000,83061.0000,56321.0000,169644.0000,96539.0000,73158.0000,10077.0000,322504.0000,83235.0000,16.9928,11.5223,34.7062,19.7502,14.9669,2.0616,65.9787,17.0284,40.4076,25.7550,25.8090,90+
TLM9,Southern Scotland,2016,952630.0000,158135.0000,92639.0000,284354.0000,212940.0000,181233.0000,23329.0000,589933.0000,204562.0000,16.5998,9.7246,29.8494,22.3529,19.0245,2.4489,61.9268,21.4734,45.9721,26.8056,34.6755,90+
TLN0,Northern Ireland,2016,1866042.0000,386239.0000,214258.0000,621107.0000,345645.0000,262549.0000,36244.0000,1181010.0000,298793.0000,20.6983,11.4819,33.2847,18.5229,14.0698,1.9423,63.2896,16.0121,38.3929,32.7041,25.2998,90+
TLC3,Tees Valley,2017,672690.0000,130117.0000,71990.0000,208443.0000,135734.0000,110771.0000,15635.0000,416167.0000,126406.0000,19.3428,10.7018,30.9865,20.1778,16.4669,2.3243,61.8661,18.7911,41.2816,31.2656,30.3739,90+
TLC4,"Northumberland, Durham and Tyne & Wear",2017,1951097.0000,337334.0000,222951.0000,603052.0000,400872.0000,339026.0000,47862.0000,1226875.0000,386888.0000,17.2895,11.4270,30.9084,20.5460,17.3762,2.4531,62.8813,19.8293,42.6685,27.4954,31.5344,90+
TLD1,Cumbria,2017,498693.0000,81196.0000,45792.0000,144877.0000,109778.0000,101988.0000,15062.0000,300447.0000,117050.0000,16.2818,9.1824,29.0513,22.0131,20.4511,3.0203,60.2469,23.4714,46.9274,27.0251,38.9586,90+
TLD3,Greater Manchester,2017,2804283.0000,576284.0000,319852.0000,971289.0000,496498.0000,387343.0000,53017.0000,1787639.0000,440360.0000,20.5501,11.4058,34.6359,17.7050,13.8126,1.8906,63.7467,15.7031,37.3499,32.2372,24.6336,90+
TLD4,Lancashire,2017,1496853.0000,280667.0000,162068.0000,464144.0000,295337.0000,257794.0000,36843.0000,921549.0000,294637.0000,18.7505,10.8272,31.0080,19.7305,17.2224,2.4614,61.5658,19.6838,42.1099,30.4560,31.9719,90+
TLD6,Cheshire,2017,942398.0000,167324.0000,91209.0000,296399.0000,193248.0000,169340.0000,24878.0000,580856.0000,194218.0000,17.7551,9.6784,31.4516,20.5060,17.9691,2.6399,61.6360,20.6089,43.9417,28.8065,33.4365,90+
TLD7,Merseyside,2017,1533538.0000,275227.0000,177308.0000,488023.0000,306008.0000,250369.0000,36603.0000,971339.0000,286972.0000,17.9472,11.5620,31.8233,19.9544,16.3262,2.3868,63.3397,18.7131,41.0671,28.3348,29.5440,90+
TLE1,East Yorkshire and Northern Lincolnshire,2017,933578.0000,168143.0000,96788.0000,287705.0000,189291.0000,167896.0000,23755.0000,573784.0000,191651.0000,18.0106,10.3674,30.8175,20.2759,17.9841,2.5445,61.4607,20.5287,43.2076,29.3042,33.4012,90+
TLE2,North Yorkshire,2017,810837.0000,133213.0000,86253.0000,238663.0000,170516.0000,157888.0000,24304.0000,495432.0000,182192.0000,16.4291,10.6375,29.4342,21.0296,19.4722,2.9974,61.1013,22.4696,45.4381,26.8883,36.7744,90+
TLE3,South Yorkshire,2017,1368187.0000,253649.0000,167676.0000,441489.0000,258487.0000,215861.0000,31025.0000,867652.0000,246886.0000,18.5391,12.2553,32.2682,18.8927,15.7772,2.2676,63.4162,18.0448,39.7642,29.2340,28.4545,90+
TLE4,West Yorkshire,2017,2315182.0000,471183.0000,278932.0000,774492.0000,413277.0000,329614.0000,47684.0000,1466701.0000,377298.0000,20.3519,12.0480,33.4527,17.8507,14.2371,2.0596,63.3514,16.2967,37.8385,32.1254,25.7243,90+
TLF1,Derbyshire and Nottinghamshire,2017,2176697.0000,392614.0000,253865.0000,692150.0000,424695.0000,360506.0000,52867.0000,1370710.0000,413373.0000,18.0371,11.6629,31.7982,19.5110,16.5621,2.4288,62.9720,18.9908,41.4934,28.6431,30.1576,90+
TLF2,"Leicestershire, Rutland and Northamptonshire",2017,1848618.0000,356960.0000,216582.0000,608233.0000,345825.0000,280425.0000,40593.0000,1170640.0000,321018.0000,19.3096,11.7159,32.9020,18.7072,15.1694,2.1959,63.3251,17.3653,39.6007,30.4927,27.4224,90+
TLF3,Lincolnshire,2017,753031.0000,127549.0000,78861.0000,220873.0000,153241.0000,150845.0000,21662.0000,452975.0000,172507.0000,16.9381,10.4725,29.3312,20.3499,20.0317,2.8766,60.1536,22.9084,45.1366,28.1581,38.0831,90+
TLG1,"Herefordshire, Worcestershire and Warwickshire",2017,1351030.0000,236668.0000,129275.0000,418196.0000,274214.0000,253909.0000,38768.0000,821685.0000,292677.0000,17.5176,9.5686,30.9539,20.2967,18.7937,2.8695,60.8192,21.6632,44.3526,28.8028,35.6191,90+
TLG2,Shropshire and Staffordshire,2017,1614523.0000,287310.0000,164587.0000,502233.0000,326024.0000,293718.0000,40651.0000,992844.0000,334369.0000,17.7953,10.1942,31.1072,20.1932,18.1922,2.5178,61.4946,20.7101,43.5886,28.9381,33.6779,90+
TLG3,West Midlands,2017,2889499.0000,621871.0000,360671.0000,974252.0000,484466.0000,385300.0000,62939.0000,1819389.0000,448239.0000,21.5218,12.4821,33.7170,16.7664,13.3345,2.1782,62.9656,15.5127,36.3162,34.1802,24.6368,90+
TLH2,Bedfordshire and Hertfordshire,2017,1858958.0000,381267.0000,185063.0000,645265.0000,345226.0000,259119.0000,43018.0000,1175554.0000,302137.0000,20.5097,9.9552,34.7111,18.5709,13.9389,2.3141,63.2373,16.2530,39.2321,32.4330,25.7017,90+
TLH3,Essex,2017,1822045.0000,345223.0000,180437.0000,588596.0000,350871.0000,308101.0000,48817.0000,1119904.0000,356918.0000,18.9470,9.9030,32.3041,19.2570,16.9096,2.6792,61.4641,19.5889,41.9551,30.8261,31.8704,90+
TLH4,Cambridgeshire and Peterborough,2017,869702.0000,164893.0000,99047.0000,300885.0000,156406.0000,128508.0000,19963.0000,556338.0000,148471.0000,18.9597,11.3886,34.5963,17.9839,14.7761,2.2954,63.9688,17.0715,38.9064,29.6390,26.6872,90+
TLH5,Norfolk,2017,898548.0000,149359.0000,91682.0000,265413.0000,177140.0000,185118.0000,29836.0000,534235.0000,214954.0000,16.6223,10.2034,29.5380,19.7140,20.6019,3.3205,59.4554,23.9224,45.2774,27.9575,40.2359,90+
TLH6,Suffolk,2017,753590.0000,133686.0000,71626.0000,228043.0000,149143.0000,147328.0000,23764.0000,448812.0000,171092.0000,17.7399,9.5046,30.2609,19.7910,19.5502,3.1534,59.5565,22.7036,44.5300,29.7866,38.1211,90+
TLI3,Inner London - West,2017,1104033.0000,175116.0000,139422.0000,504773.0000,164127.0000,105097.0000,15498.0000,808322.0000,120595.0000,15.8615,12.6284,45.7208,14.8661,9.5194,1.4038,73.2154,10.9231,34.5797,21.6641,14.9192,90+
TLI4,Inner London - East,2017,2328482.0000,444664.0000,297517.0000,1084179.0000,321144.0000,158909.0000,22069.0000,1702840.0000,180978.0000,19.0967,12.7773,46.5616,13.7920,6.8246,0.9478,73.1309,7.7724,32.5727,26.1131,10.6280,90+
TLI5,Outer London - East and North East,2017,1915435.0000,423292.0000,207102.0000,729657.0000,313768.0000,207223.0000,34393.0000,1250527.0000,241616.0000,22.0990,10.8123,38.0935,16.3810,10.8186,1.7956,65.2868,12.6142,35.7038,33.8491,19.3211,90+
TLI6,Outer London - South,2017,1303737.0000,267223.0000,127460.0000,491419.0000,230113.0000,160492.0000,27030.0000,848992.0000,187522.0000,20.4967,9.7765,37.6931,17.6503,12.3102,2.0733,65.1199,14.3834,37.9570,31.4753,22.0876,90+
TLI7,Outer London - West and North West,2017,2124542.0000,440323.0000,231230.0000,834147.0000,348913.0000,233087.0000,36842.0000,1414290.0000,269929.0000,20.7255,10.8838,39.2624,16.4230,10.9712,1.7341,66.5692,12.7053,36.2427,31.1339,19.0858,90+
TLJ1,"Berkshire, Buckinghamshire and Oxfordshire",2017,2438363.0000,490102.0000,257756.0000,850761.0000,447441.0000,338987.0000,53316.0000,1555958.0000,392303.0000,20.0996,10.5709,34.8907,18.3501,13.9022,2.1865,63.8116,16.0888,39.0215,31.4984,25.2130,90+
TLJ2,"Surrey, East and West Sussex",2017,2868837.0000,519575.0000,287662.0000,910558.0000,562432.0000,497313.0000,91297.0000,1760652.0000,588610.0000,18.1110,10.0271,31.7396,19.6049,17.3350,3.1824,61.3716,20.5174,43.1260,29.5104,33.4314,90+
TLJ3,Hampshire and Isle of Wight,2017,1976517.0000,354352.0000,223705.0000,624918.0000,382793.0000,335573.0000,55176.0000,1231416.0000,390749.0000,17.9281,11.3181,31.6171,19.3670,16.9780,2.7916,62.3023,19.7696,41.8599,28.7760,31.7317,90+
TLJ4,Kent,2017,1821359.0000,349582.0000,193010.0000,578050.0000,349544.0000,304614.0000,46559.0000,1120604.0000,351173.0000,19.1935,10.5970,31.7373,19.1914,16.7245,2.5563,61.5257,19.2808,41.4657,31.1959,31.3378,90+
TLK3,Cornwall and Isles of Scilly,2017,559091.0000,92964.0000,54677.0000,157394.0000,117551.0000,119128.0000,17377.0000,329622.0000,136505.0000,16.6277,9.7796,28.1518,21.0254,21.3074,3.1081,58.9568,24.4155,46.6780,28.2032,41.4126,90+
TLK4,Devon,2017,1185975.0000,196519.0000,129342.0000,339185.0000,241396.0000,240109.0000,39424.0000,709923.0000,279533.0000,16.5702,10.9060,28.5997,20.3542,20.2457,3.3242,59.8599,23.5699,45.4841,27.6817,39.3751,90+
TLK5,West of England,2017,928386.0000,167333.0000,128540.0000,327653.0000,157736.0000,126134.0000,20990.0000,613929.0000,147124.0000,18.0241,13.8455,35.2928,16.9903,13.5864,2.2609,66.1286,15.8473,36.6966,27.2561,23.9643,90+
TLK6,"North Somerset, Somerset and Dorset",2017,1546645.0000,259557.0000,150032.0000,449172.0000,313707.0000,318498.0000,55679.0000,912911.0000,374177.0000,16.7819,9.7005,29.0417,20.2831,20.5928,3.6000,59.0252,24.1928,46.0166,28.4318,40.9872,90+
TLK7,Gloucestershire and Wiltshire,2017,1354569.0000,249539.0000,131986.0000,429654.0000,273896.0000,232798.0000,36696.0000,835536.0000,269494.0000,18.4220,9.7438,31.7189,20.2202,17.1861,2.7091,61.6828,19.8952,43.0527,29.8657,32.2540,90+
TLL3,North Wales,2017,687156.0000,121661.0000,67941.0000,201280.0000,140474.0000,135623.0000,20177.0000,409695.0000,155800.0000,17.7050,9.8873,29.2917,20.4428,19.7369,2.9363,59.6218,22.6732,45.1091,29.6955,38.0283,90+
TLL4,Mid and South West Wales,2017,891334.0000,151676.0000,98376.0000,254737.0000,183861.0000,176436.0000,26248.0000,536974.0000,202684.0000,17.0167,11.0369,28.5793,20.6276,19.7946,2.9448,60.2439,22.7394,44.9678,28.2464,37.7456,90+
TLL5,South East Wales,2017,1502876.0000,280376.0000,173568.0000,483635.0000,287884.0000,243443.0000,33970.0000,945087.0000,277413.0000,18.6560,11.5491,32.1806,19.1555,16.1985,2.2603,62.8852,18.4588,40.2920,29.6667,29.3532,90+
TLM0,Eastern Scotland,2017,926250.0000,155699.0000,103641.0000,281492.0000,195718.0000,166372.0000,23328.0000,580851.0000,189700.0000,16.8096,11.1893,30.3905,21.1301,17.9619,2.5185,62.7100,20.4804,43.9976,26.8053,32.6590,90+
TLM1,East Central Scotland,2017,1036170.0000,176490.0000,121065.0000,365450.0000,199709.0000,152185.0000,21271.0000,686224.0000,173456.0000,17.0329,11.6839,35.2693,19.2738,14.6873,2.0528,66.2270,16.7401,39.7426,25.7190,25.2769,90+
TLM2,Highlands and Islands,2017,489080.0000,79638.0000,45133.0000,144358.0000,110874.0000,96399.0000,12678.0000,300365.0000,109077.0000,16.2832,9.2281,29.5162,22.6699,19.7103,2.5922,61.4143,22.3025,46.6326,26.5137,36.3148,90+
TLM3,West Central Scotland,2017,1496270.0000,257002.0000,170995.0000,511421.0000,306923.0000,220207.0000,29722.0000,989339.0000,249929.0000,17.1762,11.4281,34.1797,20.5125,14.7171,1.9864,66.1204,16.7035,40.3817,25.9771,25.2622,90+
TLM5,North Eastern Scotland,2017,486810.0000,83130.0000,54467.0000,166862.0000,97510.0000,74610.0000,10231.0000,318839.0000,84841.0000,17.0765,11.1886,34.2766,20.0304,15.3263,2.1016,65.4956,17.4279,40.7777,26.0727,26.6094,90+
TLM9,Southern Scotland,2017,953620.0000,157793.0000,90252.0000,281676.0000,216054.0000,183979.0000,23866.0000,587982.0000,207845.0000,16.5467,9.4641,29.5376,22.6562,19.2927,2.5027,61.6579,21.7954,46.3172,26.8364,35.3489,90+
TLN0,Northern Ireland,2017,1875178.0000,388154.0000,210111.0000,619694.0000,352939.0000,267339.0000,36941.0000,1182744.0000,304280.0000,20.6996,11.2049,33.0472,18.8216,14.2567,1.9700,63.0737,16.2267,38.6347,32.8181,25.7266,90+
TLC3,Tees Valley,2018,673541.0000,130754.0000,69540.0000,207809.0000,137036.0000,112624.0000,15778.0000,414385.0000,128402.0000,19.4129,10.3245,30.8532,20.3456,16.7212,2.3425,61.5234,19.0637,41.3811,31.5537,30.9862,90+
TLC4,"Northumberland, Durham and Tyne & Wear",2018,1955852.0000,338952.0000,220256.0000,600025.0000,404303.0000,344101.0000,48215.0000,1224584.0000,392316.0000,17.3301,11.2614,30.6784,20.6715,17.5934,2.4652,62.6113,20.0586,42.7305,27.6790,32.0367,90+
TLD1,Cumbria,2018,498941.0000,80928.0000,44887.0000,143990.0000,110804.0000,103180.0000,15152.0000,299681.0000,118332.0000,16.2200,8.9965,28.8591,22.2078,20.6798,3.0368,60.0634,23.7166,47.2194,27.0047,39.4860,90+
TLD3,Greater Manchester,2018,2823878.0000,581243.0000,319388.0000,974672.0000,503619.0000,391979.0000,52977.0000,1797679.0000,444956.0000,20.5831,11.3103,34.5154,17.8343,13.8809,1.8760,63.6599,15.7569,37.4132,32.3330,24.7517,90+
TLD4,Lancashire,2018,1503339.0000,281817.0000,160069.0000,462963.0000,299991.0000,261549.0000,36950.0000,923023.0000,298499.0000,18.7461,10.6476,30.7956,19.9550,17.3979,2.4579,61.3982,19.8557,42.1900,30.5320,32.3393,90+
TLD6,Cheshire,2018,948975.0000,168450.0000,89542.0000,296629.0000,196773.0000,172384.0000,25197.0000,582944.0000,197581.0000,17.7507,9.4357,31.2578,20.7353,18.1653,2.6552,61.4288,20.8205,44.0925,28.8964,33.8937,90+
TLD7,Merseyside,2018,1540983.0000,277230.0000,176187.0000,488400.0000,308771.0000,253630.0000,36765.0000,973358.0000,290395.0000,17.9905,11.4334,31.6941,20.0373,16.4590,2.3858,63.1647,18.8448,40.9429,28.4818,29.8343,90+
TLE1,East Yorkshire and Northern Lincolnshire,2018,934259.0000,168450.0000,94041.0000,285877.0000,191523.0000,170234.0000,24134.0000,571441.0000,194368.0000,18.0303,10.0658,30.5993,20.5000,18.2213,2.5832,61.1652,20.8045,43.4186,29.4781,34.0137,90+
TLE2,North Yorkshire,2018,811641.0000,132605.0000,85452.0000,235894.0000,172884.0000,160410.0000,24396.0000,494230.0000,184806.0000,16.3379,10.5283,29.0638,21.3006,19.7637,3.0058,60.8927,22.7694,45.7710,26.8306,37.3927,90+
TLE3,South Yorkshire,2018,1372522.0000,254482.0000,165570.0000,440676.0000,262336.0000,218126.0000,31332.0000,868582.0000,249458.0000,18.5412,12.0632,32.1070,19.1134,15.8923,2.2828,63.2836,18.1752,39.7411,29.2986,28.7201,90+
TLE4,West Yorkshire,2018,2325461.0000,473686.0000,275041.0000,775894.0000,419197.0000,333655.0000,47988.0000,1470132.0000,381643.0000,20.3696,11.8274,33.3652,18.0264,14.3479,2.0636,63.2189,16.4115,37.9878,32.2206,25.9598,90+
TLF1,Derbyshire and Nottinghamshire,2018,2186393.0000,394061.0000,250178.0000,691339.0000,431603.0000,366014.0000,53198.0000,1373120.0000,419212.0000,18.0233,11.4425,31.6201,19.7404,16.7405,2.4331,62.8030,19.1737,41.5336,28.6982,30.5299,90+
TLF2,"Leicestershire, Rutland and Northamptonshire",2018,1871477.0000,360779.0000,217300.0000,613856.0000,352303.0000,286345.0000,40894.0000,1183459.0000,327239.0000,19.2778,11.6111,32.8006,18.8249,15.3005,2.1851,63.2366,17.4856,39.5726,30.4851,27.6511,90+
TLF3,Lincolnshire,2018,757281.0000,128389.0000,77746.0000,220804.0000,155423.0000,153210.0000,21709.0000,453973.0000,174919.0000,16.9539,10.2665,29.1575,20.5238,20.2316,2.8667,59.9478,23.0983,45.3321,28.2812,38.5307,90+
TLG1,"Herefordshire, Worcestershire and Warwickshire",2018,1359892.0000,238165.0000,128657.0000,417598.0000,278018.0000,258420.0000,39034.0000,824273.0000,297454.0000,17.5135,9.4608,30.7082,20.4441,19.0030,2.8704,60.6131,21.8734,44.4703,28.8939,36.0868,90+
TLG2,Shropshire and Staffordshire,2018,1622313.0000,289063.0000,162066.0000,500645.0000,330803.0000,298726.0000,41010.0000,993514.0000,339736.0000,17.8180,9.9898,30.8600,20.3908,18.4136,2.5279,61.2406,20.9415,43.7078,29.0950,34.1954,90+
TLG3,West Midlands,2018,2907123.0000,626319.0000,359890.0000,975837.0000,493620.0000,388266.0000,63191.0000,1829347.0000,451457.0000,21.5443,12.3796,33.5671,16.9797,13.3557,2.1737,62.9264,15.5293,36.4244,34.2373,24.6786,90+
TLH2,Bedfordshire and Hertfordshire,2018,1868416.0000,383468.0000,183068.0000,645146.0000,351369.0000,261985.0000,43380.0000,1179583.0000,305365.0000,20.5237,9.7980,34.5290,18.8057,14.0218,2.3218,63.1328,16.3435,39.3740,32.5088,25.8875,90+
TLH3,Essex,2018,1833375.0000,348742.0000,178039.0000,589836.0000,356065.0000,311699.0000,48994.0000,1123940.0000,360693.0000,19.0219,9.7110,32.1721,19.4213,17.0014,2.6723,61.3044,19.6737,41.9331,31.0285,32.0918,90+
TLH4,Cambridgeshire and Peterborough,2018,876713.0000,166036.0000,98300.0000,302556.0000,159143.0000,130577.0000,20101.0000,559999.0000,150678.0000,18.9385,11.2123,34.5103,18.1522,14.8939,2.2928,63.8748,17.1867,39.0584,29.6493,26.9068,90+
TLH5,Norfolk,2018,903527.0000,149808.0000,90844.0000,265352.0000,180000.0000,187628.0000,29895.0000,536196.0000,217523.0000,16.5804,10.0544,29.3685,19.9219,20.7662,3.3087,59.3448,24.0749,45.4672,27.9390,40.5678,90+
TLH6,Suffolk,2018,755345.0000,133405.0000,70422.0000,226889.0000,151087.0000,149631.0000,23911.0000,448398.0000,173542.0000,17.6615,9.3232,30.0378,20.0024,19.8096,3.1656,59.3633,22.9752,44.7991,29.7515,38.7027,90+
TLI3,Inner London - West,2018,1104525.0000,173648.0000,139528.0000,500824.0000,169234.0000,105823.0000,15468.0000,809586.0000,121291.0000,15.7215,12.6324,45.3429,15.3219,9.5809,1.4004,73.2972,10.9813,34.6791,21.4490,14.9819,90+
TLI4,Inner London - East,2018,2349065.0000,444949.0000,297422.0000,1089995.0000,332505.0000,161988.0000,22206.0000,1719922.0000,184194.0000,18.9415,12.6613,46.4012,14.1548,6.8959,0.9453,73.2173,7.8412,32.7560,25.8703,10.7094,90+
TLI5,Outer London - East and North East,2018,1929180.0000,424820.0000,205797.0000,734134.0000,321086.0000,208946.0000,34397.0000,1261017.0000,243343.0000,22.0208,10.6676,38.0542,16.6437,10.8308,1.7830,65.3654,12.6138,35.9181,33.6887,19.2974,90+
TLI6,Outer London - South,2018,1308552.0000,268360.0000,124924.0000,490824.0000,235037.0000,162209.0000,27198.0000,850785.0000,189407.0000,20.5082,9.5467,37.5089,17.9616,12.3961,2.0785,65.0173,14.4745,38.2332,31.5426,22.2626,90+
TLI7,Outer London - West and North West,2018,2142013.0000,442196.0000,231092.0000,835799.0000,357863.0000,237491.0000,37572.0000,1424754.0000,275063.0000,20.6439,10.7885,39.0193,16.7069,11.0873,1.7541,66.5147,12.8413,36.5390,31.0367,19.3060,90+
TLJ1,"Berkshire, Buckinghamshire and Oxfordshire",2018,2457736.0000,492768.0000,256423.0000,853058.0000,456141.0000,344974.0000,54372.0000,1565622.0000,399346.0000,20.0497,10.4333,34.7091,18.5594,14.0363,2.2123,63.7018,16.2485,39.2192,31.4743,25.5072,90+
TLJ2,"Surrey, East and West Sussex",2018,2878969.0000,520499.0000,285857.0000,906425.0000,571755.0000,503058.0000,91375.0000,1764037.0000,594433.0000,18.0794,9.9291,31.4844,19.8597,17.4735,3.1739,61.2732,20.6474,43.2787,29.5061,33.6973,90+
TLJ3,Hampshire and Isle of Wight,2018,1981860.0000,354331.0000,219394.0000,623582.0000,388080.0000,340872.0000,55601.0000,1231056.0000,396473.0000,17.8787,11.0701,31.4645,19.5816,17.1996,2.8055,62.1162,20.0051,42.0157,28.7827,32.2059,90+
TLJ4,Kent,2018,1831680.0000,352455.0000,188855.0000,579522.0000,355293.0000,308752.0000,46803.0000,1123670.0000,355555.0000,19.2422,10.3105,31.6388,19.3971,16.8562,2.5552,61.3464,19.4114,41.5082,31.3664,31.6423,90+
TLK3,Cornwall and Isles of Scilly,2018,562127.0000,93227.0000,53716.0000,157430.0000,119272.0000,120956.0000,17526.0000,330418.0000,138482.0000,16.5847,9.5558,28.0061,21.2180,21.5176,3.1178,58.7800,24.6354,46.9835,28.2149,41.9112,90+
TLK4,Devon,2018,1193623.0000,197250.0000,128053.0000,339510.0000,245004.0000,244247.0000,39559.0000,712567.0000,283806.0000,16.5253,10.7281,28.4437,20.5261,20.4627,3.3142,59.6978,23.7769,45.7053,27.6816,39.8287,90+
TLK5,West of England,2018,938234.0000,168010.0000,130819.0000,331056.0000,159805.0000,127350.0000,21194.0000,621680.0000,148544.0000,17.9070,13.9431,35.2850,17.0325,13.5734,2.2589,66.2607,15.8323,36.6376,27.0252,23.8940,90+
TLK6,"North Somerset, Somerset and Dorset",2018,1552187.0000,260191.0000,146997.0000,447188.0000,318501.0000,323601.0000,55709.0000,912686.0000,379310.0000,16.7629,9.4703,28.8102,20.5195,20.8481,3.5891,58.8000,24.4371,46.3147,28.5083,41.5597,90+
TLK7,Gloucestershire and Wiltshire,2018,1363530.0000,250569.0000,130039.0000,429622.0000,278360.0000,237697.0000,37243.0000,838021.0000,274940.0000,18.3765,9.5369,31.5081,20.4147,17.4325,2.7314,61.4597,20.1638,43.1943,29.9001,32.8082,90+
TLL3,North Wales,2018,686482.0000,121328.0000,66380.0000,199882.0000,141918.0000,136803.0000,20171.0000,408180.0000,156974.0000,17.6739,9.6696,29.1169,20.6732,19.9281,2.9383,59.4597,22.8664,45.3608,29.7241,38.4571,90+
TLL4,Mid and South West Wales,2018,890422.0000,151601.0000,96662.0000,252627.0000,184801.0000,178331.0000,26400.0000,534090.0000,204731.0000,17.0257,10.8558,28.3716,20.7543,20.0277,2.9649,59.9817,22.9926,45.1612,28.3849,38.3327,90+
TLL5,South East Wales,2018,1506936.0000,281525.0000,170360.0000,483312.0000,291087.0000,246473.0000,34179.0000,944759.0000,280652.0000,18.6819,11.3051,32.0725,19.3165,16.3559,2.2681,62.6940,18.6240,40.3048,29.7986,29.7062,90+
TLM0,Eastern Scotland,2018,925480.0000,154951.0000,102255.0000,278478.0000,197504.0000,168844.0000,23448.0000,578237.0000,192292.0000,16.7428,11.0489,30.0901,21.3407,18.2439,2.5336,62.4797,20.7775,44.1640,26.7971,33.2549,90+
TLM1,East Central Scotland,2018,1041570.0000,176135.0000,120744.0000,365906.0000,202739.0000,154565.0000,21481.0000,689389.0000,176046.0000,16.9105,11.5925,35.1302,19.4648,14.8396,2.0624,66.1875,16.9020,39.7868,25.5494,25.5365,90+
TLM2,Highlands and Islands,2018,487540.0000,79151.0000,43563.0000,142118.0000,111934.0000,97823.0000,12951.0000,297615.0000,110774.0000,16.2348,8.9353,29.1500,22.9589,20.0646,2.6564,61.0442,22.7210,47.0643,26.5951,37.2206,90+
TLM3,West Central Scotland,2018,1500690.0000,256914.0000,169825.0000,510057.0000,311371.0000,222469.0000,30054.0000,991253.0000,252523.0000,17.1197,11.3165,33.9882,20.7485,14.8244,2.0027,66.0531,16.8271,40.3473,25.9181,25.4751,90+
TLM5,North Eastern Scotland,2018,484390.0000,83256.0000,52655.0000,164256.0000,98090.0000,75798.0000,10335.0000,315001.0000,86133.0000,17.1878,10.8704,33.9099,20.2502,15.6481,2.1336,65.0305,17.7817,41.0826,26.4304,27.3437,90+
TLM9,Southern Scotland,2018,952430.0000,157422.0000,87993.0000,277887.0000,218213.0000,186563.0000,24352.0000,584093.0000,210915.0000,16.5285,9.2388,29.1766,22.9112,19.5881,2.5568,61.3266,22.1449,46.6637,26.9515,36.1098,90+
TLN0,Northern Ireland,2018,1886259.0000,390311.0000,208020.0000,618491.0000,359448.0000,272481.0000,37508.0000,1185959.0000,309989.0000,20.6923,11.0282,32.7893,19.0561,14.4456,1.9885,62.8736,16.4341,38.8522,32.9110,26.1383,90+
TLC3,Tees Valley,2019,674626.0000,131068.0000,67099.0000,207503.0000,138217.0000,114684.0000,16055.0000,412819.0000,130739.0000,19.4282,9.9461,30.7582,20.4879,16.9996,2.3798,61.1923,19.3795,41.5303,31.7495,31.6698,90+
TLC4,"Northumberland, Durham and Tyne & Wear",2019,1962050.0000,339473.0000,218087.0000,598133.0000,406699.0000,349873.0000,49785.0000,1222919.0000,399658.0000,17.3020,11.1153,30.4851,20.7283,17.8320,2.5374,62.3286,20.3694,42.7862,27.7592,32.6807,90+
TLD1,Cumbria,2019,499171.0000,80611.0000,43671.0000,142532.0000,112141.0000,104746.0000,15470.0000,298344.0000,120216.0000,16.1490,8.7487,28.5537,22.4654,20.9840,3.0991,59.7679,24.0831,47.5802,27.0195,40.2944,90+
TLD3,Greater Manchester,2019,2847959.0000,585634.0000,321891.0000,978753.0000,510998.0000,396897.0000,53786.0000,1811642.0000,450683.0000,20.5633,11.3025,34.3668,17.9426,13.9362,1.8886,63.6119,15.8248,37.4394,32.3261,24.8770,90+
TLD4,Lancashire,2019,1513857.0000,283084.0000,159113.0000,462889.0000,305481.0000,265423.0000,37867.0000,927483.0000,303290.0000,18.6995,10.5104,30.5768,20.1790,17.5329,2.5014,61.2662,20.0343,42.1939,30.5217,32.7003,90+
TLD6,Cheshire,2019,956163.0000,169088.0000,88335.0000,297182.0000,200421.0000,175274.0000,25863.0000,585938.0000,201137.0000,17.6840,9.2385,31.0807,20.9610,18.3310,2.7049,61.2801,21.0358,44.2190,28.8577,34.3274,90+
TLD7,Merseyside,2019,1546117.0000,277809.0000,173971.0000,488529.0000,311111.0000,257227.0000,37470.0000,973611.0000,294697.0000,17.9682,11.2521,31.5972,20.1221,16.6370,2.4235,62.9714,19.0605,40.9252,28.5339,30.2685,90+
TLE1,East Yorkshire and Northern Lincolnshire,2019,935933.0000,168501.0000,91529.0000,284369.0000,193873.0000,172758.0000,24903.0000,569771.0000,197661.0000,18.0035,9.7794,30.3835,20.7144,18.4584,2.6608,60.8773,21.1191,43.6010,29.5735,34.6913,90+
TLE2,North Yorkshire,2019,814537.0000,131717.0000,85479.0000,233779.0000,175052.0000,163447.0000,25063.0000,494310.0000,188510.0000,16.1708,10.4942,28.7008,21.4910,20.0662,3.0770,60.6860,23.1432,46.0597,26.6466,38.1360,90+
TLE3,South Yorkshire,2019,1374386.0000,254313.0000,162109.0000,439821.0000,265531.0000,220634.0000,31978.0000,867461.0000,252612.0000,18.5038,11.7950,32.0013,19.3200,16.0533,2.3267,63.1163,18.3800,39.8624,29.3169,29.1208,90+
TLE4,West Yorkshire,2019,2339795.0000,474898.0000,274082.0000,778331.0000,425279.0000,338160.0000,49045.0000,1477692.0000,387205.0000,20.2966,11.7139,33.2649,18.1759,14.4525,2.0961,63.1548,16.5487,38.1264,32.1378,26.2034,90+
TLF1,Derbyshire and Nottinghamshire,2019,2194954.0000,394767.0000,246295.0000,690098.0000,437646.0000,371746.0000,54402.0000,1374039.0000,426148.0000,17.9852,11.2210,31.4402,19.9387,16.9364,2.4785,62.5999,19.4149,41.5679,28.7304,31.0143,90+
TLF2,"Leicestershire, Rutland and Northamptonshire",2019,1887784.0000,362446.0000,216120.0000,617300.0000,358463.0000,291516.0000,41939.0000,1191883.0000,333455.0000,19.1995,11.4483,32.6997,18.9886,15.4422,2.2216,63.1366,17.6638,39.7032,30.4095,27.9772,90+
TLF3,Lincolnshire,2019,761263.0000,128591.0000,76970.0000,219891.0000,158376.0000,155322.0000,22113.0000,455237.0000,177435.0000,16.8918,10.1108,28.8850,20.8044,20.4032,2.9048,59.8002,23.3080,45.5736,28.2470,38.9764,90+
TLG1,"Herefordshire, Worcestershire and Warwickshire",2019,1368778.0000,239693.0000,127127.0000,416790.0000,281983.0000,263300.0000,39885.0000,825900.0000,303185.0000,17.5115,9.2876,30.4498,20.6011,19.2361,2.9139,60.3385,22.1500,44.6015,29.0220,36.7097,90+
TLG2,Shropshire and Staffordshire,2019,1631108.0000,289843.0000,159820.0000,499274.0000,335775.0000,303880.0000,42516.0000,994869.0000,346396.0000,17.7697,9.7982,30.6095,20.5857,18.6303,2.6066,60.9934,21.2369,43.8366,29.1338,34.8183,90+
TLG3,West Midlands,2019,2921091.0000,627195.0000,360634.0000,976608.0000,501356.0000,391370.0000,63928.0000,1838598.0000,455298.0000,21.4713,12.3459,33.4330,17.1633,13.3981,2.1885,62.9422,15.5866,36.5454,34.1127,24.7633,90+
TLH2,Bedfordshire and Hertfordshire,2019,1881839.0000,385183.0000,183291.0000,646795.0000,356488.0000,265537.0000,44545.0000,1186574.0000,310082.0000,20.4684,9.7400,34.3704,18.9436,14.1105,2.3671,63.0540,16.4776,39.5397,32.4618,26.1325,90+
TLH3,Essex,2019,1846380.0000,351489.0000,176962.0000,591309.0000,361250.0000,315554.0000,49816.0000,1129521.0000,365370.0000,19.0367,9.5843,32.0253,19.5653,17.0904,2.6980,61.1749,19.7885,41.8845,31.1184,32.3473,90+
TLH4,Cambridgeshire and Peterborough,2019,881675.0000,166488.0000,96628.0000,303780.0000,161379.0000,132918.0000,20482.0000,561787.0000,153400.0000,18.8831,10.9596,34.4549,18.3037,15.0756,2.3231,63.7182,17.3987,39.2756,29.6354,27.3057,90+
TLH5,Norfolk,2019,906964.0000,150138.0000,88645.0000,264905.0000,182682.0000,190038.0000,30556.0000,536232.0000,220594.0000,16.5539,9.7738,29.2079,20.1421,20.9532,3.3690,59.1238,24.3222,45.7333,27.9987,41.1378,90+
TLH6,Suffolk,2019,757321.0000,133114.0000,68922.0000,225916.0000,152950.0000,152114.0000,24305.0000,447788.0000,176419.0000,17.5770,9.1008,29.8309,20.1962,20.0858,3.2093,59.1279,23.2951,45.0451,29.7270,39.3979,90+
TLI3,Inner London - West,2019,1104241.0000,171538.0000,139737.0000,497505.0000,173059.0000,106977.0000,15425.0000,810301.0000,122402.0000,15.5345,12.6546,45.0540,15.6722,9.6878,1.3969,73.3808,11.0847,34.7018,21.1697,15.1057,90+
TLI4,Inner London - East,2019,2364397.0000,440340.0000,297871.0000,1096796.0000,341613.0000,165189.0000,22588.0000,1736280.0000,187777.0000,18.6238,12.5982,46.3880,14.4482,6.9865,0.9553,73.4344,7.9419,32.8908,25.3611,10.8149,90+
TLI5,Outer London - East and North East,2019,1942897.0000,424533.0000,207149.0000,737952.0000,327180.0000,211346.0000,34737.0000,1272281.0000,246083.0000,21.8505,10.6619,37.9820,16.8398,10.8779,1.7879,65.4837,12.6658,36.1104,33.3679,19.3419,90+
TLI6,Outer London - South,2019,1317367.0000,268609.0000,125513.0000,491716.0000,239265.0000,164567.0000,27697.0000,856494.0000,192264.0000,20.3898,9.5276,37.3257,18.1624,12.4921,2.1025,65.0156,14.5946,38.4610,31.3615,22.4478,90+
TLI7,Outer London - West and North West,2019,2160841.0000,442372.0000,232608.0000,839252.0000,366428.0000,241713.0000,38468.0000,1438288.0000,280181.0000,20.4722,10.7647,38.8391,16.9577,11.1861,1.7802,66.5615,12.9663,36.7956,30.7568,19.4802,90+
TLJ1,"Berkshire, Buckinghamshire and Oxfordshire",2019,2475951.0000,494232.0000,255554.0000,854488.0000,464247.0000,351516.0000,55914.0000,1574289.0000,407430.0000,19.9613,10.3214,34.5115,18.7502,14.1972,2.2583,63.5832,16.4555,39.4423,31.3940,25.8803,90+
TLJ2,"Surrey, East and West Sussex",2019,2889145.0000,519769.0000,285675.0000,901562.0000,579900.0000,509328.0000,92911.0000,1767137.0000,602239.0000,17.9904,9.8879,31.2051,20.0717,17.6290,3.2159,61.1647,20.8449,43.4365,29.4131,34.0799,90+
TLJ3,Hampshire and Isle of Wight,2019,1985982.0000,353513.0000,214666.0000,622204.0000,392902.0000,346038.0000,56659.0000,1229772.0000,402697.0000,17.8004,10.8091,31.3298,19.7838,17.4240,2.8529,61.9226,20.2770,42.2018,28.7462,32.7457,90+
TLJ4,Kent,2019,1842692.0000,354537.0000,185637.0000,581288.0000,360671.0000,313154.0000,47405.0000,1127596.0000,360559.0000,19.2402,10.0742,31.5456,19.5730,16.9944,2.5726,61.1929,19.5670,41.5445,31.4418,31.9759,90+
TLK3,Cornwall and Isles of Scilly,2019,565793.0000,93656.0000,52706.0000,157251.0000,121057.0000,123384.0000,17739.0000,331014.0000,141123.0000,16.5531,9.3154,27.7930,21.3960,21.8073,3.1352,58.5044,24.9425,47.3172,28.2937,42.6335,90+
TLK4,Devon,2019,1200337.0000,197606.0000,125511.0000,339444.0000,248913.0000,248672.0000,40191.0000,713868.0000,288863.0000,16.4625,10.4563,28.2791,20.7369,20.7168,3.3483,59.4723,24.0652,45.9821,27.6810,40.4645,90+
TLK5,West of England,2019,944659.0000,168181.0000,131257.0000,333383.0000,161410.0000,128880.0000,21548.0000,626050.0000,150428.0000,17.8034,13.8946,35.2914,17.0866,13.6430,2.2810,66.2726,15.9241,36.6661,26.8638,24.0281,90+
TLK6,"North Somerset, Somerset and Dorset",2019,1558408.0000,259555.0000,144290.0000,446040.0000,322532.0000,329241.0000,56750.0000,912862.0000,385991.0000,16.6551,9.2588,28.6215,20.6962,21.1268,3.6415,58.5766,24.7683,46.6132,28.4331,42.2836,90+
TLK7,Gloucestershire and Wiltshire,2019,1373595.0000,251124.0000,129183.0000,429852.0000,282442.0000,242777.0000,38217.0000,841477.0000,280994.0000,18.2822,9.4047,31.2939,20.5622,17.6746,2.7823,61.2609,20.4568,43.2978,29.8432,33.3930,90+
TLL3,North Wales,2019,685315.0000,120686.0000,64781.0000,197580.0000,143601.0000,138306.0000,20361.0000,405962.0000,158667.0000,17.6103,9.4527,28.8305,20.9540,20.1814,2.9710,59.2373,23.1524,45.6578,29.7284,39.0842,90+
TLL4,Mid and South West Wales,2019,889844.0000,150910.0000,94701.0000,250370.0000,186266.0000,180881.0000,26716.0000,531337.0000,207597.0000,16.9592,10.6424,28.1364,20.9324,20.3273,3.0023,59.7113,23.3296,45.4099,28.4019,39.0707,90+
TLL5,South East Wales,2019,1512573.0000,281501.0000,168438.0000,483814.0000,294175.0000,249646.0000,34999.0000,946427.0000,284645.0000,18.6107,11.1359,31.9862,19.4486,16.5047,2.3139,62.5707,18.8186,40.3653,29.7436,30.0757,90+
TLM0,Eastern Scotland,2019,927940.0000,154475.0000,102205.0000,275920.0000,199794.0000,171484.0000,24062.0000,577919.0000,195546.0000,16.6471,11.0142,29.7347,21.5309,18.4801,2.5931,62.2798,21.0731,44.2962,26.7295,33.8362,90+
TLM1,East Central Scotland,2019,1049480.0000,176147.0000,121254.0000,366714.0000,206025.0000,157173.0000,22167.0000,693993.0000,179340.0000,16.7842,11.5537,34.9424,19.6312,14.9763,2.1122,66.1273,17.0885,39.9081,25.3817,25.8418,90+
TLM2,Highlands and Islands,2019,487160.0000,79067.0000,42053.0000,140548.0000,112758.0000,99459.0000,13275.0000,295359.0000,112734.0000,16.2302,8.6323,28.8505,23.1460,20.4161,2.7250,60.6287,23.1411,47.4397,26.7698,38.1685,90+
TLM3,West Central Scotland,2019,1508090.0000,256395.0000,170561.0000,508940.0000,315469.0000,225760.0000,30965.0000,994970.0000,256725.0000,17.0013,11.3097,33.7473,20.9184,14.9699,2.0533,65.9755,17.0232,40.4089,25.7691,25.8023,90+
TLM5,North Eastern Scotland,2019,484660.0000,83143.0000,52071.0000,162431.0000,98853.0000,77484.0000,10678.0000,313355.0000,88162.0000,17.1549,10.7438,33.5144,20.3964,15.9873,2.2032,64.6546,18.1905,41.3367,26.5332,28.1349,90+
TLM9,Southern Scotland,2019,953870.0000,157308.0000,86046.0000,275240.0000,220218.0000,190039.0000,25019.0000,581504.0000,215058.0000,16.4916,9.0207,28.8551,23.0868,19.9229,2.6229,60.9626,22.5458,46.9945,27.0519,36.9831,90+
TLN0,Northern Ireland,2019,1898519.0000,391656.0000,206066.0000,618338.0000,365513.0000,278422.0000,38524.0000,1189917.0000,316946.0000,20.6296,10.8540,32.5695,19.2525,14.6652,2.0292,62.6761,16.6944,39.1324,32.9146,26.6360,90+
TLC3,Tees Valley,2020,674447.0000,130541.0000,66020.0000,206585.0000,139211.0000,115969.0000,16121.0000,411816.0000,132090.0000,19.3553,9.7888,30.6303,20.6408,17.1947,2.3903,61.0598,19.5849,41.6610,31.6989,32.0750,90+
TLC4,"Northumberland, Durham and Tyne & Wear",2020,1962979.0000,338403.0000,216106.0000,596987.0000,407904.0000,353816.0000,49763.0000,1220997.0000,403579.0000,17.2393,11.0091,30.4123,20.7798,18.0244,2.5351,62.2012,20.5595,42.7367,27.7153,33.0532,90+
TLD1,Cumbria,2020,498439.0000,79936.0000,43260.0000,141062.0000,113157.0000,105670.0000,15354.0000,297479.0000,121024.0000,16.0373,8.6791,28.3008,22.7023,21.2002,3.0804,59.6821,24.2806,47.8409,26.8711,40.6832,90+
TLD3,Greater Manchester,2020,2856110.0000,586088.0000,321501.0000,979463.0000,516469.0000,399074.0000,53515.0000,1817433.0000,452589.0000,20.5205,11.2566,34.2936,18.0830,13.9726,1.8737,63.6332,15.8463,37.5277,32.2481,24.9027,90+
TLD4,Lancashire,2020,1520252.0000,282713.0000,160222.0000,461953.0000,309425.0000,267954.0000,37985.0000,931600.0000,305939.0000,18.5965,10.5392,30.3866,20.3535,17.6256,2.4986,61.2793,20.1242,42.1414,30.3470,32.8402,90+
TLD6,Cheshire,2020,959568.0000,168928.0000,87018.0000,296882.0000,203760.0000,177079.0000,25901.0000,587660.0000,202980.0000,17.6046,9.0685,30.9391,21.2346,18.4540,2.6992,61.2421,21.1533,44.3102,28.7459,34.5404,90+
TLD7,Merseyside,2020,1546236.0000,276683.0000,172591.0000,487768.0000,313021.0000,258963.0000,37210.0000,973380.0000,296173.0000,17.8940,11.1620,31.5455,20.2441,16.7480,2.4065,62.9516,19.1544,40.9627,28.4250,30.4273,90+
TLE1,East Yorkshire and Northern Lincolnshire,2020,935988.0000,167567.0000,90288.0000,282826.0000,195415.0000,174627.0000,25265.0000,568529.0000,199892.0000,17.9027,9.6463,30.2168,20.8779,18.6570,2.6993,60.7411,21.3563,43.7133,29.4738,35.1595,90+
TLE2,North Yorkshire,2020,813068.0000,130346.0000,84626.0000,231323.0000,176679.0000,164982.0000,25112.0000,492628.0000,190094.0000,16.0314,10.4082,28.4506,21.7299,20.2913,3.0885,60.5888,23.3798,46.2770,26.4593,38.5877,90+
TLE3,South Yorkshire,2020,1373015.0000,253598.0000,158420.0000,438950.0000,268249.0000,222010.0000,31788.0000,865619.0000,253798.0000,18.4702,11.5381,31.9698,19.5372,16.1695,2.3152,63.0451,18.4847,39.9897,29.2967,29.3198,90+
TLE4,West Yorkshire,2020,2346416.0000,472991.0000,273629.0000,778283.0000,431294.0000,340819.0000,49400.0000,1483206.0000,390219.0000,20.1580,11.6616,33.1690,18.3810,14.5251,2.1053,63.2116,16.6304,38.2633,31.8898,26.3092,90+
TLF1,Derbyshire and Nottinghamshire,2020,2197772.0000,393264.0000,244567.0000,688059.0000,442524.0000,374739.0000,54619.0000,1375150.0000,429358.0000,17.8938,11.1280,31.3071,20.1351,17.0509,2.4852,62.5702,19.5361,41.6050,28.5979,31.2226,90+
TLF2,"Leicestershire, Rutland and Northamptonshire",2020,1894087.0000,361752.0000,213580.0000,618487.0000,363407.0000,295049.0000,41812.0000,1195474.0000,336861.0000,19.0990,11.2761,32.6536,19.1864,15.5774,2.2075,63.1161,17.7849,39.9129,30.2601,28.1780,90+
TLF3,Lincolnshire,2020,763610.0000,128031.0000,76659.0000,219228.0000,160513.0000,156837.0000,22342.0000,456400.0000,179179.0000,16.7665,10.0390,28.7094,21.0203,20.5389,2.9258,59.7687,23.4647,45.6976,28.0524,39.2592,90+
TLG1,"Herefordshire, Worcestershire and Warwickshire",2020,1374958.0000,239662.0000,126618.0000,416201.0000,286171.0000,266226.0000,40080.0000,828990.0000,306306.0000,17.4305,9.2089,30.2701,20.8131,19.3625,2.9150,60.2920,22.2775,44.6882,28.9101,36.9493,90+
TLG2,Shropshire and Staffordshire,2020,1635490.0000,289978.0000,158830.0000,496632.0000,339593.0000,307500.0000,42957.0000,995055.0000,350457.0000,17.7303,9.7115,30.3659,20.7640,18.8017,2.6266,60.8414,21.4283,43.8601,29.1419,35.2199,90+
TLG3,West Midlands,2020,2921476.0000,623600.0000,360520.0000,973147.0000,508436.0000,391924.0000,63849.0000,1842103.0000,455773.0000,21.3454,12.3403,33.3101,17.4034,13.4153,2.1855,63.0538,15.6008,36.7048,33.8526,24.7420,90+
TLH2,Bedfordshire and Hertfordshire,2020,1893635.0000,386606.0000,184178.0000,648836.0000,361293.0000,268023.0000,44699.0000,1194307.0000,312722.0000,20.4161,9.7262,34.2640,19.0793,14.1539,2.3605,63.0695,16.5144,39.6821,32.3707,26.1844,90+
TLH3,Essex,2020,1852594.0000,352045.0000,176263.0000,591229.0000,365753.0000,317448.0000,49856.0000,1133245.0000,367304.0000,19.0028,9.5144,31.9136,19.7427,17.1353,2.6911,61.1707,19.8265,41.8792,31.0652,32.4117,90+
TLH4,Cambridgeshire and Peterborough,2020,884999.0000,166600.0000,95137.0000,304165.0000,163535.0000,134872.0000,20690.0000,562837.0000,155562.0000,18.8249,10.7500,34.3690,18.4786,15.2398,2.3379,63.5975,17.5776,39.5204,29.6000,27.6389,90+
TLH5,Norfolk,2020,909883.0000,149129.0000,88730.0000,264359.0000,185240.0000,191560.0000,30865.0000,538329.0000,222425.0000,16.3899,9.7518,29.0542,20.3587,21.0533,3.3922,59.1646,24.4455,45.9127,27.7022,41.3177,90+
TLH6,Suffolk,2020,756668.0000,131025.0000,68767.0000,224161.0000,154842.0000,153417.0000,24456.0000,447770.0000,177873.0000,17.3160,9.0881,29.6247,20.4637,20.2753,3.2321,59.1765,23.5074,45.2832,29.2617,39.7242,90+
TLI3,Inner London - West,2020,1093830.0000,167703.0000,134763.0000,492923.0000,176093.0000,107142.0000,15206.0000,803779.0000,122348.0000,15.3317,12.3203,45.0639,16.0988,9.7951,1.3902,73.4830,11.1853,34.8736,20.8643,15.2216,90+
TLI4,Inner London - East,2020,2352890.0000,433616.0000,285957.0000,1093288.0000,349591.0000,168168.0000,22270.0000,1728836.0000,190438.0000,18.4291,12.1534,46.4658,14.8579,7.1473,0.9465,73.4771,8.0938,33.1762,25.0814,11.0154,90+
TLI5,Outer London - East and North East,2020,1940867.0000,422383.0000,203951.0000,734990.0000,332438.0000,212733.0000,34372.0000,1271379.0000,247105.0000,21.7626,10.5082,37.8692,17.1283,10.9607,1.7710,65.5057,12.7317,36.3899,33.2224,19.4360,90+
TLI6,Outer London - South,2020,1320140.0000,267607.0000,124518.0000,491460.0000,242959.0000,166146.0000,27450.0000,858937.0000,193596.0000,20.2711,9.4322,37.2279,18.4040,12.5855,2.0793,65.0641,14.6648,38.7229,31.1556,22.5390,90+
TLI7,Outer London - West and North West,2020,2159281.0000,438532.0000,228744.0000,834714.0000,373160.0000,245545.0000,38586.0000,1436618.0000,284131.0000,20.3092,10.5935,38.6570,17.2817,11.3716,1.7870,66.5322,13.1586,37.1577,30.5253,19.7778,90+
TLJ1,"Berkshire, Buckinghamshire and Oxfordshire",2020,2492612.0000,494636.0000,255746.0000,857173.0000,471825.0000,356894.0000,56338.0000,1584744.0000,413232.0000,19.8441,10.2602,34.3885,18.9289,14.3181,2.2602,63.5776,16.5783,39.6567,31.2124,26.0756,90+
TLJ2,"Surrey, East and West Sussex",2020,2894279.0000,517599.0000,285729.0000,897362.0000,586797.0000,514126.0000,92666.0000,1769888.0000,606792.0000,17.8835,9.8722,31.0047,20.2744,17.7635,3.2017,61.1513,20.9652,43.5572,29.2447,34.2842,90+
TLJ3,Hampshire and Isle of Wight,2020,1990047.0000,352437.0000,211061.0000,622629.0000,396769.0000,350162.0000,56989.0000,1230459.0000,407151.0000,17.7100,10.6058,31.2872,19.9377,17.5957,2.8637,61.8307,20.4594,42.3045,28.6427,33.0894,90+
TLJ4,Kent,2020,1848335.0000,355069.0000,183826.0000,580779.0000,364567.0000,316625.0000,47469.0000,1129172.0000,364094.0000,19.2102,9.9455,31.4217,19.7241,17.1303,2.5682,61.0913,19.6985,41.6383,31.4451,32.2443,90+
TLK3,Cornwall and Isles of Scilly,2020,567075.0000,92990.0000,52258.0000,156424.0000,122615.0000,124731.0000,18057.0000,331297.0000,142788.0000,16.3982,9.2154,27.5844,21.6224,21.9955,3.1842,58.4221,25.1797,47.6395,28.0685,43.0997,90+
TLK4,Devon,2020,1204321.0000,196646.0000,124815.0000,338547.0000,251916.0000,251775.0000,40622.0000,715278.0000,292397.0000,16.3284,10.3639,28.1110,20.9177,20.9060,3.3730,59.3926,24.2790,46.1661,27.4922,40.8788,90+
TLK5,West of England,2020,951007.0000,168019.0000,132036.0000,336215.0000,163255.0000,129978.0000,21504.0000,631506.0000,151482.0000,17.6675,13.8838,35.3536,17.1665,13.6674,2.2612,66.4039,15.9286,36.7065,26.6061,23.9874,90+
TLK6,"North Somerset, Somerset and Dorset",2020,1559394.0000,257660.0000,143240.0000,443415.0000,325380.0000,332592.0000,57107.0000,912035.0000,389699.0000,16.5231,9.1856,28.4351,20.8658,21.3283,3.6621,58.4865,24.9904,46.8314,28.2511,42.7285,90+
TLK7,Gloucestershire and Wiltshire,2020,1380193.0000,249948.0000,129713.0000,429492.0000,286280.0000,246119.0000,38641.0000,845485.0000,284760.0000,18.1096,9.3982,31.1183,20.7420,17.8322,2.7997,61.2585,20.6319,43.3444,29.5627,33.6801,90+
TLL3,North Wales,2020,688167.0000,119847.0000,64762.0000,196719.0000,146098.0000,140122.0000,20619.0000,407579.0000,160741.0000,17.4154,9.4108,28.5859,21.2300,20.3616,2.9962,59.2268,23.3578,45.8720,29.4046,39.4380,90+
TLL4,Mid and South West Wales,2020,894883.0000,150409.0000,94534.0000,250481.0000,188446.0000,183849.0000,27164.0000,533461.0000,211013.0000,16.8077,10.5638,27.9904,21.0582,20.5445,3.0355,59.6124,23.5800,45.5788,28.1949,39.5555,90+
TLL5,South East Wales,2020,1521433.0000,281339.0000,168681.0000,485846.0000,297504.0000,252888.0000,35175.0000,952031.0000,288063.0000,18.4917,11.0870,31.9334,19.5542,16.6217,2.3120,62.5746,18.9337,40.4472,29.5515,30.2577,90+
TLM0,Eastern Scotland,2020,926720.0000,153026.0000,102481.0000,272306.0000,201049.0000,173468.0000,24390.0000,575836.0000,197858.0000,16.5126,11.0585,29.3838,21.6947,18.7185,2.6319,62.1370,21.3504,44.4564,26.5746,34.3601,90+
TLM1,East Central Scotland,2020,1052150.0000,174685.0000,122291.0000,365339.0000,208555.0000,159003.0000,22277.0000,696185.0000,181280.0000,16.6027,11.6230,34.7231,19.8218,15.1122,2.1173,66.1678,17.2295,40.0774,25.0918,26.0391,90+
TLM2,Highlands and Islands,2020,485880.0000,78276.0000,40912.0000,138746.0000,113416.0000,100897.0000,13633.0000,293074.0000,114530.0000,16.1102,8.4202,28.5556,23.3424,20.7658,2.8058,60.3182,23.5717,47.8423,26.7086,39.0789,90+
TLM3,West Central Scotland,2020,1507990.0000,253906.0000,171782.0000,505296.0000,317453.0000,228596.0000,30957.0000,994531.0000,259553.0000,16.8374,11.3915,33.5079,21.0514,15.1590,2.0529,65.9508,17.2119,40.5304,25.5302,26.0980,90+
TLM5,North Eastern Scotland,2020,484220.0000,83088.0000,51678.0000,160205.0000,99382.0000,79112.0000,10755.0000,311265.0000,89867.0000,17.1591,10.6724,33.0852,20.5241,16.3380,2.2211,64.2817,18.5591,41.6047,26.6937,28.8715,90+
TLM9,Southern Scotland,2020,951940.0000,156497.0000,84472.0000,271936.0000,221091.0000,192744.0000,25200.0000,577499.0000,217944.0000,16.4398,8.8737,28.5665,23.2253,20.2475,2.6472,60.6655,22.8947,47.2210,27.0991,37.7393,90+
TLN0,Northern Ireland,2020,1900523.0000,390112.0000,202542.0000,614589.0000,370596.0000,283425.0000,39259.0000,1187727.0000,322684.0000,20.5266,10.6572,32.3379,19.4997,14.9130,2.0657,62.4947,16.9787,39.4980,32.8453,27.1682,90+
TLC3,Tees Valley,2021,678365.0000,129921.0000,66324.0000,207073.0000,140614.0000,118052.0000,16381.0000,414011.0000,134433.0000,19.1521,9.7770,30.5253,20.7284,17.4024,2.4148,61.0307,19.8172,41.7806,31.3811,32.4709,90+
TLC4,"Northumberland, Durham and Tyne & Wear",2021,1969128.0000,337650.0000,215453.0000,594812.0000,411173.0000,359381.0000,50659.0000,1221438.0000,410040.0000,17.1472,10.9415,30.2069,20.8810,18.2508,2.5727,62.0294,20.8234,42.7893,27.6436,33.5703,90+
TLD1,Cumbria,2021,500729.0000,79663.0000,43330.0000,140641.0000,114848.0000,106752.0000,15495.0000,298819.0000,122247.0000,15.9094,8.6534,28.0872,22.9362,21.3193,3.0945,59.6768,24.4138,47.9685,26.6593,40.9100,90+
TLD3,Greater Manchester,2021,2869531.0000,583702.0000,329498.0000,977788.0000,521615.0000,402502.0000,54426.0000,1828901.0000,456928.0000,20.3414,11.4826,34.0748,18.1777,14.0268,1.8967,63.7352,15.9234,37.5664,31.9155,24.9837,90+
TLD4,Lancashire,2021,1532158.0000,281827.0000,163002.0000,462835.0000,314642.0000,271051.0000,38801.0000,940479.0000,309852.0000,18.3941,10.6387,30.2080,20.5359,17.6908,2.5324,61.3826,20.2232,42.1516,29.9663,32.9462,90+
TLD6,Cheshire,2021,969386.0000,169137.0000,87432.0000,298816.0000,207347.0000,179706.0000,26948.0000,593595.0000,206654.0000,17.4478,9.0193,30.8253,21.3895,18.5381,2.7799,61.2341,21.3180,44.2790,28.4937,34.8140,90+
TLD7,Merseyside,2021,1552288.0000,275397.0000,174111.0000,488353.0000,315126.0000,261390.0000,37911.0000,977590.0000,299301.0000,17.7414,11.2164,31.4602,20.3007,16.8390,2.4423,62.9774,19.2813,40.9731,28.1710,30.6162,90+
TLE1,East Yorkshire and Northern Lincolnshire,2021,936778.0000,166411.0000,89348.0000,280556.0000,197724.0000,176942.0000,25797.0000,567628.0000,202739.0000,17.7642,9.5378,29.9490,21.1068,18.8884,2.7538,60.5937,21.6422,43.8405,29.3169,35.7169,90+
TLE2,North Yorkshire,2021,820478.0000,129851.0000,85463.0000,231638.0000,179507.0000,167926.0000,26093.0000,496608.0000,194019.0000,15.8263,10.4162,28.2321,21.8783,20.4668,3.1802,60.5267,23.6471,46.3831,26.1476,39.0688,90+
TLE3,South Yorkshire,2021,1374792.0000,252211.0000,156898.0000,438518.0000,271173.0000,223729.0000,32263.0000,866589.0000,255992.0000,18.3454,11.4125,31.8970,19.7247,16.2737,2.3468,63.0342,18.6204,40.0815,29.1039,29.5402,90+
TLE4,West Yorkshire,2021,2350407.0000,470073.0000,272522.0000,776072.0000,436990.0000,344531.0000,50219.0000,1485584.0000,394750.0000,19.9996,11.5947,33.0186,18.5921,14.6584,2.1366,63.2054,16.7950,38.4539,31.6423,26.5720,90+
TLF1,Derbyshire and Nottinghamshire,2021,2204080.0000,391848.0000,243756.0000,685712.0000,448573.0000,379023.0000,55168.0000,1378041.0000,434191.0000,17.7783,11.0593,31.1110,20.3519,17.1964,2.5030,62.5223,19.6994,41.7080,28.4351,31.5078,90+
TLF2,"Leicestershire, Rutland and Northamptonshire",2021,1908039.0000,361147.0000,213847.0000,620918.0000,369929.0000,299570.0000,42628.0000,1204694.0000,342198.0000,18.9277,11.2077,32.5422,19.3879,15.7004,2.2341,63.1378,17.9345,40.0813,29.9783,28.4054,90+
TLF3,Lincolnshire,2021,769440.0000,127973.0000,76030.0000,219621.0000,164404.0000,158708.0000,22704.0000,460055.0000,181412.0000,16.6320,9.8812,28.5430,21.3667,20.6264,2.9507,59.7909,23.5771,45.8552,27.8169,39.4327,90+
TLG1,"Herefordshire, Worcestershire and Warwickshire",2021,1391539.0000,240280.0000,129075.0000,419292.0000,291600.0000,270169.0000,41123.0000,839967.0000,311292.0000,17.2672,9.2757,30.1315,20.9552,19.4151,2.9552,60.3624,22.3703,44.6117,28.6059,37.0600,90+
TLG2,Shropshire and Staffordshire,2021,1646436.0000,290168.0000,159197.0000,495983.0000,345485.0000,311489.0000,44114.0000,1000665.0000,355603.0000,17.6240,9.6692,30.1246,20.9838,18.9190,2.6794,60.7776,21.5983,43.8015,28.9975,35.5367,90+
TLG3,West Midlands,2021,2918251.0000,617267.0000,361004.0000,968413.0000,514910.0000,392340.0000,64317.0000,1844327.0000,456657.0000,21.1520,12.3706,33.1847,17.6445,13.4444,2.2040,63.1997,15.6483,36.8881,33.4684,24.7601,90+
TLH2,Bedfordshire and Hertfordshire,2021,1907304.0000,386526.0000,186515.0000,652253.0000,365472.0000,271241.0000,45297.0000,1204240.0000,316538.0000,20.2656,9.7790,34.1976,19.1617,14.2212,2.3749,63.1383,16.5961,39.7426,32.0971,26.2853,90+
TLH3,Essex,2021,1863314.0000,353059.0000,176316.0000,593412.0000,370110.0000,319895.0000,50522.0000,1139838.0000,370417.0000,18.9479,9.4625,31.8471,19.8630,17.1681,2.7114,61.1726,19.8795,41.8741,30.9745,32.4973,90+
TLH4,Cambridgeshire and Peterborough,2021,897217.0000,167509.0000,96759.0000,307681.0000,166847.0000,137314.0000,21107.0000,571287.0000,158421.0000,18.6698,10.7843,34.2928,18.5961,15.3044,2.3525,63.6732,17.6569,39.5702,29.3213,27.7305,90+
TLH5,Norfolk,2021,918462.0000,148932.0000,88844.0000,266184.0000,189236.0000,194213.0000,31053.0000,544264.0000,225266.0000,16.2154,9.6731,28.9815,20.6036,21.1455,3.3810,59.2582,24.5264,46.0114,27.3639,41.3891,90+
TLH6,Suffolk,2021,763349.0000,130165.0000,69719.0000,225125.0000,157859.0000,155602.0000,24879.0000,452703.0000,180481.0000,17.0518,9.1333,29.4918,20.6798,20.3841,3.2592,59.3049,23.6433,45.3528,28.7528,39.8674,90+
TLI3,Inner London - West,2021,1081421.0000,162404.0000,136658.0000,480091.0000,179435.0000,107712.0000,15121.0000,796184.0000,122833.0000,15.0176,12.6369,44.3945,16.5925,9.9602,1.3983,73.6239,11.3585,34.8366,20.3978,15.4277,90+
TLI4,Inner London - East,2021,2329886.0000,420912.0000,285196.0000,1072248.0000,356842.0000,172220.0000,22468.0000,1714286.0000,194688.0000,18.0658,12.2408,46.0215,15.3159,7.3918,0.9643,73.5781,8.3561,33.3273,24.5532,11.3568,90+
TLI5,Outer London - East and North East,2021,1935127.0000,415667.0000,205265.0000,728959.0000,336324.0000,214596.0000,34316.0000,1270548.0000,248912.0000,21.4801,10.6073,37.6698,17.3799,11.0895,1.7733,65.6571,12.8628,36.6599,32.7156,19.5909,90+
TLI6,Outer London - South,2021,1313625.0000,263394.0000,125519.0000,484465.0000,244780.0000,167570.0000,27897.0000,854764.0000,195467.0000,20.0509,9.5552,36.8800,18.6339,12.7563,2.1237,65.0691,14.8800,39.0153,30.8148,22.8679,90+
TLI7,Outer London - West and North West,2021,2144710.0000,429278.0000,228417.0000,819175.0000,378836.0000,249536.0000,39468.0000,1426428.0000,289004.0000,20.0157,10.6503,38.1951,17.6637,11.6350,1.8402,66.5091,13.4752,37.5841,30.0946,20.2607,90+
TLJ1,"Berkshire, Buckinghamshire and Oxfordshire",2021,2521231.0000,495596.0000,260646.0000,863300.0000,479813.0000,363846.0000,58030.0000,1603759.0000,421876.0000,19.6569,10.3380,34.2412,19.0309,14.4313,2.3017,63.6102,16.7329,39.7791,30.9021,26.3054,90+
TLJ2,"Surrey, East and West Sussex",2021,2914357.0000,517291.0000,286194.0000,901593.0000,595337.0000,520381.0000,93561.0000,1783124.0000,613942.0000,17.7497,9.8201,30.9363,20.4277,17.8558,3.2103,61.1841,21.0661,43.5622,29.0104,34.4307,90+
TLJ3,Hampshire and Isle of Wight,2021,2001786.0000,352091.0000,208987.0000,624969.0000,402629.0000,355128.0000,57982.0000,1236585.0000,413110.0000,17.5888,10.4400,31.2206,20.1135,17.7406,2.8965,61.7741,20.6371,42.4277,28.4729,33.4073,90+
TLJ4,Kent,2021,1858455.0000,356157.0000,182281.0000,583114.0000,369255.0000,319540.0000,48108.0000,1134650.0000,367648.0000,19.1641,9.8082,31.3763,19.8689,17.1939,2.5886,61.0534,19.7825,41.7303,31.3892,32.4019,90+
TLK3,Cornwall and Isles of Scilly,2021,574219.0000,93268.0000,52453.0000,157569.0000,125241.0000,127214.0000,18474.0000,335263.0000,145688.0000,16.2426,9.1347,27.4406,21.8107,22.1543,3.2172,58.3859,25.3715,47.8459,27.8194,43.4548,90+
TLK4,Devon,2021,1218643.0000,196488.0000,125992.0000,341715.0000,256891.0000,256039.0000,41518.0000,724598.0000,297557.0000,16.1235,10.3387,28.0406,21.0801,21.0102,3.4069,59.4594,24.4171,46.2351,27.1168,41.0651,90+
TLK5,West of England,2021,954590.0000,167204.0000,132321.0000,336623.0000,165138.0000,131592.0000,21712.0000,634082.0000,153304.0000,17.5158,13.8616,35.2636,17.2994,13.7852,2.2745,66.4245,16.0597,36.8419,26.3695,24.1773,90+
TLK6,"North Somerset, Somerset and Dorset",2021,1571885.0000,257457.0000,144312.0000,443546.0000,331622.0000,337420.0000,57528.0000,919480.0000,394948.0000,16.3789,9.1808,28.2175,21.0971,21.4659,3.6598,58.4954,25.1258,46.9744,28.0003,42.9534,90+
TLK7,Gloucestershire and Wiltshire,2021,1393485.0000,249892.0000,130442.0000,431103.0000,291412.0000,250949.0000,39687.0000,852957.0000,290636.0000,17.9329,9.3608,30.9370,20.9125,18.0087,2.8480,61.2103,20.8568,43.4183,29.2971,34.0739,90+
TLL3,North Wales,2021,687041.0000,118381.0000,64506.0000,193850.0000,148328.0000,141177.0000,20799.0000,406684.0000,161976.0000,17.2306,9.3890,28.2152,21.5894,20.5486,3.0273,59.1936,23.5759,46.1033,29.1088,39.8285,90+
TLL4,Mid and South West Wales,2021,895833.0000,149293.0000,92740.0000,249646.0000,190637.0000,186123.0000,27394.0000,533023.0000,213517.0000,16.6653,10.3524,27.8675,21.2804,20.7765,3.0579,59.5003,23.8345,45.8078,28.0087,40.0577,90+
TLL5,South East Wales,2021,1522759.0000,279191.0000,168044.0000,484795.0000,300417.0000,254668.0000,35644.0000,953256.0000,290312.0000,18.3345,11.0355,31.8366,19.7285,16.7241,2.3408,62.6006,19.0649,40.5718,29.2881,30.4548,90+
TLM0,Eastern Scotland,2021,926390.0000,151815.0000,100822.0000,270206.0000,202763.0000,175807.0000,24977.0000,573791.0000,200784.0000,16.3878,10.8833,29.1676,21.8874,18.9776,2.6962,61.9384,21.6738,44.6691,26.4582,34.9925,90+
TLM1,East Central Scotland,2021,1052370.0000,174060.0000,121022.0000,362567.0000,210178.0000,161685.0000,22858.0000,693767.0000,184543.0000,16.5398,11.4999,34.4524,19.9719,15.3639,2.1720,65.9242,17.5359,40.3315,25.0891,26.6001,90+
TLM2,Highlands and Islands,2021,489230.0000,77569.0000,41448.0000,138501.0000,114677.0000,103075.0000,13960.0000,294626.0000,117035.0000,15.8553,8.4721,28.3100,23.4403,21.0688,2.8535,60.2224,23.9223,48.0743,26.3280,39.7232,90+
TLM3,West Central Scotland,2021,1506500.0000,251629.0000,171974.0000,501805.0000,317533.0000,232156.0000,31403.0000,991312.0000,263559.0000,16.7029,11.4155,33.3093,21.0775,15.4103,2.0845,65.8023,17.4948,40.6652,25.3834,26.5869,90+
TLM5,North Eastern Scotland,2021,483770.0000,83081.0000,50895.0000,157518.0000,100020.0000,81161.0000,11095.0000,308433.0000,92256.0000,17.1737,10.5205,32.5605,20.6751,16.7768,2.2934,63.7561,19.0702,42.0186,26.9365,29.9112,90+
TLM9,Southern Scotland,2021,954640.0000,155403.0000,84755.0000,270368.0000,222634.0000,195812.0000,25668.0000,577757.0000,221480.0000,16.2787,8.8782,28.3215,23.3213,20.5116,2.6888,60.5209,23.2004,47.3515,26.8976,38.3345,90+
TLN0,Northern Ireland,2021,1904564.0000,388176.0000,200606.0000,612480.0000,374076.0000,289004.0000,40222.0000,1187162.0000,329226.0000,20.3814,10.5329,32.1585,19.6410,15.1743,2.1119,62.3325,17.2862,39.7815,32.6978,27.7322,90+
TLC3,Tees Valley,2022,690177.0000,131239.0000,67054.0000,213397.0000,141207.0000,120416.0000,16864.0000,421658.0000,137280.0000,19.0153,9.7155,30.9192,20.4595,17.4471,2.4434,61.0942,19.8905,41.5293,31.1245,32.5572,90+
TLC4,"Northumberland, Durham and Tyne & Wear",2022,1991711.0000,339348.0000,221612.0000,600919.0000,412654.0000,365200.0000,51978.0000,1235185.0000,417178.0000,17.0380,11.1267,30.1710,20.7186,18.3360,2.6097,62.0163,20.9457,42.6339,27.4735,33.7745,90+
TLD1,Cumbria,2022,502864.0000,79613.0000,42491.0000,140714.0000,115873.0000,108205.0000,15968.0000,299078.0000,124173.0000,15.8319,8.4498,27.9825,23.0426,21.5177,3.1754,59.4749,24.6932,48.1681,26.6195,41.5186,90+
TLD3,Greater Manchester,2022,2916811.0000,589843.0000,343997.0000,995127.0000,525886.0000,406487.0000,55471.0000,1865010.0000,461958.0000,20.2222,11.7936,34.1170,18.0295,13.9360,1.9018,63.9400,15.8378,37.3612,31.6268,24.7697,90+
TLD4,Lancashire,2022,1552464.0000,284374.0000,165580.0000,468165.0000,318597.0000,276091.0000,39657.0000,952342.0000,315748.0000,18.3176,10.6656,30.1563,20.5220,17.7841,2.5545,61.3439,20.3385,42.1227,29.8605,33.1549,90+
TLD6,Cheshire,2022,980358.0000,171942.0000,85361.0000,302611.0000,210068.0000,182522.0000,27854.0000,598040.0000,210376.0000,17.5387,8.7071,30.8674,21.4277,18.6179,2.8412,61.0022,21.4591,44.2085,28.7509,35.1776,90+
TLD7,Merseyside,2022,1568464.0000,277642.0000,178940.0000,493150.0000,315278.0000,265056.0000,38398.0000,987368.0000,303454.0000,17.7015,11.4086,31.4416,20.1011,16.8991,2.4481,62.9513,19.3472,40.7707,28.1194,30.7336,90+
TLE1,East Yorkshire and Northern Lincolnshire,2022,943637.0000,167520.0000,87256.0000,283449.0000,199505.0000,179466.0000,26441.0000,570210.0000,205907.0000,17.7526,9.2468,30.0379,21.1421,19.0185,2.8020,60.4268,21.8206,43.7825,29.3786,36.1107,90+
TLE2,North Yorkshire,2022,828033.0000,130472.0000,86710.0000,231688.0000,181239.0000,171173.0000,26751.0000,499637.0000,197924.0000,15.7569,10.4718,27.9805,21.8879,20.6722,3.2307,60.3402,23.9029,46.3749,26.1134,39.6136,90+
TLE3,South Yorkshire,2022,1392689.0000,254739.0000,159451.0000,447010.0000,272689.0000,225945.0000,32855.0000,879150.0000,258800.0000,18.2912,11.4491,32.0969,19.5800,16.2237,2.3591,63.1261,18.5828,39.8285,28.9756,29.4375,90+
TLE4,West Yorkshire,2022,2374137.0000,470733.0000,278883.0000,783239.0000,440847.0000,349152.0000,51283.0000,1502969.0000,400435.0000,19.8275,11.7467,32.9905,18.5687,14.7065,2.1601,63.3059,16.8665,38.4318,31.3202,26.6429,90+
TLF1,Derbyshire and Nottinghamshire,2022,2229307.0000,395068.0000,248765.0000,690938.0000,453897.0000,384506.0000,56133.0000,1393600.0000,440639.0000,17.7216,11.1588,30.9934,20.3605,17.2478,2.5180,62.5127,19.7657,41.6306,28.3487,31.6188,90+
TLF2,"Leicestershire, Rutland and Northamptonshire",2022,1931754.0000,364840.0000,214576.0000,629446.0000,374732.0000,304486.0000,43674.0000,1218754.0000,348160.0000,18.8865,11.1078,32.5842,19.3985,15.7622,2.2608,63.0905,18.0230,40.1055,29.9355,28.5669,90+
TLF3,Lincolnshire,2022,777140.0000,129196.0000,74647.0000,221058.0000,167680.0000,161239.0000,23320.0000,463385.0000,184559.0000,16.6245,9.6053,28.4451,21.5765,20.7477,3.0007,59.6270,23.7485,45.9394,27.8809,39.8284,90+
TLG1,"Herefordshire, Worcestershire and Warwickshire",2022,1407545.0000,243705.0000,128254.0000,423528.0000,295198.0000,274147.0000,42713.0000,846980.0000,316860.0000,17.3142,9.1119,30.0898,20.9725,19.4770,3.0346,60.1743,22.5115,44.5335,28.7734,37.4106,90+
TLG2,Shropshire and Staffordshire,2022,1663164.0000,293281.0000,157544.0000,500503.0000,350266.0000,315764.0000,45806.0000,1008313.0000,361570.0000,17.6339,9.4725,30.0934,21.0602,18.9857,2.7541,60.6262,21.7399,43.7159,29.0863,35.8589,90+
TLG3,West Midlands,2022,2949911.0000,620201.0000,368451.0000,982392.0000,518604.0000,395272.0000,64991.0000,1869447.0000,460263.0000,21.0244,12.4902,33.3024,17.5803,13.3995,2.2032,63.3730,15.6026,36.8103,33.1756,24.6203,90+
TLH2,Bedfordshire and Hertfordshire,2022,1923903.0000,390195.0000,183233.0000,659097.0000,368987.0000,275725.0000,46666.0000,1211317.0000,322391.0000,20.2814,9.5240,34.2583,19.1791,14.3315,2.4256,62.9614,16.7571,39.8723,32.2125,26.6149,90+
TLH3,Essex,2022,1877581.0000,357328.0000,173056.0000,598114.0000,373438.0000,323989.0000,51656.0000,1144608.0000,375645.0000,19.0313,9.2170,31.8556,19.8893,17.2557,2.7512,60.9618,20.0069,41.9647,31.2184,32.8187,90+
TLH4,Cambridgeshire and Peterborough,2022,910398.0000,170334.0000,98123.0000,310899.0000,169542.0000,139701.0000,21799.0000,578564.0000,161500.0000,18.7098,10.7780,34.1498,18.6228,15.3450,2.3944,63.5507,17.7395,39.6260,29.4408,27.9139,90+
TLH5,Norfolk,2022,925745.0000,149747.0000,88147.0000,267414.0000,191958.0000,196795.0000,31684.0000,547519.0000,228479.0000,16.1758,9.5217,28.8864,20.7355,21.2580,3.4225,59.1436,24.6806,46.0691,27.3501,41.7299,90+
TLH6,Suffolk,2022,769034.0000,131238.0000,68105.0000,225813.0000,159928.0000,158401.0000,25549.0000,453846.0000,183950.0000,17.0653,8.8559,29.3632,20.7960,20.5974,3.3222,59.0151,23.9196,45.4856,28.9169,40.5314,90+
TLI3,Inner London - West,2022,1111299.0000,161370.0000,149498.0000,490503.0000,184438.0000,110013.0000,15477.0000,824439.0000,125490.0000,14.5208,13.4525,44.1378,16.5966,9.8995,1.3927,74.1870,11.2922,34.4590,19.5733,15.2213,90+
TLI4,Inner London - East,2022,2368363.0000,415408.0000,301896.0000,1087302.0000,363371.0000,177560.0000,22826.0000,1752569.0000,200386.0000,17.5399,12.7470,45.9094,15.3427,7.4972,0.9638,73.9992,8.4609,33.2101,23.7028,11.4338,90+
TLI5,Outer London - East and North East,2022,1948529.0000,415314.0000,206920.0000,733273.0000,340284.0000,217724.0000,35014.0000,1280477.0000,252738.0000,21.3142,10.6193,37.6321,17.4636,11.1738,1.7969,65.7151,12.9707,36.8438,32.4343,19.7378,90+
TLI6,Outer London - South,2022,1319688.0000,263434.0000,124632.0000,485215.0000,247811.0000,170199.0000,28397.0000,857658.0000,198596.0000,19.9618,9.4441,36.7674,18.7780,12.8969,2.1518,64.9895,15.0487,39.2804,30.7155,23.1556,90+
TLI7,Outer London - West and North West,2022,2169481.0000,431067.0000,232727.0000,825279.0000,385186.0000,255016.0000,40206.0000,1443192.0000,295222.0000,19.8696,10.7273,38.0404,17.7548,11.7547,1.8533,66.5225,13.6080,37.6931,29.8690,20.4562,90+
TLJ1,"Berkshire, Buckinghamshire and Oxfordshire",2022,2556395.0000,502926.0000,260916.0000,874310.0000,486900.0000,371391.0000,59952.0000,1622126.0000,431343.0000,19.6733,10.2064,34.2009,19.0464,14.5279,2.3452,63.4537,16.8731,39.9039,31.0041,26.5912,90+
TLJ2,"Surrey, East and West Sussex",2022,2941496.0000,522846.0000,284010.0000,907310.0000,603686.0000,528378.0000,95266.0000,1795006.0000,623644.0000,17.7748,9.6553,30.8452,20.5231,17.9629,3.2387,61.0236,21.2016,43.6304,29.1278,34.7433,90+
TLJ3,Hampshire and Isle of Wight,2022,2020664.0000,354057.0000,209442.0000,630392.0000,405689.0000,361675.0000,59409.0000,1245523.0000,421084.0000,17.5218,10.3650,31.1973,20.0770,17.8988,2.9401,61.6393,20.8389,42.4812,28.4264,33.8078,90+
TLJ4,Kent,2022,1878761.0000,362208.0000,178767.0000,590887.0000,373501.0000,324047.0000,49351.0000,1143155.0000,373398.0000,19.2791,9.5152,31.4509,19.8802,17.2479,2.6268,60.8462,19.8747,41.8140,31.6849,32.6638,90+
TLK3,Cornwall and Isles of Scilly,2022,577600.0000,93727.0000,51838.0000,157194.0000,126861.0000,129208.0000,18772.0000,335893.0000,147980.0000,16.2270,8.9747,27.2150,21.9635,22.3698,3.2500,58.1532,25.6198,48.0597,27.9038,44.0557,90+
TLK4,Devon,2022,1232580.0000,197589.0000,128332.0000,345006.0000,259134.0000,260371.0000,42148.0000,732472.0000,302519.0000,16.0305,10.4117,27.9906,21.0237,21.1241,3.4195,59.4259,24.5436,46.1164,26.9756,41.3011,90+
TLK5,West of England,2022,970877.0000,167653.0000,141477.0000,341493.0000,165342.0000,132903.0000,22009.0000,648312.0000,154912.0000,17.2682,14.5721,35.1737,17.0302,13.6890,2.2669,66.7759,15.9559,36.5364,25.8599,23.8947,90+
TLK6,"North Somerset, Somerset and Dorset",2022,1582431.0000,258949.0000,142626.0000,445201.0000,334773.0000,342627.0000,58255.0000,922600.0000,400882.0000,16.3640,9.0131,28.1340,21.1556,21.6519,3.6814,58.3027,25.3333,47.0662,28.0673,43.4513,90+
TLK7,Gloucestershire and Wiltshire,2022,1404710.0000,252153.0000,127462.0000,433510.0000,295151.0000,255927.0000,40507.0000,856123.0000,296434.0000,17.9505,9.0739,30.8612,21.0115,18.2192,2.8837,60.9466,21.1029,43.5253,29.4529,34.6252,90+
TLL3,North Wales,2022,689124.0000,117978.0000,63176.0000,194069.0000,150282.0000,142509.0000,21110.0000,407527.0000,163619.0000,17.1200,9.1676,28.1617,21.8077,20.6797,3.0633,59.1370,23.7430,46.2055,28.9497,40.1492,90+
TLL4,Mid and South West Wales,2022,904406.0000,149782.0000,93839.0000,252210.0000,192202.0000,188685.0000,27688.0000,538251.0000,216373.0000,16.5614,10.3758,27.8868,21.2517,20.8629,3.0615,59.5143,23.9243,45.6372,27.8275,40.1993,90+
TLL5,South East Wales,2022,1539200.0000,280071.0000,170005.0000,492415.0000,302370.0000,257968.0000,36371.0000,964790.0000,294339.0000,18.1959,11.0450,31.9916,19.6446,16.7599,2.3630,62.6813,19.1229,40.4794,29.0292,30.5081,90+
TLM0,Eastern Scotland,2022,930020.0000,150854.0000,102255.0000,270215.0000,203165.0000,178378.0000,25153.0000,575635.0000,203531.0000,16.2205,10.9949,29.0548,21.8452,19.1800,2.7046,61.8949,21.8846,44.5965,26.2065,35.3576,90+
TLM1,East Central Scotland,2022,1064250.0000,174484.0000,125848.0000,364841.0000,211293.0000,164682.0000,23102.0000,701982.0000,187784.0000,16.3950,11.8250,34.2815,19.8537,15.4740,2.1707,65.9603,17.6447,40.2390,24.8559,26.7505,90+
TLM2,Highlands and Islands,2022,489110.0000,77011.0000,41063.0000,136981.0000,115284.0000,104652.0000,14119.0000,293328.0000,118771.0000,15.7451,8.3955,28.0062,23.5702,21.3964,2.8867,59.9718,24.2831,48.3254,26.2542,40.4908,90+
TLM3,West Central Scotland,2022,1520120.0000,251554.0000,175816.0000,507691.0000,317024.0000,236467.0000,31568.0000,1000531.0000,268035.0000,16.5483,11.5659,33.3981,20.8552,15.5558,2.0767,65.8192,17.6325,40.5364,25.1420,26.7893,90+
TLM5,North Eastern Scotland,2022,488000.0000,83939.0000,51177.0000,157942.0000,100503.0000,83079.0000,11360.0000,309622.0000,94439.0000,17.2006,10.4871,32.3652,20.5949,17.0244,2.3279,63.4471,19.3523,42.1345,27.1102,30.5014,90+
TLM9,Southern Scotland,2022,955500.0000,153988.0000,84605.0000,268922.0000,223143.0000,198749.0000,26093.0000,576670.0000,224842.0000,16.1160,8.8545,28.1446,23.3535,20.8005,2.7308,60.3527,23.5313,47.4907,26.7030,38.9897,90+
TLN0,Northern Ireland,2022,1910543.0000,389435.0000,197012.0000,612404.0000,376243.0000,294366.0000,41083.0000,1185659.0000,335449.0000,20.3835,10.3118,32.0539,19.6930,15.4075,2.1503,62.0587,17.5578,39.9992,32.8454,28.2922,90+
TLC3,Tees Valley,2023,700850.0000,132287.0000,67887.0000,219810.0000,140710.0000,122917.0000,17239.0000,428407.0000,140156.0000,18.8752,9.6864,31.3633,20.0770,17.5383,2.4597,61.1268,19.9980,41.2990,30.8788,32.7156,90+
TLC4,"Northumberland, Durham and Tyne & Wear",2023,2018439.0000,341705.0000,227988.0000,612418.0000,411406.0000,372121.0000,52801.0000,1251812.0000,424922.0000,16.9292,11.2953,30.3412,20.3824,18.4361,2.6159,62.0188,21.0520,42.4422,27.2968,33.9446,90+
TLD1,Cumbria,2023,506303.0000,79960.0000,42355.0000,142006.0000,115789.0000,109838.0000,16355.0000,300150.0000,126193.0000,15.7929,8.3655,28.0476,22.8695,21.6941,3.2303,59.2827,24.9244,48.1143,26.6400,42.0433,90+
TLD3,Greater Manchester,2023,2960274.0000,594897.0000,352505.0000,1019772.0000,526845.0000,410007.0000,56248.0000,1899122.0000,466255.0000,20.0960,11.9079,34.4486,17.7972,13.8503,1.9001,64.1536,15.7504,37.2346,31.3248,24.5511,90+
TLD4,Lancashire,2023,1575141.0000,287593.0000,168233.0000,477748.0000,320934.0000,280528.0000,40105.0000,966915.0000,320633.0000,18.2582,10.6805,30.3305,20.3749,17.8097,2.5461,61.3859,20.3558,41.9888,29.7434,33.1604,90+
TLD6,Cheshire,2023,994656.0000,174214.0000,85849.0000,308683.0000,211885.0000,185288.0000,28737.0000,606417.0000,214025.0000,17.5150,8.6310,31.0341,21.3023,18.6283,2.8891,60.9675,21.5175,44.0632,28.7284,35.2934,90+
TLD7,Merseyside,2023,1587556.0000,280196.0000,183275.0000,502651.0000,313525.0000,269037.0000,38872.0000,999451.0000,307909.0000,17.6495,11.5445,31.6619,19.7489,16.9466,2.4485,62.9553,19.3952,40.5300,28.0350,30.8078,90+
TLE1,East Yorkshire and Northern Lincolnshire,2023,953615.0000,169022.0000,87079.0000,288155.0000,200040.0000,182544.0000,26775.0000,575274.0000,209319.0000,17.7243,9.1315,30.2171,20.9770,19.1423,2.8077,60.3256,21.9501,43.6412,29.3811,36.3860,90+
TLE2,North Yorkshire,2023,834315.0000,130573.0000,86505.0000,233576.0000,181934.0000,174304.0000,27423.0000,502015.0000,201727.0000,15.6503,10.3684,27.9961,21.8064,20.8919,3.2869,60.1709,24.1788,46.3722,26.0098,40.1835,90+
TLE3,South Yorkshire,2023,1412259.0000,257741.0000,161745.0000,457915.0000,272876.0000,228714.0000,33268.0000,892536.0000,261982.0000,18.2503,11.4529,32.4243,19.3220,16.1949,2.3557,63.1992,18.5506,39.6041,28.8774,29.3525,90+
TLE4,West Yorkshire,2023,2403720.0000,472643.0000,283698.0000,798621.0000,442497.0000,354101.0000,52160.0000,1524816.0000,406261.0000,19.6630,11.8025,33.2244,18.4088,14.7314,2.1700,63.4357,16.9013,38.3625,30.9967,26.6433,90+
TLF1,Derbyshire and Nottinghamshire,2023,2256132.0000,399267.0000,247801.0000,705390.0000,456335.0000,390221.0000,57118.0000,1409526.0000,447339.0000,17.6970,10.9834,31.2655,20.2264,17.2960,2.5317,62.4753,19.8277,41.5505,28.3263,31.7368,90+
TLF2,"Leicestershire, Rutland and Northamptonshire",2023,1965103.0000,368693.0000,220493.0000,643817.0000,377812.0000,309804.0000,44484.0000,1242122.0000,354288.0000,18.7620,11.2204,32.7625,19.2261,15.7653,2.2637,63.2090,18.0290,39.9640,29.6825,28.5228,90+
TLF3,Lincolnshire,2023,785707.0000,129965.0000,74788.0000,224398.0000,168927.0000,164034.0000,23595.0000,468113.0000,187629.0000,16.5412,9.5186,28.5600,21.5000,20.8772,3.0030,59.5786,23.8803,45.7674,27.7636,40.0820,90+
TLG1,"Herefordshire, Worcestershire and Warwickshire",2023,1428002.0000,246824.0000,127986.0000,433381.0000,297744.0000,278378.0000,43689.0000,859111.0000,322067.0000,17.2846,8.9626,30.3488,20.8504,19.4942,3.0594,60.1618,22.5537,44.3588,28.7302,37.4884,90+
TLG2,Shropshire and Staffordshire,2023,1684992.0000,297350.0000,157612.0000,509928.0000,352604.0000,320377.0000,47121.0000,1020144.0000,367498.0000,17.6470,9.3539,30.2629,20.9262,19.0136,2.7965,60.5430,21.8101,43.5503,29.1478,36.0241,90+
TLG3,West Midlands,2023,2992183.0000,627370.0000,376011.0000,1006063.0000,519483.0000,397948.0000,65308.0000,1901557.0000,463256.0000,20.9670,12.5664,33.6230,17.3613,13.2996,2.1826,63.5508,15.4822,36.6250,32.9924,24.3619,90+
TLH2,Bedfordshire and Hertfordshire,2023,1955720.0000,395136.0000,184409.0000,676435.0000,371588.0000,280454.0000,47698.0000,1232432.0000,328152.0000,20.2041,9.4292,34.5875,19.0001,14.3402,2.4389,63.0168,16.7791,39.7886,32.0615,26.6264,90+
TLH3,Essex,2023,1902830.0000,362505.0000,173730.0000,610090.0000,375777.0000,328041.0000,52687.0000,1159597.0000,380728.0000,19.0508,9.1301,32.0622,19.7483,17.2396,2.7689,60.9407,20.0085,41.8687,31.2613,32.8328,90+
TLH4,Cambridgeshire and Peterborough,2023,925019.0000,173059.0000,99129.0000,317330.0000,171241.0000,142143.0000,22117.0000,587700.0000,164260.0000,18.7087,10.7164,34.3052,18.5122,15.3665,2.3910,63.5338,17.7575,39.5934,29.4468,27.9496,90+
TLH5,Norfolk,2023,934300.0000,150530.0000,87979.0000,270634.0000,193639.0000,199414.0000,32104.0000,552252.0000,231518.0000,16.1115,9.4166,28.9665,20.7256,21.3437,3.4362,59.1086,24.7798,45.9342,27.2575,41.9225,90+
TLH6,Suffolk,2023,778217.0000,132875.0000,67125.0000,229311.0000,161562.0000,161160.0000,26184.0000,457998.0000,187344.0000,17.0743,8.6255,29.4662,20.7605,20.7089,3.3646,58.8522,24.0735,45.3989,29.0121,40.9050,90+
TLI3,Inner London - West,2023,1126331.0000,158102.0000,152159.0000,499724.0000,187753.0000,112658.0000,15935.0000,839636.0000,128593.0000,14.0369,13.5093,44.3674,16.6694,10.0022,1.4148,74.5461,11.4170,34.3997,18.8298,15.3153,90+
TLI4,Inner London - East,2023,2406083.0000,408342.0000,312752.0000,1109945.0000,369195.0000,182838.0000,23011.0000,1791892.0000,205849.0000,16.9712,12.9984,46.1308,15.3442,7.5990,0.9564,74.4734,8.5554,33.1335,22.7883,11.4878,90+
TLI5,Outer London - East and North East,2023,1980084.0000,415383.0000,212163.0000,752581.0000,343084.0000,221399.0000,35474.0000,1307828.0000,256873.0000,20.9780,10.7148,38.0075,17.3267,11.1813,1.7915,66.0491,12.9728,36.7919,31.7613,19.6412,90+
TLI6,Outer London - South,2023,1336541.0000,263811.0000,126787.0000,494106.0000,250292.0000,172858.0000,28687.0000,871185.0000,201545.0000,19.7383,9.4862,36.9690,18.7268,12.9332,2.1464,65.1821,15.0796,39.2980,30.2819,23.1346,90+
TLI7,Outer London - West and North West,2023,2217867.0000,432965.0000,244371.0000,847768.0000,391320.0000,260354.0000,41089.0000,1483459.0000,301443.0000,19.5217,11.0183,38.2245,17.6440,11.7389,1.8526,66.8867,13.5916,37.4983,29.1862,20.3203,90+
TLJ1,"Berkshire, Buckinghamshire and Oxfordshire",2023,2603705.0000,510272.0000,265259.0000,894506.0000,492622.0000,379503.0000,61543.0000,1652387.0000,441046.0000,19.5979,10.1878,34.3551,18.9200,14.5755,2.3637,63.4629,16.9392,39.9038,30.8809,26.6914,90+
TLJ2,"Surrey, East and West Sussex",2023,2979871.0000,525373.0000,289148.0000,922946.0000,609313.0000,536915.0000,96176.0000,1821407.0000,633091.0000,17.6307,9.7034,30.9727,20.4476,18.0181,3.2275,61.1237,21.2456,43.5818,28.8443,34.7583,90+
TLJ3,Hampshire and Isle of Wight,2023,2046673.0000,356329.0000,212966.0000,641983.0000,407227.0000,367556.0000,60612.0000,1262176.0000,428168.0000,17.4102,10.4055,31.3672,19.8970,17.9587,2.9615,61.6696,20.9202,42.3892,28.2313,33.9230,90+
TLJ4,Kent,2023,1907003.0000,367860.0000,178242.0000,605803.0000,376419.0000,328490.0000,50189.0000,1160464.0000,378679.0000,19.2900,9.3467,31.7673,19.7388,17.2255,2.6318,60.8528,19.8573,41.7290,31.6994,32.6317,90+
TLK3,Cornwall and Isles of Scilly,2023,581426.0000,93708.0000,51827.0000,158139.0000,127827.0000,131101.0000,18824.0000,337793.0000,149925.0000,16.1169,8.9138,27.1985,21.9851,22.5482,3.2376,58.0973,25.7857,48.1036,27.7412,44.3837,90+
TLK4,Devon,2023,1244305.0000,197856.0000,129590.0000,349747.0000,260357.0000,264340.0000,42415.0000,739694.0000,306755.0000,15.9009,10.4146,28.1078,20.9239,21.2440,3.4087,59.4464,24.6527,45.9536,26.7484,41.4705,90+
TLK5,West of England,2023,986115.0000,167961.0000,148149.0000,347662.0000,165606.0000,134518.0000,22219.0000,661417.0000,156737.0000,17.0326,15.0235,35.2557,16.7938,13.6412,2.2532,67.0730,15.8944,36.3819,25.3941,23.6972,90+
TLK6,"North Somerset, Somerset and Dorset",2023,1598094.0000,259916.0000,143134.0000,452347.0000,335977.0000,348075.0000,58645.0000,931458.0000,406720.0000,16.2641,8.9565,28.3054,21.0236,21.7806,3.6697,58.2856,25.4503,46.9154,27.9042,43.6649,90+
TLK7,Gloucestershire and Wiltshire,2023,1421360.0000,253889.0000,127706.0000,440062.0000,297281.0000,261232.0000,41190.0000,865049.0000,302422.0000,17.8624,8.9848,30.9606,20.9153,18.3790,2.8979,60.8607,21.2769,43.5206,29.3497,34.9601,90+
TLL3,North Wales,2023,693621.0000,117305.0000,63032.0000,196312.0000,151328.0000,144307.0000,21337.0000,410672.0000,165644.0000,16.9120,9.0874,28.3025,21.8171,20.8049,3.0762,59.2070,23.8811,46.1059,28.5642,40.3349,90+
TLL4,Mid and South West Wales,2023,913153.0000,149670.0000,94916.0000,256770.0000,192328.0000,191542.0000,27927.0000,544014.0000,219469.0000,16.3905,10.3943,28.1191,21.0620,20.9759,3.0583,59.5753,24.0342,45.4067,27.5122,40.3425,90+
TLL5,South East Wales,2023,1558301.0000,280387.0000,172467.0000,504167.0000,302779.0000,261589.0000,36912.0000,979413.0000,298501.0000,17.9931,11.0676,32.3536,19.4301,16.7868,2.3687,62.8513,19.1555,40.3630,28.6281,30.4775,90+
TLM0,Eastern Scotland,2023,938080.0000,150815.0000,103513.0000,274325.0000,202572.0000,181513.0000,25342.0000,580410.0000,206855.0000,16.0770,11.0346,29.2432,21.5943,19.3494,2.7015,61.8721,22.0509,44.4113,25.9842,35.6395,90+
TLM1,East Central Scotland,2023,1082120.0000,175436.0000,128952.0000,374515.0000,211806.0000,167996.0000,23415.0000,715273.0000,191411.0000,16.2123,11.9166,34.6094,19.5732,15.5247,2.1638,66.0992,17.6885,40.0678,24.5271,26.7606,90+
TLM2,Highlands and Islands,2023,490600.0000,76258.0000,41144.0000,136951.0000,115284.0000,106695.0000,14268.0000,293379.0000,120963.0000,15.5438,8.3865,27.9150,23.4986,21.7479,2.9083,59.8000,24.6561,48.4866,25.9930,41.2310,90+
TLM3,West Central Scotland,2023,1545350.0000,253652.0000,179631.0000,524124.0000,314861.0000,241189.0000,31893.0000,1018616.0000,273082.0000,16.4139,11.6240,33.9162,20.3747,15.6074,2.0638,65.9149,17.6712,40.1770,24.9016,26.8091,90+
TLM5,North Eastern Scotland,2023,495000.0000,85175.0000,51457.0000,160932.0000,100857.0000,84911.0000,11668.0000,313246.0000,96579.0000,17.2071,10.3954,32.5115,20.3752,17.1537,2.3572,63.2820,19.5109,42.1384,27.1911,30.8317,90+
TLM9,Southern Scotland,2023,960650.0000,153955.0000,84910.0000,270781.0000,222063.0000,202646.0000,26295.0000,577754.0000,228941.0000,16.0261,8.8388,28.1873,23.1159,21.0947,2.7372,60.1420,23.8319,47.4528,26.6472,39.6260,90+
TLN0,Northern Ireland,2023,1920382.0000,388219.0000,197651.0000,614615.0000,377415.0000,300610.0000,41872.0000,1189681.0000,342482.0000,20.2157,10.2923,32.0048,19.6531,15.6537,2.1804,61.9502,17.8341,40.1631,32.6322,28.7877,90+
TLC3,Tees Valley,2024,709524.0000,132946.0000,68858.0000,224447.0000,139633.0000,125844.0000,17796.0000,432938.0000,143640.0000,18.7374,9.7048,31.6335,19.6798,17.7364,2.5082,61.0181,20.2446,41.2363,30.7079,33.1780,90+
TLC4,"Northumberland, Durham and Tyne & Wear",2024,2039224.0000,341696.0000,234398.0000,621467.0000,407982.0000,379785.0000,53896.0000,1263847.0000,433681.0000,16.7562,11.4945,30.4757,20.0067,18.6240,2.6430,61.9769,21.2670,42.3600,27.0362,34.3144,90+
TLD1,Cumbria,2024,509835.0000,79822.0000,42542.0000,143476.0000,115139.0000,112006.0000,16850.0000,301157.0000,128856.0000,15.6564,8.3443,28.1417,22.5836,21.9691,3.3050,59.0695,25.2741,48.0626,26.5051,42.7870,90+
TLD3,Greater Manchester,2024,2999731.0000,598119.0000,360790.0000,1042758.0000,525462.0000,415045.0000,57557.0000,1929010.0000,472602.0000,19.9391,12.0274,34.7617,17.5170,13.8361,1.9187,64.3061,15.7548,37.1544,31.0065,24.4997,90+
TLD4,Lancashire,2024,1597410.0000,290274.0000,172158.0000,486436.0000,321874.0000,285412.0000,41256.0000,980468.0000,326668.0000,18.1715,10.7773,30.4515,20.1497,17.8672,2.5827,61.3786,20.4499,41.8846,29.6057,33.3176,90+
TLD6,Cheshire,2024,1006063.0000,174659.0000,86736.0000,313848.0000,212259.0000,188704.0000,29857.0000,612843.0000,218561.0000,17.3606,8.6213,31.1957,21.0980,18.7567,2.9677,60.9150,21.7244,44.0679,28.4998,35.6635,90+
TLD7,Merseyside,2024,1603067.0000,281308.0000,186218.0000,511788.0000,310473.0000,273681.0000,39599.0000,1008479.0000,313280.0000,17.5481,11.6164,31.9256,19.3674,17.0723,2.4702,62.9093,19.5425,40.4457,27.8943,31.0646,90+
TLE1,East Yorkshire and Northern Lincolnshire,2024,961267.0000,169186.0000,87734.0000,291320.0000,199458.0000,186065.0000,27504.0000,578512.0000,213569.0000,17.6003,9.1269,30.3058,20.7495,19.3562,2.8612,60.1822,22.2174,43.6786,29.2450,36.9170,90+
TLE2,North Yorkshire,2024,841929.0000,130019.0000,89862.0000,234691.0000,181205.0000,177874.0000,28278.0000,505758.0000,206152.0000,15.4430,10.6733,27.8754,21.5226,21.1270,3.3587,60.0713,24.4857,46.2529,25.7077,40.7610,90+
TLE3,South Yorkshire,2024,1428140.0000,259318.0000,164410.0000,466830.0000,271697.0000,232062.0000,33823.0000,902937.0000,265885.0000,18.1577,11.5122,32.6880,19.0245,16.2492,2.3683,63.2247,18.6176,39.5372,28.7194,29.4467,90+
TLE4,West Yorkshire,2024,2425235.0000,473279.0000,287614.0000,808858.0000,442529.0000,359894.0000,53061.0000,1539001.0000,412955.0000,19.5148,11.8592,33.3517,18.2469,14.8396,2.1879,63.4578,17.0274,38.4164,30.7524,26.8327,90+
TLF1,Derbyshire and Nottinghamshire,2024,2280480.0000,400705.0000,251771.0000,716664.0000,455853.0000,396717.0000,58770.0000,1424288.0000,455487.0000,17.5711,11.0403,31.4260,19.9893,17.3962,2.5771,62.4556,19.9733,41.4837,28.1337,31.9800,90+
TLF2,"Leicestershire, Rutland and Northamptonshire",2024,1989227.0000,370573.0000,223094.0000,654525.0000,379294.0000,316061.0000,45680.0000,1256913.0000,361741.0000,18.6290,11.2151,32.9035,19.0674,15.8886,2.2964,63.1860,18.1850,40.0254,29.4828,28.7801,90+
TLF3,Lincolnshire,2024,790533.0000,129227.0000,75049.0000,225855.0000,169069.0000,167008.0000,24325.0000,469973.0000,191333.0000,16.3468,9.4935,28.5700,21.3867,21.1260,3.0770,59.4501,24.2030,45.8355,27.4967,40.7115,90+
TLG1,"Herefordshire, Worcestershire and Warwickshire",2024,1445783.0000,248602.0000,129477.0000,440915.0000,298599.0000,282961.0000,45229.0000,868991.0000,328190.0000,17.1950,8.9555,30.4966,20.6531,19.5715,3.1283,60.1052,22.6998,44.3385,28.6081,37.7668,90+
TLG2,Shropshire and Staffordshire,2024,1704248.0000,299020.0000,159920.0000,518314.0000,352349.0000,325842.0000,48803.0000,1030583.0000,374645.0000,17.5456,9.3836,30.4131,20.6747,19.1194,2.8636,60.4714,21.9830,43.4962,29.0146,36.3527,90+
TLG3,West Midlands,2024,3031602.0000,631948.0000,385844.0000,1027566.0000,518958.0000,400993.0000,66293.0000,1932368.0000,467286.0000,20.8453,12.7274,33.8951,17.1183,13.2271,2.1867,63.7408,15.4138,36.5057,32.7033,24.1820,90+
TLH2,Bedfordshire and Hertfordshire,2024,1982973.0000,397880.0000,186726.0000,689710.0000,373205.0000,286380.0000,49072.0000,1249641.0000,335452.0000,20.0648,9.4165,34.7816,18.8205,14.4420,2.4747,63.0186,16.9166,39.8046,31.8395,26.8439,90+
TLH3,Essex,2024,1924718.0000,365424.0000,175104.0000,619934.0000,376904.0000,333051.0000,54301.0000,1171942.0000,387352.0000,18.9858,9.0976,32.2091,19.5823,17.3039,2.8212,60.8890,20.1251,41.8786,31.1811,33.0521,90+
TLH4,Cambridgeshire and Peterborough,2024,937370.0000,174525.0000,100533.0000,322032.0000,172685.0000,144689.0000,22906.0000,595250.0000,167595.0000,18.6186,10.7250,34.3548,18.4223,15.4356,2.4436,63.5021,17.8793,39.6735,29.3196,28.1554,90+
TLH5,Norfolk,2024,940468.0000,150245.0000,87643.0000,272881.0000,194138.0000,202708.0000,32853.0000,554662.0000,235561.0000,15.9756,9.3191,29.0154,20.6427,21.5539,3.4933,58.9772,25.0472,45.9818,27.0877,42.4693,90+
TLH6,Suffolk,2024,785501.0000,133335.0000,67642.0000,231359.0000,162035.0000,163990.0000,27140.0000,461036.0000,191130.0000,16.9745,8.6113,29.4537,20.6282,20.8771,3.4551,58.6932,24.3322,45.4270,28.9207,41.4566,90+
TLI3,Inner London - West,2024,1129534.0000,154962.0000,150454.0000,502476.0000,189881.0000,115297.0000,16464.0000,842811.0000,131761.0000,13.7191,13.3200,44.4852,16.8106,10.2075,1.4576,74.6158,11.6651,34.4499,18.3863,15.6335,90+
TLI4,Inner London - East,2024,2417344.0000,400368.0000,314309.0000,1117022.0000,372928.0000,189088.0000,23629.0000,1804259.0000,212717.0000,16.5623,13.0022,46.2086,15.4272,7.8221,0.9775,74.6381,8.7996,33.2224,22.1902,11.7897,90+
TLI5,Outer London - East and North East,2024,2007664.0000,414853.0000,216400.0000,768734.0000,345335.0000,226034.0000,36308.0000,1330469.0000,262342.0000,20.6635,10.7787,38.2900,17.2008,11.2586,1.8085,66.2695,13.0670,36.8337,31.1810,19.7180,90+
TLI6,Outer London - South,2024,1349933.0000,263326.0000,128032.0000,500931.0000,252253.0000,176094.0000,29297.0000,881216.0000,205391.0000,19.5066,9.4843,37.1078,18.6863,13.0446,2.1703,65.2785,15.2149,39.4147,29.8821,23.3077,90+
TLI7,Outer London - West and North West,2024,2245171.0000,430364.0000,249723.0000,860167.0000,395364.0000,267161.0000,42392.0000,1505254.0000,309553.0000,19.1684,11.1227,38.3119,17.6095,11.8994,1.8881,67.0441,13.7875,37.4991,28.5908,20.5648,90+
TLJ1,"Berkshire, Buckinghamshire and Oxfordshire",2024,2640522.0000,513807.0000,269844.0000,909107.0000,496273.0000,387840.0000,63651.0000,1675224.0000,451491.0000,19.4585,10.2193,34.4291,18.7945,14.6880,2.4105,63.4429,17.0986,39.9671,30.6709,26.9511,90+
TLJ2,"Surrey, East and West Sussex",2024,3007289.0000,524772.0000,293244.0000,932220.0000,612087.0000,546639.0000,98327.0000,1837551.0000,644966.0000,17.4500,9.7511,30.9987,20.3534,18.1771,3.2696,61.1032,21.4468,43.6828,28.5582,35.0992,90+
TLJ3,Hampshire and Isle of Wight,2024,2060066.0000,355586.0000,213785.0000,647509.0000,406728.0000,374174.0000,62284.0000,1268022.0000,436458.0000,17.2609,10.3776,31.4315,19.7434,18.1632,3.0234,61.5525,21.1866,42.5041,28.0426,34.4204,90+
TLJ4,Kent,2024,1930768.0000,371283.0000,179164.0000,617244.0000,377734.0000,333452.0000,51891.0000,1174142.0000,385343.0000,19.2298,9.2794,31.9688,19.5639,17.2704,2.6876,60.8122,19.9580,41.7403,31.6216,32.8191,90+
TLK3,Cornwall and Isles of Scilly,2024,584588.0000,92945.0000,52600.0000,158489.0000,127776.0000,133521.0000,19257.0000,338865.0000,152778.0000,15.8992,8.9978,27.1112,21.8574,22.8402,3.2941,57.9665,26.1343,48.2082,27.4283,45.0852,90+
TLK4,Devon,2024,1253809.0000,196828.0000,132027.0000,353028.0000,259562.0000,269112.0000,43252.0000,744617.0000,312364.0000,15.6984,10.5301,28.1564,20.7019,21.4636,3.4496,59.3884,24.9132,45.8845,26.4335,41.9496,90+
TLK5,West of England,2024,1000530.0000,167812.0000,153830.0000,354655.0000,165284.0000,136240.0000,22709.0000,673769.0000,158949.0000,16.7723,15.3749,35.4467,16.5196,13.6168,2.2697,67.3412,15.8865,36.2830,24.9065,23.5910,90+
TLK6,"North Somerset, Somerset and Dorset",2024,1610190.0000,259353.0000,145601.0000,456434.0000,335677.0000,353553.0000,59572.0000,937712.0000,413125.0000,16.1070,9.0425,28.3466,20.8470,21.9572,3.6997,58.2361,25.6569,46.8475,27.6581,44.0567,90+
TLK7,Gloucestershire and Wiltshire,2024,1435434.0000,254594.0000,128991.0000,445140.0000,297394.0000,266780.0000,42535.0000,871525.0000,309315.0000,17.7364,8.9862,31.0108,20.7181,18.5853,2.9632,60.7151,21.5485,43.5873,29.2125,35.4912,90+
TLL3,North Wales,2024,695708.0000,116131.0000,63147.0000,197484.0000,150913.0000,146394.0000,21639.0000,411544.0000,168033.0000,16.6925,9.0767,28.3860,21.6920,21.0424,3.1104,59.1547,24.1528,46.0957,28.2184,40.8299,90+
TLL4,Mid and South West Wales,2024,916818.0000,148277.0000,95340.0000,259512.0000,190844.0000,194474.0000,28371.0000,545696.0000,222845.0000,16.1730,10.3990,28.3057,20.8159,21.2118,3.0945,59.5206,24.3064,45.4021,27.1721,40.8368,90+
TLL5,South East Wales,2024,1565423.0000,278250.0000,172830.0000,509665.0000,301250.0000,265707.0000,37721.0000,983745.0000,303428.0000,17.7747,11.0405,32.5577,19.2440,16.9735,2.4096,62.8421,19.3831,40.4792,28.2848,30.8442,90+
TLM0,Eastern Scotland,2024,940150.0000,149367.0000,103424.0000,275801.0000,200592.0000,185090.0000,25876.0000,579817.0000,210966.0000,15.8876,11.0008,29.3359,21.3362,19.6873,2.7523,61.6728,22.4396,44.5384,25.7611,36.3849,90+
TLM1,East Central Scotland,2024,1092980.0000,174806.0000,129286.0000,381690.0000,211591.0000,171810.0000,23797.0000,722567.0000,195607.0000,15.9935,11.8288,34.9220,19.3591,15.7194,2.1773,66.1098,17.8967,40.0935,24.1924,27.0711,90+
TLM2,Highlands and Islands,2024,490970.0000,75366.0000,41433.0000,136412.0000,114411.0000,108717.0000,14631.0000,292256.0000,123348.0000,15.3504,8.4390,27.7842,23.3031,22.1433,2.9800,59.5262,25.1233,48.7021,25.7877,42.2055,90+
TLM3,West Central Scotland,2024,1559160.0000,254119.0000,178645.0000,536499.0000,311075.0000,246286.0000,32536.0000,1026219.0000,278822.0000,16.2985,11.4578,34.4095,19.9514,15.7961,2.0868,65.8187,17.8828,40.0580,24.7626,27.1698,90+
TLM5,North Eastern Scotland,2024,496430.0000,84403.0000,51128.0000,161210.0000,100862.0000,86904.0000,11923.0000,313200.0000,98827.0000,17.0020,10.2991,32.4739,20.3175,17.5058,2.4017,63.0905,19.9075,42.4279,26.9486,31.5540,90+
TLM9,Southern Scotland,2024,963610.0000,153272.0000,85505.0000,271381.0000,219796.0000,206758.0000,26898.0000,576682.0000,233656.0000,15.9060,8.8734,28.1629,22.8096,21.4566,2.7914,59.8460,24.2480,47.4289,26.5783,40.5173,90+
TLN0,Northern Ireland,2024,1927855.0000,384682.0000,201223.0000,616096.0000,376660.0000,306330.0000,42864.0000,1193979.0000,349194.0000,19.9539,10.4377,31.9576,19.5378,15.8897,2.2234,61.9330,18.1131,40.3145,32.2185,29.2462,90+
TLC3,Tees Valley,2025,712552.0000,132287.0000,69905.0000,225039.0000,138383.0000,128629.0000,18309.0000,433327.0000,146938.0000,18.5652,9.8105,31.5821,19.4208,18.0519,2.5695,60.8134,20.6214,41.4413,30.5282,33.9093,90+
TLC4,"Northumberland, Durham and Tyne & Wear",2025,2050194.0000,338989.0000,240461.0000,624035.0000,404296.0000,387547.0000,54866.0000,1268792.0000,442413.0000,16.5345,11.7287,30.4379,19.7199,18.9029,2.6761,61.8864,21.5791,42.4478,26.7175,34.8688,90+
TLD1,Cumbria,2025,513650.0000,79299.0000,43435.0000,145166.0000,114037.0000,114397.0000,17316.0000,302638.0000,131713.0000,15.4383,8.4561,28.2617,22.2013,22.2714,3.3712,58.9191,25.6426,47.9489,26.2026,43.5216,90+
TLD3,Greater Manchester,2025,3017590.0000,594601.0000,368506.0000,1051573.0000,523319.0000,420980.0000,58611.0000,1943398.0000,479591.0000,19.7045,12.2119,34.8481,17.3423,13.9509,1.9423,64.4023,15.8932,37.2373,30.5959,24.6780,90+
TLD4,Lancashire,2025,1615860.0000,290608.0000,176327.0000,494005.0000,320968.0000,291723.0000,42229.0000,991300.0000,333952.0000,17.9847,10.9123,30.5723,19.8636,18.0537,2.6134,61.3481,20.6671,41.9010,29.3158,33.6883,90+
TLD6,Cheshire,2025,1014835.0000,173539.0000,88183.0000,317684.0000,212045.0000,192524.0000,30860.0000,617912.0000,223384.0000,17.1002,8.6894,31.3040,20.8945,18.9710,3.0409,60.8879,22.0119,44.1610,28.0847,36.1514,90+
TLD7,Merseyside,2025,1610919.0000,279792.0000,189399.0000,516161.0000,306471.0000,278961.0000,40135.0000,1012031.0000,319096.0000,17.3685,11.7572,32.0414,19.0246,17.3169,2.4914,62.8232,19.8083,40.5259,27.6466,31.5303,90+
TLE1,East Yorkshire and Northern Lincolnshire,2025,965113.0000,167725.0000,88734.0000,292210.0000,198482.0000,189905.0000,28057.0000,579426.0000,217962.0000,17.3788,9.1942,30.2773,20.5657,19.6770,2.9071,60.0371,22.5841,43.8650,28.9468,37.6169,90+
TLE2,North Yorkshire,2025,848251.0000,128673.0000,93223.0000,235102.0000,180029.0000,182126.0000,29098.0000,508354.0000,211224.0000,15.1692,10.9900,27.7161,21.2236,21.4708,3.4304,59.9297,24.9011,46.3422,25.3117,41.5506,90+
TLE3,South Yorkshire,2025,1434478.0000,258206.0000,165792.0000,470986.0000,269435.0000,235421.0000,34638.0000,906213.0000,270059.0000,18.0000,11.5577,32.8333,18.7828,16.4116,2.4147,63.1737,18.8263,39.6621,28.4929,29.8008,90+
TLE4,West Yorkshire,2025,2424324.0000,468190.0000,287406.0000,808548.0000,440696.0000,365493.0000,53991.0000,1536650.0000,419484.0000,19.3122,11.8551,33.3515,18.1781,15.0761,2.2271,63.3847,17.3031,38.7089,30.4682,27.2986,90+
TLF1,Derbyshire and Nottinghamshire,2025,2290652.0000,398961.0000,253833.0000,720056.0000,453806.0000,403791.0000,60205.0000,1427695.0000,463996.0000,17.4169,11.0813,31.4345,19.8112,17.6278,2.6283,62.3270,20.2561,41.6332,27.9444,32.4997,90+
TLF2,"Leicestershire, Rutland and Northamptonshire",2025,2000980.0000,368278.0000,228055.0000,655964.0000,379479.0000,322561.0000,46643.0000,1263498.0000,369204.0000,18.4049,11.3972,32.7821,18.9647,16.1202,2.3310,63.1440,18.4512,40.2463,29.1475,29.2208,90+
TLF3,Lincolnshire,2025,794009.0000,128103.0000,75128.0000,227013.0000,168363.0000,170410.0000,24992.0000,470504.0000,195402.0000,16.1337,9.4619,28.5907,21.2042,21.4620,3.1476,59.2568,24.6095,46.0830,27.2268,41.5304,90+
TLG1,"Herefordshire, Worcestershire and Warwickshire",2025,1460769.0000,248970.0000,131841.0000,446810.0000,298587.0000,288106.0000,46455.0000,877238.0000,334561.0000,17.0438,9.0255,30.5873,20.4404,19.7229,3.1802,60.0532,22.9031,44.3681,28.3811,38.1380,90+
TLG2,Shropshire and Staffordshire,2025,1717895.0000,298027.0000,162143.0000,524986.0000,351452.0000,331000.0000,50287.0000,1038581.0000,381287.0000,17.3484,9.4385,30.5598,20.4583,19.2678,2.9272,60.4566,22.1950,43.5314,28.6956,36.7123,90+
TLG3,West Midlands,2025,3027190.0000,625422.0000,391654.0000,1022799.0000,515806.0000,404753.0000,66756.0000,1930259.0000,471509.0000,20.6602,12.9379,33.7871,17.0391,13.3706,2.2052,63.7641,15.5758,36.6620,32.4009,24.4272,90+
TLH2,Bedfordshire and Hertfordshire,2025,1993781.0000,396482.0000,186845.0000,693554.0000,374334.0000,292594.0000,49972.0000,1254733.0000,342566.0000,19.8859,9.3714,34.7859,18.7751,14.6753,2.5064,62.9323,17.1817,40.0287,31.5989,27.3019,90+
TLH3,Essex,2025,1943003.0000,366120.0000,177194.0000,627924.0000,377495.0000,338981.0000,55289.0000,1182613.0000,394270.0000,18.8430,9.1196,32.3172,19.4284,17.4462,2.8455,60.8652,20.2918,41.9311,30.9586,33.3389,90+
TLH4,Cambridgeshire and Peterborough,2025,941740.0000,173171.0000,101491.0000,322674.0000,173582.0000,147338.0000,23484.0000,597747.0000,170822.0000,18.3884,10.7770,34.2636,18.4321,15.6453,2.4937,63.4726,18.1390,39.9844,28.9706,28.5776,90+
TLH5,Norfolk,2025,945427.0000,149037.0000,88679.0000,273803.0000,194208.0000,206199.0000,33501.0000,556690.0000,239700.0000,15.7640,9.3798,28.9608,20.5418,21.8101,3.5435,58.8824,25.3536,46.1779,26.7720,43.0581,90+
TLH6,Suffolk,2025,789850.0000,132313.0000,67514.0000,233285.0000,162031.0000,167012.0000,27695.0000,462830.0000,194707.0000,16.7517,8.5477,29.5354,20.5141,21.1448,3.5064,58.5972,24.6511,45.6346,28.5878,42.0688,90+
TLI3,Inner London - West,2025,1120465.0000,149894.0000,147249.0000,496799.0000,190651.0000,118771.0000,17101.0000,834699.0000,135872.0000,13.3778,13.1418,44.3386,17.0153,10.6002,1.5262,74.4958,12.1264,34.6037,17.9579,16.2780,90+
TLI4,Inner London - East,2025,2395493.0000,387536.0000,309622.0000,1103273.0000,374360.0000,196525.0000,24177.0000,1787255.0000,220702.0000,16.1777,12.9252,46.0562,15.6277,8.2039,1.0093,74.6091,9.2132,33.4252,21.6833,12.3487,90+
TLI5,Outer London - East and North East,2025,2012352.0000,408800.0000,219254.0000,769544.0000,346586.0000,231200.0000,36968.0000,1335384.0000,268168.0000,20.3145,10.8954,38.2410,17.2229,11.4890,1.8371,66.3594,13.3261,37.0581,30.6129,20.0817,90+
TLI6,Outer London - South,2025,1351757.0000,259936.0000,128032.0000,500328.0000,253595.0000,179971.0000,29895.0000,881955.0000,209866.0000,19.2295,9.4715,37.0132,18.7604,13.3139,2.2116,65.2451,15.5254,39.7142,29.4727,23.7955,90+
TLI7,Outer London - West and North West,2025,2242842.0000,422150.0000,250439.0000,853897.0000,398446.0000,274456.0000,43454.0000,1502782.0000,317910.0000,18.8221,11.1661,38.0721,17.7652,12.2370,1.9375,67.0035,14.1744,37.7606,28.0912,21.1548,90+
TLJ1,"Berkshire, Buckinghamshire and Oxfordshire",2025,2660673.0000,511295.0000,274939.0000,913783.0000,498496.0000,396554.0000,65606.0000,1687218.0000,462160.0000,19.2168,10.3334,34.3441,18.7357,14.9043,2.4658,63.4132,17.3700,40.1731,30.3040,27.3918,90+
TLJ2,"Surrey, East and West Sussex",2025,3022520.0000,519877.0000,296683.0000,934868.0000,614026.0000,556896.0000,100170.0000,1845577.0000,657066.0000,17.2001,9.8157,30.9301,20.3150,18.4249,3.3141,61.0609,21.7390,43.9101,28.1688,35.6022,90+
TLJ3,Hampshire and Isle of Wight,2025,2063185.0000,351640.0000,215330.0000,646090.0000,405040.0000,381106.0000,63979.0000,1266460.0000,445085.0000,17.0436,10.4368,31.3152,19.6318,18.4717,3.1010,61.3837,21.5727,42.7600,27.7656,35.1440,90+
TLJ4,Kent,2025,1945466.0000,371214.0000,181481.0000,622185.0000,378559.0000,338693.0000,53334.0000,1182225.0000,392027.0000,19.0810,9.3284,31.9813,19.4585,17.4094,2.7415,60.7682,20.1508,41.8853,31.3996,33.1601,90+
TLK3,Cornwall and Isles of Scilly,2025,587081.0000,91828.0000,53322.0000,159147.0000,127454.0000,135785.0000,19545.0000,339923.0000,155330.0000,15.6415,9.0826,27.1082,21.7098,23.1288,3.3292,57.9005,26.4580,48.3065,27.0144,45.6956,90+
TLK4,Devon,2025,1256388.0000,194432.0000,132633.0000,353589.0000,257932.0000,273737.0000,44065.0000,744154.0000,317802.0000,15.4755,10.5567,28.1433,20.5296,21.7876,3.5073,59.2296,25.2949,46.1110,26.1279,42.7065,90+
TLK5,West of England,2025,1004945.0000,165141.0000,157438.0000,356345.0000,164633.0000,138225.0000,23163.0000,678416.0000,161388.0000,16.4328,15.6663,35.4592,16.3823,13.7545,2.3049,67.5078,16.0594,36.3996,24.3421,23.7889,90+
TLK6,"North Somerset, Somerset and Dorset",2025,1614997.0000,256558.0000,145794.0000,457605.0000,334336.0000,359961.0000,60743.0000,937735.0000,420704.0000,15.8860,9.0275,28.3347,20.7020,22.2886,3.7612,58.0642,26.0498,47.0175,27.3593,44.8638,90+
TLK7,Gloucestershire and Wiltshire,2025,1443586.0000,252656.0000,130509.0000,447866.0000,296084.0000,272817.0000,43654.0000,874459.0000,316471.0000,17.5020,9.0406,31.0245,20.5103,18.8986,3.0240,60.5755,21.9226,43.7540,28.8928,36.1905,90+
TLL3,North Wales,2025,695501.0000,114228.0000,63140.0000,197965.0000,149554.0000,148615.0000,21999.0000,410659.0000,170614.0000,16.4238,9.0783,28.4637,21.5031,21.3680,3.1630,59.0451,24.5311,46.2585,27.8158,41.5464,90+
TLL4,Mid and South West Wales,2025,914882.0000,145936.0000,94755.0000,258947.0000,188688.0000,197524.0000,29032.0000,542390.0000,226556.0000,15.9513,10.3571,28.3039,20.6243,21.5901,3.1733,59.2852,24.7634,45.6774,26.9061,41.7699,90+
TLL5,South East Wales,2025,1564798.0000,273774.0000,173266.0000,511037.0000,298826.0000,269690.0000,38205.0000,983129.0000,307895.0000,17.4958,11.0727,32.6583,19.0968,17.2348,2.4415,62.8279,19.6763,40.7146,27.8472,31.3179,90+
TLM0,Eastern Scotland,2025,937570.0000,146198.0000,102617.0000,275676.0000,197898.0000,188649.0000,26532.0000,576191.0000,215181.0000,15.5933,10.9450,29.4032,21.1075,20.1211,2.8299,61.4558,22.9509,44.8358,25.3732,37.3454,90+
TLM1,East Central Scotland,2025,1095690.0000,171810.0000,127827.0000,385261.0000,210722.0000,175882.0000,24188.0000,723810.0000,200070.0000,15.6805,11.6663,35.1615,19.2319,16.0522,2.2076,66.0597,18.2597,40.3459,23.7369,27.6412,90+
TLM2,Highlands and Islands,2025,489700.0000,73682.0000,41646.0000,135384.0000,113319.0000,110482.0000,15187.0000,290349.0000,125669.0000,15.0464,8.5044,27.6463,23.1405,22.5612,3.1013,59.2912,25.6624,49.0044,25.3770,43.2821,90+
TLM3,West Central Scotland,2025,1563810.0000,251866.0000,175335.0000,545377.0000,306619.0000,251736.0000,32877.0000,1027331.0000,284613.0000,16.1059,11.2120,34.8749,19.6072,16.0976,2.1024,65.6941,18.2000,40.1461,24.5165,27.7041,90+
TLM5,North Eastern Scotland,2025,494820.0000,82766.0000,50626.0000,159947.0000,100505.0000,88699.0000,12277.0000,311078.0000,100976.0000,16.7265,10.2312,32.3243,20.3114,17.9255,2.4811,62.8669,20.4066,42.8776,26.6062,32.4600,90+
TLM9,Southern Scotland,2025,963910.0000,151677.0000,85429.0000,271811.0000,216739.0000,210765.0000,27489.0000,573979.0000,238254.0000,15.7356,8.8628,28.1988,22.4854,21.8656,2.8518,59.5469,24.7175,47.4490,26.4255,41.5092,90+
TLN0,Northern Ireland,2025,1928446.0000,378767.0000,204171.0000,614519.0000,374504.0000,312647.0000,43838.0000,1193194.0000,356485.0000,19.6410,10.5873,31.8660,19.4200,16.2124,2.2732,61.8733,18.4856,40.5965,31.7440,29.8765,90+
