itl2_code,itl2_name,year,qual_framework,pop_16_64,n_level4plus,n_level3plus,n_level2plus,n_below_level2,share_level4plus,share_level3plus,share_level2plus,share_below_level2,aps_las_missing
TLC3,Tees Valley,2004,NVQ,400200.0000,79200.0000,154300.0000,241200.0000,159000.0000,19.7901,38.5557,60.2699,39.7301,
TLC4,"Northumberland, Durham and Tyne & Wear",2004,NVQ,1166500.0000,263600.0000,476200.0000,714200.0000,452300.0000,22.5975,40.8230,61.2259,38.7741,
TLD1,Cumbria,2004,NVQ,298400.0000,68700.0000,124800.0000,185000.0000,113400.0000,23.0228,41.8231,61.9973,38.0027,
TLD3,Greater Manchester,2004,NVQ,1600000.0000,373600.0000,671600.0000,992700.0000,607300.0000,23.3500,41.9750,62.0438,37.9562,
TLD4,Lancashire,2004,NVQ,867600.0000,203400.0000,368900.0000,543000.0000,324600.0000,23.4440,42.5196,62.5864,37.4136,
TLD6,Cheshire,2004,NVQ,535600.0000,158300.0000,260600.0000,364800.0000,170800.0000,29.5556,48.6557,68.1105,31.8895,
TLD7,Merseyside,2004,NVQ,913500.0000,177400.0000,338600.0000,513000.0000,400500.0000,19.4198,37.0662,56.1576,43.8424,
TLE1,East Yorkshire and Northern Lincolnshire,2004,NVQ,546300.0000,101400.0000,204700.0000,310200.0000,236100.0000,18.5612,37.4703,56.7820,43.2180,
TLE2,North Yorkshire,2004,NVQ,460900.0000,150400.0000,244500.0000,320400.0000,140500.0000,32.6318,53.0484,69.5162,30.4838,
TLE3,South Yorkshire,2004,NVQ,794700.0000,156900.0000,307900.0000,462100.0000,332600.0000,19.7433,38.7442,58.1477,41.8523,
TLE4,West Yorkshire,2004,NVQ,1326600.0000,299900.0000,545900.0000,800800.0000,525800.0000,22.6067,41.1503,60.3648,39.6352,
TLF1,Derbyshire and Nottinghamshire,2004,NVQ,1261300.0000,294400.0000,538400.0000,758700.0000,502600.0000,23.3410,42.6861,60.1522,39.8478,
TLF2,"Leicestershire, Rutland and Northamptonshire",2004,NVQ,1000600.0000,239500.0000,420800.0000,609700.0000,390900.0000,23.9356,42.0548,60.9334,39.0666,
TLF3,Lincolnshire,2004,NVQ,396800.0000,82300.0000,159900.0000,233400.0000,163400.0000,20.7409,40.2974,58.8206,41.1794,
TLG1,"Herefordshire, Worcestershire and Warwickshire",2004,NVQ,759800.0000,198500.0000,334900.0000,482200.0000,277600.0000,26.1253,44.0774,63.4641,36.5359,
TLG2,Shropshire and Staffordshire,2004,NVQ,926600.0000,198700.0000,362300.0000,542900.0000,383700.0000,21.4440,39.0999,58.5905,41.4095,
TLG3,West Midlands,2004,NVQ,1582100.0000,344300.0000,608500.0000,890500.0000,691600.0000,21.7622,38.4615,56.2859,43.7141,
TLH2,Bedfordshire and Hertfordshire,2004,NVQ,1014200.0000,295500.0000,482500.0000,670500.0000,343700.0000,29.1363,47.5744,66.1112,33.8888,
TLH3,Essex,2004,NVQ,1006200.0000,207000.0000,375500.0000,598000.0000,408200.0000,20.5725,37.3186,59.4315,40.5685,
TLH4,Cambridgeshire and Peterborough,2004,NVQ,463400.0000,142700.0000,217200.0000,302800.0000,160600.0000,30.7941,46.8710,65.3431,34.6569,
TLH5,Norfolk,2004,NVQ,479700.0000,101600.0000,185500.0000,276400.0000,203300.0000,21.1799,38.6700,57.6193,42.3807,
TLH6,Suffolk,2004,NVQ,409600.0000,98000.0000,159600.0000,235500.0000,174100.0000,23.9258,38.9648,57.4951,42.5049,
TLI3,Inner London - West,2004,NVQ,743300.0000,330200.0000,411300.0000,477100.0000,266200.0000,44.4235,55.3343,64.1867,35.8133,
TLI4,Inner London - East,2004,NVQ,1276700.0000,420400.0000,557300.0000,695600.0000,581100.0000,32.9286,43.6516,54.4842,45.5158,
TLI5,Outer London - East and North East,2004,NVQ,1008000.0000,207900.0000,354100.0000,542200.0000,465800.0000,20.6250,35.1290,53.7897,46.2103,
TLI6,Outer London - South,2004,NVQ,737200.0000,238700.0000,361300.0000,485300.0000,251900.0000,32.3793,49.0098,65.8302,34.1698,
TLI7,Outer London - West and North West,2004,NVQ,1156500.0000,371400.0000,544300.0000,702300.0000,454200.0000,32.1141,47.0644,60.7263,39.2737,
TLJ1,"Berkshire, Buckinghamshire and Oxfordshire",2004,NVQ,1353300.0000,448600.0000,688000.0000,921700.0000,431600.0000,33.1486,50.8387,68.1076,31.8924,
TLJ2,"Surrey, East and West Sussex",2004,NVQ,1554000.0000,493500.0000,781300.0000,1083100.0000,470900.0000,31.7568,50.2767,69.6976,30.3024,
TLJ3,Hampshire and Isle of Wight,2004,NVQ,1115000.0000,295800.0000,514300.0000,717600.0000,397400.0000,26.5291,46.1256,64.3587,35.6413,
TLJ4,Kent,2004,NVQ,975400.0000,224700.0000,398400.0000,589700.0000,385700.0000,23.0367,40.8448,60.4572,39.5428,
TLK3,Cornwall and Isles of Scilly,2004,NVQ,299000.0000,62900.0000,128500.0000,198300.0000,100700.0000,21.0368,42.9766,66.3211,33.6789,
TLK4,Devon,2004,NVQ,647400.0000,149600.0000,275600.0000,408100.0000,239300.0000,23.1078,42.5703,63.0368,36.9632,
TLK5,West of England,2004,NVQ,521800.0000,171800.0000,270700.0000,354000.0000,167800.0000,32.9245,51.8781,67.8421,32.1579,
TLK6,"North Somerset, Somerset and Dorset",2004,NVQ,819300.0000,202200.0000,357700.0000,527700.0000,291600.0000,24.6796,43.6592,64.4086,35.5914,
TLK7,Gloucestershire and Wiltshire,2004,NVQ,733000.0000,199100.0000,339500.0000,477500.0000,255500.0000,27.1623,46.3165,65.1432,34.8568,
TLL3,North Wales,2004,NVQ,401500.0000,91600.0000,166400.0000,257700.0000,143800.0000,22.8144,41.4446,64.1843,35.8157,
TLL4,Mid and South West Wales,2004,NVQ,517500.0000,119700.0000,217500.0000,322100.0000,195400.0000,23.1304,42.0290,62.2415,37.7585,
TLL5,South East Wales,2004,NVQ,873300.0000,215800.0000,359900.0000,523900.0000,349400.0000,24.7109,41.2115,59.9908,40.0092,
TLM0,Eastern Scotland,2004,NVQ,540500.0000,161800.0000,270300.0000,363400.0000,177100.0000,29.9352,50.0093,67.2340,32.7660,
TLM1,East Central Scotland,2004,NVQ,599600.0000,213400.0000,322000.0000,412300.0000,187300.0000,35.5904,53.7025,68.7625,31.2375,
TLM2,Highlands and Islands,2004,NVQ,279900.0000,75200.0000,130500.0000,189600.0000,90300.0000,26.8667,46.6238,67.7385,32.2615,
TLM3,West Central Scotland,2004,NVQ,907900.0000,265200.0000,434300.0000,578300.0000,329600.0000,29.2103,47.8357,63.6964,36.3036,
TLM5,North Eastern Scotland,2004,NVQ,283700.0000,92500.0000,147700.0000,199700.0000,84000.0000,32.6049,52.0620,70.3913,29.6087,
TLM9,Southern Scotland,2004,NVQ,569400.0000,152900.0000,257000.0000,360600.0000,208800.0000,26.8528,45.1352,63.3298,36.6702,
TLN0,Northern Ireland,2004,NVQ,1057400.0000,241400.0000,421600.0000,650100.0000,407300.0000,22.8296,39.8714,61.4810,38.5190,
TLC3,Tees Valley,2005,NVQ,400600.0000,83600.0000,161600.0000,246400.0000,154200.0000,20.8687,40.3395,61.5077,38.4923,
TLC4,"Northumberland, Durham and Tyne & Wear",2005,NVQ,1174900.0000,252800.0000,474200.0000,733900.0000,441000.0000,21.5167,40.3609,62.4649,37.5351,
TLD1,Cumbria,2005,NVQ,299700.0000,68400.0000,122600.0000,188100.0000,111600.0000,22.8228,40.9076,62.7628,37.2372,
TLD3,Greater Manchester,2005,NVQ,1613800.0000,376000.0000,674200.0000,986000.0000,627800.0000,23.2990,41.7772,61.0980,38.9020,
TLD4,Lancashire,2005,NVQ,874900.0000,218200.0000,388600.0000,556000.0000,318900.0000,24.9400,44.4165,63.5501,36.4499,
TLD6,Cheshire,2005,NVQ,542600.0000,169700.0000,267800.0000,371300.0000,171300.0000,31.2753,49.3550,68.4298,31.5702,
TLD7,Merseyside,2005,NVQ,919600.0000,193400.0000,351400.0000,531200.0000,388400.0000,21.0309,38.2123,57.7642,42.2358,
TLE1,East Yorkshire and Northern Lincolnshire,2005,NVQ,553300.0000,105100.0000,207400.0000,320300.0000,233000.0000,18.9951,37.4842,57.8890,42.1110,
TLE2,North Yorkshire,2005,NVQ,463400.0000,126500.0000,217900.0000,307400.0000,156000.0000,27.2982,47.0220,66.3358,33.6642,
TLE3,South Yorkshire,2005,NVQ,803000.0000,160700.0000,307100.0000,464200.0000,338800.0000,20.0125,38.2441,57.8082,42.1918,
TLE4,West Yorkshire,2005,NVQ,1347900.0000,312800.0000,574300.0000,828900.0000,519000.0000,23.2065,42.6070,61.4957,38.5043,
TLF1,Derbyshire and Nottinghamshire,2005,NVQ,1271300.0000,300400.0000,544400.0000,770700.0000,500600.0000,23.6294,42.8223,60.6230,39.3770,
TLF2,"Leicestershire, Rutland and Northamptonshire",2005,NVQ,1017400.0000,246100.0000,432200.0000,620700.0000,396700.0000,24.1891,42.4808,61.0085,38.9915,
TLF3,Lincolnshire,2005,NVQ,402300.0000,80300.0000,157300.0000,236500.0000,165800.0000,19.9602,39.1002,58.7870,41.2130,
TLG1,"Herefordshire, Worcestershire and Warwickshire",2005,NVQ,767000.0000,204400.0000,347200.0000,505100.0000,261900.0000,26.6493,45.2673,65.8540,34.1460,
TLG2,Shropshire and Staffordshire,2005,NVQ,931400.0000,204200.0000,372300.0000,555800.0000,375600.0000,21.9240,39.9721,59.6736,40.3264,
TLG3,West Midlands,2005,NVQ,1601500.0000,349800.0000,600900.0000,905200.0000,696300.0000,21.8420,37.5211,56.5220,43.4780,
TLH2,Bedfordshire and Hertfordshire,2005,NVQ,1022100.0000,299900.0000,495800.0000,677100.0000,345000.0000,29.3416,48.5080,66.2460,33.7540,
TLH3,Essex,2005,NVQ,1015100.0000,217200.0000,387200.0000,604200.0000,410900.0000,21.3969,38.1440,59.5212,40.4788,
TLH4,Cambridgeshire and Peterborough,2005,NVQ,476600.0000,140300.0000,215800.0000,303700.0000,172900.0000,29.4377,45.2791,63.7222,36.2778,
TLH5,Norfolk,2005,NVQ,486000.0000,98700.0000,184900.0000,290200.0000,195800.0000,20.3086,38.0453,59.7119,40.2881,
TLH6,Suffolk,2005,NVQ,414000.0000,97300.0000,166900.0000,254700.0000,159300.0000,23.5024,40.3140,61.5217,38.4783,
TLI3,Inner London - West,2005,NVQ,767100.0000,359000.0000,444200.0000,511600.0000,255500.0000,46.7996,57.9064,66.6927,33.3073,
TLI4,Inner London - East,2005,NVQ,1299100.0000,437400.0000,571500.0000,716100.0000,583000.0000,33.6695,43.9920,55.1228,44.8772,
TLI5,Outer London - East and North East,2005,NVQ,1016000.0000,244200.0000,392400.0000,564200.0000,451800.0000,24.0354,38.6220,55.5315,44.4685,
TLI6,Outer London - South,2005,NVQ,747100.0000,250200.0000,370300.0000,487200.0000,259900.0000,33.4895,49.5650,65.2122,34.7878,
TLI7,Outer London - West and North West,2005,NVQ,1176400.0000,396400.0000,574700.0000,729000.0000,447400.0000,33.6960,48.8524,61.9687,38.0313,
TLJ1,"Berkshire, Buckinghamshire and Oxfordshire",2005,NVQ,1369900.0000,447300.0000,701800.0000,945900.0000,424000.0000,32.6520,51.2300,69.0488,30.9512,
TLJ2,"Surrey, East and West Sussex",2005,NVQ,1569600.0000,508500.0000,801100.0000,1103300.0000,466300.0000,32.3968,51.0385,70.2918,29.7082,
TLJ3,Hampshire and Isle of Wight,2005,NVQ,1126800.0000,305200.0000,530500.0000,739100.0000,387700.0000,27.0856,47.0802,65.5928,34.4072,
TLJ4,Kent,2005,NVQ,985900.0000,225600.0000,411700.0000,605400.0000,380500.0000,22.8826,41.7588,61.4058,38.5942,
TLK3,Cornwall and Isles of Scilly,2005,NVQ,301800.0000,62700.0000,130400.0000,199700.0000,102100.0000,20.7753,43.2074,66.1696,33.8304,
TLK4,Devon,2005,NVQ,656600.0000,154800.0000,287200.0000,424600.0000,232000.0000,23.5760,43.7405,64.6665,35.3335,
TLK5,West of England,2005,NVQ,534700.0000,176300.0000,263200.0000,357700.0000,177000.0000,32.9718,49.2239,66.8973,33.1027,
TLK6,"North Somerset, Somerset and Dorset",2005,NVQ,825700.0000,211900.0000,385100.0000,554200.0000,271500.0000,25.6631,46.6392,67.1188,32.8812,
TLK7,Gloucestershire and Wiltshire,2005,NVQ,742400.0000,204400.0000,340400.0000,488000.0000,254400.0000,27.5323,45.8513,65.7328,34.2672,
TLL3,North Wales,2005,NVQ,402200.0000,95200.0000,167000.0000,258600.0000,143600.0000,23.6698,41.5216,64.2964,35.7036,
TLL4,Mid and South West Wales,2005,NVQ,519500.0000,124200.0000,222100.0000,327700.0000,191800.0000,23.9076,42.7526,63.0799,36.9201,
TLL5,South East Wales,2005,NVQ,880300.0000,217800.0000,363900.0000,531600.0000,348700.0000,24.7416,41.3382,60.3885,39.6115,
TLM0,Eastern Scotland,2005,NVQ,545900.0000,166600.0000,283100.0000,379100.0000,166800.0000,30.5184,51.8593,69.4450,30.5550,
TLM1,East Central Scotland,2005,NVQ,607100.0000,214100.0000,331100.0000,430000.0000,177100.0000,35.2660,54.5380,70.8285,29.1715,
TLM2,Highlands and Islands,2005,NVQ,282500.0000,77400.0000,136700.0000,195200.0000,87300.0000,27.3982,48.3894,69.0973,30.9027,
TLM3,West Central Scotland,2005,NVQ,912000.0000,266100.0000,434400.0000,584600.0000,327400.0000,29.1776,47.6316,64.1009,35.8991,
TLM5,North Eastern Scotland,2005,NVQ,287300.0000,95000.0000,152400.0000,206800.0000,80500.0000,33.0665,53.0456,71.9805,28.0195,
TLM9,Southern Scotland,2005,NVQ,571800.0000,164400.0000,271700.0000,374000.0000,197800.0000,28.7513,47.5166,65.4075,34.5925,
TLN0,Northern Ireland,2005,NVQ,1071700.0000,245200.0000,429500.0000,662600.0000,409100.0000,22.8795,40.0765,61.8270,38.1730,
TLC3,Tees Valley,2006,NVQ,402600.0000,89500.0000,174900.0000,257500.0000,145100.0000,22.2305,43.4426,63.9593,36.0407,
TLC4,"Northumberland, Durham and Tyne & Wear",2006,NVQ,1183300.0000,271700.0000,504300.0000,758700.0000,424600.0000,22.9612,42.6181,64.1173,35.8827,
TLD1,Cumbria,2006,NVQ,300800.0000,75200.0000,139300.0000,198300.0000,102500.0000,25.0000,46.3098,65.9242,34.0758,
TLD3,Greater Manchester,2006,NVQ,1633800.0000,417700.0000,724300.0000,1036200.0000,597600.0000,25.5662,44.3322,63.4227,36.5773,
TLD4,Lancashire,2006,NVQ,880700.0000,197400.0000,376500.0000,558400.0000,322300.0000,22.4140,42.7501,63.4041,36.5959,
TLD6,Cheshire,2006,NVQ,549400.0000,181700.0000,277300.0000,379300.0000,170100.0000,33.0724,50.4732,69.0390,30.9610,
TLD7,Merseyside,2006,NVQ,926900.0000,196600.0000,362200.0000,550100.0000,376800.0000,21.2105,39.0765,59.3484,40.6516,
TLE1,East Yorkshire and Northern Lincolnshire,2006,NVQ,554300.0000,109200.0000,213000.0000,326800.0000,227500.0000,19.7005,38.4268,58.9572,41.0428,
TLE2,North Yorkshire,2006,NVQ,470600.0000,129000.0000,219100.0000,315700.0000,154900.0000,27.4118,46.5576,67.0846,32.9154,
TLE3,South Yorkshire,2006,NVQ,809300.0000,173200.0000,321000.0000,469400.0000,339900.0000,21.4012,39.6639,58.0007,41.9993,
TLE4,West Yorkshire,2006,NVQ,1362000.0000,315900.0000,572700.0000,826800.0000,535200.0000,23.1938,42.0485,60.7048,39.2952,
TLF1,Derbyshire and Nottinghamshire,2006,NVQ,1279000.0000,310400.0000,559000.0000,797600.0000,481400.0000,24.2690,43.7060,62.3612,37.6388,
TLF2,"Leicestershire, Rutland and Northamptonshire",2006,NVQ,1032000.0000,273000.0000,455400.0000,644500.0000,387500.0000,26.4535,44.1279,62.4516,37.5484,
TLF3,Lincolnshire,2006,NVQ,372400.0000,84100.0000,156400.0000,227500.0000,144900.0000,22.5832,41.9979,61.0902,38.9098,E07000136
TLG1,"Herefordshire, Worcestershire and Warwickshire",2006,NVQ,776200.0000,225400.0000,371500.0000,523300.0000,252900.0000,29.0389,47.8614,67.4182,32.5818,
TLG2,Shropshire and Staffordshire,2006,NVQ,940000.0000,220000.0000,391100.0000,581400.0000,358600.0000,23.4043,41.6064,61.8511,38.1489,
TLG3,West Midlands,2006,NVQ,1619200.0000,349800.0000,602500.0000,907100.0000,712100.0000,21.6033,37.2097,56.0215,43.9785,
TLH2,Bedfordshire and Hertfordshire,2006,NVQ,1032900.0000,303200.0000,477900.0000,671100.0000,361800.0000,29.3542,46.2678,64.9724,35.0276,
TLH3,Essex,2006,NVQ,1025100.0000,216100.0000,383800.0000,597100.0000,428000.0000,21.0809,37.4402,58.2480,41.7520,
TLH4,Cambridgeshire and Peterborough,2006,NVQ,480000.0000,139200.0000,219300.0000,305400.0000,174600.0000,29.0000,45.6875,63.6250,36.3750,
TLH5,Norfolk,2006,NVQ,493800.0000,106200.0000,195200.0000,297800.0000,196000.0000,21.5067,39.5302,60.3078,39.6922,
TLH6,Suffolk,2006,NVQ,417900.0000,93900.0000,159500.0000,252900.0000,165000.0000,22.4695,38.1670,60.5169,39.4831,
TLI3,Inner London - West,2006,NVQ,768400.0000,376000.0000,461800.0000,520400.0000,248000.0000,48.9328,60.0989,67.7251,32.2749,
TLI4,Inner London - East,2006,NVQ,1330700.0000,461200.0000,608000.0000,762200.0000,568500.0000,34.6585,45.6902,57.2781,42.7219,
TLI5,Outer London - East and North East,2006,NVQ,1030000.0000,273500.0000,422800.0000,586000.0000,444000.0000,26.5534,41.0485,56.8932,43.1068,
TLI6,Outer London - South,2006,NVQ,758000.0000,264500.0000,390500.0000,512100.0000,245900.0000,34.8945,51.5172,67.5594,32.4406,
TLI7,Outer London - West and North West,2006,NVQ,1193600.0000,403700.0000,565200.0000,722100.0000,471500.0000,33.8221,47.3525,60.4977,39.5023,
TLJ1,"Berkshire, Buckinghamshire and Oxfordshire",2006,NVQ,1389400.0000,461800.0000,710500.0000,944300.0000,445100.0000,33.2374,51.1372,67.9646,32.0354,
TLJ2,"Surrey, East and West Sussex",2006,NVQ,1592700.0000,524200.0000,833700.0000,1121900.0000,470800.0000,32.9127,52.3451,70.4401,29.5599,
TLJ3,Hampshire and Isle of Wight,2006,NVQ,1140700.0000,328000.0000,548300.0000,767800.0000,372900.0000,28.7543,48.0670,67.3095,32.6905,
TLJ4,Kent,2006,NVQ,999500.0000,243300.0000,427100.0000,630800.0000,368700.0000,24.3422,42.7314,63.1116,36.8884,
TLK3,Cornwall and Isles of Scilly,2006,NVQ,305700.0000,76000.0000,146200.0000,208700.0000,97000.0000,24.8610,47.8247,68.2695,31.7305,
TLK4,Devon,2006,NVQ,659500.0000,158000.0000,296500.0000,434200.0000,225300.0000,23.9575,44.9583,65.8378,34.1622,
TLK5,West of England,2006,NVQ,541800.0000,178400.0000,270400.0000,366300.0000,175500.0000,32.9273,49.9077,67.6080,32.3920,
TLK6,"North Somerset, Somerset and Dorset",2006,NVQ,836000.0000,225800.0000,389900.0000,563400.0000,272600.0000,27.0096,46.6388,67.3923,32.6077,
TLK7,Gloucestershire and Wiltshire,2006,NVQ,750700.0000,208000.0000,355500.0000,498500.0000,252200.0000,27.7075,47.3558,66.4047,33.5953,
TLL3,North Wales,2006,NVQ,404900.0000,99000.0000,171400.0000,260600.0000,144300.0000,24.4505,42.3314,64.3616,35.6384,
TLL4,Mid and South West Wales,2006,NVQ,524200.0000,126700.0000,229900.0000,332600.0000,191600.0000,24.1702,43.8573,63.4491,36.5509,
TLL5,South East Wales,2006,NVQ,891600.0000,218100.0000,377400.0000,548200.0000,343400.0000,24.4616,42.3284,61.4850,38.5150,
TLM0,Eastern Scotland,2006,NVQ,548400.0000,183500.0000,286500.0000,387900.0000,160500.0000,33.4610,52.2429,70.7330,29.2670,
TLM1,East Central Scotland,2006,NVQ,610500.0000,221600.0000,340200.0000,440400.0000,170100.0000,36.2981,55.7248,72.1376,27.8624,
TLM2,Highlands and Islands,2006,NVQ,287300.0000,78600.0000,138200.0000,195700.0000,91600.0000,27.3582,48.1030,68.1170,31.8830,
TLM3,West Central Scotland,2006,NVQ,916100.0000,288600.0000,456300.0000,598100.0000,318000.0000,31.5031,49.8090,65.2876,34.7124,
TLM5,North Eastern Scotland,2006,NVQ,291600.0000,97000.0000,152200.0000,210600.0000,81000.0000,33.2647,52.1948,72.2222,27.7778,
TLM9,Southern Scotland,2006,NVQ,573100.0000,166900.0000,276600.0000,382600.0000,190500.0000,29.1223,48.2638,66.7597,33.2403,
TLN0,Northern Ireland,2006,NVQ,1082800.0000,251800.0000,443200.0000,676500.0000,406300.0000,23.2545,40.9309,62.4769,37.5231,
TLC3,Tees Valley,2007,NVQ,404600.0000,90400.0000,176300.0000,260700.0000,143900.0000,22.3431,43.5739,64.4340,35.5660,
TLC4,"Northumberland, Durham and Tyne & Wear",2007,NVQ,1190200.0000,297800.0000,529100.0000,780400.0000,409800.0000,25.0210,44.4547,65.5688,34.4312,
TLD1,Cumbria,2007,NVQ,302500.0000,77100.0000,136500.0000,205100.0000,97400.0000,25.4876,45.1240,67.8017,32.1983,
TLD3,Greater Manchester,2007,NVQ,1647000.0000,418200.0000,721800.0000,1031600.0000,615400.0000,25.3916,43.8251,62.6351,37.3649,
TLD4,Lancashire,2007,NVQ,885400.0000,217000.0000,396400.0000,568800.0000,316600.0000,24.5087,44.7707,64.2422,35.7578,
TLD6,Cheshire,2007,NVQ,551800.0000,182600.0000,274200.0000,379200.0000,172600.0000,33.0917,49.6919,68.7206,31.2794,
TLD7,Merseyside,2007,NVQ,928200.0000,201400.0000,365200.0000,564200.0000,364000.0000,21.6979,39.3450,60.7843,39.2157,
TLE1,East Yorkshire and Northern Lincolnshire,2007,NVQ,560900.0000,113000.0000,223100.0000,336500.0000,224400.0000,20.1462,39.7754,59.9929,40.0071,
TLE2,North Yorkshire,2007,NVQ,469000.0000,143400.0000,232300.0000,320900.0000,148100.0000,30.5757,49.5309,68.4222,31.5778,
TLE3,South Yorkshire,2007,NVQ,815000.0000,182000.0000,319100.0000,475900.0000,339100.0000,22.3313,39.1534,58.3926,41.6074,
TLE4,West Yorkshire,2007,NVQ,1370100.0000,329000.0000,578000.0000,825600.0000,544500.0000,24.0128,42.1867,60.2584,39.7416,
TLF1,Derbyshire and Nottinghamshire,2007,NVQ,1282600.0000,329600.0000,568200.0000,803900.0000,478700.0000,25.6978,44.3006,62.6774,37.3226,
TLF2,"Leicestershire, Rutland and Northamptonshire",2007,NVQ,1044300.0000,273600.0000,455400.0000,644700.0000,399600.0000,26.1994,43.6082,61.7351,38.2649,
TLF3,Lincolnshire,2007,NVQ,413500.0000,96500.0000,176000.0000,253200.0000,160300.0000,23.3374,42.5635,61.2334,38.7666,
TLG1,"Herefordshire, Worcestershire and Warwickshire",2007,NVQ,780600.0000,228100.0000,380600.0000,534200.0000,246400.0000,29.2211,48.7574,68.4345,31.5655,
TLG2,Shropshire and Staffordshire,2007,NVQ,946200.0000,238200.0000,399500.0000,588400.0000,357800.0000,25.1744,42.2215,62.1856,37.8144,
TLG3,West Midlands,2007,NVQ,1628700.0000,359200.0000,621300.0000,918900.0000,709800.0000,22.0544,38.1470,56.4192,43.5808,
TLH2,Bedfordshire and Hertfordshire,2007,NVQ,1041200.0000,315200.0000,499900.0000,688300.0000,352900.0000,30.2728,48.0119,66.1064,33.8936,
TLH3,Essex,2007,NVQ,1029800.0000,228300.0000,391500.0000,599800.0000,430000.0000,22.1694,38.0171,58.2443,41.7557,
TLH4,Cambridgeshire and Peterborough,2007,NVQ,482600.0000,153100.0000,229800.0000,309300.0000,173300.0000,31.7240,47.6171,64.0903,35.9097,
TLH5,Norfolk,2007,NVQ,492800.0000,109700.0000,202300.0000,293700.0000,199100.0000,22.2606,41.0511,59.5982,40.4018,
TLH6,Suffolk,2007,NVQ,420800.0000,95200.0000,172400.0000,255900.0000,164900.0000,22.6236,40.9696,60.8127,39.1873,
TLI3,Inner London - West,2007,NVQ,770600.0000,407600.0000,498500.0000,563400.0000,207200.0000,52.8938,64.6899,73.1119,26.8881,
TLI4,Inner London - East,2007,NVQ,1367100.0000,514000.0000,678700.0000,831400.0000,535700.0000,37.5978,49.6452,60.8149,39.1851,
TLI5,Outer London - East and North East,2007,NVQ,1046100.0000,282600.0000,441100.0000,600200.0000,445900.0000,27.0146,42.1661,57.3750,42.6250,
TLI6,Outer London - South,2007,NVQ,762900.0000,276400.0000,398100.0000,522100.0000,240800.0000,36.2302,52.1825,68.4362,31.5638,
TLI7,Outer London - West and North West,2007,NVQ,1210700.0000,431600.0000,581900.0000,726800.0000,483900.0000,35.6488,48.0631,60.0314,39.9686,
TLJ1,"Berkshire, Buckinghamshire and Oxfordshire",2007,NVQ,1398100.0000,466200.0000,708900.0000,948100.0000,450000.0000,33.3453,50.7045,67.8135,32.1865,
TLJ2,"Surrey, East and West Sussex",2007,NVQ,1609500.0000,543900.0000,843300.0000,1136300.0000,473200.0000,33.7931,52.3952,70.5996,29.4004,
TLJ3,Hampshire and Isle of Wight,2007,NVQ,1145200.0000,325400.0000,553800.0000,782300.0000,362900.0000,28.4143,48.3584,68.3112,31.6888,
TLJ4,Kent,2007,NVQ,1010300.0000,254200.0000,443200.0000,638200.0000,372100.0000,25.1608,43.8682,63.1694,36.8306,
TLK3,Cornwall and Isles of Scilly,2007,NVQ,309800.0000,84800.0000,148600.0000,209100.0000,100700.0000,27.3725,47.9664,67.4952,32.5048,
TLK4,Devon,2007,NVQ,665300.0000,177200.0000,321500.0000,449200.0000,216100.0000,26.6346,48.3241,67.5184,32.4816,
TLK5,West of England,2007,NVQ,544800.0000,178100.0000,276500.0000,371200.0000,173600.0000,32.6909,50.7526,68.1351,31.8649,
TLK6,"North Somerset, Somerset and Dorset",2007,NVQ,847800.0000,240600.0000,410000.0000,573900.0000,273900.0000,28.3793,48.3605,67.6929,32.3071,
TLK7,Gloucestershire and Wiltshire,2007,NVQ,758100.0000,229000.0000,376500.0000,518200.0000,239900.0000,30.2071,49.6636,68.3551,31.6449,
TLL3,North Wales,2007,NVQ,407000.0000,98100.0000,172300.0000,262700.0000,144300.0000,24.1032,42.3342,64.5455,35.4545,
TLL4,Mid and South West Wales,2007,NVQ,528300.0000,134400.0000,236600.0000,338900.0000,189400.0000,25.4401,44.7852,64.1492,35.8508,
TLL5,South East Wales,2007,NVQ,899800.0000,235300.0000,392600.0000,563300.0000,336500.0000,26.1503,43.6319,62.6028,37.3972,
TLM0,Eastern Scotland,2007,NVQ,550600.0000,187000.0000,291100.0000,388500.0000,162100.0000,33.9629,52.8696,70.5594,29.4406,
TLM1,East Central Scotland,2007,NVQ,616700.0000,225200.0000,335200.0000,440100.0000,176600.0000,36.5169,54.3538,71.3637,28.6363,
TLM2,Highlands and Islands,2007,NVQ,288200.0000,88800.0000,145600.0000,204400.0000,83800.0000,30.8119,50.5205,70.9230,29.0770,
TLM3,West Central Scotland,2007,NVQ,920100.0000,297300.0000,460200.0000,599300.0000,320800.0000,32.3117,50.0163,65.1342,34.8658,
TLM5,North Eastern Scotland,2007,NVQ,295900.0000,105100.0000,159200.0000,212300.0000,83600.0000,35.5188,53.8020,71.7472,28.2528,
TLM9,Southern Scotland,2007,NVQ,575300.0000,168900.0000,280000.0000,383600.0000,191700.0000,29.3586,48.6703,66.6783,33.3217,
TLN0,Northern Ireland,2007,NVQ,1098200.0000,274900.0000,471900.0000,698700.0000,399500.0000,25.0319,42.9703,63.6223,36.3777,
TLC3,Tees Valley,2008,NVQ,419700.0000,95000.0000,180800.0000,268700.0000,151000.0000,22.6352,43.0784,64.0219,35.9781,
TLC4,"Northumberland, Durham and Tyne & Wear",2008,NVQ,1237600.0000,294800.0000,531400.0000,791900.0000,445700.0000,23.8203,42.9379,63.9867,36.0133,
TLD1,Cumbria,2008,NVQ,313500.0000,75200.0000,130400.0000,202400.0000,111100.0000,23.9872,41.5949,64.5614,35.4386,
TLD3,Greater Manchester,2008,NVQ,1712200.0000,425100.0000,738000.0000,1056200.0000,656000.0000,24.8277,43.1024,61.6867,38.3133,
TLD4,Lancashire,2008,NVQ,917300.0000,222800.0000,398100.0000,570300.0000,347000.0000,24.2887,43.3991,62.1716,37.8284,
TLD6,Cheshire,2008,NVQ,571800.0000,186400.0000,279600.0000,390000.0000,181800.0000,32.5988,48.8982,68.2057,31.7943,
TLD7,Merseyside,2008,NVQ,959500.0000,223700.0000,389600.0000,593300.0000,366200.0000,23.3142,40.6045,61.8343,38.1657,
TLE1,East Yorkshire and Northern Lincolnshire,2008,NVQ,581700.0000,119500.0000,233000.0000,350000.0000,231700.0000,20.5432,40.0550,60.1685,39.8315,
TLE2,North Yorkshire,2008,NVQ,492600.0000,157700.0000,253300.0000,346200.0000,146400.0000,32.0138,51.4210,70.2801,29.7199,
TLE3,South Yorkshire,2008,NVQ,849800.0000,206000.0000,351500.0000,506600.0000,343200.0000,24.2410,41.3627,59.6140,40.3860,
TLE4,West Yorkshire,2008,NVQ,1418600.0000,347800.0000,606200.0000,855100.0000,563500.0000,24.5171,42.7323,60.2777,39.7223,
TLF1,Derbyshire and Nottinghamshire,2008,NVQ,1334800.0000,344000.0000,576000.0000,817800.0000,517000.0000,25.7717,43.1525,61.2676,38.7324,
TLF2,"Leicestershire, Rutland and Northamptonshire",2008,NVQ,1083200.0000,276900.0000,458700.0000,658400.0000,424800.0000,25.5631,42.3468,60.7829,39.2171,
TLF3,Lincolnshire,2008,NVQ,434900.0000,91000.0000,172600.0000,256800.0000,178100.0000,20.9244,39.6873,59.0481,40.9519,
TLG1,"Herefordshire, Worcestershire and Warwickshire",2008,NVQ,812500.0000,234300.0000,384500.0000,542900.0000,269600.0000,28.8369,47.3231,66.8185,33.1815,
TLG2,Shropshire and Staffordshire,2008,NVQ,986200.0000,236500.0000,417200.0000,613800.0000,372400.0000,23.9809,42.3038,62.2389,37.7611,
TLG3,West Midlands,2008,NVQ,1689000.0000,376000.0000,645700.0000,949700.0000,739300.0000,22.2617,38.2297,56.2285,43.7715,
TLH2,Bedfordshire and Hertfordshire,2008,NVQ,1080200.0000,316000.0000,503000.0000,700100.0000,380100.0000,29.2538,46.5655,64.8121,35.1879,
TLH3,Essex,2008,NVQ,1072800.0000,240200.0000,417500.0000,637400.0000,435400.0000,22.3900,38.9169,59.4146,40.5854,
TLH4,Cambridgeshire and Peterborough,2008,NVQ,505500.0000,169900.0000,240100.0000,324000.0000,181500.0000,33.6103,47.4975,64.0950,35.9050,
TLH5,Norfolk,2008,NVQ,516600.0000,108100.0000,199900.0000,302500.0000,214100.0000,20.9253,38.6953,58.5559,41.4441,
TLH6,Suffolk,2008,NVQ,438700.0000,93600.0000,172100.0000,253500.0000,185200.0000,21.3358,39.2295,57.7844,42.2156,
TLI3,Inner London - West,2008,NVQ,778900.0000,411100.0000,489100.0000,550300.0000,228600.0000,52.7796,62.7937,70.6509,29.3491,E09000001
TLI4,Inner London - East,2008,NVQ,1426700.0000,567700.0000,726500.0000,873000.0000,553700.0000,39.7911,50.9217,61.1902,38.8098,
TLI5,Outer London - East and North East,2008,NVQ,1090000.0000,315900.0000,472500.0000,640900.0000,449100.0000,28.9817,43.3486,58.7982,41.2018,
TLI6,Outer London - South,2008,NVQ,788100.0000,277700.0000,408400.0000,536300.0000,251800.0000,35.2366,51.8208,68.0497,31.9503,
TLI7,Outer London - West and North West,2008,NVQ,1254800.0000,449000.0000,613900.0000,765600.0000,489200.0000,35.7826,48.9241,61.0137,38.9863,
TLJ1,"Berkshire, Buckinghamshire and Oxfordshire",2008,NVQ,1440900.0000,490400.0000,750200.0000,978400.0000,462500.0000,34.0343,52.0647,67.9020,32.0980,
TLJ2,"Surrey, East and West Sussex",2008,NVQ,1674600.0000,571800.0000,882900.0000,1175900.0000,498700.0000,34.1455,52.7230,70.2198,29.7802,
TLJ3,Hampshire and Isle of Wight,2008,NVQ,1184600.0000,342700.0000,568000.0000,803500.0000,381100.0000,28.9296,47.9487,67.8288,32.1712,
TLJ4,Kent,2008,NVQ,1055200.0000,259800.0000,467600.0000,671100.0000,384100.0000,24.6209,44.3139,63.5993,36.4007,
TLK3,Cornwall and Isles of Scilly,2008,NVQ,324500.0000,83000.0000,151000.0000,211700.0000,112800.0000,25.5778,46.5331,65.2388,34.7612,
TLK4,Devon,2008,NVQ,691000.0000,175600.0000,321800.0000,448800.0000,242200.0000,25.4124,46.5702,64.9493,35.0507,
TLK5,West of England,2008,NVQ,561900.0000,178200.0000,280500.0000,376900.0000,185000.0000,31.7138,49.9199,67.0760,32.9240,
TLK6,"North Somerset, Somerset and Dorset",2008,NVQ,883000.0000,242800.0000,426400.0000,601800.0000,281200.0000,27.4972,48.2899,68.1540,31.8460,
TLK7,Gloucestershire and Wiltshire,2008,NVQ,789500.0000,230100.0000,372800.0000,539900.0000,249600.0000,29.1450,47.2198,68.3851,31.6149,
TLL3,North Wales,2008,NVQ,424500.0000,103000.0000,185100.0000,278700.0000,145800.0000,24.2638,43.6042,65.6537,34.3463,
TLL4,Mid and South West Wales,2008,NVQ,552600.0000,145600.0000,246900.0000,353500.0000,199100.0000,26.3482,44.6797,63.9703,36.0297,
TLL5,South East Wales,2008,NVQ,938600.0000,253700.0000,420400.0000,595300.0000,343300.0000,27.0296,44.7901,63.4242,36.5758,
TLM0,Eastern Scotland,2008,NVQ,572000.0000,192100.0000,305900.0000,403800.0000,168200.0000,33.5839,53.4790,70.5944,29.4056,
TLM1,East Central Scotland,2008,NVQ,644300.0000,236400.0000,355000.0000,463700.0000,180600.0000,36.6910,55.0986,71.9696,28.0304,
TLM2,Highlands and Islands,2008,NVQ,299200.0000,94400.0000,150600.0000,213000.0000,86200.0000,31.5508,50.3342,71.1898,28.8102,
TLM3,West Central Scotland,2008,NVQ,954500.0000,305600.0000,482400.0000,624900.0000,329600.0000,32.0168,50.5395,65.4688,34.5312,
TLM5,North Eastern Scotland,2008,NVQ,305300.0000,111900.0000,169200.0000,222900.0000,82400.0000,36.6525,55.4209,73.0102,26.9898,
TLM9,Southern Scotland,2008,NVQ,602000.0000,175000.0000,281300.0000,394400.0000,207600.0000,29.0698,46.7276,65.5150,34.4850,
TLN0,Northern Ireland,2008,NVQ,1142400.0000,292900.0000,493500.0000,710900.0000,431500.0000,25.6390,43.1985,62.2286,37.7714,
TLC3,Tees Valley,2009,NVQ,419900.0000,97600.0000,179600.0000,268400.0000,151500.0000,23.2436,42.7721,63.9200,36.0800,
TLC4,"Northumberland, Durham and Tyne & Wear",2009,NVQ,1241000.0000,300200.0000,529100.0000,783300.0000,457700.0000,24.1902,42.6350,63.1185,36.8815,
TLD1,Cumbria,2009,NVQ,311700.0000,80300.0000,138900.0000,199300.0000,112400.0000,25.7620,44.5621,63.9397,36.0603,
TLD3,Greater Manchester,2009,NVQ,1724000.0000,461400.0000,770300.0000,1089900.0000,634100.0000,26.7633,44.6810,63.2193,36.7807,
TLD4,Lancashire,2009,NVQ,916700.0000,239800.0000,410000.0000,597100.0000,319600.0000,26.1590,44.7256,65.1358,34.8642,
TLD6,Cheshire,2009,NVQ,571700.0000,191400.0000,293500.0000,394300.0000,177400.0000,33.4791,51.3381,68.9697,31.0303,
TLD7,Merseyside,2009,NVQ,964200.0000,242300.0000,398500.0000,614300.0000,349900.0000,25.1296,41.3296,63.7108,36.2892,
TLE1,East Yorkshire and Northern Lincolnshire,2009,NVQ,581400.0000,133800.0000,237800.0000,357500.0000,223900.0000,23.0134,40.9013,61.4895,38.5105,
TLE2,North Yorkshire,2009,NVQ,492200.0000,168800.0000,256100.0000,346300.0000,145900.0000,34.2950,52.0317,70.3576,29.6424,
TLE3,South Yorkshire,2009,NVQ,853800.0000,208400.0000,362400.0000,531900.0000,321900.0000,24.4085,42.4455,62.2980,37.7020,
TLE4,West Yorkshire,2009,NVQ,1424400.0000,378400.0000,642300.0000,884800.0000,539600.0000,26.5656,45.0927,62.1174,37.8826,
TLF1,Derbyshire and Nottinghamshire,2009,NVQ,1341200.0000,354300.0000,614800.0000,858300.0000,482900.0000,26.4166,45.8395,63.9949,36.0051,
TLF2,"Leicestershire, Rutland and Northamptonshire",2009,NVQ,1087400.0000,280600.0000,481000.0000,689400.0000,398000.0000,25.8047,44.2340,63.3989,36.6011,
TLF3,Lincolnshire,2009,NVQ,436400.0000,100800.0000,184300.0000,275500.0000,160900.0000,23.0981,42.2319,63.1302,36.8698,
TLG1,"Herefordshire, Worcestershire and Warwickshire",2009,NVQ,811800.0000,240200.0000,379200.0000,532400.0000,279400.0000,29.5886,46.7110,65.5827,34.4173,
TLG2,Shropshire and Staffordshire,2009,NVQ,985100.0000,239500.0000,415900.0000,621300.0000,363800.0000,24.3123,42.2191,63.0697,36.9303,
TLG3,West Midlands,2009,NVQ,1697300.0000,385800.0000,667700.0000,974300.0000,723000.0000,22.7302,39.3390,57.4029,42.5971,
TLH2,Bedfordshire and Hertfordshire,2009,NVQ,1088600.0000,345000.0000,542800.0000,725500.0000,363100.0000,31.6921,49.8622,66.6452,33.3548,
TLH3,Essex,2009,NVQ,1076000.0000,247900.0000,433000.0000,668900.0000,407100.0000,23.0390,40.2416,62.1654,37.8346,
TLH4,Cambridgeshire and Peterborough,2009,NVQ,509400.0000,168100.0000,246200.0000,332700.0000,176700.0000,32.9996,48.3314,65.3121,34.6879,
TLH5,Norfolk,2009,NVQ,517200.0000,122600.0000,216100.0000,326000.0000,191200.0000,23.7046,41.7827,63.0317,36.9683,
TLH6,Suffolk,2009,NVQ,439400.0000,107300.0000,186000.0000,274000.0000,165400.0000,24.4197,42.3305,62.3578,37.6422,
TLI3,Inner London - West,2009,NVQ,784700.0000,429100.0000,506200.0000,569900.0000,214800.0000,54.6833,64.5087,72.6265,27.3735,
TLI4,Inner London - East,2009,NVQ,1469400.0000,614200.0000,768800.0000,929800.0000,539600.0000,41.7994,52.3207,63.2775,36.7225,
TLI5,Outer London - East and North East,2009,NVQ,1110600.0000,315700.0000,482900.0000,648100.0000,462500.0000,28.4261,43.4810,58.3558,41.6442,
TLI6,Outer London - South,2009,NVQ,795000.0000,292400.0000,421100.0000,542300.0000,252700.0000,36.7799,52.9686,68.2138,31.7862,
TLI7,Outer London - West and North West,2009,NVQ,1276200.0000,479400.0000,647800.0000,804500.0000,471700.0000,37.5646,50.7601,63.0387,36.9613,
TLJ1,"Berkshire, Buckinghamshire and Oxfordshire",2009,NVQ,1446600.0000,514900.0000,766000.0000,1003200.0000,443400.0000,35.5938,52.9517,69.3488,30.6512,
TLJ2,"Surrey, East and West Sussex",2009,NVQ,1682400.0000,596600.0000,894600.0000,1204700.0000,477700.0000,35.4612,53.1740,71.6060,28.3940,
TLJ3,Hampshire and Isle of Wight,2009,NVQ,1189500.0000,357800.0000,577500.0000,807600.0000,381900.0000,30.0799,48.5498,67.8941,32.1059,
TLJ4,Kent,2009,NVQ,1063200.0000,289100.0000,490400.0000,697500.0000,365700.0000,27.1915,46.1249,65.6038,34.3962,
TLK3,Cornwall and Isles of Scilly,2009,NVQ,323500.0000,78700.0000,142700.0000,212300.0000,111200.0000,24.3277,44.1113,65.6260,34.3740,
TLK4,Devon,2009,NVQ,690700.0000,192400.0000,340000.0000,479300.0000,211400.0000,27.8558,49.2254,69.3934,30.6066,
TLK5,West of England,2009,NVQ,563200.0000,185100.0000,285600.0000,386700.0000,176500.0000,32.8658,50.7102,68.6612,31.3388,
TLK6,"North Somerset, Somerset and Dorset",2009,NVQ,882800.0000,246100.0000,425200.0000,608200.0000,274600.0000,27.8772,48.1649,68.8944,31.1056,
TLK7,Gloucestershire and Wiltshire,2009,NVQ,793100.0000,249900.0000,399600.0000,553400.0000,239700.0000,31.5093,50.3846,69.7768,30.2232,
TLL3,North Wales,2009,NVQ,424400.0000,114300.0000,193300.0000,286000.0000,138400.0000,26.9321,45.5467,67.3893,32.6107,
TLL4,Mid and South West Wales,2009,NVQ,552800.0000,143300.0000,247400.0000,352400.0000,200400.0000,25.9226,44.7540,63.7482,36.2518,
TLL5,South East Wales,2009,NVQ,944100.0000,269400.0000,434200.0000,604800.0000,339300.0000,28.5351,45.9909,64.0610,35.9390,
TLM0,Eastern Scotland,2009,NVQ,574500.0000,201000.0000,304300.0000,406700.0000,167800.0000,34.9869,52.9678,70.7920,29.2080,
TLM1,East Central Scotland,2009,NVQ,647200.0000,238300.0000,353700.0000,459800.0000,187400.0000,36.8201,54.6508,71.0445,28.9555,
TLM2,Highlands and Islands,2009,NVQ,299700.0000,98300.0000,156300.0000,220600.0000,79100.0000,32.7995,52.1522,73.6069,26.3931,
TLM3,West Central Scotland,2009,NVQ,961400.0000,315400.0000,494700.0000,644400.0000,317000.0000,32.8063,51.4562,67.0273,32.9727,
TLM5,North Eastern Scotland,2009,NVQ,309700.0000,114500.0000,171600.0000,226100.0000,83600.0000,36.9713,55.4085,73.0061,26.9939,
TLM9,Southern Scotland,2009,NVQ,600800.0000,179600.0000,284400.0000,396300.0000,204500.0000,29.8935,47.3369,65.9621,34.0379,
TLN0,Northern Ireland,2009,NVQ,1150100.0000,292500.0000,502700.0000,714900.0000,435200.0000,25.4326,43.7092,62.1598,37.8402,
TLC3,Tees Valley,2010,NVQ,419800.0000,105300.0000,189100.0000,277900.0000,141900.0000,25.0834,45.0453,66.1982,33.8018,
TLC4,"Northumberland, Durham and Tyne & Wear",2010,NVQ,1246900.0000,320400.0000,563700.0000,822300.0000,424600.0000,25.6957,45.2081,65.9475,34.0525,
TLD1,Cumbria,2010,NVQ,310400.0000,96000.0000,152300.0000,208000.0000,102400.0000,30.9278,49.0657,67.0103,32.9897,
TLD3,Greater Manchester,2010,NVQ,1736600.0000,488400.0000,807600.0000,1124700.0000,611900.0000,28.1239,46.5047,64.7645,35.2355,
TLD4,Lancashire,2010,NVQ,917000.0000,271600.0000,441400.0000,624600.0000,292400.0000,29.6183,48.1352,68.1134,31.8866,
TLD6,Cheshire,2010,NVQ,570900.0000,203100.0000,309700.0000,417300.0000,153600.0000,35.5754,54.2477,73.0951,26.9049,
TLD7,Merseyside,2010,NVQ,968800.0000,233500.0000,424400.0000,632300.0000,336500.0000,24.1020,43.8068,65.2663,34.7337,
TLE1,East Yorkshire and Northern Lincolnshire,2010,NVQ,581200.0000,142400.0000,253000.0000,369500.0000,211700.0000,24.5010,43.5306,63.5754,36.4246,
TLE2,North Yorkshire,2010,NVQ,494100.0000,167000.0000,263300.0000,348200.0000,145900.0000,33.7988,53.2888,70.4716,29.5284,
TLE3,South Yorkshire,2010,NVQ,856500.0000,218600.0000,378000.0000,548300.0000,308200.0000,25.5225,44.1331,64.0163,35.9837,
TLE4,West Yorkshire,2010,NVQ,1432300.0000,362600.0000,624000.0000,889100.0000,543200.0000,25.3159,43.5663,62.0750,37.9250,
TLF1,Derbyshire and Nottinghamshire,2010,NVQ,1348300.0000,379800.0000,632800.0000,891900.0000,456400.0000,28.1688,46.9332,66.1500,33.8500,
TLF2,"Leicestershire, Rutland and Northamptonshire",2010,NVQ,1093000.0000,290300.0000,503200.0000,714000.0000,379000.0000,26.5599,46.0384,65.3248,34.6752,
TLF3,Lincolnshire,2010,NVQ,439200.0000,111200.0000,205700.0000,289900.0000,149300.0000,25.3188,46.8352,66.0064,33.9936,
TLG1,"Herefordshire, Worcestershire and Warwickshire",2010,NVQ,809300.0000,242400.0000,381400.0000,537600.0000,271700.0000,29.9518,47.1271,66.4278,33.5722,
TLG2,Shropshire and Staffordshire,2010,NVQ,986200.0000,263300.0000,441400.0000,642800.0000,343400.0000,26.6984,44.7577,65.1795,34.8205,
TLG3,West Midlands,2010,NVQ,1713900.0000,405000.0000,704100.0000,1010600.0000,703300.0000,23.6303,41.0817,58.9649,41.0351,
TLH2,Bedfordshire and Hertfordshire,2010,NVQ,1100300.0000,372600.0000,562900.0000,761900.0000,338400.0000,33.8635,51.1588,69.2448,30.7552,
TLH3,Essex,2010,NVQ,1081600.0000,243500.0000,439400.0000,681100.0000,400500.0000,22.5129,40.6250,62.9715,37.0285,
TLH4,Cambridgeshire and Peterborough,2010,NVQ,516600.0000,170700.0000,252100.0000,344100.0000,172500.0000,33.0430,48.7998,66.6086,33.3914,
TLH5,Norfolk,2010,NVQ,519600.0000,133600.0000,225600.0000,329200.0000,190400.0000,25.7121,43.4180,63.3564,36.6436,
TLH6,Suffolk,2010,NVQ,440800.0000,119500.0000,202700.0000,291400.0000,149400.0000,27.1098,45.9846,66.1071,33.8929,
TLI3,Inner London - West,2010,NVQ,782600.0000,442500.0000,518400.0000,586100.0000,196500.0000,56.5423,66.2407,74.8914,25.1086,
TLI4,Inner London - East,2010,NVQ,1506200.0000,666800.0000,842100.0000,997800.0000,508400.0000,44.2703,55.9089,66.2462,33.7538,
TLI5,Outer London - East and North East,2010,NVQ,1131800.0000,339800.0000,513400.0000,699900.0000,431900.0000,30.0230,45.3614,61.8395,38.1605,
TLI6,Outer London - South,2010,NVQ,800100.0000,335200.0000,459600.0000,585300.0000,214800.0000,41.8948,57.4428,73.1534,26.8466,
TLI7,Outer London - West and North West,2010,NVQ,1296300.0000,487800.0000,659300.0000,818700.0000,477600.0000,37.6302,50.8601,63.1567,36.8433,
TLJ1,"Berkshire, Buckinghamshire and Oxfordshire",2010,NVQ,1456300.0000,553700.0000,818900.0000,1052600.0000,403700.0000,38.0210,56.2315,72.2791,27.7209,
TLJ2,"Surrey, East and West Sussex",2010,NVQ,1694300.0000,613400.0000,906300.0000,1225600.0000,468700.0000,36.2037,53.4911,72.3367,27.6633,
TLJ3,Hampshire and Isle of Wight,2010,NVQ,1197200.0000,364900.0000,595500.0000,836300.0000,360900.0000,30.4795,49.7411,69.8547,30.1453,
TLJ4,Kent,2010,NVQ,1072800.0000,309400.0000,503900.0000,723600.0000,349200.0000,28.8404,46.9705,67.4497,32.5503,
TLK3,Cornwall and Isles of Scilly,2010,NVQ,323400.0000,86400.0000,152800.0000,221600.0000,101800.0000,26.7161,47.2480,68.5220,31.4780,
TLK4,Devon,2010,NVQ,692900.0000,212100.0000,352000.0000,496800.0000,196100.0000,30.6105,50.8010,71.6987,28.3013,
TLK5,West of England,2010,NVQ,566300.0000,194200.0000,298400.0000,401400.0000,164900.0000,34.2928,52.6929,70.8812,29.1188,
TLK6,"North Somerset, Somerset and Dorset",2010,NVQ,886800.0000,267000.0000,447300.0000,630700.0000,256100.0000,30.1083,50.4398,71.1209,28.8791,
TLK7,Gloucestershire and Wiltshire,2010,NVQ,797100.0000,271900.0000,417800.0000,571500.0000,225600.0000,34.1112,52.4150,71.6974,28.3026,
TLL3,North Wales,2010,NVQ,422600.0000,118600.0000,198800.0000,292300.0000,130300.0000,28.0644,47.0421,69.1671,30.8329,
TLL4,Mid and South West Wales,2010,NVQ,554300.0000,154300.0000,261900.0000,368700.0000,185600.0000,27.8369,47.2488,66.5163,33.4837,
TLL5,South East Wales,2010,NVQ,947400.0000,273800.0000,434800.0000,617500.0000,329900.0000,28.9001,45.8940,65.1784,34.8216,
TLM0,Eastern Scotland,2010,NVQ,575600.0000,207300.0000,316700.0000,415600.0000,160000.0000,36.0146,55.0208,72.2029,27.7971,
TLM1,East Central Scotland,2010,NVQ,653600.0000,252100.0000,365300.0000,475800.0000,177800.0000,38.5710,55.8905,72.7968,27.2032,
TLM2,Highlands and Islands,2010,NVQ,300300.0000,100300.0000,158500.0000,226200.0000,74100.0000,33.3999,52.7806,75.3247,24.6753,
TLM3,West Central Scotland,2010,NVQ,966500.0000,315300.0000,494400.0000,640100.0000,326400.0000,32.6229,51.1536,66.2287,33.7713,
TLM5,North Eastern Scotland,2010,NVQ,313700.0000,126400.0000,179800.0000,231500.0000,82200.0000,40.2933,57.3159,73.7966,26.2034,
TLM9,Southern Scotland,2010,NVQ,601200.0000,186700.0000,295500.0000,406900.0000,194300.0000,31.0546,49.1517,67.6813,32.3187,
TLN0,Northern Ireland,2010,NVQ,1155300.0000,311700.0000,515300.0000,745400.0000,409900.0000,26.9800,44.6031,64.5200,35.4800,
TLC3,Tees Valley,2011,NVQ,418300.0000,100200.0000,183900.0000,279400.0000,138900.0000,23.9541,43.9637,66.7942,33.2058,
TLC4,"Northumberland, Durham and Tyne & Wear",2011,NVQ,1237000.0000,336500.0000,582600.0000,854300.0000,382700.0000,27.2029,47.0978,69.0622,30.9378,
TLD1,Cumbria,2011,NVQ,306600.0000,81100.0000,140800.0000,206000.0000,100600.0000,26.4514,45.9230,67.1885,32.8115,
TLD3,Greater Manchester,2011,NVQ,1731800.0000,514700.0000,838800.0000,1172500.0000,559300.0000,29.7205,48.4352,67.7041,32.2959,
TLD4,Lancashire,2011,NVQ,910000.0000,250500.0000,434100.0000,620700.0000,289300.0000,27.5275,47.7033,68.2088,31.7912,
TLD6,Cheshire,2011,NVQ,563900.0000,204600.0000,300400.0000,411600.0000,152300.0000,36.2830,53.2719,72.9917,27.0083,
TLD7,Merseyside,2011,NVQ,966000.0000,240400.0000,430600.0000,640800.0000,325200.0000,24.8861,44.5756,66.3354,33.6646,
TLE1,East Yorkshire and Northern Lincolnshire,2011,NVQ,576700.0000,141400.0000,248300.0000,377000.0000,199700.0000,24.5188,43.0553,65.3719,34.6281,
TLE2,North Yorkshire,2011,NVQ,490500.0000,174400.0000,258300.0000,359700.0000,130800.0000,35.5556,52.6606,73.3333,26.6667,
TLE3,South Yorkshire,2011,NVQ,857400.0000,217500.0000,379700.0000,556200.0000,301200.0000,25.3674,44.2850,64.8705,35.1295,
TLE4,West Yorkshire,2011,NVQ,1421000.0000,378200.0000,639500.0000,922800.0000,498200.0000,26.6151,45.0035,64.9402,35.0598,
TLF1,Derbyshire and Nottinghamshire,2011,NVQ,1337000.0000,387600.0000,639700.0000,914300.0000,422700.0000,28.9903,47.8459,68.3844,31.6156,
TLF2,"Leicestershire, Rutland and Northamptonshire",2011,NVQ,1089600.0000,317700.0000,527500.0000,734900.0000,354700.0000,29.1575,48.4123,67.4468,32.5532,
TLF3,Lincolnshire,2011,NVQ,434600.0000,101400.0000,207800.0000,295200.0000,139400.0000,23.3318,47.8141,67.9245,32.0755,
TLG1,"Herefordshire, Worcestershire and Warwickshire",2011,NVQ,798300.0000,243900.0000,378500.0000,529900.0000,268400.0000,30.5524,47.4133,66.3786,33.6214,
TLG2,Shropshire and Staffordshire,2011,NVQ,976500.0000,253400.0000,442300.0000,665500.0000,311000.0000,25.9498,45.2944,68.1516,31.8484,
TLG3,West Midlands,2011,NVQ,1721700.0000,419400.0000,726000.0000,1051900.0000,669800.0000,24.3596,42.1676,61.0966,38.9034,
TLH2,Bedfordshire and Hertfordshire,2011,NVQ,1104300.0000,397800.0000,584400.0000,800700.0000,303600.0000,36.0228,52.9204,72.5075,27.4925,
TLH3,Essex,2011,NVQ,1075700.0000,250800.0000,460000.0000,696900.0000,378800.0000,23.3151,42.7629,64.7857,35.2143,
TLH4,Cambridgeshire and Peterborough,2011,NVQ,514900.0000,168000.0000,261400.0000,348600.0000,166300.0000,32.6277,50.7671,67.7025,32.2975,
TLH5,Norfolk,2011,NVQ,517600.0000,127300.0000,233500.0000,346000.0000,171600.0000,24.5943,45.1121,66.8470,33.1530,
TLH6,Suffolk,2011,NVQ,439100.0000,114800.0000,208100.0000,307700.0000,131400.0000,26.1444,47.3924,70.0752,29.9248,
TLI3,Inner London - West,2011,NVQ,790300.0000,471600.0000,553900.0000,622500.0000,167800.0000,59.6735,70.0873,78.7676,21.2324,
TLI4,Inner London - East,2011,NVQ,1538000.0000,773600.0000,933600.0000,1097300.0000,440700.0000,50.2991,60.7022,71.3459,28.6541,
TLI5,Outer London - East and North East,2011,NVQ,1139200.0000,381200.0000,555800.0000,743600.0000,395600.0000,33.4621,48.7886,65.2739,34.7261,
TLI6,Outer London - South,2011,NVQ,803300.0000,333400.0000,455100.0000,583400.0000,219900.0000,41.5038,56.6538,72.6254,27.3746,
TLI7,Outer London - West and North West,2011,NVQ,1311000.0000,571600.0000,755200.0000,924400.0000,386600.0000,43.6003,57.6049,70.5111,29.4889,
TLJ1,"Berkshire, Buckinghamshire and Oxfordshire",2011,NVQ,1445600.0000,588200.0000,854600.0000,1092400.0000,353200.0000,40.6890,59.1173,75.5672,24.4328,
TLJ2,"Surrey, East and West Sussex",2011,NVQ,1689400.0000,654200.0000,977000.0000,1273900.0000,415500.0000,38.7238,57.8312,75.4055,24.5945,
TLJ3,Hampshire and Isle of Wight,2011,NVQ,1190800.0000,388400.0000,622200.0000,860800.0000,330000.0000,32.6167,52.2506,72.2875,27.7125,
TLJ4,Kent,2011,NVQ,1069600.0000,318800.0000,519400.0000,726100.0000,343500.0000,29.8055,48.5602,67.8852,32.1148,
TLK3,Cornwall and Isles of Scilly,2011,NVQ,320900.0000,97900.0000,163900.0000,224000.0000,96900.0000,30.5079,51.0751,69.8037,30.1963,
TLK4,Devon,2011,NVQ,684600.0000,209800.0000,349400.0000,492800.0000,191800.0000,30.6456,51.0371,71.9836,28.0164,
TLK5,West of England,2011,NVQ,564800.0000,215200.0000,315600.0000,415800.0000,149000.0000,38.1020,55.8782,73.6190,26.3810,
TLK6,"North Somerset, Somerset and Dorset",2011,NVQ,879000.0000,268200.0000,452100.0000,638400.0000,240600.0000,30.5119,51.4334,72.6280,27.3720,
TLK7,Gloucestershire and Wiltshire,2011,NVQ,796300.0000,277800.0000,427400.0000,584900.0000,211400.0000,34.8863,53.6732,73.4522,26.5478,
TLL3,North Wales,2011,NVQ,419400.0000,118900.0000,196800.0000,291300.0000,128100.0000,28.3500,46.9242,69.4564,30.5436,
TLL4,Mid and South West Wales,2011,NVQ,552800.0000,156600.0000,269200.0000,374800.0000,178000.0000,28.3285,48.6975,67.8003,32.1997,
TLL5,South East Wales,2011,NVQ,944300.0000,284400.0000,456700.0000,646900.0000,297400.0000,30.1175,48.3639,68.5058,31.4942,
TLM0,Eastern Scotland,2011,NVQ,575100.0000,210700.0000,310200.0000,413800.0000,161300.0000,36.6371,53.9384,71.9527,28.0473,
TLM1,East Central Scotland,2011,NVQ,653600.0000,265400.0000,383000.0000,493000.0000,160600.0000,40.6059,58.5985,75.4284,24.5716,
TLM2,Highlands and Islands,2011,NVQ,297700.0000,102100.0000,162100.0000,225700.0000,72000.0000,34.2963,54.4508,75.8146,24.1854,
TLM3,West Central Scotland,2011,NVQ,968700.0000,353500.0000,518900.0000,668400.0000,300300.0000,36.4922,53.5666,68.9997,31.0003,
TLM5,North Eastern Scotland,2011,NVQ,316800.0000,131300.0000,188400.0000,241000.0000,75800.0000,41.4457,59.4697,76.0732,23.9268,
TLM9,Southern Scotland,2011,NVQ,597800.0000,195300.0000,306000.0000,419900.0000,177900.0000,32.6698,51.1877,70.2409,29.7591,
TLN0,Northern Ireland,2011,NVQ,1137800.0000,292100.0000,475400.0000,703800.0000,434000.0000,25.6724,41.7824,61.8562,38.1438,
TLC3,Tees Valley,2012,NVQ,418200.0000,105300.0000,193200.0000,281700.0000,136500.0000,25.1793,46.1980,67.3601,32.6399,
TLC4,"Northumberland, Durham and Tyne & Wear",2012,NVQ,1235900.0000,337500.0000,586400.0000,851800.0000,384100.0000,27.3080,47.4472,68.9214,31.0786,
TLD1,Cumbria,2012,NVQ,304500.0000,91800.0000,154100.0000,216600.0000,87900.0000,30.1478,50.6076,71.1330,28.8670,
TLD3,Greater Manchester,2012,NVQ,1740100.0000,536600.0000,871900.0000,1201500.0000,538600.0000,30.8373,50.1063,69.0478,30.9522,
TLD4,Lancashire,2012,NVQ,910000.0000,280100.0000,459500.0000,636900.0000,273100.0000,30.7802,50.4945,69.9890,30.0110,
TLD6,Cheshire,2012,NVQ,563600.0000,199900.0000,307100.0000,424000.0000,139600.0000,35.4684,54.4890,75.2307,24.7693,
TLD7,Merseyside,2012,NVQ,965400.0000,245900.0000,440100.0000,649900.0000,315500.0000,25.4713,45.5873,67.3192,32.6808,
TLE1,East Yorkshire and Northern Lincolnshire,2012,NVQ,574400.0000,147700.0000,262600.0000,388800.0000,185600.0000,25.7138,45.7173,67.6880,32.3120,
TLE2,North Yorkshire,2012,NVQ,491100.0000,186600.0000,282900.0000,371700.0000,119400.0000,37.9963,57.6054,75.6872,24.3128,
TLE3,South Yorkshire,2012,NVQ,862300.0000,235100.0000,413500.0000,582400.0000,279900.0000,27.2643,47.9531,67.5403,32.4597,
TLE4,West Yorkshire,2012,NVQ,1434700.0000,418900.0000,690100.0000,959400.0000,475300.0000,29.1977,48.1006,66.8711,33.1289,
TLF1,Derbyshire and Nottinghamshire,2012,NVQ,1345400.0000,399100.0000,679300.0000,942400.0000,403000.0000,29.6640,50.4906,70.0461,29.9539,
TLF2,"Leicestershire, Rutland and Northamptonshire",2012,NVQ,1096000.0000,315300.0000,540500.0000,762300.0000,333700.0000,28.7682,49.3157,69.5529,30.4471,
TLF3,Lincolnshire,2012,NVQ,434000.0000,114500.0000,212600.0000,303600.0000,130400.0000,26.3825,48.9862,69.9539,30.0461,
TLG1,"Herefordshire, Worcestershire and Warwickshire",2012,NVQ,801000.0000,267600.0000,415000.0000,573900.0000,227100.0000,33.4082,51.8102,71.6479,28.3521,
TLG2,Shropshire and Staffordshire,2012,NVQ,981100.0000,253800.0000,454700.0000,669700.0000,311400.0000,25.8689,46.3459,68.2601,31.7399,
TLG3,West Midlands,2012,NVQ,1730200.0000,450700.0000,773100.0000,1096200.0000,634000.0000,26.0490,44.6827,63.3568,36.6432,
TLH2,Bedfordshire and Hertfordshire,2012,NVQ,1110700.0000,423400.0000,627200.0000,839300.0000,271400.0000,38.1201,56.4689,75.5650,24.4350,
TLH3,Essex,2012,NVQ,1079600.0000,291500.0000,505400.0000,743700.0000,335900.0000,27.0007,46.8136,68.8866,31.1134,
TLH4,Cambridgeshire and Peterborough,2012,NVQ,518400.0000,202400.0000,290800.0000,376200.0000,142200.0000,39.0432,56.0957,72.5694,27.4306,
TLH5,Norfolk,2012,NVQ,518100.0000,153600.0000,257200.0000,364400.0000,153700.0000,29.6468,49.6429,70.3339,29.6661,
TLH6,Suffolk,2012,NVQ,438800.0000,128800.0000,214400.0000,311600.0000,127200.0000,29.3528,48.8605,71.0119,28.9881,
TLI3,Inner London - West,2012,NVQ,792200.0000,491000.0000,598400.0000,662000.0000,130200.0000,61.9793,75.5365,83.5648,16.4352,
TLI4,Inner London - East,2012,NVQ,1566900.0000,800900.0000,985500.0000,1147100.0000,419800.0000,51.1137,62.8949,73.2082,26.7918,
TLI5,Outer London - East and North East,2012,NVQ,1155100.0000,401900.0000,595200.0000,793900.0000,361200.0000,34.7935,51.5280,68.7300,31.2700,
TLI6,Outer London - South,2012,NVQ,807200.0000,352200.0000,501800.0000,624300.0000,182900.0000,43.6323,62.1655,77.3414,22.6586,
TLI7,Outer London - West and North West,2012,NVQ,1324000.0000,606900.0000,812900.0000,990000.0000,334000.0000,45.8384,61.3973,74.7734,25.2266,
TLJ1,"Berkshire, Buckinghamshire and Oxfordshire",2012,NVQ,1455900.0000,608900.0000,873400.0000,1120800.0000,335100.0000,41.8229,59.9904,76.9833,23.0167,
TLJ2,"Surrey, East and West Sussex",2012,NVQ,1697800.0000,663100.0000,993800.0000,1308100.0000,389700.0000,39.0564,58.5346,77.0468,22.9532,
TLJ3,Hampshire and Isle of Wight,2012,NVQ,1195700.0000,415000.0000,659100.0000,905400.0000,290300.0000,34.7077,55.1225,75.7213,24.2787,
TLJ4,Kent,2012,NVQ,1077900.0000,307800.0000,544300.0000,756800.0000,321100.0000,28.5555,50.4963,70.2106,29.7894,
TLK3,Cornwall and Isles of Scilly,2012,NVQ,326600.0000,100100.0000,168200.0000,239100.0000,87500.0000,30.6491,51.5003,73.2088,26.7912,
TLK4,Devon,2012,NVQ,685300.0000,224300.0000,373800.0000,518400.0000,166900.0000,32.7302,54.5455,75.6457,24.3543,
TLK5,West of England,2012,NVQ,574300.0000,226100.0000,334000.0000,432200.0000,142100.0000,39.3697,58.1578,75.2568,24.7432,
TLK6,"North Somerset, Somerset and Dorset",2012,NVQ,881100.0000,283000.0000,472900.0000,661600.0000,219500.0000,32.1189,53.6715,75.0880,24.9120,
TLK7,Gloucestershire and Wiltshire,2012,NVQ,797200.0000,277500.0000,444000.0000,605300.0000,191900.0000,34.8093,55.6949,75.9282,24.0718,
TLL3,North Wales,2012,NVQ,417800.0000,125300.0000,207700.0000,298500.0000,119300.0000,29.9904,49.7128,71.4457,28.5543,
TLL4,Mid and South West Wales,2012,NVQ,549800.0000,166000.0000,274700.0000,384600.0000,165200.0000,30.1928,49.9636,69.9527,30.0473,
TLL5,South East Wales,2012,NVQ,946400.0000,286200.0000,469000.0000,651900.0000,294500.0000,30.2409,49.5562,68.8821,31.1179,
TLM0,Eastern Scotland,2012,NVQ,575200.0000,221300.0000,319600.0000,418800.0000,156400.0000,38.4736,55.5633,72.8095,27.1905,
TLM1,East Central Scotland,2012,NVQ,660500.0000,298700.0000,410100.0000,519900.0000,140600.0000,45.2233,62.0893,78.7131,21.2869,
TLM2,Highlands and Islands,2012,NVQ,293900.0000,101500.0000,157900.0000,218100.0000,75800.0000,34.5356,53.7258,74.2089,25.7911,
TLM3,West Central Scotland,2012,NVQ,968200.0000,362200.0000,521900.0000,676700.0000,291500.0000,37.4096,53.9042,69.8926,30.1074,
TLM5,North Eastern Scotland,2012,NVQ,317300.0000,126300.0000,182100.0000,238100.0000,79200.0000,39.8046,57.3905,75.0394,24.9606,
TLM9,Southern Scotland,2012,NVQ,592100.0000,192800.0000,306600.0000,418900.0000,173200.0000,32.5621,51.7818,70.7482,29.2518,
TLN0,Northern Ireland,2012,NVQ,1150200.0000,316200.0000,527300.0000,758300.0000,391900.0000,27.4909,45.8442,65.9277,34.0723,
TLC3,Tees Valley,2013,NVQ,416400.0000,113100.0000,209400.0000,295800.0000,120600.0000,27.1614,50.2882,71.0375,28.9625,
TLC4,"Northumberland, Durham and Tyne & Wear",2013,NVQ,1234700.0000,348000.0000,603800.0000,863500.0000,371200.0000,28.1850,48.9026,69.9360,30.0640,
TLD1,Cumbria,2013,NVQ,301800.0000,91400.0000,153300.0000,218200.0000,83600.0000,30.2850,50.7952,72.2995,27.7005,
TLD3,Greater Manchester,2013,NVQ,1742900.0000,551400.0000,872000.0000,1211300.0000,531600.0000,31.6369,50.0316,69.4991,30.5009,
TLD4,Lancashire,2013,NVQ,905600.0000,259700.0000,444300.0000,627400.0000,278200.0000,28.6771,49.0614,69.2800,30.7200,
TLD6,Cheshire,2013,NVQ,563600.0000,219300.0000,314600.0000,418100.0000,145500.0000,38.9106,55.8197,74.1838,25.8162,
TLD7,Merseyside,2013,NVQ,963000.0000,262500.0000,455200.0000,663000.0000,300000.0000,27.2586,47.2690,68.8474,31.1526,
TLE1,East Yorkshire and Northern Lincolnshire,2013,NVQ,572100.0000,146500.0000,260500.0000,389200.0000,182900.0000,25.6074,45.5340,68.0301,31.9699,
TLE2,North Yorkshire,2013,NVQ,490500.0000,191200.0000,287200.0000,383900.0000,106600.0000,38.9806,58.5525,78.2671,21.7329,
TLE3,South Yorkshire,2013,NVQ,863200.0000,241100.0000,417100.0000,589300.0000,273900.0000,27.9310,48.3202,68.2692,31.7308,
TLE4,West Yorkshire,2013,NVQ,1431700.0000,421500.0000,695200.0000,965700.0000,466000.0000,29.4405,48.5577,67.4513,32.5487,
TLF1,Derbyshire and Nottinghamshire,2013,NVQ,1345500.0000,397300.0000,680600.0000,931600.0000,413900.0000,29.5281,50.5834,69.2382,30.7618,
TLF2,"Leicestershire, Rutland and Northamptonshire",2013,NVQ,1096000.0000,343800.0000,560100.0000,766500.0000,329500.0000,31.3686,51.1040,69.9361,30.0639,
TLF3,Lincolnshire,2013,NVQ,436400.0000,118500.0000,208000.0000,302700.0000,133700.0000,27.1540,47.6627,69.3630,30.6370,
TLG1,"Herefordshire, Worcestershire and Warwickshire",2013,NVQ,799700.0000,285900.0000,440800.0000,591700.0000,208000.0000,35.7509,55.1207,73.9902,26.0098,
TLG2,Shropshire and Staffordshire,2013,NVQ,978800.0000,262800.0000,474900.0000,681200.0000,297600.0000,26.8492,48.5186,69.5954,30.4046,
TLG3,West Midlands,2013,NVQ,1744400.0000,446500.0000,765000.0000,1081800.0000,662600.0000,25.5962,43.8546,62.0156,37.9844,
TLH2,Bedfordshire and Hertfordshire,2013,NVQ,1119000.0000,427700.0000,638400.0000,847700.0000,271300.0000,38.2216,57.0509,75.7551,24.2449,
TLH3,Essex,2013,NVQ,1078500.0000,296200.0000,499300.0000,739800.0000,338700.0000,27.4641,46.2958,68.5953,31.4047,
TLH4,Cambridgeshire and Peterborough,2013,NVQ,517300.0000,213500.0000,304300.0000,388100.0000,129200.0000,41.2720,58.8247,75.0242,24.9758,
TLH5,Norfolk,2013,NVQ,517700.0000,152400.0000,247900.0000,375000.0000,142700.0000,29.4379,47.8849,72.4358,27.5642,
TLH6,Suffolk,2013,NVQ,438100.0000,120400.0000,210400.0000,315500.0000,122600.0000,27.4823,48.0256,72.0155,27.9845,
TLI3,Inner London - West,2013,NVQ,792800.0000,489400.0000,580600.0000,634500.0000,158300.0000,61.7306,73.2341,80.0328,19.9672,
TLI4,Inner London - East,2013,NVQ,1592300.0000,823500.0000,1023400.0000,1190400.0000,401900.0000,51.7176,64.2718,74.7598,25.2402,
TLI5,Outer London - East and North East,2013,NVQ,1167100.0000,439600.0000,624100.0000,828400.0000,338700.0000,37.6660,53.4744,70.9794,29.0206,
TLI6,Outer London - South,2013,NVQ,816300.0000,379500.0000,513600.0000,634700.0000,181600.0000,46.4903,62.9180,77.7533,22.2467,
TLI7,Outer London - West and North West,2013,NVQ,1330200.0000,627400.0000,824900.0000,997000.0000,333200.0000,47.1658,62.0132,74.9511,25.0489,
TLJ1,"Berkshire, Buckinghamshire and Oxfordshire",2013,NVQ,1459000.0000,630400.0000,894500.0000,1133800.0000,325200.0000,43.2077,61.3091,77.7108,22.2892,
TLJ2,"Surrey, East and West Sussex",2013,NVQ,1702700.0000,685100.0000,1010800.0000,1316600.0000,386100.0000,40.2361,59.3645,77.3242,22.6758,
TLJ3,Hampshire and Isle of Wight,2013,NVQ,1193100.0000,416700.0000,668800.0000,914000.0000,279100.0000,34.9258,56.0557,76.6072,23.3928,
TLJ4,Kent,2013,NVQ,1077600.0000,343400.0000,558600.0000,791600.0000,286000.0000,31.8671,51.8374,73.4595,26.5405,
TLK3,Cornwall and Isles of Scilly,2013,NVQ,326800.0000,104700.0000,175000.0000,251000.0000,75800.0000,32.0379,53.5496,76.8054,23.1946,
TLK4,Devon,2013,NVQ,682100.0000,220100.0000,376400.0000,517800.0000,164300.0000,32.2680,55.1825,75.9126,24.0874,
TLK5,West of England,2013,NVQ,579500.0000,227500.0000,346600.0000,450200.0000,129300.0000,39.2580,59.8102,77.6877,22.3123,
TLK6,"North Somerset, Somerset and Dorset",2013,NVQ,880600.0000,281500.0000,475000.0000,664700.0000,215900.0000,31.9668,53.9405,75.4826,24.5174,
TLK7,Gloucestershire and Wiltshire,2013,NVQ,798600.0000,279900.0000,446200.0000,595600.0000,203000.0000,35.0488,55.8728,74.5805,25.4195,
TLL3,North Wales,2013,NVQ,415800.0000,131100.0000,213900.0000,301600.0000,114200.0000,31.5296,51.4430,72.5349,27.4651,
TLL4,Mid and South West Wales,2013,NVQ,546300.0000,169100.0000,286800.0000,395200.0000,151100.0000,30.9537,52.4986,72.3412,27.6588,
TLL5,South East Wales,2013,NVQ,945900.0000,297600.0000,486800.0000,661400.0000,284500.0000,31.4621,51.4642,69.9228,30.0772,
TLM0,Eastern Scotland,2013,NVQ,576000.0000,227200.0000,331600.0000,427300.0000,148700.0000,39.4444,57.5694,74.1840,25.8160,
TLM1,East Central Scotland,2013,NVQ,661400.0000,294100.0000,409700.0000,520900.0000,140500.0000,44.4663,61.9444,78.7572,21.2428,
TLM2,Highlands and Islands,2013,NVQ,295300.0000,107600.0000,164700.0000,223900.0000,71400.0000,36.4375,55.7738,75.8212,24.1788,
TLM3,West Central Scotland,2013,NVQ,965200.0000,370500.0000,528000.0000,671400.0000,293800.0000,38.3858,54.7037,69.5607,30.4393,
TLM5,North Eastern Scotland,2013,NVQ,319000.0000,128800.0000,186400.0000,243700.0000,75300.0000,40.3762,58.4326,76.3950,23.6050,
TLM9,Southern Scotland,2013,NVQ,590200.0000,199000.0000,304400.0000,418100.0000,172100.0000,33.7174,51.5757,70.8404,29.1596,
TLN0,Northern Ireland,2013,NVQ,1148900.0000,323300.0000,531600.0000,764200.0000,384700.0000,28.1400,46.2703,66.5158,33.4842,
TLC3,Tees Valley,2014,NVQ,414400.0000,116500.0000,209900.0000,295800.0000,118600.0000,28.1129,50.6515,71.3803,28.6197,
TLC4,"Northumberland, Durham and Tyne & Wear",2014,NVQ,1234000.0000,351600.0000,620500.0000,885800.0000,348200.0000,28.4927,50.2836,71.7828,28.2172,
TLD1,Cumbria,2014,NVQ,299500.0000,86700.0000,157500.0000,220800.0000,78700.0000,28.9482,52.5876,73.7229,26.2771,
TLD3,Greater Manchester,2014,NVQ,1741500.0000,557100.0000,895600.0000,1245500.0000,496000.0000,31.9897,51.4269,71.5188,28.4812,
TLD4,Lancashire,2014,NVQ,902500.0000,255400.0000,441500.0000,630000.0000,272500.0000,28.2992,48.9197,69.8061,30.1939,
TLD6,Cheshire,2014,NVQ,562500.0000,217100.0000,317600.0000,425400.0000,137100.0000,38.5956,56.4622,75.6267,24.3733,
TLD7,Merseyside,2014,NVQ,960700.0000,264000.0000,453300.0000,666300.0000,294400.0000,27.4800,47.1843,69.3557,30.6443,
TLE1,East Yorkshire and Northern Lincolnshire,2014,NVQ,568500.0000,151900.0000,269900.0000,397800.0000,170700.0000,26.7194,47.4758,69.9736,30.0264,
TLE2,North Yorkshire,2014,NVQ,487900.0000,182500.0000,283800.0000,369700.0000,118200.0000,37.4052,58.1677,75.7737,24.2263,
TLE3,South Yorkshire,2014,NVQ,864100.0000,245500.0000,422500.0000,606200.0000,257900.0000,28.4111,48.8948,70.1539,29.8461,
TLE4,West Yorkshire,2014,NVQ,1430900.0000,417600.0000,700500.0000,971400.0000,459500.0000,29.1844,48.9552,67.8873,32.1127,
TLF1,Derbyshire and Nottinghamshire,2014,NVQ,1348100.0000,419700.0000,697400.0000,957800.0000,390300.0000,31.1327,51.7321,71.0481,28.9519,
TLF2,"Leicestershire, Rutland and Northamptonshire",2014,NVQ,1099800.0000,354900.0000,578100.0000,797600.0000,302200.0000,32.2695,52.5641,72.5223,27.4777,
TLF3,Lincolnshire,2014,NVQ,438300.0000,117700.0000,213300.0000,304900.0000,133400.0000,26.8538,48.6653,69.5642,30.4358,
TLG1,"Herefordshire, Worcestershire and Warwickshire",2014,NVQ,797600.0000,284700.0000,435600.0000,582600.0000,215000.0000,35.6946,54.6138,73.0441,26.9559,
TLG2,Shropshire and Staffordshire,2014,NVQ,974800.0000,272600.0000,485900.0000,689900.0000,284900.0000,27.9647,49.8461,70.7735,29.2265,
TLG3,West Midlands,2014,NVQ,1749700.0000,477600.0000,790100.0000,1102700.0000,647000.0000,27.2961,45.1563,63.0222,36.9778,
TLH2,Bedfordshire and Hertfordshire,2014,NVQ,1128600.0000,451100.0000,661900.0000,855500.0000,273100.0000,39.9699,58.6479,75.8019,24.1981,
TLH3,Essex,2014,NVQ,1088400.0000,288800.0000,511300.0000,753400.0000,335000.0000,26.5344,46.9772,69.2209,30.7791,
TLH4,Cambridgeshire and Peterborough,2014,NVQ,518900.0000,204100.0000,296200.0000,385500.0000,133400.0000,39.3332,57.0823,74.2918,25.7082,
TLH5,Norfolk,2014,NVQ,516900.0000,143800.0000,252200.0000,361100.0000,155800.0000,27.8197,48.7909,69.8588,30.1412,
TLH6,Suffolk,2014,NVQ,436500.0000,129700.0000,211200.0000,306200.0000,130300.0000,29.7136,48.3849,70.1489,29.8511,
TLI3,Inner London - West,2014,NVQ,798400.0000,523400.0000,613600.0000,671600.0000,126800.0000,65.5561,76.8537,84.1182,15.8818,
TLI4,Inner London - East,2014,NVQ,1629600.0000,833600.0000,1054200.0000,1231900.0000,397700.0000,51.1537,64.6907,75.5952,24.4048,
TLI5,Outer London - East and North East,2014,NVQ,1183500.0000,448000.0000,642100.0000,837500.0000,346000.0000,37.8538,54.2543,70.7647,29.2353,
TLI6,Outer London - South,2014,NVQ,822900.0000,386100.0000,529300.0000,653000.0000,169900.0000,46.9194,64.3213,79.3535,20.6465,
TLI7,Outer London - West and North West,2014,NVQ,1335400.0000,643400.0000,841500.0000,1005300.0000,330100.0000,48.1803,63.0148,75.2808,24.7192,
TLJ1,"Berkshire, Buckinghamshire and Oxfordshire",2014,NVQ,1464200.0000,661500.0000,923700.0000,1171500.0000,292700.0000,45.1783,63.0856,80.0096,19.9904,
TLJ2,"Surrey, East and West Sussex",2014,NVQ,1706100.0000,683000.0000,1014200.0000,1317200.0000,388900.0000,40.0328,59.4455,77.2053,22.7947,
TLJ3,Hampshire and Isle of Wight,2014,NVQ,1195500.0000,447000.0000,699700.0000,923100.0000,272400.0000,37.3902,58.5278,77.2146,22.7854,
TLJ4,Kent,2014,NVQ,1084300.0000,340100.0000,569200.0000,791400.0000,292900.0000,31.3659,52.4947,72.9872,27.0128,
TLK3,Cornwall and Isles of Scilly,2014,NVQ,325600.0000,105800.0000,174100.0000,244600.0000,81000.0000,32.4939,53.4705,75.1229,24.8771,
TLK4,Devon,2014,NVQ,683800.0000,229500.0000,383000.0000,518800.0000,165000.0000,33.5624,56.0105,75.8701,24.1299,
TLK5,West of England,2014,NVQ,584500.0000,249100.0000,358700.0000,452400.0000,132100.0000,42.6176,61.3687,77.3995,22.6005,
TLK6,"North Somerset, Somerset and Dorset",2014,NVQ,879800.0000,306400.0000,494600.0000,679000.0000,200800.0000,34.8261,56.2173,77.1766,22.8234,
TLK7,Gloucestershire and Wiltshire,2014,NVQ,800000.0000,306200.0000,467800.0000,611600.0000,188400.0000,38.2750,58.4750,76.4500,23.5500,
TLL3,North Wales,2014,NVQ,413200.0000,136700.0000,217700.0000,304100.0000,109100.0000,33.0833,52.6864,73.5963,26.4037,
TLL4,Mid and South West Wales,2014,NVQ,543700.0000,173600.0000,288200.0000,397600.0000,146100.0000,31.9294,53.0072,73.1286,26.8714,
TLL5,South East Wales,2014,NVQ,947700.0000,322300.0000,507200.0000,677700.0000,270000.0000,34.0087,53.5190,71.5100,28.4900,
TLM0,Eastern Scotland,2014,NVQ,573300.0000,233900.0000,333000.0000,426300.0000,147000.0000,40.7989,58.0848,74.3590,25.6410,
TLM1,East Central Scotland,2014,NVQ,663000.0000,310500.0000,421800.0000,532300.0000,130700.0000,46.8326,63.6199,80.2866,19.7134,
TLM2,Highlands and Islands,2014,NVQ,292900.0000,108800.0000,165600.0000,230300.0000,62600.0000,37.1458,56.5381,78.6275,21.3725,
TLM3,West Central Scotland,2014,NVQ,967400.0000,389200.0000,536600.0000,681700.0000,285700.0000,40.2315,55.4683,70.4672,29.5328,
TLM5,North Eastern Scotland,2014,NVQ,321000.0000,141800.0000,200000.0000,253300.0000,67700.0000,44.1745,62.3053,78.9097,21.0903,
TLM9,Southern Scotland,2014,NVQ,587300.0000,209900.0000,313100.0000,419200.0000,168100.0000,35.7398,53.3118,71.3775,28.6225,
TLN0,Northern Ireland,2014,NVQ,1153400.0000,338300.0000,547000.0000,789200.0000,364200.0000,29.3307,47.4250,68.4238,31.5762,
TLC3,Tees Valley,2015,NVQ,411700.0000,125200.0000,216400.0000,300700.0000,111000.0000,30.4105,52.5625,73.0386,26.9614,
TLC4,"Northumberland, Durham and Tyne & Wear",2015,NVQ,1232900.0000,379300.0000,642800.0000,897800.0000,335100.0000,30.7649,52.1372,72.8202,27.1798,
TLD1,Cumbria,2015,NVQ,297000.0000,92000.0000,159000.0000,220700.0000,76300.0000,30.9764,53.5354,74.3098,25.6902,
TLD3,Greater Manchester,2015,NVQ,1752700.0000,589800.0000,933100.0000,1254200.0000,498500.0000,33.6509,53.2379,71.5582,28.4418,
TLD4,Lancashire,2015,NVQ,901000.0000,275500.0000,451200.0000,637200.0000,263800.0000,30.5771,50.0777,70.7214,29.2786,
TLD6,Cheshire,2015,NVQ,561700.0000,223000.0000,320900.0000,429500.0000,132200.0000,39.7009,57.1301,76.4643,23.5357,
TLD7,Merseyside,2015,NVQ,964200.0000,280600.0000,471000.0000,680600.0000,283600.0000,29.1018,48.8488,70.5870,29.4130,
TLE1,East Yorkshire and Northern Lincolnshire,2015,NVQ,566500.0000,157400.0000,280500.0000,397800.0000,168700.0000,27.7846,49.5146,70.2207,29.7793,
TLE2,North Yorkshire,2015,NVQ,488400.0000,182800.0000,286700.0000,375900.0000,112500.0000,37.4283,58.7019,76.9656,23.0344,
TLE3,South Yorkshire,2015,NVQ,868800.0000,252400.0000,430700.0000,598700.0000,270100.0000,29.0516,49.5741,68.9111,31.0889,
TLE4,West Yorkshire,2015,NVQ,1435700.0000,434400.0000,724700.0000,982600.0000,453100.0000,30.2570,50.4771,68.4405,31.5595,
TLF1,Derbyshire and Nottinghamshire,2015,NVQ,1351100.0000,449700.0000,723000.0000,992600.0000,358500.0000,33.2840,53.5120,73.4661,26.5339,
TLF2,"Leicestershire, Rutland and Northamptonshire",2015,NVQ,1111600.0000,348100.0000,584300.0000,799900.0000,311700.0000,31.3152,52.5639,71.9593,28.0407,
TLF3,Lincolnshire,2015,NVQ,437800.0000,125900.0000,212600.0000,307100.0000,130700.0000,28.7574,48.5610,70.1462,29.8538,
TLG1,"Herefordshire, Worcestershire and Warwickshire",2015,NVQ,799000.0000,307600.0000,450700.0000,585600.0000,213400.0000,38.4981,56.4080,73.2916,26.7084,
TLG2,Shropshire and Staffordshire,2015,NVQ,973900.0000,296200.0000,487500.0000,700500.0000,273400.0000,30.4138,50.0565,71.9273,28.0727,
TLG3,West Midlands,2015,NVQ,1770300.0000,501200.0000,810000.0000,1118300.0000,652000.0000,28.3116,45.7550,63.1701,36.8299,
TLH2,Bedfordshire and Hertfordshire,2015,NVQ,1137500.0000,453800.0000,656400.0000,858900.0000,278600.0000,39.8945,57.7055,75.5077,24.4923,
TLH3,Essex,2015,NVQ,1089600.0000,309100.0000,511900.0000,752200.0000,337400.0000,28.3682,46.9805,69.0345,30.9655,
TLH4,Cambridgeshire and Peterborough,2015,NVQ,524100.0000,213800.0000,299900.0000,391500.0000,132600.0000,40.7937,57.2219,74.6995,25.3005,
TLH5,Norfolk,2015,NVQ,519400.0000,147700.0000,247500.0000,352500.0000,166900.0000,28.4367,47.6511,67.8668,32.1332,
TLH6,Suffolk,2015,NVQ,437800.0000,121600.0000,211700.0000,295600.0000,142200.0000,27.7752,48.3554,67.5194,32.4806,
TLI3,Inner London - West,2015,NVQ,808800.0000,519600.0000,609300.0000,664700.0000,144100.0000,64.2433,75.3338,82.1835,17.8165,
TLI4,Inner London - East,2015,NVQ,1663300.0000,880700.0000,1099000.0000,1269000.0000,394300.0000,52.9490,66.0735,76.2941,23.7059,
TLI5,Outer London - East and North East,2015,NVQ,1202600.0000,466000.0000,665500.0000,843000.0000,359600.0000,38.7494,55.3384,70.0981,29.9019,
TLI6,Outer London - South,2015,NVQ,826800.0000,389500.0000,530700.0000,651600.0000,175200.0000,47.1093,64.1872,78.8099,21.1901,
TLI7,Outer London - West and North West,2015,NVQ,1338400.0000,648400.0000,857400.0000,1014000.0000,324400.0000,48.4459,64.0616,75.7621,24.2379,
TLJ1,"Berkshire, Buckinghamshire and Oxfordshire",2015,NVQ,1471200.0000,685000.0000,933000.0000,1167000.0000,304200.0000,46.5606,63.4176,79.3230,20.6770,
TLJ2,"Surrey, East and West Sussex",2015,NVQ,1718700.0000,712900.0000,1039200.0000,1335100.0000,383600.0000,41.4790,60.4643,77.6808,22.3192,
TLJ3,Hampshire and Isle of Wight,2015,NVQ,1201400.0000,421400.0000,681500.0000,915500.0000,285900.0000,35.0757,56.7255,76.2028,23.7972,
TLJ4,Kent,2015,NVQ,1090400.0000,359300.0000,571000.0000,792100.0000,298300.0000,32.9512,52.3661,72.6431,27.3569,
TLK3,Cornwall and Isles of Scilly,2015,NVQ,321600.0000,94200.0000,171400.0000,240500.0000,81100.0000,29.2910,53.2960,74.7823,25.2177,
TLK4,Devon,2015,NVQ,693300.0000,252000.0000,409100.0000,544600.0000,148700.0000,36.3479,59.0076,78.5519,21.4481,
TLK5,West of England,2015,NVQ,592400.0000,266600.0000,374500.0000,460200.0000,132200.0000,45.0034,63.2174,77.6840,22.3160,
TLK6,"North Somerset, Somerset and Dorset",2015,NVQ,882100.0000,313600.0000,509800.0000,693200.0000,188900.0000,35.5515,57.7939,78.5852,21.4148,
TLK7,Gloucestershire and Wiltshire,2015,NVQ,803500.0000,303000.0000,462500.0000,618700.0000,184800.0000,37.7100,57.5607,77.0006,22.9994,
TLL3,North Wales,2015,NVQ,411800.0000,139600.0000,219300.0000,303100.0000,108700.0000,33.9000,53.2540,73.6037,26.3963,
TLL4,Mid and South West Wales,2015,NVQ,541500.0000,175300.0000,281100.0000,390800.0000,150700.0000,32.3730,51.9114,72.1699,27.8301,
TLL5,South East Wales,2015,NVQ,947600.0000,325200.0000,508200.0000,677400.0000,270200.0000,34.3183,53.6302,71.4859,28.5141,
TLM0,Eastern Scotland,2015,NVQ,571800.0000,242000.0000,335200.0000,436100.0000,135700.0000,42.3225,58.6219,76.2679,23.7321,
TLM1,East Central Scotland,2015,NVQ,668600.0000,322200.0000,431400.0000,537900.0000,130700.0000,48.1902,64.5229,80.4517,19.5483,
TLM2,Highlands and Islands,2015,NVQ,293000.0000,110100.0000,164100.0000,223400.0000,69600.0000,37.5768,56.0068,76.2457,23.7543,
TLM3,West Central Scotland,2015,NVQ,972600.0000,413500.0000,566300.0000,709500.0000,263100.0000,42.5149,58.2254,72.9488,27.0512,
TLM5,North Eastern Scotland,2015,NVQ,322400.0000,148600.0000,208800.0000,261500.0000,60900.0000,46.0918,64.7643,81.1104,18.8896,
TLM9,Southern Scotland,2015,NVQ,582900.0000,214200.0000,316400.0000,420400.0000,162500.0000,36.7473,54.2803,72.1221,27.8779,
TLN0,Northern Ireland,2015,NVQ,1154600.0000,341800.0000,548700.0000,788500.0000,366100.0000,29.6033,47.5230,68.2920,31.7080,
TLC3,Tees Valley,2016,NVQ,411400.0000,126500.0000,215700.0000,301100.0000,110300.0000,30.7487,52.4307,73.1891,26.8109,
TLC4,"Northumberland, Durham and Tyne & Wear",2016,NVQ,1232400.0000,389200.0000,644100.0000,909800.0000,322600.0000,31.5807,52.2639,73.8234,26.1766,
TLD1,Cumbria,2016,NVQ,295600.0000,91600.0000,160500.0000,220100.0000,75500.0000,30.9878,54.2963,74.4587,25.5413,
TLD3,Greater Manchester,2016,NVQ,1768000.0000,611500.0000,959400.0000,1277700.0000,490300.0000,34.5871,54.2647,72.2681,27.7319,
TLD4,Lancashire,2016,NVQ,902000.0000,293500.0000,484400.0000,668700.0000,233300.0000,32.5388,53.7029,74.1353,25.8647,
TLD6,Cheshire,2016,NVQ,560400.0000,219000.0000,315900.0000,434600.0000,125800.0000,39.0792,56.3704,77.5517,22.4483,
TLD7,Merseyside,2016,NVQ,968400.0000,309300.0000,491000.0000,680700.0000,287700.0000,31.9393,50.7022,70.2912,29.7088,
TLE1,East Yorkshire and Northern Lincolnshire,2016,NVQ,565800.0000,173800.0000,296100.0000,405700.0000,160100.0000,30.7176,52.3330,71.7038,28.2962,
TLE2,North Yorkshire,2016,NVQ,488000.0000,184700.0000,289900.0000,379700.0000,108300.0000,37.8484,59.4057,77.8074,22.1926,
TLE3,South Yorkshire,2016,NVQ,872700.0000,269500.0000,454500.0000,633700.0000,239000.0000,30.8812,52.0798,72.6137,27.3863,
TLE4,West Yorkshire,2016,NVQ,1441600.0000,426100.0000,721400.0000,970900.0000,470700.0000,29.5574,50.0416,67.3488,32.6512,
TLF1,Derbyshire and Nottinghamshire,2016,NVQ,1359900.0000,434500.0000,726000.0000,995800.0000,364100.0000,31.9509,53.3863,73.2260,26.7740,
TLF2,"Leicestershire, Rutland and Northamptonshire",2016,NVQ,1120600.0000,358300.0000,600100.0000,812400.0000,308200.0000,31.9739,53.5517,72.4969,27.5031,
TLF3,Lincolnshire,2016,NVQ,440900.0000,121200.0000,216000.0000,304800.0000,136100.0000,27.4892,48.9907,69.1313,30.8687,
TLG1,"Herefordshire, Worcestershire and Warwickshire",2016,NVQ,799200.0000,300900.0000,452000.0000,594300.0000,204900.0000,37.6502,56.5566,74.3619,25.6381,
TLG2,Shropshire and Staffordshire,2016,NVQ,977000.0000,301600.0000,503300.0000,716200.0000,260800.0000,30.8700,51.5148,73.3060,26.6940,
TLG3,West Midlands,2016,NVQ,1795800.0000,522000.0000,820800.0000,1127900.0000,667900.0000,29.0678,45.7066,62.8077,37.1923,
TLH2,Bedfordshire and Hertfordshire,2016,NVQ,1148200.0000,456300.0000,650700.0000,866700.0000,281500.0000,39.7405,56.6713,75.4834,24.5166,
TLH3,Essex,2016,NVQ,1096800.0000,334200.0000,567700.0000,788900.0000,307900.0000,30.4705,51.7597,71.9274,28.0726,
TLH4,Cambridgeshire and Peterborough,2016,NVQ,522600.0000,206900.0000,292400.0000,377400.0000,145200.0000,39.5905,55.9510,72.2158,27.7842,
TLH5,Norfolk,2016,NVQ,520700.0000,163000.0000,262700.0000,357300.0000,163400.0000,31.3040,50.4513,68.6192,31.3808,
TLH6,Suffolk,2016,NVQ,438200.0000,136400.0000,219000.0000,306600.0000,131600.0000,31.1273,49.9772,69.9681,30.0319,
TLI3,Inner London - West,2016,NVQ,808500.0000,511500.0000,614700.0000,671600.0000,136900.0000,63.2653,76.0297,83.0674,16.9326,
TLI4,Inner London - East,2016,NVQ,1697900.0000,932000.0000,1145800.0000,1312400.0000,385500.0000,54.8913,67.4834,77.2955,22.7045,
TLI5,Outer London - East and North East,2016,NVQ,1220100.0000,495700.0000,691200.0000,886400.0000,333700.0000,40.6278,56.6511,72.6498,27.3502,
TLI6,Outer London - South,2016,NVQ,828700.0000,418000.0000,555800.0000,660300.0000,168400.0000,50.4404,67.0689,79.6790,20.3210,
TLI7,Outer London - West and North West,2016,NVQ,1347400.0000,697000.0000,892200.0000,1045500.0000,301900.0000,51.7293,66.2164,77.5939,22.4061,
TLJ1,"Berkshire, Buckinghamshire and Oxfordshire",2016,NVQ,1479300.0000,703900.0000,952700.0000,1175200.0000,304100.0000,47.5833,64.4021,79.4430,20.5570,
TLJ2,"Surrey, East and West Sussex",2016,NVQ,1725500.0000,740100.0000,1059400.0000,1361800.0000,363700.0000,42.8919,61.3967,78.9221,21.0779,
TLJ3,Hampshire and Isle of Wight,2016,NVQ,1207700.0000,443200.0000,717400.0000,932600.0000,275100.0000,36.6979,59.4022,77.2212,22.7788,
TLJ4,Kent,2016,NVQ,1102400.0000,395600.0000,593600.0000,806500.0000,295900.0000,35.8853,53.8462,73.1586,26.8414,
TLK3,Cornwall and Isles of Scilly,2016,NVQ,318700.0000,104900.0000,173300.0000,245300.0000,73400.0000,32.9150,54.3772,76.9689,23.0311,
TLK4,Devon,2016,NVQ,698000.0000,243500.0000,399400.0000,529300.0000,168700.0000,34.8854,57.2206,75.8309,24.1691,
TLK5,West of England,2016,NVQ,596300.0000,266400.0000,388800.0000,483100.0000,113200.0000,44.6755,65.2021,81.0163,18.9837,
TLK6,"North Somerset, Somerset and Dorset",2016,NVQ,885600.0000,321500.0000,523500.0000,692800.0000,192800.0000,36.3031,59.1125,78.2294,21.7706,
TLK7,Gloucestershire and Wiltshire,2016,NVQ,804500.0000,313800.0000,476600.0000,630800.0000,173700.0000,39.0056,59.2418,78.4089,21.5911,
TLL3,North Wales,2016,NVQ,410800.0000,134300.0000,215300.0000,300900.0000,109900.0000,32.6923,52.4099,73.2473,26.7527,
TLL4,Mid and South West Wales,2016,NVQ,541700.0000,187000.0000,296100.0000,401600.0000,140100.0000,34.5210,54.6613,74.1370,25.8630,
TLL5,South East Wales,2016,NVQ,951300.0000,348100.0000,521600.0000,695200.0000,256100.0000,36.5920,54.8302,73.0789,26.9211,
TLM0,Eastern Scotland,2016,NVQ,574000.0000,251600.0000,355700.0000,444200.0000,129800.0000,43.8328,61.9686,77.3868,22.6132,
TLM1,East Central Scotland,2016,NVQ,679600.0000,335700.0000,442200.0000,543500.0000,136100.0000,49.3967,65.0677,79.9735,20.0265,
TLM2,Highlands and Islands,2016,NVQ,291400.0000,118400.0000,170400.0000,224100.0000,67300.0000,40.6314,58.4763,76.9046,23.0954,
TLM3,West Central Scotland,2016,NVQ,981900.0000,418100.0000,564500.0000,706500.0000,275400.0000,42.5807,57.4906,71.9523,28.0477,
TLM5,North Eastern Scotland,2016,NVQ,320500.0000,153700.0000,207000.0000,251000.0000,69500.0000,47.9563,64.5866,78.3151,21.6849,
TLM9,Southern Scotland,2016,NVQ,577700.0000,220700.0000,315700.0000,417500.0000,160200.0000,38.2032,54.6477,72.2693,27.7307,
TLN0,Northern Ireland,2016,NVQ,1160700.0000,354000.0000,571400.0000,810400.0000,350300.0000,30.4988,49.2289,69.8199,30.1801,
TLC3,Tees Valley,2017,NVQ,411800.0000,123700.0000,204900.0000,284300.0000,127500.0000,30.0389,49.7572,69.0384,30.9616,
TLC4,"Northumberland, Durham and Tyne & Wear",2017,NVQ,1231500.0000,397500.0000,650900.0000,908000.0000,323500.0000,32.2777,52.8542,73.7312,26.2688,
TLD1,Cumbria,2017,NVQ,294000.0000,92400.0000,163600.0000,220500.0000,73500.0000,31.4286,55.6463,75.0000,25.0000,
TLD3,Greater Manchester,2017,NVQ,1774000.0000,620500.0000,975100.0000,1290700.0000,483300.0000,34.9775,54.9662,72.7565,27.2435,
TLD4,Lancashire,2017,NVQ,903400.0000,287400.0000,477800.0000,671600.0000,231800.0000,31.8132,52.8891,74.3414,25.6586,
TLD6,Cheshire,2017,NVQ,558600.0000,245900.0000,337100.0000,448400.0000,110200.0000,44.0208,60.3473,80.2721,19.7279,
TLD7,Merseyside,2017,NVQ,969100.0000,302800.0000,484600.0000,696500.0000,272600.0000,31.2455,50.0052,71.8708,28.1292,
TLE1,East Yorkshire and Northern Lincolnshire,2017,NVQ,562500.0000,167400.0000,280300.0000,388400.0000,174100.0000,29.7600,49.8311,69.0489,30.9511,
TLE2,North Yorkshire,2017,NVQ,489600.0000,191400.0000,292700.0000,386500.0000,103100.0000,39.0931,59.7835,78.9420,21.0580,
TLE3,South Yorkshire,2017,NVQ,875300.0000,289700.0000,448300.0000,618700.0000,256600.0000,33.0972,51.2167,70.6843,29.3157,
TLE4,West Yorkshire,2017,NVQ,1443200.0000,464300.0000,741800.0000,1001300.0000,441900.0000,32.1716,51.3997,69.3805,30.6195,
TLF1,Derbyshire and Nottinghamshire,2017,NVQ,1366200.0000,431700.0000,707600.0000,968400.0000,397800.0000,31.5986,51.7933,70.8827,29.1173,
TLF2,"Leicestershire, Rutland and Northamptonshire",2017,NVQ,1130700.0000,384700.0000,617700.0000,817300.0000,313400.0000,34.0232,54.6299,72.2827,27.7173,
TLF3,Lincolnshire,2017,NVQ,441600.0000,125000.0000,204400.0000,297200.0000,144400.0000,28.3062,46.2862,67.3007,32.6993,
TLG1,"Herefordshire, Worcestershire and Warwickshire",2017,NVQ,803900.0000,306600.0000,456200.0000,601500.0000,202400.0000,38.1391,56.7484,74.8227,25.1773,
TLG2,Shropshire and Staffordshire,2017,NVQ,980200.0000,301300.0000,511300.0000,711500.0000,268700.0000,30.7386,52.1628,72.5872,27.4128,
TLG3,West Midlands,2017,NVQ,1812500.0000,536700.0000,861000.0000,1180400.0000,632100.0000,29.6110,47.5034,65.1255,34.8745,
TLH2,Bedfordshire and Hertfordshire,2017,NVQ,1146400.0000,456200.0000,656300.0000,877900.0000,268500.0000,39.7941,57.2488,76.5789,23.4211,
TLH3,Essex,2017,NVQ,1102200.0000,336300.0000,548100.0000,783900.0000,318300.0000,30.5117,49.7278,71.1214,28.8786,
TLH4,Cambridgeshire and Peterborough,2017,NVQ,523900.0000,201900.0000,290000.0000,381300.0000,142600.0000,38.5379,55.3541,72.7811,27.2189,
TLH5,Norfolk,2017,NVQ,523500.0000,156100.0000,272300.0000,370100.0000,153400.0000,29.8185,52.0153,70.6972,29.3028,
TLH6,Suffolk,2017,NVQ,439500.0000,141500.0000,238200.0000,322800.0000,116700.0000,32.1957,54.1980,73.4471,26.5529,
TLI3,Inner London - West,2017,NVQ,815500.0000,533600.0000,618800.0000,676500.0000,139000.0000,65.4323,75.8798,82.9552,17.0448,
TLI4,Inner London - East,2017,NVQ,1709200.0000,954400.0000,1179900.0000,1335300.0000,373900.0000,55.8390,69.0323,78.1243,21.8757,
TLI5,Outer London - East and North East,2017,NVQ,1227300.0000,497100.0000,694600.0000,887600.0000,339700.0000,40.5035,56.5958,72.3214,27.6786,
TLI6,Outer London - South,2017,NVQ,827600.0000,419000.0000,552300.0000,664800.0000,162800.0000,50.6283,66.7351,80.3287,19.6713,
TLI7,Outer London - West and North West,2017,NVQ,1344400.0000,652000.0000,849200.0000,1006100.0000,338300.0000,48.4975,63.1657,74.8364,25.1636,
TLJ1,"Berkshire, Buckinghamshire and Oxfordshire",2017,NVQ,1479000.0000,693500.0000,961500.0000,1187000.0000,292000.0000,46.8898,65.0101,80.2569,19.7431,
TLJ2,"Surrey, East and West Sussex",2017,NVQ,1732200.0000,769000.0000,1100500.0000,1405500.0000,326700.0000,44.3944,63.5319,81.1396,18.8604,
TLJ3,Hampshire and Isle of Wight,2017,NVQ,1211300.0000,453300.0000,721600.0000,946700.0000,264600.0000,37.4226,59.5724,78.1557,21.8443,
TLJ4,Kent,2017,NVQ,1102500.0000,366900.0000,591500.0000,806400.0000,296100.0000,33.2789,53.6508,73.1429,26.8571,
TLK3,Cornwall and Isles of Scilly,2017,NVQ,327000.0000,111000.0000,188800.0000,259400.0000,67600.0000,33.9450,57.7370,79.3272,20.6728,
TLK4,Devon,2017,NVQ,696100.0000,258200.0000,409400.0000,548400.0000,147700.0000,37.0924,58.8134,78.7818,21.2182,
TLK5,West of England,2017,NVQ,603900.0000,296300.0000,410700.0000,498100.0000,105800.0000,49.0644,68.0079,82.4805,17.5195,
TLK6,"North Somerset, Somerset and Dorset",2017,NVQ,885300.0000,315500.0000,517200.0000,689300.0000,196000.0000,35.6376,58.4209,77.8606,22.1394,
TLK7,Gloucestershire and Wiltshire,2017,NVQ,808000.0000,316200.0000,476800.0000,627300.0000,180700.0000,39.1337,59.0099,77.6361,22.3639,
TLL3,North Wales,2017,NVQ,409300.0000,138900.0000,223900.0000,307800.0000,101500.0000,33.9360,54.7032,75.2016,24.7984,
TLL4,Mid and South West Wales,2017,NVQ,541400.0000,179100.0000,289100.0000,400100.0000,141300.0000,33.0809,53.3986,73.9010,26.0990,
TLL5,South East Wales,2017,NVQ,951700.0000,351300.0000,525200.0000,701800.0000,249900.0000,36.9129,55.1855,73.7417,26.2583,
TLM0,Eastern Scotland,2017,NVQ,571500.0000,250600.0000,349500.0000,442500.0000,129000.0000,43.8495,61.1549,77.4278,22.5722,
TLM1,East Central Scotland,2017,NVQ,686100.0000,333800.0000,439700.0000,538800.0000,147300.0000,48.6518,64.0869,78.5308,21.4692,
TLM2,Highlands and Islands,2017,NVQ,292200.0000,121300.0000,172300.0000,226100.0000,66100.0000,41.5127,58.9665,77.3785,22.6215,
TLM3,West Central Scotland,2017,NVQ,985800.0000,426600.0000,577600.0000,732500.0000,253300.0000,43.2745,58.5920,74.3051,25.6949,
TLM5,North Eastern Scotland,2017,NVQ,314300.0000,146000.0000,190700.0000,234700.0000,79600.0000,46.4524,60.6745,74.6739,25.3261,
TLM9,Southern Scotland,2017,NVQ,578800.0000,224600.0000,321700.0000,427000.0000,151800.0000,38.8044,55.5805,73.7733,26.2267,
TLN0,Northern Ireland,2017,NVQ,1163200.0000,372500.0000,587900.0000,807500.0000,355700.0000,32.0237,50.5416,69.4206,30.5794,
TLC3,Tees Valley,2018,NVQ,410100.0000,125700.0000,208300.0000,283000.0000,127100.0000,30.6511,50.7925,69.0076,30.9924,
TLC4,"Northumberland, Durham and Tyne & Wear",2018,NVQ,1228900.0000,383900.0000,642700.0000,912900.0000,316000.0000,31.2393,52.2988,74.2859,25.7141,
TLD1,Cumbria,2018,NVQ,289500.0000,92000.0000,162000.0000,217000.0000,72500.0000,31.7789,55.9585,74.9568,25.0432,
TLD3,Greater Manchester,2018,NVQ,1777000.0000,632800.0000,974700.0000,1291600.0000,485400.0000,35.6106,54.8509,72.6843,27.3157,
TLD4,Lancashire,2018,NVQ,898100.0000,313400.0000,493700.0000,670800.0000,227300.0000,34.8959,54.9716,74.6910,25.3090,
TLD6,Cheshire,2018,NVQ,558200.0000,238200.0000,338900.0000,444000.0000,114200.0000,42.6729,60.7130,79.5414,20.4586,
TLD7,Merseyside,2018,NVQ,966800.0000,318300.0000,502500.0000,704000.0000,262800.0000,32.9230,51.9756,72.8175,27.1825,
TLE1,East Yorkshire and Northern Lincolnshire,2018,NVQ,561000.0000,151300.0000,268900.0000,380300.0000,180700.0000,26.9697,47.9323,67.7897,32.2103,
TLE2,North Yorkshire,2018,NVQ,486500.0000,207200.0000,311900.0000,395000.0000,91500.0000,42.5899,64.1110,81.1922,18.8078,
TLE3,South Yorkshire,2018,NVQ,877600.0000,290000.0000,475600.0000,635200.0000,242400.0000,33.0447,54.1933,72.3792,27.6208,
TLE4,West Yorkshire,2018,NVQ,1447300.0000,472900.0000,752100.0000,1011600.0000,435700.0000,32.6746,51.9657,69.8957,30.1043,
TLF1,Derbyshire and Nottinghamshire,2018,NVQ,1361700.0000,454400.0000,749200.0000,991500.0000,370200.0000,33.3701,55.0195,72.8134,27.1866,
TLF2,"Leicestershire, Rutland and Northamptonshire",2018,NVQ,1128600.0000,386600.0000,617400.0000,816100.0000,312500.0000,34.2548,54.7049,72.3108,27.6892,
TLF3,Lincolnshire,2018,NVQ,440700.0000,133600.0000,216900.0000,303400.0000,137300.0000,30.3154,49.2172,68.8450,31.1550,
TLG1,"Herefordshire, Worcestershire and Warwickshire",2018,NVQ,796600.0000,302800.0000,458600.0000,605600.0000,191000.0000,38.0115,57.5697,76.0231,23.9769,
TLG2,Shropshire and Staffordshire,2018,NVQ,974300.0000,329700.0000,523400.0000,716300.0000,258000.0000,33.8397,53.7206,73.5194,26.4806,
TLG3,West Midlands,2018,NVQ,1823300.0000,555900.0000,883800.0000,1208700.0000,614600.0000,30.4887,48.4725,66.2919,33.7081,
TLH2,Bedfordshire and Hertfordshire,2018,NVQ,1160100.0000,475000.0000,669600.0000,889500.0000,270600.0000,40.9447,57.7192,76.6744,23.3256,
TLH3,Essex,2018,NVQ,1106100.0000,338400.0000,535700.0000,767600.0000,338500.0000,30.5940,48.4314,69.3970,30.6030,
TLH4,Cambridgeshire and Peterborough,2018,NVQ,522200.0000,210000.0000,306700.0000,392300.0000,129900.0000,40.2145,58.7323,75.1245,24.8755,
TLH5,Norfolk,2018,NVQ,523200.0000,154900.0000,257500.0000,359800.0000,163400.0000,29.6063,49.2164,68.7691,31.2309,
TLH6,Suffolk,2018,NVQ,435700.0000,141800.0000,221600.0000,319600.0000,116100.0000,32.5453,50.8607,73.3532,26.6468,
TLI3,Inner London - West,2018,NVQ,817400.0000,540500.0000,622100.0000,686200.0000,131200.0000,66.1243,76.1072,83.9491,16.0509,
TLI4,Inner London - East,2018,NVQ,1736000.0000,1000700.0000,1188800.0000,1349100.0000,386900.0000,57.6440,68.4793,77.7131,22.2869,
TLI5,Outer London - East and North East,2018,NVQ,1247200.0000,529300.0000,719800.0000,906500.0000,340700.0000,42.4391,57.7133,72.6828,27.3172,
TLI6,Outer London - South,2018,NVQ,841700.0000,428500.0000,563000.0000,680100.0000,161600.0000,50.9089,66.8884,80.8008,19.1992,
TLI7,Outer London - West and North West,2018,NVQ,1357500.0000,680400.0000,880300.0000,1053600.0000,303900.0000,50.1215,64.8471,77.6133,22.3867,
TLJ1,"Berkshire, Buckinghamshire and Oxfordshire",2018,NVQ,1482600.0000,716500.0000,977100.0000,1200400.0000,282200.0000,48.3273,65.9045,80.9659,19.0341,
TLJ2,"Surrey, East and West Sussex",2018,NVQ,1737900.0000,782800.0000,1104000.0000,1403000.0000,334900.0000,45.0429,63.5249,80.7296,19.2704,
TLJ3,Hampshire and Isle of Wight,2018,NVQ,1211600.0000,457600.0000,730800.0000,951900.0000,259700.0000,37.7682,60.3169,78.5655,21.4345,
TLJ4,Kent,2018,NVQ,1107300.0000,379200.0000,612200.0000,814400.0000,292900.0000,34.2455,55.2876,73.5483,26.4517,
TLK3,Cornwall and Isles of Scilly,2018,NVQ,327300.0000,114100.0000,192700.0000,252000.0000,75300.0000,34.8610,58.8756,76.9936,23.0064,
TLK4,Devon,2018,NVQ,691900.0000,255600.0000,428000.0000,548700.0000,143200.0000,36.9418,61.8587,79.3034,20.6966,
TLK5,West of England,2018,NVQ,607900.0000,285100.0000,409200.0000,499400.0000,108500.0000,46.8992,67.3137,82.1517,17.8483,
TLK6,"North Somerset, Somerset and Dorset",2018,NVQ,883200.0000,316000.0000,516000.0000,693500.0000,189700.0000,35.7790,58.4239,78.5213,21.4787,
TLK7,Gloucestershire and Wiltshire,2018,NVQ,805400.0000,311400.0000,462600.0000,612000.0000,193400.0000,38.6640,57.4373,75.9871,24.0129,
TLL3,North Wales,2018,NVQ,413000.0000,139000.0000,225200.0000,306700.0000,106300.0000,33.6562,54.5278,74.2615,25.7385,
TLL4,Mid and South West Wales,2018,NVQ,542300.0000,186100.0000,298300.0000,405900.0000,136400.0000,34.3168,55.0065,74.8479,25.1521,
TLL5,South East Wales,2018,NVQ,951500.0000,350200.0000,527500.0000,699100.0000,252400.0000,36.8050,55.4388,73.4735,26.5265,
TLM0,Eastern Scotland,2018,NVQ,571200.0000,257300.0000,344100.0000,436100.0000,135100.0000,45.0455,60.2416,76.3480,23.6520,
TLM1,East Central Scotland,2018,NVQ,689400.0000,341000.0000,444600.0000,534000.0000,155400.0000,49.4633,64.4909,77.4587,22.5413,
TLM2,Highlands and Islands,2018,NVQ,290200.0000,123300.0000,176400.0000,226000.0000,64200.0000,42.4879,60.7857,77.8773,22.1227,
TLM3,West Central Scotland,2018,NVQ,985600.0000,420300.0000,567000.0000,701800.0000,283800.0000,42.6441,57.5284,71.2054,28.7946,
TLM5,North Eastern Scotland,2018,NVQ,320800.0000,147400.0000,197700.0000,249900.0000,70900.0000,45.9476,61.6272,77.8990,22.1010,
TLM9,Southern Scotland,2018,NVQ,575100.0000,226500.0000,320800.0000,425300.0000,149800.0000,39.3845,55.7816,73.9524,26.0476,
TLN0,Northern Ireland,2018,NVQ,1159800.0000,399900.0000,620400.0000,840200.0000,319600.0000,34.4801,53.4920,72.4435,27.5565,
TLC3,Tees Valley,2019,NVQ,408100.0000,120800.0000,204400.0000,287900.0000,120200.0000,29.6006,50.0858,70.5464,29.4536,
TLC4,"Northumberland, Durham and Tyne & Wear",2019,NVQ,1226400.0000,401500.0000,647400.0000,913100.0000,313300.0000,32.7381,52.7886,74.4537,25.5463,
TLD1,Cumbria,2019,NVQ,289300.0000,94100.0000,160200.0000,215000.0000,74300.0000,32.5268,55.3750,74.3173,25.6827,
TLD3,Greater Manchester,2019,NVQ,1779000.0000,651300.0000,977900.0000,1306400.0000,472600.0000,36.6105,54.9691,73.4345,26.5655,
TLD4,Lancashire,2019,NVQ,893100.0000,302100.0000,480400.0000,662500.0000,230600.0000,33.8260,53.7902,74.1798,25.8202,
TLD6,Cheshire,2019,NVQ,557300.0000,234600.0000,338200.0000,442000.0000,115300.0000,42.0958,60.6854,79.3110,20.6890,
TLD7,Merseyside,2019,NVQ,965400.0000,338000.0000,518400.0000,714100.0000,251300.0000,35.0114,53.6979,73.9693,26.0307,
TLE1,East Yorkshire and Northern Lincolnshire,2019,NVQ,558600.0000,166500.0000,281400.0000,392400.0000,166200.0000,29.8067,50.3759,70.2470,29.7530,
TLE2,North Yorkshire,2019,NVQ,486000.0000,198500.0000,297800.0000,385600.0000,100400.0000,40.8436,61.2757,79.3416,20.6584,
TLE3,South Yorkshire,2019,NVQ,878900.0000,307700.0000,498200.0000,657000.0000,221900.0000,35.0097,56.6845,74.7525,25.2475,
TLE4,West Yorkshire,2019,NVQ,1446500.0000,479700.0000,751800.0000,1008500.0000,438000.0000,33.1628,51.9737,69.7200,30.2800,
TLF1,Derbyshire and Nottinghamshire,2019,NVQ,1362900.0000,462500.0000,775800.0000,1018900.0000,344000.0000,33.9350,56.9227,74.7597,25.2403,
TLF2,"Leicestershire, Rutland and Northamptonshire",2019,NVQ,1132800.0000,404300.0000,643600.0000,831100.0000,301700.0000,35.6903,56.8150,73.3669,26.6331,
TLF3,Lincolnshire,2019,NVQ,440400.0000,134900.0000,237200.0000,334800.0000,105600.0000,30.6312,53.8601,76.0218,23.9782,
TLG1,"Herefordshire, Worcestershire and Warwickshire",2019,NVQ,797900.0000,314100.0000,472300.0000,619100.0000,178800.0000,39.3658,59.1929,77.5912,22.4088,
TLG2,Shropshire and Staffordshire,2019,NVQ,973400.0000,344700.0000,542600.0000,737600.0000,235800.0000,35.4120,55.7428,75.7756,24.2244,
TLG3,West Midlands,2019,NVQ,1830500.0000,568300.0000,892000.0000,1225700.0000,604800.0000,31.0462,48.7299,66.9598,33.0402,
TLH2,Bedfordshire and Hertfordshire,2019,NVQ,1166300.0000,495800.0000,687300.0000,908200.0000,258100.0000,42.5105,58.9299,77.8702,22.1298,
TLH3,Essex,2019,NVQ,1111800.0000,364600.0000,569200.0000,783700.0000,328100.0000,32.7937,51.1963,70.4893,29.5107,
TLH4,Cambridgeshire and Peterborough,2019,NVQ,525000.0000,220200.0000,315700.0000,407600.0000,117400.0000,41.9429,60.1333,77.6381,22.3619,
TLH5,Norfolk,2019,NVQ,522300.0000,154900.0000,269900.0000,375100.0000,147200.0000,29.6573,51.6753,71.8170,28.1830,
TLH6,Suffolk,2019,NVQ,436100.0000,147700.0000,225400.0000,315500.0000,120600.0000,33.8684,51.6854,72.3458,27.6542,
TLI3,Inner London - West,2019,NVQ,822500.0000,550000.0000,631100.0000,687700.0000,134800.0000,66.8693,76.7295,83.6109,16.3891,
TLI4,Inner London - East,2019,NVQ,1755600.0000,1024300.0000,1223000.0000,1388100.0000,367500.0000,58.3447,69.6628,79.0670,20.9330,
TLI5,Outer London - East and North East,2019,NVQ,1257500.0000,526100.0000,709900.0000,915800.0000,341700.0000,41.8370,56.4533,72.8270,27.1730,
TLI6,Outer London - South,2019,NVQ,848300.0000,434500.0000,565900.0000,679500.0000,168800.0000,51.2201,66.7099,80.1014,19.8986,
TLI7,Outer London - West and North West,2019,NVQ,1363200.0000,736900.0000,919800.0000,1073300.0000,289900.0000,54.0566,67.4736,78.7339,21.2661,
TLJ1,"Berkshire, Buckinghamshire and Oxfordshire",2019,NVQ,1487800.0000,708600.0000,963100.0000,1199800.0000,288000.0000,47.6274,64.7332,80.6426,19.3574,
TLJ2,"Surrey, East and West Sussex",2019,NVQ,1746700.0000,813700.0000,1117500.0000,1402000.0000,344700.0000,46.5850,63.9778,80.2656,19.7344,
TLJ3,Hampshire and Isle of Wight,2019,NVQ,1210700.0000,491100.0000,750300.0000,962900.0000,247800.0000,40.5633,61.9724,79.5325,20.4675,
TLJ4,Kent,2019,NVQ,1117500.0000,402900.0000,624300.0000,833700.0000,283800.0000,36.0537,55.8658,74.6040,25.3960,
TLK3,Cornwall and Isles of Scilly,2019,NVQ,326200.0000,120900.0000,193000.0000,253300.0000,72900.0000,37.0632,59.1662,77.6517,22.3483,
TLK4,Devon,2019,NVQ,692700.0000,245300.0000,413000.0000,541000.0000,151700.0000,35.4122,59.6218,78.1002,21.8998,
TLK5,West of England,2019,NVQ,612600.0000,284400.0000,410700.0000,494200.0000,118400.0000,46.4251,67.0421,80.6725,19.3275,
TLK6,"North Somerset, Somerset and Dorset",2019,NVQ,883600.0000,329500.0000,519000.0000,685100.0000,198500.0000,37.2906,58.7370,77.5351,22.4649,
TLK7,Gloucestershire and Wiltshire,2019,NVQ,807700.0000,323500.0000,474400.0000,624600.0000,183100.0000,40.0520,58.7347,77.3307,22.6693,
TLL3,North Wales,2019,NVQ,411600.0000,140800.0000,223400.0000,303100.0000,108500.0000,34.2080,54.2760,73.6395,26.3605,
TLL4,Mid and South West Wales,2019,NVQ,540700.0000,193800.0000,304500.0000,407500.0000,133200.0000,35.8424,56.3159,75.3653,24.6347,
TLL5,South East Wales,2019,NVQ,953800.0000,357700.0000,526800.0000,699400.0000,254400.0000,37.5026,55.2317,73.3277,26.6723,
TLM0,Eastern Scotland,2019,NVQ,573300.0000,254800.0000,354300.0000,443200.0000,130100.0000,44.4444,61.8001,77.3068,22.6932,
TLM1,East Central Scotland,2019,NVQ,693500.0000,341400.0000,437100.0000,529800.0000,163700.0000,49.2286,63.0281,76.3951,23.6049,
TLM2,Highlands and Islands,2019,NVQ,290200.0000,122900.0000,174300.0000,227500.0000,62700.0000,42.3501,60.0620,78.3942,21.6058,
TLM3,West Central Scotland,2019,NVQ,987400.0000,439600.0000,578600.0000,712500.0000,274900.0000,44.5210,58.5983,72.1592,27.8408,
TLM5,North Eastern Scotland,2019,NVQ,318500.0000,166200.0000,212100.0000,254500.0000,64000.0000,52.1821,66.5934,79.9058,20.0942,
TLM9,Southern Scotland,2019,NVQ,568500.0000,229100.0000,328100.0000,427400.0000,141100.0000,40.2990,57.7133,75.1803,24.8197,
TLN0,Northern Ireland,2019,NVQ,1160200.0000,420300.0000,634100.0000,851300.0000,308900.0000,36.2265,54.6544,73.3753,26.6247,
TLC3,Tees Valley,2020,NVQ,408500.0000,135500.0000,227400.0000,308600.0000,99900.0000,33.1701,55.6671,75.5447,24.4553,
TLC4,"Northumberland, Durham and Tyne & Wear",2020,NVQ,1220000.0000,424200.0000,669400.0000,921100.0000,298900.0000,34.7705,54.8689,75.5000,24.5000,
TLD1,Cumbria,2020,NVQ,287200.0000,109200.0000,169000.0000,222000.0000,65200.0000,38.0223,58.8440,77.2981,22.7019,
TLD3,Greater Manchester,2020,NVQ,1783700.0000,699600.0000,1029700.0000,1342600.0000,441100.0000,39.2218,57.7283,75.2705,24.7295,
TLD4,Lancashire,2020,NVQ,890000.0000,320300.0000,496900.0000,680400.0000,209600.0000,35.9888,55.8315,76.4494,23.5506,
TLD6,Cheshire,2020,NVQ,552700.0000,237100.0000,354300.0000,456700.0000,96000.0000,42.8985,64.1035,82.6307,17.3693,
TLD7,Merseyside,2020,NVQ,962300.0000,364300.0000,544600.0000,726200.0000,236100.0000,37.8572,56.5936,75.4650,24.5350,
TLE1,East Yorkshire and Northern Lincolnshire,2020,NVQ,556400.0000,176800.0000,287200.0000,405200.0000,151200.0000,31.7757,51.6175,72.8253,27.1747,
TLE2,North Yorkshire,2020,NVQ,484200.0000,196700.0000,295400.0000,388200.0000,96000.0000,40.6237,61.0078,80.1735,19.8265,
TLE3,South Yorkshire,2020,NVQ,878600.0000,327200.0000,511100.0000,671400.0000,207200.0000,37.2411,58.1721,76.4170,23.5830,
TLE4,West Yorkshire,2020,NVQ,1448400.0000,546300.0000,837000.0000,1079300.0000,369100.0000,37.7175,57.7879,74.5167,25.4833,
TLF1,Derbyshire and Nottinghamshire,2020,NVQ,1360800.0000,523400.0000,800000.0000,1060000.0000,300800.0000,38.4627,58.7889,77.8954,22.1046,
TLF2,"Leicestershire, Rutland and Northamptonshire",2020,NVQ,1135800.0000,436800.0000,676500.0000,859800.0000,276000.0000,38.4575,59.5615,75.6999,24.3001,
TLF3,Lincolnshire,2020,NVQ,441300.0000,136200.0000,235400.0000,333600.0000,107700.0000,30.8634,53.3424,75.5948,24.4052,
TLG1,"Herefordshire, Worcestershire and Warwickshire",2020,NVQ,800600.0000,341000.0000,500000.0000,642800.0000,157800.0000,42.5931,62.4532,80.2898,19.7102,
TLG2,Shropshire and Staffordshire,2020,NVQ,972000.0000,360500.0000,558400.0000,732400.0000,239600.0000,37.0885,57.4486,75.3498,24.6502,
TLG3,West Midlands,2020,NVQ,1838400.0000,638100.0000,991500.0000,1323600.0000,514800.0000,34.7095,53.9328,71.9974,28.0026,
TLH2,Bedfordshire and Hertfordshire,2020,NVQ,1172200.0000,533200.0000,712400.0000,917000.0000,255200.0000,45.4871,60.7746,78.2290,21.7710,
TLH3,Essex,2020,NVQ,1115400.0000,387300.0000,612000.0000,843000.0000,272400.0000,34.7230,54.8682,75.5783,24.4217,
TLH4,Cambridgeshire and Peterborough,2020,NVQ,524700.0000,230700.0000,328800.0000,427200.0000,97500.0000,43.9680,62.6644,81.4180,18.5820,
TLH5,Norfolk,2020,NVQ,521900.0000,182800.0000,293200.0000,390600.0000,131300.0000,35.0259,56.1793,74.8419,25.1581,
TLH6,Suffolk,2020,NVQ,436600.0000,150400.0000,241200.0000,325300.0000,111300.0000,34.4480,55.2451,74.5076,25.4924,
TLI3,Inner London - West,2020,NVQ,821600.0000,558800.0000,646400.0000,692900.0000,128700.0000,68.0136,78.6758,84.3354,15.6646,
TLI4,Inner London - East,2020,NVQ,1768100.0000,1132500.0000,1325700.0000,1463300.0000,304800.0000,64.0518,74.9788,82.7612,17.2388,
TLI5,Outer London - East and North East,2020,NVQ,1274300.0000,632200.0000,807500.0000,998500.0000,275800.0000,49.6116,63.3681,78.3567,21.6433,
TLI6,Outer London - South,2020,NVQ,848000.0000,462900.0000,580200.0000,702600.0000,145400.0000,54.5873,68.4198,82.8538,17.1462,
TLI7,Outer London - West and North West,2020,NVQ,1371200.0000,792100.0000,971000.0000,1107000.0000,264200.0000,57.7669,70.8139,80.7322,19.2678,
TLJ1,"Berkshire, Buckinghamshire and Oxfordshire",2020,NVQ,1491700.0000,730000.0000,981700.0000,1207900.0000,283800.0000,48.9375,65.8108,80.9747,19.0253,
TLJ2,"Surrey, East and West Sussex",2020,NVQ,1748600.0000,817900.0000,1124600.0000,1407800.0000,340800.0000,46.7746,64.3143,80.5101,19.4899,
TLJ3,Hampshire and Isle of Wight,2020,NVQ,1211600.0000,521100.0000,783900.0000,993100.0000,218500.0000,43.0092,64.6996,81.9660,18.0340,
TLJ4,Kent,2020,NVQ,1117700.0000,448000.0000,665900.0000,878500.0000,239200.0000,40.0823,59.5777,78.5989,21.4011,
TLK3,Cornwall and Isles of Scilly,2020,NVQ,325900.0000,111800.0000,190000.0000,252100.0000,73800.0000,34.3050,58.3001,77.3550,22.6450,
TLK4,Devon,2020,NVQ,694000.0000,257500.0000,420200.0000,544900.0000,149100.0000,37.1037,60.5476,78.5159,21.4841,
TLK5,West of England,2020,NVQ,619000.0000,308200.0000,426500.0000,519500.0000,99500.0000,49.7900,68.9015,83.9257,16.0743,
TLK6,"North Somerset, Somerset and Dorset",2020,NVQ,883200.0000,333600.0000,521000.0000,693100.0000,190100.0000,37.7717,58.9900,78.4760,21.5240,
TLK7,Gloucestershire and Wiltshire,2020,NVQ,810300.0000,334700.0000,490200.0000,643000.0000,167300.0000,41.3057,60.4961,79.3533,20.6467,
TLL3,North Wales,2020,NVQ,411400.0000,145700.0000,231100.0000,309000.0000,102400.0000,35.4157,56.1740,75.1094,24.8906,
TLL4,Mid and South West Wales,2020,NVQ,540000.0000,205200.0000,319800.0000,422600.0000,117400.0000,38.0000,59.2222,78.2593,21.7407,
TLL5,South East Wales,2020,NVQ,952000.0000,384700.0000,564000.0000,730300.0000,221700.0000,40.4097,59.2437,76.7122,23.2878,
TLM0,Eastern Scotland,2020,NVQ,569100.0000,288300.0000,376200.0000,459000.0000,110100.0000,50.6589,66.1044,80.6537,19.3463,
TLM1,East Central Scotland,2020,NVQ,695400.0000,388100.0000,476400.0000,561100.0000,134300.0000,55.8096,68.5073,80.6874,19.3126,
TLM2,Highlands and Islands,2020,NVQ,290800.0000,121000.0000,174300.0000,232800.0000,58000.0000,41.6094,59.9381,80.0550,19.9450,
TLM3,West Central Scotland,2020,NVQ,988100.0000,475800.0000,616000.0000,762200.0000,225900.0000,48.1530,62.3419,77.1379,22.8621,
TLM5,North Eastern Scotland,2020,NVQ,321500.0000,171500.0000,216400.0000,265600.0000,55900.0000,53.3437,67.3095,82.6128,17.3872,
TLM9,Southern Scotland,2020,NVQ,562500.0000,236100.0000,326500.0000,436400.0000,126100.0000,41.9733,58.0444,77.5822,22.4178,
TLN0,Northern Ireland,2020,NVQ,1156400.0000,426500.0000,643500.0000,860100.0000,296300.0000,36.8817,55.6468,74.3774,25.6226,
TLC3,Tees Valley,2021,NVQ,404800.0000,135600.0000,224900.0000,307200.0000,97600.0000,33.4980,55.5583,75.8893,24.1107,
TLC4,"Northumberland, Durham and Tyne & Wear",2021,NVQ,1214800.0000,423900.0000,658800.0000,908100.0000,306700.0000,34.8946,54.2311,74.7530,25.2470,
TLD1,Cumbria,2021,NVQ,284400.0000,95300.0000,156800.0000,216700.0000,67700.0000,33.5091,55.1336,76.1955,23.8045,
TLD3,Greater Manchester,2021,NVQ,1784200.0000,698500.0000,1033700.0000,1361800.0000,422400.0000,39.1492,57.9363,76.3255,23.6745,
TLD4,Lancashire,2021,NVQ,889100.0000,311200.0000,500600.0000,669100.0000,220000.0000,35.0017,56.3041,75.2559,24.7441,
TLD6,Cheshire,2021,NVQ,553900.0000,243400.0000,345300.0000,454500.0000,99400.0000,43.9429,62.3398,82.0545,17.9455,
TLD7,Merseyside,2021,NVQ,960200.0000,378000.0000,564200.0000,750400.0000,209800.0000,39.3668,58.7586,78.1504,21.8496,
TLE1,East Yorkshire and Northern Lincolnshire,2021,NVQ,554600.0000,171800.0000,293700.0000,407800.0000,146800.0000,30.9773,52.9571,73.5305,26.4695,
TLE2,North Yorkshire,2021,NVQ,482000.0000,233100.0000,324800.0000,402300.0000,79700.0000,48.3610,67.3859,83.4647,16.5353,
TLE3,South Yorkshire,2021,NVQ,879900.0000,321200.0000,500100.0000,674000.0000,205900.0000,36.5041,56.8360,76.5996,23.4004,
TLE4,West Yorkshire,2021,NVQ,1446500.0000,553600.0000,838000.0000,1082600.0000,363900.0000,38.2717,57.9329,74.8427,25.1573,
TLF1,Derbyshire and Nottinghamshire,2021,NVQ,1364300.0000,506100.0000,771200.0000,1012500.0000,351800.0000,37.0959,56.5272,74.2139,25.7861,
TLF2,"Leicestershire, Rutland and Northamptonshire",2021,NVQ,1135200.0000,400900.0000,649800.0000,872600.0000,262600.0000,35.3154,57.2410,76.8675,23.1325,
TLF3,Lincolnshire,2021,NVQ,439700.0000,143300.0000,223100.0000,311900.0000,127800.0000,32.5904,50.7391,70.9347,29.0653,
TLG1,"Herefordshire, Worcestershire and Warwickshire",2021,NVQ,795400.0000,345800.0000,493400.0000,641100.0000,154300.0000,43.4750,62.0317,80.6010,19.3990,
TLG2,Shropshire and Staffordshire,2021,NVQ,968200.0000,377300.0000,557200.0000,737900.0000,230300.0000,38.9692,57.5501,76.2136,23.7864,
TLG3,West Midlands,2021,NVQ,1849600.0000,682400.0000,1014700.0000,1334200.0000,515400.0000,36.8945,54.8605,72.1345,27.8655,
TLH2,Bedfordshire and Hertfordshire,2021,NVQ,1174600.0000,546000.0000,734700.0000,935600.0000,239000.0000,46.4839,62.5490,79.6526,20.3474,
TLH3,Essex,2021,NVQ,1119800.0000,391400.0000,593100.0000,829200.0000,290600.0000,34.9527,52.9648,74.0489,25.9511,
TLH4,Cambridgeshire and Peterborough,2021,NVQ,523900.0000,227900.0000,335500.0000,415400.0000,108500.0000,43.5007,64.0389,79.2899,20.7101,
TLH5,Norfolk,2021,NVQ,523800.0000,173100.0000,296200.0000,394800.0000,129000.0000,33.0470,56.5483,75.3723,24.6277,
TLH6,Suffolk,2021,NVQ,434700.0000,158600.0000,237100.0000,323100.0000,111600.0000,36.4849,54.5434,74.3271,25.6729,
TLI3,Inner London - West,2021,NVQ,830000.0000,578900.0000,666900.0000,720900.0000,109100.0000,69.7470,80.3494,86.8554,13.1446,
TLI4,Inner London - East,2021,NVQ,1779800.0000,1117500.0000,1301500.0000,1454100.0000,325700.0000,62.7880,73.1262,81.7002,18.2998,
TLI5,Outer London - East and North East,2021,NVQ,1279400.0000,629300.0000,834500.0000,995300.0000,284100.0000,49.1871,65.2259,77.7943,22.2057,
TLI6,Outer London - South,2021,NVQ,853600.0000,491300.0000,607700.0000,717500.0000,136100.0000,57.5562,71.1926,84.0558,15.9442,
TLI7,Outer London - West and North West,2021,NVQ,1365600.0000,786700.0000,951900.0000,1087900.0000,277700.0000,57.6084,69.7056,79.6646,20.3354,
TLJ1,"Berkshire, Buckinghamshire and Oxfordshire",2021,NVQ,1487900.0000,752100.0000,1011700.0000,1238000.0000,249900.0000,50.5478,67.9952,83.2045,16.7955,
TLJ2,"Surrey, East and West Sussex",2021,NVQ,1751400.0000,841300.0000,1139100.0000,1399900.0000,351500.0000,48.0359,65.0394,79.9303,20.0697,
TLJ3,Hampshire and Isle of Wight,2021,NVQ,1209700.0000,494900.0000,741500.0000,961400.0000,248300.0000,40.9110,61.2962,79.4742,20.5258,
TLJ4,Kent,2021,NVQ,1124000.0000,429900.0000,662600.0000,896500.0000,227500.0000,38.2473,58.9502,79.7598,20.2402,
TLK3,Cornwall and Isles of Scilly,2021,NVQ,325600.0000,118400.0000,186700.0000,253600.0000,72000.0000,36.3636,57.3403,77.8870,22.1130,
TLK4,Devon,2021,NVQ,693600.0000,262900.0000,412300.0000,547900.0000,145700.0000,37.9037,59.4435,78.9937,21.0063,
TLK5,West of England,2021,NVQ,616700.0000,323300.0000,433000.0000,514000.0000,102700.0000,52.4242,70.2124,83.3468,16.6532,
TLK6,"North Somerset, Somerset and Dorset",2021,NVQ,885800.0000,350700.0000,546200.0000,699200.0000,186600.0000,39.5913,61.6618,78.9343,21.0657,
TLK7,Gloucestershire and Wiltshire,2021,NVQ,809600.0000,343900.0000,510900.0000,660600.0000,149000.0000,42.4778,63.1052,81.5958,18.4042,
TLL3,North Wales,2021,NVQ,409100.0000,159200.0000,236400.0000,309000.0000,100100.0000,38.9147,57.7854,75.5317,24.4683,
TLL4,Mid and South West Wales,2021,NVQ,539000.0000,202700.0000,320900.0000,420300.0000,118700.0000,37.6067,59.5362,77.9777,22.0223,
TLL5,South East Wales,2021,NVQ,951000.0000,370500.0000,544900.0000,701200.0000,249800.0000,38.9590,57.2976,73.7329,26.2671,
TLM0,Eastern Scotland,2021,NVQ,566200.0000,286700.0000,375900.0000,460600.0000,105600.0000,50.6358,66.3900,81.3493,18.6507,
TLM1,East Central Scotland,2021,NVQ,688100.0000,397600.0000,488500.0000,575000.0000,113100.0000,57.7823,70.9926,83.5634,16.4366,
TLM2,Highlands and Islands,2021,NVQ,291200.0000,135200.0000,184000.0000,238300.0000,52900.0000,46.4286,63.1868,81.8338,18.1662,
TLM3,West Central Scotland,2021,NVQ,983300.0000,484500.0000,620700.0000,736700.0000,246600.0000,49.2729,63.1242,74.9212,25.0788,
TLM5,North Eastern Scotland,2021,NVQ,320000.0000,166200.0000,208900.0000,264100.0000,55900.0000,51.9375,65.2812,82.5312,17.4688,
TLM9,Southern Scotland,2021,NVQ,563300.0000,236700.0000,334300.0000,440500.0000,122800.0000,42.0202,59.3467,78.1999,21.8001,
TLN0,Northern Ireland,2021,NVQ,1156000.0000,480700.0000,684800.0000,881500.0000,274500.0000,41.5830,59.2388,76.2543,23.7457,
TLC3,Tees Valley,2022,RQF,383200.0000,127000.0000,224800.0000,317400.0000,65800.0000,33.1420,58.6639,82.8288,17.1712,
TLC4,"Northumberland, Durham and Tyne & Wear",2022,RQF,1135600.0000,431100.0000,693100.0000,961700.0000,173900.0000,37.9623,61.0338,84.6865,15.3135,
TLD1,Cumbria,2022,RQF,270500.0000,105100.0000,173600.0000,233400.0000,37100.0000,38.8540,64.1774,86.2847,13.7153,
TLD3,Greater Manchester,2022,RQF,1717800.0000,739800.0000,1082600.0000,1445100.0000,272700.0000,43.0667,63.0225,84.1250,15.8750,
TLD4,Lancashire,2022,RQF,858400.0000,335700.0000,553900.0000,739900.0000,118500.0000,39.1076,64.5270,86.1952,13.8048,
TLD6,Cheshire,2022,RQF,526000.0000,242300.0000,362600.0000,461900.0000,64100.0000,46.0646,68.9354,87.8137,12.1863,
TLD7,Merseyside,2022,RQF,923800.0000,405500.0000,599800.0000,784400.0000,139400.0000,43.8948,64.9275,84.9102,15.0898,
TLE1,East Yorkshire and Northern Lincolnshire,2022,RQF,535400.0000,179500.0000,312600.0000,450300.0000,85100.0000,33.5263,58.3863,84.1053,15.8947,
TLE2,North Yorkshire,2022,RQF,461300.0000,219200.0000,333600.0000,415300.0000,46000.0000,47.5179,72.3174,90.0282,9.9718,
TLE3,South Yorkshire,2022,RQF,840500.0000,322100.0000,538400.0000,717300.0000,123200.0000,38.3224,64.0571,85.3421,14.6579,
TLE4,West Yorkshire,2022,RQF,1391200.0000,535200.0000,843100.0000,1146200.0000,245000.0000,38.4704,60.6024,82.3893,17.6107,
TLF1,Derbyshire and Nottinghamshire,2022,RQF,1303800.0000,515300.0000,823200.0000,1098000.0000,205800.0000,39.5229,63.1385,84.2154,15.7846,
TLF2,"Leicestershire, Rutland and Northamptonshire",2022,RQF,1092900.0000,415900.0000,685700.0000,918100.0000,174800.0000,38.0547,62.7413,84.0059,15.9941,
TLF3,Lincolnshire,2022,RQF,381200.0000,127400.0000,204700.0000,309100.0000,72100.0000,33.4208,53.6988,81.0860,18.9140,E07000136
TLG1,"Herefordshire, Worcestershire and Warwickshire",2022,RQF,763300.0000,351100.0000,514400.0000,668000.0000,95300.0000,45.9976,67.3916,87.5147,12.4853,
TLG2,Shropshire and Staffordshire,2022,RQF,927900.0000,377300.0000,593100.0000,795600.0000,132300.0000,40.6617,63.9185,85.7420,14.2580,
TLG3,West Midlands,2022,RQF,1736700.0000,656300.0000,1030600.0000,1387800.0000,348900.0000,37.7901,59.3424,79.9102,20.0898,
TLH2,Bedfordshire and Hertfordshire,2022,RQF,1135900.0000,539300.0000,767200.0000,1008800.0000,127100.0000,47.4778,67.5412,88.8106,11.1894,
TLH3,Essex,2022,RQF,1056700.0000,410100.0000,644900.0000,889700.0000,167000.0000,38.8095,61.0296,84.1961,15.8039,
TLH4,Cambridgeshire and Peterborough,2022,RQF,512900.0000,222400.0000,338800.0000,437100.0000,75800.0000,43.3613,66.0558,85.2213,14.7787,
TLH5,Norfolk,2022,RQF,512400.0000,203800.0000,340600.0000,460500.0000,51900.0000,39.7736,66.4715,89.8712,10.1288,
TLH6,Suffolk,2022,RQF,418500.0000,140800.0000,253500.0000,371400.0000,47100.0000,33.6440,60.5735,88.7455,11.2545,
TLI3,Inner London - West,2022,RQF,783000.0000,542100.0000,647000.0000,713800.0000,69200.0000,69.2337,82.6309,91.1622,8.8378,
TLI4,Inner London - East,2022,RQF,1730500.0000,1078200.0000,1276700.0000,1458800.0000,271700.0000,62.3057,73.7764,84.2993,15.7007,
TLI5,Outer London - East and North East,2022,RQF,1242600.0000,612900.0000,818700.0000,1020700.0000,221900.0000,49.3240,65.8860,82.1423,17.8577,
TLI6,Outer London - South,2022,RQF,829700.0000,501700.0000,639900.0000,753700.0000,76000.0000,60.4676,77.1243,90.8401,9.1599,
TLI7,Outer London - West and North West,2022,RQF,1325100.0000,741300.0000,932500.0000,1094500.0000,230600.0000,55.9429,70.3720,82.5975,17.4025,
TLJ1,"Berkshire, Buckinghamshire and Oxfordshire",2022,RQF,1455900.0000,767100.0000,1044100.0000,1303000.0000,152900.0000,52.6891,71.7151,89.4979,10.5021,
TLJ2,"Surrey, East and West Sussex",2022,RQF,1676700.0000,844100.0000,1214200.0000,1495300.0000,181400.0000,50.3429,72.4161,89.1811,10.8189,
TLJ3,Hampshire and Isle of Wight,2022,RQF,1174100.0000,530400.0000,802700.0000,1032500.0000,141600.0000,45.1750,68.3673,87.9397,12.0603,
TLJ4,Kent,2022,RQF,1082700.0000,452900.0000,702600.0000,937200.0000,145500.0000,41.8306,64.8933,86.5614,13.4386,
TLK3,Cornwall and Isles of Scilly,2022,RQF,311600.0000,126200.0000,210100.0000,279700.0000,31900.0000,40.5006,67.4262,89.7625,10.2375,
TLK4,Devon,2022,RQF,665100.0000,263600.0000,446800.0000,584200.0000,80900.0000,39.6331,67.1779,87.8364,12.1636,
TLK5,West of England,2022,RQF,596100.0000,324800.0000,442900.0000,539300.0000,56800.0000,54.4875,74.2996,90.4714,9.5286,
TLK6,"North Somerset, Somerset and Dorset",2022,RQF,858300.0000,357400.0000,571400.0000,753800.0000,104500.0000,41.6405,66.5735,87.8248,12.1752,
TLK7,Gloucestershire and Wiltshire,2022,RQF,784500.0000,332700.0000,526500.0000,693800.0000,90700.0000,42.4092,67.1128,88.4385,11.5615,
TLL3,North Wales,2022,RQF,393000.0000,159600.0000,248200.0000,327800.0000,65200.0000,40.6107,63.1552,83.4097,16.5903,
TLL4,Mid and South West Wales,2022,RQF,521200.0000,220800.0000,349200.0000,452200.0000,69000.0000,42.3638,66.9992,86.7613,13.2387,
TLL5,South East Wales,2022,RQF,921000.0000,378700.0000,579600.0000,769400.0000,151600.0000,41.1183,62.9316,83.5396,16.4604,
TLM0,Eastern Scotland,2022,RQF,550200.0000,311700.0000,414400.0000,481800.0000,68400.0000,56.6521,75.3181,87.5682,12.4318,
TLM1,East Central Scotland,2022,RQF,661000.0000,421700.0000,509600.0000,574400.0000,86600.0000,63.7973,77.0953,86.8986,13.1014,
TLM2,Highlands and Islands,2022,RQF,275500.0000,134800.0000,200200.0000,246200.0000,29300.0000,48.9292,72.6679,89.3648,10.6352,
TLM3,West Central Scotland,2022,RQF,933700.0000,485200.0000,656800.0000,781600.0000,152100.0000,51.9653,70.3438,83.7100,16.2900,
TLM5,North Eastern Scotland,2022,RQF,309800.0000,155200.0000,222900.0000,271000.0000,38800.0000,50.0968,71.9496,87.4758,12.5242,
TLM9,Southern Scotland,2022,RQF,534600.0000,261700.0000,372900.0000,451400.0000,83200.0000,48.9525,69.7531,84.4370,15.5630,
TLN0,Northern Ireland,2022,RQF,1132400.0000,439600.0000,687900.0000,918200.0000,214200.0000,38.8202,60.7471,81.0844,18.9156,
TLC3,Tees Valley,2023,RQF,398500.0000,149600.0000,243100.0000,337300.0000,61200.0000,37.5408,61.0038,84.6424,15.3576,
TLC4,"Northumberland, Durham and Tyne & Wear",2023,RQF,1177500.0000,474500.0000,746500.0000,1001800.0000,175700.0000,40.2972,63.3970,85.0786,14.9214,
TLD1,Cumbria,2023,RQF,282000.0000,97000.0000,174200.0000,239200.0000,42800.0000,34.3972,61.7730,84.8227,15.1773,
TLD3,Greater Manchester,2023,RQF,1766400.0000,815900.0000,1166900.0000,1526900.0000,239500.0000,46.1900,66.0609,86.4413,13.5587,
TLD4,Lancashire,2023,RQF,875400.0000,358700.0000,560000.0000,755500.0000,119900.0000,40.9756,63.9708,86.3034,13.6966,
TLD6,Cheshire,2023,RQF,540300.0000,282000.0000,388700.0000,495700.0000,44600.0000,52.1932,71.9415,91.7453,8.2547,
TLD7,Merseyside,2023,RQF,932500.0000,399900.0000,602200.0000,792100.0000,140400.0000,42.8847,64.5791,84.9437,15.0563,
TLE1,East Yorkshire and Northern Lincolnshire,2023,RQF,537200.0000,190300.0000,325900.0000,461100.0000,76100.0000,35.4244,60.6664,85.8340,14.1660,
TLE2,North Yorkshire,2023,RQF,478900.0000,219800.0000,336900.0000,436900.0000,42000.0000,45.8968,70.3487,91.2299,8.7701,
TLE3,South Yorkshire,2023,RQF,865300.0000,332700.0000,542400.0000,708200.0000,157100.0000,38.4491,62.6835,81.8444,18.1556,
TLE4,West Yorkshire,2023,RQF,1416400.0000,614200.0000,931000.0000,1201800.0000,214600.0000,43.3635,65.7300,84.8489,15.1511,
TLF1,Derbyshire and Nottinghamshire,2023,RQF,1335900.0000,584600.0000,857600.0000,1149100.0000,186800.0000,43.7608,64.1964,86.0169,13.9831,
TLF2,"Leicestershire, Rutland and Northamptonshire",2023,RQF,1114200.0000,432500.0000,699700.0000,928600.0000,185600.0000,38.8171,62.7984,83.3423,16.6577,
TLF3,Lincolnshire,2023,RQF,433800.0000,141400.0000,228800.0000,344000.0000,89800.0000,32.5957,52.7432,79.2992,20.7008,
TLG1,"Herefordshire, Worcestershire and Warwickshire",2023,RQF,774100.0000,377900.0000,549500.0000,686800.0000,87300.0000,48.8180,70.9857,88.7224,11.2776,
TLG2,Shropshire and Staffordshire,2023,RQF,940400.0000,365300.0000,592700.0000,814900.0000,125500.0000,38.8452,63.0264,86.6546,13.3454,
TLG3,West Midlands,2023,RQF,1821700.0000,758500.0000,1106300.0000,1480700.0000,341000.0000,41.6369,60.7290,81.2812,18.7188,
TLH2,Bedfordshire and Hertfordshire,2023,RQF,1166000.0000,569900.0000,794300.0000,1025900.0000,140100.0000,48.8765,68.1218,87.9846,12.0154,
TLH3,Essex,2023,RQF,1108700.0000,436600.0000,684500.0000,974500.0000,134200.0000,39.3795,61.7390,87.8957,12.1043,
TLH4,Cambridgeshire and Peterborough,2023,RQF,522800.0000,229800.0000,354700.0000,457600.0000,65200.0000,43.9556,67.8462,87.5287,12.4713,
TLH5,Norfolk,2023,RQF,515900.0000,205100.0000,336100.0000,451500.0000,64400.0000,39.7558,65.1483,87.5170,12.4830,
TLH6,Suffolk,2023,RQF,434000.0000,161100.0000,256100.0000,388200.0000,45800.0000,37.1198,59.0092,89.4470,10.5530,
TLI3,Inner London - West,2023,RQF,822400.0000,602500.0000,690000.0000,749500.0000,72900.0000,73.2612,83.9008,91.1357,8.8643,
TLI4,Inner London - East,2023,RQF,1774100.0000,1111200.0000,1343000.0000,1518000.0000,256100.0000,62.6346,75.7004,85.5645,14.4355,
TLI5,Outer London - East and North East,2023,RQF,1263600.0000,665200.0000,851200.0000,1026100.0000,237500.0000,52.6432,67.3631,81.2045,18.7955,
TLI6,Outer London - South,2023,RQF,855600.0000,523800.0000,661500.0000,756600.0000,99000.0000,61.2202,77.3142,88.4292,11.5708,
TLI7,Outer London - West and North West,2023,RQF,1366200.0000,790300.0000,1010700.0000,1205300.0000,160900.0000,57.8466,73.9789,88.2228,11.7772,
TLJ1,"Berkshire, Buckinghamshire and Oxfordshire",2023,RQF,1487300.0000,831800.0000,1097800.0000,1340300.0000,147000.0000,55.9268,73.8116,90.1163,9.8837,
TLJ2,"Surrey, East and West Sussex",2023,RQF,1722700.0000,878400.0000,1229600.0000,1538300.0000,184400.0000,50.9897,71.3763,89.2959,10.7041,
TLJ3,Hampshire and Isle of Wight,2023,RQF,1196200.0000,534000.0000,806700.0000,1044900.0000,151300.0000,44.6414,67.4386,87.3516,12.6484,
TLJ4,Kent,2023,RQF,1107000.0000,467500.0000,734800.0000,968400.0000,138600.0000,42.2313,66.3776,87.4797,12.5203,
TLK3,Cornwall and Isles of Scilly,2023,RQF,319000.0000,119900.0000,209500.0000,275900.0000,43100.0000,37.5862,65.6740,86.4890,13.5110,
TLK4,Devon,2023,RQF,670800.0000,262000.0000,446300.0000,586400.0000,84400.0000,39.0578,66.5325,87.4180,12.5820,
TLK5,West of England,2023,RQF,616900.0000,329100.0000,454700.0000,562800.0000,54100.0000,53.3474,73.7072,91.2303,8.7697,
TLK6,"North Somerset, Somerset and Dorset",2023,RQF,873600.0000,360700.0000,572000.0000,764400.0000,109200.0000,41.2889,65.4762,87.5000,12.5000,
TLK7,Gloucestershire and Wiltshire,2023,RQF,800200.0000,365500.0000,555100.0000,705000.0000,95200.0000,45.6761,69.3702,88.1030,11.8970,
TLL3,North Wales,2023,RQF,400800.0000,169200.0000,251800.0000,335400.0000,65400.0000,42.2156,62.8244,83.6826,16.3174,
TLL4,Mid and South West Wales,2023,RQF,529000.0000,227900.0000,353100.0000,458700.0000,70300.0000,43.0813,66.7486,86.7108,13.2892,
TLL5,South East Wales,2023,RQF,926800.0000,404200.0000,595000.0000,782000.0000,144800.0000,43.6124,64.1994,84.3763,15.6237,
TLM0,Eastern Scotland,2023,RQF,564000.0000,311000.0000,429700.0000,504800.0000,59200.0000,55.1418,76.1879,89.5035,10.4965,
TLM1,East Central Scotland,2023,RQF,676100.0000,416200.0000,522200.0000,593700.0000,82400.0000,61.5589,77.2371,87.8125,12.1875,
TLM2,Highlands and Islands,2023,RQF,277800.0000,135800.0000,199600.0000,242000.0000,35800.0000,48.8841,71.8503,87.1130,12.8870,S12000023
TLM3,West Central Scotland,2023,RQF,932500.0000,512200.0000,670900.0000,785700.0000,146800.0000,54.9276,71.9464,84.2574,15.7426,
TLM5,North Eastern Scotland,2023,RQF,321600.0000,178200.0000,242100.0000,292600.0000,29000.0000,55.4104,75.2799,90.9826,9.0174,
TLM9,Southern Scotland,2023,RQF,541600.0000,273800.0000,380600.0000,468200.0000,73400.0000,50.5539,70.2733,86.4476,13.5524,
TLN0,Northern Ireland,2023,RQF,1154500.0000,458500.0000,723900.0000,955200.0000,199300.0000,39.7142,62.7025,82.7371,17.2629,
TLC3,Tees Valley,2024,RQF,395000.0000,147200.0000,237100.0000,333200.0000,61800.0000,37.2658,60.0253,84.3544,15.6456,
TLC4,"Northumberland, Durham and Tyne & Wear",2024,RQF,1157300.0000,464300.0000,733400.0000,972900.0000,184400.0000,40.1192,63.3716,84.0664,15.9336,
TLD1,Cumbria,2024,RQF,281900.0000,109300.0000,192300.0000,249900.0000,32000.0000,38.7726,68.2157,88.6485,11.3515,
TLD3,Greater Manchester,2024,RQF,1747500.0000,750600.0000,1091200.0000,1458600.0000,288900.0000,42.9528,62.4435,83.4678,16.5322,
TLD4,Lancashire,2024,RQF,879500.0000,348100.0000,547200.0000,744600.0000,134900.0000,39.5793,62.2172,84.6617,15.3383,
TLD6,Cheshire,2024,RQF,549900.0000,267400.0000,383100.0000,493000.0000,56900.0000,48.6270,69.6672,89.6527,10.3473,
TLD7,Merseyside,2024,RQF,936200.0000,383300.0000,582400.0000,787600.0000,148600.0000,40.9421,62.2089,84.1273,15.8727,
TLE1,East Yorkshire and Northern Lincolnshire,2024,RQF,544300.0000,179200.0000,314300.0000,453300.0000,91000.0000,32.9230,57.7439,83.2813,16.7187,
TLE2,North Yorkshire,2024,RQF,478600.0000,227900.0000,342100.0000,441000.0000,37600.0000,47.6181,71.4793,92.1438,7.8562,
TLE3,South Yorkshire,2024,RQF,861400.0000,315700.0000,514600.0000,707400.0000,154000.0000,36.6496,59.7400,82.1221,17.8779,
TLE4,West Yorkshire,2024,RQF,1428900.0000,578700.0000,897000.0000,1216600.0000,212300.0000,40.4997,62.7756,85.1424,14.8576,
TLF1,Derbyshire and Nottinghamshire,2024,RQF,1341800.0000,585700.0000,891100.0000,1149300.0000,192500.0000,43.6503,66.4108,85.6536,14.3464,
TLF2,"Leicestershire, Rutland and Northamptonshire",2024,RQF,1129900.0000,476000.0000,726500.0000,947500.0000,182400.0000,42.1276,64.2977,83.8570,16.1430,
TLF3,Lincolnshire,2024,RQF,438600.0000,152000.0000,258000.0000,373600.0000,65000.0000,34.6557,58.8235,85.1801,14.8199,
TLG1,"Herefordshire, Worcestershire and Warwickshire",2024,RQF,789200.0000,381300.0000,547500.0000,698700.0000,90500.0000,48.3147,69.3740,88.5327,11.4673,
TLG2,Shropshire and Staffordshire,2024,RQF,946300.0000,382000.0000,589300.0000,817600.0000,128700.0000,40.3677,62.2741,86.3997,13.6003,
TLG3,West Midlands,2024,RQF,1815600.0000,760100.0000,1119600.0000,1485300.0000,330300.0000,41.8649,61.6656,81.8077,18.1923,
TLH2,Bedfordshire and Hertfordshire,2024,RQF,1175300.0000,610400.0000,825100.0000,1046500.0000,128800.0000,51.9357,70.2034,89.0411,10.9589,
TLH3,Essex,2024,RQF,1083400.0000,433200.0000,688500.0000,969000.0000,114400.0000,39.9852,63.5499,89.4406,10.5594,E07000074
TLH4,Cambridgeshire and Peterborough,2024,RQF,522400.0000,224000.0000,341200.0000,460300.0000,62100.0000,42.8790,65.3139,88.1126,11.8874,
TLH5,Norfolk,2024,RQF,461100.0000,187500.0000,292300.0000,405800.0000,55300.0000,40.6636,63.3919,88.0069,11.9931,E07000145
TLH6,Suffolk,2024,RQF,433300.0000,168300.0000,264200.0000,373600.0000,59700.0000,38.8414,60.9739,86.2220,13.7780,
TLI3,Inner London - West,2024,RQF,827300.0000,575700.0000,673700.0000,742200.0000,85100.0000,69.5878,81.4336,89.7135,10.2865,
TLI4,Inner London - East,2024,RQF,1782300.0000,1193900.0000,1389600.0000,1525600.0000,256700.0000,66.9865,77.9667,85.5973,14.4027,
TLI5,Outer London - East and North East,2024,RQF,1265200.0000,678600.0000,860200.0000,1050800.0000,214400.0000,53.6358,67.9893,83.0541,16.9459,
TLI6,Outer London - South,2024,RQF,860100.0000,505100.0000,645200.0000,744400.0000,115700.0000,58.7257,75.0145,86.5481,13.4519,
TLI7,Outer London - West and North West,2024,RQF,1365300.0000,809500.0000,1037800.0000,1186700.0000,178600.0000,59.2910,76.0126,86.9186,13.0814,
TLJ1,"Berkshire, Buckinghamshire and Oxfordshire",2024,RQF,1500700.0000,834400.0000,1113400.0000,1365200.0000,135500.0000,55.6007,74.1920,90.9709,9.0291,
TLJ2,"Surrey, East and West Sussex",2024,RQF,1753900.0000,842500.0000,1237900.0000,1546300.0000,207600.0000,48.0358,70.5799,88.1635,11.8365,
TLJ3,Hampshire and Isle of Wight,2024,RQF,1187400.0000,545000.0000,822900.0000,1042900.0000,144500.0000,45.8986,69.3027,87.8306,12.1694,
TLJ4,Kent,2024,RQF,1114200.0000,458500.0000,709900.0000,947500.0000,166700.0000,41.1506,63.7139,85.0386,14.9614,
TLK3,Cornwall and Isles of Scilly,2024,RQF,328400.0000,132100.0000,213500.0000,287900.0000,40500.0000,40.2253,65.0122,87.6675,12.3325,
TLK4,Devon,2024,RQF,680200.0000,257800.0000,418200.0000,595100.0000,85100.0000,37.9006,61.4819,87.4890,12.5110,
TLK5,West of England,2024,RQF,616800.0000,361000.0000,471500.0000,565700.0000,51100.0000,58.5279,76.4429,91.7153,8.2847,
TLK6,"North Somerset, Somerset and Dorset",2024,RQF,879900.0000,376700.0000,594300.0000,787200.0000,92700.0000,42.8117,67.5418,89.4647,10.5353,
TLK7,Gloucestershire and Wiltshire,2024,RQF,806300.0000,389200.0000,567500.0000,738000.0000,68300.0000,48.2699,70.3832,91.5292,8.4708,
TLL3,North Wales,2024,RQF,406500.0000,181300.0000,269100.0000,343500.0000,63000.0000,44.6002,66.1993,84.5018,15.4982,
TLL4,Mid and South West Wales,2024,RQF,533800.0000,230500.0000,359900.0000,468200.0000,65600.0000,43.1810,67.4223,87.7108,12.2892,
TLL5,South East Wales,2024,RQF,940900.0000,416600.0000,603700.0000,797800.0000,143100.0000,44.2768,64.1620,84.7912,15.2088,
TLM0,Eastern Scotland,2024,RQF,577100.0000,311300.0000,428400.0000,508200.0000,68900.0000,53.9421,74.2332,88.0610,11.9390,
TLM1,East Central Scotland,2024,RQF,692700.0000,424800.0000,537800.0000,626000.0000,66700.0000,61.3252,77.6382,90.3710,9.6290,
TLM2,Highlands and Islands,2024,RQF,264500.0000,125800.0000,188600.0000,229400.0000,35100.0000,47.5614,71.3043,86.7297,13.2703,"S12000023,S12000027"
TLM3,West Central Scotland,2024,RQF,951900.0000,490800.0000,644400.0000,777400.0000,174500.0000,51.5600,67.6962,81.6682,18.3318,
TLM5,North Eastern Scotland,2024,RQF,317600.0000,192500.0000,242400.0000,291600.0000,26000.0000,60.6108,76.3224,91.8136,8.1864,
TLM9,Southern Scotland,2024,RQF,553400.0000,261300.0000,371600.0000,488700.0000,64700.0000,47.2172,67.1485,88.3086,11.6914,
TLN0,Northern Ireland,2024,RQF,1153800.0000,487100.0000,743400.0000,980800.0000,173000.0000,42.2170,64.4306,85.0061,14.9939,
TLC3,Tees Valley,2025,RQF,396000.0000,149200.0000,242500.0000,337700.0000,58300.0000,37.6768,61.2374,85.2778,14.7222,
TLC4,"Northumberland, Durham and Tyne & Wear",2025,RQF,1168000.0000,452200.0000,721600.0000,982000.0000,186000.0000,38.7158,61.7808,84.0753,15.9247,
TLD1,Cumbria,2025,RQF,285000.0000,114600.0000,187000.0000,250900.0000,34100.0000,40.2105,65.6140,88.0351,11.9649,
TLD3,Greater Manchester,2025,RQF,1776100.0000,835800.0000,1173400.0000,1519300.0000,256800.0000,47.0582,66.0661,85.5414,14.4586,
TLD4,Lancashire,2025,RQF,866700.0000,370200.0000,575600.0000,737900.0000,128800.0000,42.7137,66.4128,85.1390,14.8610,
TLD6,Cheshire,2025,RQF,560000.0000,287000.0000,401600.0000,507800.0000,52200.0000,51.2500,71.7143,90.6786,9.3214,
TLD7,Merseyside,2025,RQF,943900.0000,417400.0000,610200.0000,800800.0000,143100.0000,44.2208,64.6467,84.8395,15.1605,
TLE1,East Yorkshire and Northern Lincolnshire,2025,RQF,546400.0000,192500.0000,336600.0000,455900.0000,90500.0000,35.2306,61.6032,83.4370,16.5630,
TLE2,North Yorkshire,2025,RQF,485200.0000,221800.0000,348300.0000,443300.0000,41900.0000,45.7131,71.7848,91.3644,8.6356,
TLE3,South Yorkshire,2025,RQF,877000.0000,336700.0000,549400.0000,744400.0000,132600.0000,38.3922,62.6454,84.8803,15.1197,
TLE4,West Yorkshire,2025,RQF,1450600.0000,628900.0000,956300.0000,1246500.0000,204100.0000,43.3545,65.9244,85.9300,14.0700,
TLF1,Derbyshire and Nottinghamshire,2025,RQF,1355900.0000,571400.0000,867900.0000,1152800.0000,203100.0000,42.1418,64.0091,85.0210,14.9790,
TLF2,"Leicestershire, Rutland and Northamptonshire",2025,RQF,1136200.0000,478400.0000,744900.0000,960200.0000,176000.0000,42.1053,65.5606,84.5098,15.4902,
TLF3,Lincolnshire,2025,RQF,438400.0000,153900.0000,255500.0000,363700.0000,74700.0000,35.1049,58.2801,82.9608,17.0392,
TLG1,"Herefordshire, Worcestershire and Warwickshire",2025,RQF,798300.0000,381700.0000,553400.0000,703800.0000,94500.0000,47.8141,69.3223,88.1623,11.8377,
TLG2,Shropshire and Staffordshire,2025,RQF,961200.0000,407600.0000,624400.0000,836200.0000,125000.0000,42.4053,64.9605,86.9954,13.0046,
TLG3,West Midlands,2025,RQF,1819000.0000,778900.0000,1133800.0000,1487800.0000,331200.0000,42.8202,62.3310,81.7922,18.2078,
TLH2,Bedfordshire and Hertfordshire,2025,RQF,1177600.0000,614600.0000,818900.0000,1042600.0000,135000.0000,52.1909,69.5397,88.5360,11.4640,
TLH3,Essex,2025,RQF,1114900.0000,460800.0000,740500.0000,1002000.0000,112900.0000,41.3311,66.4185,89.8735,10.1265,
TLH4,Cambridgeshire and Peterborough,2025,RQF,522200.0000,236200.0000,353100.0000,459800.0000,62400.0000,45.2317,67.6178,88.0506,11.9494,
TLH5,Norfolk,2025,RQF,523100.0000,197600.0000,321200.0000,463500.0000,59600.0000,37.7748,61.4032,88.6064,11.3936,
TLH6,Suffolk,2025,RQF,433700.0000,158600.0000,260200.0000,366200.0000,67500.0000,36.5691,59.9954,84.4362,15.5638,
TLI3,Inner London - West,2025,RQF,843300.0000,587900.0000,697500.0000,757200.0000,86100.0000,69.7142,82.7108,89.7901,10.2099,
TLI4,Inner London - East,2025,RQF,1781300.0000,1201200.0000,1395800.0000,1550600.0000,230700.0000,67.4339,78.3585,87.0488,12.9512,
TLI5,Outer London - East and North East,2025,RQF,1279000.0000,721400.0000,903300.0000,1064300.0000,214700.0000,56.4034,70.6255,83.2134,16.7866,
TLI6,Outer London - South,2025,RQF,861100.0000,532700.0000,661700.0000,764700.0000,96400.0000,61.8627,76.8436,88.8050,11.1950,
TLI7,Outer London - West and North West,2025,RQF,1377800.0000,869200.0000,1071900.0000,1213000.0000,164800.0000,63.0861,77.7979,88.0389,11.9611,
TLJ1,"Berkshire, Buckinghamshire and Oxfordshire",2025,RQF,1498100.0000,824600.0000,1119400.0000,1347400.0000,150700.0000,55.0431,74.7213,89.9406,10.0594,
TLJ2,"Surrey, East and West Sussex",2025,RQF,1761900.0000,887000.0000,1266900.0000,1572100.0000,189800.0000,50.3434,71.9053,89.2275,10.7725,
TLJ3,Hampshire and Isle of Wight,2025,RQF,1204100.0000,549400.0000,827300.0000,1070400.0000,133700.0000,45.6274,68.7069,88.8963,11.1037,
TLJ4,Kent,2025,RQF,1115800.0000,498300.0000,747900.0000,952900.0000,162900.0000,44.6585,67.0281,85.4006,14.5994,
TLK3,Cornwall and Isles of Scilly,2025,RQF,325700.0000,142000.0000,220200.0000,295300.0000,30400.0000,43.5984,67.6082,90.6663,9.3337,
TLK4,Devon,2025,RQF,696400.0000,293400.0000,476200.0000,617100.0000,79300.0000,42.1310,68.3802,88.6129,11.3871,
TLK5,West of England,2025,RQF,617900.0000,338600.0000,471900.0000,566700.0000,51200.0000,54.7985,76.3716,91.7139,8.2861,
TLK6,"North Somerset, Somerset and Dorset",2025,RQF,888700.0000,394400.0000,620400.0000,796500.0000,92200.0000,44.3794,69.8098,89.6253,10.3747,
TLK7,Gloucestershire and Wiltshire,2025,RQF,816200.0000,386700.0000,579300.0000,734000.0000,82200.0000,47.3781,70.9753,89.9289,10.0711,
TLL3,North Wales,2025,RQF,406700.0000,172900.0000,263100.0000,347000.0000,59700.0000,42.5129,64.6914,85.3209,14.6791,
TLL4,Mid and South West Wales,2025,RQF,541400.0000,241000.0000,373700.0000,480000.0000,61400.0000,44.5142,69.0248,88.6590,11.3410,
TLL5,South East Wales,2025,RQF,955100.0000,439700.0000,640000.0000,831500.0000,123600.0000,46.0371,67.0087,87.0589,12.9411,
TLM0,Eastern Scotland,2025,RQF,576300.0000,317100.0000,430400.0000,510500.0000,65800.0000,55.0234,74.6833,88.5823,11.4177,
TLM1,East Central Scotland,2025,RQF,692300.0000,431900.0000,540000.0000,621800.0000,70500.0000,62.3862,78.0009,89.8166,10.1834,
TLM2,Highlands and Islands,2025,RQF,261400.0000,142500.0000,188000.0000,231200.0000,30200.0000,54.5142,71.9204,88.4468,11.5532,"S12000023,S12000027"
TLM3,West Central Scotland,2025,RQF,958000.0000,524300.0000,680800.0000,801500.0000,156500.0000,54.7286,71.0647,83.6639,16.3361,
TLM5,North Eastern Scotland,2025,RQF,319800.0000,200300.0000,242000.0000,286000.0000,33800.0000,62.6329,75.6723,89.4309,10.5691,
TLM9,Southern Scotland,2025,RQF,550400.0000,280300.0000,389100.0000,481000.0000,69400.0000,50.9266,70.6940,87.3910,12.6090,
TLN0,Northern Ireland,2025,RQF,1162400.0000,484400.0000,748100.0000,996600.0000,165800.0000,41.6724,64.3582,85.7364,14.2636,
