year,ITL221CD,ITL221NM,n_sites,emp,jc_entry,jc_incumbent_ext,jc_incumbent_int,jd_incumbent_int,jd_incumbent_ext,jd_exit,total_jc,total_jd,emp_avg,jc_rate,jd_rate,reallocation_rate,net_emp_change,net_emp_change,excess_reallocation_rate
2000,TLH2,Bedfordshire and Hertfordshire,"77,690","737,275","32,885","84,270","55,730","32,930",0,0,"172,885","32,930",#N/A,#N/A,#N/A,#N/A,#N/A,#N/A,#N/A
2001,TLH2,Bedfordshire and Hertfordshire,"80,885","855,310","49,430","94,860","79,530","61,415","18,965","26,835","223,820","107,215","796,293",28.11,13.46,41.57,"118,035",16.01,25.56
2002,TLH2,Bedfordshire and Hertfordshire,"80,270","850,270","37,340","68,805","76,155","48,180","99,045","40,830","182,300","188,055","852,790",21.38,22.05,43.43,"-5,040",-0.59,44.02
2003,TLH2,Bedfordshire and Hertfordshire,"81,180","821,025","39,405","50,205","45,395","40,105","92,340","32,785","135,005","165,230","835,648",16.16,19.77,35.93,"-29,245",-3.44,39.37
2004,TLH2,Bedfordshire and Hertfordshire,"82,530","802,110","27,970","49,520","60,010","60,745","52,725","45,715","137,500","159,185","811,568",16.94,19.61,36.56,"-18,915",-2.30,38.86
2005,TLH2,Bedfordshire and Hertfordshire,"83,815","809,065","30,955","36,515","67,330","54,095","43,640","30,250","134,800","127,985","805,588",16.73,15.89,32.62,"6,955",0.87,31.75
2006,TLH2,Bedfordshire and Hertfordshire,"85,285","805,075","26,770","38,530","63,875","62,135","39,495","31,945","129,175","133,575","807,070",16.01,16.55,32.56,"-3,990",-0.49,33.05
2007,TLH2,Bedfordshire and Hertfordshire,"87,285","808,160","34,550","36,860","59,185","61,480","39,530","27,930","130,595","128,940","806,618",16.19,15.99,32.18,"3,085",0.38,31.79
2008,TLH2,Bedfordshire and Hertfordshire,"87,860","818,075","27,195","33,915","72,305","52,115","34,095","38,515","133,415","124,725","813,118",16.41,15.34,31.75,"9,915",1.23,30.52
2009,TLH2,Bedfordshire and Hertfordshire,"85,930","835,365","26,395","36,640","86,855","53,670","46,855","32,020","149,890","132,545","826,720",18.13,16.03,34.16,"17,290",2.11,32.05
2010,TLH2,Bedfordshire and Hertfordshire,"84,955","799,335","28,095","32,475","62,960","66,540","58,650","35,910","123,530","161,100","817,350",15.11,19.71,34.82,"-36,030",-4.31,39.14
2011,TLH2,Bedfordshire and Hertfordshire,"83,320","788,290","22,745","24,100","54,505","47,645","35,645","31,250","101,350","114,540","793,813",12.77,14.43,27.20,"-11,045",-1.38,28.58
2012,TLH2,Bedfordshire and Hertfordshire,"84,240","805,155","30,225","29,130","71,770","57,055","30,875","28,165","131,125","116,095","796,723",16.46,14.57,31.03,"16,865",2.14,28.89
2013,TLH2,Bedfordshire and Hertfordshire,"88,480","821,425","37,690","32,785","62,600","49,665","37,440","28,230","133,075","115,335","813,290",16.36,14.18,30.54,"16,270",2.02,28.52
2014,TLH2,Bedfordshire and Hertfordshire,"90,185","848,970","30,915","33,880","72,075","44,775","36,350","29,160","136,870","110,285","835,198",16.39,13.20,29.59,"27,545",3.35,26.24
2015,TLH2,Bedfordshire and Hertfordshire,"93,680","901,565","70,765","25,920","71,795","47,545","35,195","32,505","168,480","115,245","875,268",19.25,13.17,32.42,"52,595",6.20,26.22
2016,TLH2,Bedfordshire and Hertfordshire,"101,405","896,520","50,925","25,990","68,495","58,875","27,305","65,885","145,410","152,065","899,043",16.17,16.91,33.09,"-5,045",-0.56,33.65
2017,TLH2,Bedfordshire and Hertfordshire,"108,360","943,625","55,790","26,370","83,615","58,485","25,155","32,145","165,775","115,785","920,073",18.02,12.58,30.60,"47,105",5.25,25.35
2018,TLH2,Bedfordshire and Hertfordshire,"106,285","957,570","37,130","30,915","103,120","59,535","38,790","60,765","171,165","159,090","950,598",18.01,16.74,34.74,"13,945",1.48,33.26
2019,TLH2,Bedfordshire and Hertfordshire,"106,335","963,545","40,880","37,200","81,150","74,090","38,575","38,265","159,230","150,930","960,558",16.58,15.71,32.29,"5,975",0.62,31.67
2020,TLH2,Bedfordshire and Hertfordshire,"104,205","942,810","28,090","27,215","62,460","64,980","29,615","39,465","117,765","134,060","953,178",12.35,14.06,26.42,"-20,735",-2.15,28.57
2021,TLH2,Bedfordshire and Hertfordshire,"103,665","930,875","28,385","23,845","61,430","58,130","37,545","31,485","113,660","127,160","936,843",12.13,13.57,25.71,"-11,935",-1.27,26.97
2022,TLH2,Bedfordshire and Hertfordshire,"103,900","972,910","35,790","32,000","90,775","50,685","33,740","31,105","158,565","115,530","951,893",16.66,12.14,28.79,"42,035",4.52,24.28
2023,TLH2,Bedfordshire and Hertfordshire,"100,995","962,720","30,785","32,950","71,580","60,810","43,960","39,700","135,315","144,470","967,815",13.98,14.93,28.91,"-10,190",-1.05,29.96
2024,TLH2,Bedfordshire and Hertfordshire,"101,455","974,500","26,250","33,730","88,835","61,240","42,545","34,630","148,815","138,415","968,610",15.36,14.29,29.65,"11,780",1.22,28.43
2000,TLJ1,"Berkshire, Buckinghamshire and Oxfordshire","112,470","1,109,855","53,455","124,445","73,515","62,090",0,0,"251,415","62,090",#N/A,#N/A,#N/A,#N/A,#N/A,#N/A,#N/A
2001,TLJ1,"Berkshire, Buckinghamshire and Oxfordshire","116,495","1,261,175","64,420","113,880","118,440","77,350","26,640","42,450","296,740","146,440","1,185,515",25.03,12.35,37.38,"151,320",13.63,23.75
2002,TLJ1,"Berkshire, Buckinghamshire and Oxfordshire","115,820","1,266,140","52,430","116,515","97,875","77,895","114,340","70,845","266,820","263,080","1,263,658",21.11,20.82,41.93,"4,965",0.39,41.54
2003,TLJ1,"Berkshire, Buckinghamshire and Oxfordshire","119,095","1,262,360","45,140","108,870","78,675","60,205","121,275","53,565","232,685","235,045","1,264,250",18.40,18.59,37.00,"-3,780",-0.30,37.30
2004,TLJ1,"Berkshire, Buckinghamshire and Oxfordshire","119,085","1,241,045","49,565","77,990","96,985","90,760","92,860","59,910","224,540","243,530","1,251,703",17.94,19.46,37.39,"-21,315",-1.69,39.08
2005,TLJ1,"Berkshire, Buckinghamshire and Oxfordshire","121,215","1,221,325","54,105","59,820","97,205","82,405","94,810","54,630","211,130","231,845","1,231,185",17.15,18.83,35.98,"-19,720",-1.59,37.57
2006,TLJ1,"Berkshire, Buckinghamshire and Oxfordshire","122,255","1,213,215","48,320","52,100","93,720","95,120","58,870","46,965","194,140","200,955","1,217,270",15.95,16.51,32.46,"-8,110",-0.66,33.12
2007,TLJ1,"Berkshire, Buckinghamshire and Oxfordshire","123,345","1,218,960","41,390","57,440","92,095","80,130","61,690","44,730","190,925","186,550","1,216,088",15.70,15.34,31.04,"5,745",0.47,30.57
2008,TLJ1,"Berkshire, Buckinghamshire and Oxfordshire","124,465","1,228,370","39,875","55,300","96,345","77,300","55,805","47,445","191,520","180,550","1,223,665",15.65,14.75,30.41,"9,410",0.77,29.63
2009,TLJ1,"Berkshire, Buckinghamshire and Oxfordshire","122,850","1,231,855","29,250","52,780","96,340","75,450","56,265","43,335","178,370","175,050","1,230,113",14.50,14.23,28.73,"3,485",0.28,28.45
2010,TLJ1,"Berkshire, Buckinghamshire and Oxfordshire","122,095","1,173,045","36,585","44,605","90,760","96,870","86,260","45,360","171,950","228,490","1,202,450",14.30,19.00,33.30,"-58,810",-4.77,38.08
2011,TLJ1,"Berkshire, Buckinghamshire and Oxfordshire","120,280","1,171,385","35,830","48,645","87,300","78,070","54,255","38,585","171,775","170,910","1,172,215",14.65,14.58,29.23,"-1,660",-0.14,29.38
2012,TLJ1,"Berkshire, Buckinghamshire and Oxfordshire","121,225","1,197,680","36,205","43,470","126,000","87,060","51,065","38,855","205,675","176,980","1,184,533",17.36,14.94,32.30,"26,295",2.24,30.06
2013,TLJ1,"Berkshire, Buckinghamshire and Oxfordshire","125,505","1,213,310","48,535","45,345","100,070","74,220","65,785","37,175","193,950","177,180","1,205,495",16.09,14.70,30.79,"15,630",1.31,29.48
2014,TLJ1,"Berkshire, Buckinghamshire and Oxfordshire","126,840","1,244,955","45,510","44,590","95,770","71,580","47,250","35,425","185,870","154,255","1,229,133",15.12,12.55,27.67,"31,645",2.61,25.06
2015,TLJ1,"Berkshire, Buckinghamshire and Oxfordshire","131,275","1,268,655","48,735","37,425","104,905","73,245","47,535","41,395","191,065","162,175","1,256,805",15.20,12.90,28.11,"23,700",1.90,26.20
2016,TLJ1,"Berkshire, Buckinghamshire and Oxfordshire","135,465","1,294,485","48,450","44,925","100,110","84,765","46,310","36,830","193,485","167,905","1,281,570",15.10,13.10,28.20,"25,830",2.04,26.16
2017,TLJ1,"Berkshire, Buckinghamshire and Oxfordshire","137,680","1,355,225","67,965","36,010","106,085","75,120","33,110","40,220","210,060","148,450","1,324,855",15.86,11.20,27.06,"60,740",4.69,22.37
2018,TLJ1,"Berkshire, Buckinghamshire and Oxfordshire","139,650","1,399,370","93,070","55,375","101,750","86,545","58,275","62,745","250,195","207,565","1,377,298",18.17,15.07,33.24,"44,145",3.26,29.98
2019,TLJ1,"Berkshire, Buckinghamshire and Oxfordshire","140,540","1,392,205","52,870","39,985","100,530","87,450","45,150","68,690","193,385","201,290","1,395,788",13.85,14.42,28.28,"-7,165",-0.51,28.79
2020,TLJ1,"Berkshire, Buckinghamshire and Oxfordshire","141,135","1,376,530","36,095","44,750","102,685","92,210","53,590","58,485","183,530","204,285","1,384,368",13.26,14.76,28.01,"-15,675",-1.13,29.14
2021,TLJ1,"Berkshire, Buckinghamshire and Oxfordshire","140,945","1,370,415","47,900","37,830","86,350","88,390","50,935","34,675","172,080","174,000","1,373,473",12.53,12.67,25.20,"-6,115",-0.44,25.64
2022,TLJ1,"Berkshire, Buckinghamshire and Oxfordshire","141,155","1,371,450","40,300","43,850","98,120","92,855","50,060","49,895","182,270","192,810","1,370,933",13.30,14.06,27.36,"1,035",0.08,27.28
2023,TLJ1,"Berkshire, Buckinghamshire and Oxfordshire","136,200","1,403,255","39,060","63,310","129,015","87,355","61,095","54,470","231,385","202,920","1,387,353",16.68,14.63,31.30,"31,805",2.32,28.99
2024,TLJ1,"Berkshire, Buckinghamshire and Oxfordshire","135,480","1,424,975","35,655","51,995","126,815","89,080","58,780","42,665","214,465","190,525","1,414,115",15.17,13.47,28.64,"21,720",1.55,27.09
2000,TLD6,Cheshire,"39,310","409,130","14,830","42,195","32,255","24,475",0,0,"89,280","24,475",#N/A,#N/A,#N/A,#N/A,#N/A,#N/A,#N/A
2001,TLD6,Cheshire,"41,440","454,620","17,400","43,765","40,100","35,770","5,420","12,865","101,265","54,055","431,875",23.45,12.52,35.96,"45,490",11.12,24.85
2002,TLD6,Cheshire,"41,170","462,940","19,950","42,675","30,985","25,610","38,240","20,340","93,610","84,190","458,780",20.40,18.35,38.75,"8,320",1.83,36.92
2003,TLD6,Cheshire,"42,045","453,255","14,880","30,830","27,330","18,135","48,615","16,410","73,040","83,160","458,098",15.94,18.15,34.10,"-9,685",-2.09,36.19
2004,TLD6,Cheshire,"42,225","457,455","17,360","25,975","37,670","24,870","33,755","18,040","81,005","76,665","455,355",17.79,16.84,34.63,"4,200",0.93,33.70
2005,TLD6,Cheshire,"43,445","461,370","15,480","22,690","38,810","28,505","26,535","17,710","76,980","72,750","459,413",16.76,15.84,32.59,"3,915",0.86,31.74
2006,TLD6,Cheshire,"45,485","475,120","16,905","25,045","37,755","32,565","19,350","14,040","79,705","65,955","468,245",17.02,14.09,31.11,"13,750",2.98,28.13
2007,TLD6,Cheshire,"62,885","490,095","33,240","24,620","31,745","32,985","23,215","17,435","89,605","73,635","482,608",18.57,15.26,33.82,"14,975",3.15,30.67
2008,TLD6,Cheshire,"60,785","486,770","20,045","15,970","37,880","36,680","17,970","21,260","73,895","75,910","488,433",15.13,15.54,30.67,"-3,325",-0.68,31.35
2009,TLD6,Cheshire,"53,270","477,100","11,025","18,805","40,085","26,875","26,080","25,995","69,915","78,950","481,935",14.51,16.38,30.89,"-9,670",-1.99,32.88
2010,TLD6,Cheshire,"50,920","450,205","14,490","18,275","32,805","40,770","30,460","20,840","65,570","92,070","463,653",14.14,19.86,34.00,"-26,895",-5.64,39.64
2011,TLD6,Cheshire,"48,350","448,485","11,625","13,740","33,075","28,315","15,550","16,885","58,440","60,750","449,345",13.01,13.52,26.53,"-1,720",-0.38,26.91
2012,TLD6,Cheshire,"47,430","455,585","13,905","19,955","40,320","34,035","15,640","14,955","74,180","64,630","452,035",16.41,14.30,30.71,"7,100",1.58,29.12
2013,TLD6,Cheshire,"48,910","461,615","18,315","17,130","37,635","32,350","20,075","15,610","73,080","68,035","458,600",15.94,14.84,30.77,"6,030",1.32,29.45
2014,TLD6,Cheshire,"49,010","476,345","15,905","18,915","35,665","27,285","13,555","15,215","70,485","56,055","468,980",15.03,11.95,26.98,"14,730",3.19,23.79
2015,TLD6,Cheshire,"49,855","491,265","18,375","14,695","39,720","27,830","15,130","15,245","72,790","58,205","483,805",15.05,12.03,27.08,"14,920",3.13,23.94
2016,TLD6,Cheshire,"50,765","505,235","15,450","19,895","50,305","32,755","21,935","15,620","85,650","70,310","498,250",17.19,14.11,31.30,"13,970",2.84,28.46
2017,TLD6,Cheshire,"52,585","529,340","28,350","19,115","45,430","32,935","14,990","19,330","92,895","67,255","517,288",17.96,13.00,30.96,"24,105",4.77,26.19
2018,TLD6,Cheshire,"51,020","515,480","15,615","18,425","37,765","34,745","22,180","27,660","71,805","84,585","522,410",13.74,16.19,29.94,"-13,860",-2.62,32.55
2019,TLD6,Cheshire,"50,655","509,765","14,850","20,410","31,995","34,920","16,725","20,475","67,255","72,120","512,623",13.12,14.07,27.19,"-5,715",-1.11,28.30
2020,TLD6,Cheshire,"50,550","514,785","14,180","18,760","33,925","30,580","16,775","16,245","66,865","63,600","512,275",13.05,12.42,25.47,"5,020",0.98,24.48
2021,TLD6,Cheshire,"50,030","514,355","13,495","21,035","33,040","30,025","23,360","15,185","67,570","68,570","514,570",13.13,13.33,26.46,-430,-0.08,26.54
2022,TLD6,Cheshire,"49,255","533,965","14,930","19,785","46,940","32,625","18,240","14,675","81,655","65,540","524,160",15.58,12.50,28.08,"19,610",3.81,24.27
2023,TLD6,Cheshire,"48,310","539,575","12,875","19,960","48,315","32,835","24,540","23,505","81,150","80,880","536,770",15.12,15.07,30.19,"5,610",1.05,29.14
2024,TLD6,Cheshire,"48,275","544,645","14,355","24,130","45,595","36,690","23,925","18,925","84,080","79,540","542,110",15.51,14.67,30.18,"5,070",0.94,29.24
2000,TLK3,Cornwall and Isles of Scilly,"25,465","181,595","8,750","14,880","10,665","10,105",0,0,"34,295","10,105",#N/A,#N/A,#N/A,#N/A,#N/A,#N/A,#N/A
2001,TLK3,Cornwall and Isles of Scilly,"26,890","201,700","7,810","20,495","16,920","13,540","3,595","7,180","45,225","24,315","191,648",23.60,12.69,36.29,"20,105",11.07,25.21
2002,TLK3,Cornwall and Isles of Scilly,"27,550","222,010","9,010","33,350","11,035","10,240","14,655","8,450","53,395","33,345","211,855",25.20,15.74,40.94,"20,310",10.07,30.87
2003,TLK3,Cornwall and Isles of Scilly,"28,485","223,030","9,915","32,540","10,080","8,110","35,900","7,795","52,535","51,805","222,520",23.61,23.28,46.89,"1,020",0.46,46.43
2004,TLK3,Cornwall and Isles of Scilly,"27,805","206,680","8,470","10,020","14,900","10,460","30,095","9,240","33,390","49,795","214,855",15.54,23.18,38.72,"-16,350",-7.33,46.05
2005,TLK3,Cornwall and Isles of Scilly,"27,775","211,700","7,605","10,245","18,885","13,265","9,735","8,890","36,735","31,890","209,190",17.56,15.24,32.81,"5,020",2.43,30.38
2006,TLK3,Cornwall and Isles of Scilly,"28,150","213,880","8,060","8,510","16,400","14,000","7,980","8,910","32,970","30,890","212,790",15.49,14.52,30.01,"2,180",1.03,28.98
2007,TLK3,Cornwall and Isles of Scilly,"28,085","216,970","7,400","12,175","15,685","12,900","9,505","9,960","35,260","32,365","215,425",16.37,15.02,31.39,"3,090",1.44,29.95
2008,TLK3,Cornwall and Isles of Scilly,"28,135","221,445","6,370","7,220","16,445","11,990","5,745","7,845","30,035","25,580","219,208",13.70,11.67,25.37,"4,475",2.06,23.31
2009,TLK3,Cornwall and Isles of Scilly,"27,240","216,140","4,970","6,615","14,305","13,405","8,235","9,395","25,890","31,035","218,793",11.83,14.18,26.02,"-5,305",-2.40,28.41
2010,TLK3,Cornwall and Isles of Scilly,"27,045","210,425","7,130","7,945","14,285","16,110","10,860","7,420","29,360","34,390","213,283",13.77,16.12,29.89,"-5,715",-2.64,32.53
2011,TLK3,Cornwall and Isles of Scilly,"26,680","211,815","5,520","8,155","14,615","12,780","6,265","7,740","28,290","26,785","211,120",13.40,12.69,26.09,"1,390",0.66,25.43
2012,TLK3,Cornwall and Isles of Scilly,"26,515","215,250","5,620","5,070","18,000","14,120","4,485","7,140","28,690","25,745","213,533",13.44,12.06,25.49,"3,435",1.62,23.87
2013,TLK3,Cornwall and Isles of Scilly,"27,175","218,210","7,895","8,575","13,880","13,485","7,350","6,520","30,350","27,355","216,730",14.00,12.62,26.63,"2,960",1.38,25.25
2014,TLK3,Cornwall and Isles of Scilly,"26,835","222,065","7,710","6,635","17,915","11,800","8,740","7,870","32,260","28,410","220,138",14.65,12.91,27.56,"3,855",1.77,25.79
2015,TLK3,Cornwall and Isles of Scilly,"27,130","220,180","7,430","7,875","13,515","15,165","8,220","7,325","28,820","30,710","221,123",13.03,13.89,26.92,"-1,885",-0.85,27.77
2016,TLK3,Cornwall and Isles of Scilly,"27,460","224,410","7,125","7,735","16,090","12,425","6,320","7,170","30,950","25,915","222,295",13.92,11.66,25.58,"4,230",1.92,23.66
2017,TLK3,Cornwall and Isles of Scilly,"27,790","228,465","6,235","8,205","18,225","14,565","6,985","6,900","32,665","28,450","226,438",14.43,12.56,26.99,"4,055",1.81,25.18
2018,TLK3,Cornwall and Isles of Scilly,"27,845","231,420","6,620","12,315","17,215","12,085","13,665","7,185","36,150","32,935","229,943",15.72,14.32,30.04,"2,955",1.29,28.75
2019,TLK3,Cornwall and Isles of Scilly,"28,115","232,095","7,490","5,290","13,910","13,405","4,585","8,055","26,690","26,045","231,758",11.52,11.24,22.75,675,0.29,22.46
2020,TLK3,Cornwall and Isles of Scilly,"28,295","235,740","10,080","5,945","14,145","11,730","7,990","6,915","30,170","26,635","233,918",12.90,11.39,24.28,"3,645",1.57,22.71
2021,TLK3,Cornwall and Isles of Scilly,"28,845","238,890","6,710","6,390","16,430","12,740","7,670","6,030","29,530","26,440","237,315",12.44,11.14,23.58,"3,150",1.34,22.25
2022,TLK3,Cornwall and Isles of Scilly,"29,665","244,125","8,715","11,545","21,045","17,405","5,590","13,540","41,305","36,535","241,508",17.10,15.13,32.23,"5,235",2.19,30.04
2023,TLK3,Cornwall and Isles of Scilly,"29,170","242,285","6,320","9,300","16,860","17,120","8,470","8,295","32,480","33,885","243,205",13.35,13.93,27.29,"-1,840",-0.75,28.04
2024,TLK3,Cornwall and Isles of Scilly,"29,295","244,355","7,045","10,850","16,705","13,695","8,200","9,845","34,600","31,740","243,320",14.22,13.04,27.26,"2,070",0.85,26.41
2000,TLD1,Cumbria,"25,010","202,160","6,375","13,925","11,335","8,560",0,0,"31,635","8,560",#N/A,#N/A,#N/A,#N/A,#N/A,#N/A,#N/A
2001,TLD1,Cumbria,"25,805","222,495","7,085","17,545","16,895","12,565","2,780","5,775","41,525","21,120","212,328",19.56,9.95,29.50,"20,335",10.06,19.45
2002,TLD1,Cumbria,"26,085","227,480","7,630","16,545","14,440","12,015","14,675","7,530","38,615","34,220","224,988",17.16,15.21,32.37,"4,985",2.24,30.13
2003,TLD1,Cumbria,"27,220","228,025","8,780","14,075","14,700","9,430","21,925","7,130","37,555","38,485","227,753",16.49,16.90,33.39,545,0.24,33.15
2004,TLD1,Cumbria,"28,355","227,495","8,385","9,785","16,130","14,835","11,785","8,015","34,300","34,635","227,760",15.06,15.21,30.27,-530,-0.23,30.50
2005,TLD1,Cumbria,"28,575","224,445","7,395","8,670","14,750","12,100","14,535","7,280","30,815","33,915","225,970",13.64,15.01,28.65,"-3,050",-1.34,29.99
2006,TLD1,Cumbria,"29,390","227,980","8,990","8,885","14,230","12,925","8,575","6,910","32,105","28,410","226,213",14.19,12.56,26.75,"3,535",1.57,25.18
2007,TLD1,Cumbria,"29,510","232,890","6,865","14,385","15,255","11,915","11,115","8,470","36,505","31,500","230,435",15.84,13.67,29.51,"4,910",2.15,27.36
2008,TLD1,Cumbria,"28,425","234,875","5,795","6,230","16,895","12,035","6,700","8,125","28,920","26,860","233,883",12.37,11.48,23.85,"1,985",0.85,23.00
2009,TLD1,Cumbria,"27,755","235,510","4,730","5,640","15,670","11,590","5,915","7,840","26,040","25,345","235,193",11.07,10.78,21.85,635,0.27,21.58
2010,TLD1,Cumbria,"27,140","232,250","5,710","7,125","14,925","14,725","9,290","7,230","27,760","31,245","233,880",11.87,13.36,25.23,"-3,260",-1.38,26.61
2011,TLD1,Cumbria,"26,385","229,640","5,095","4,935","12,375","12,750","4,860","7,125","22,405","24,735","230,945",9.70,10.71,20.41,"-2,610",-1.12,21.54
2012,TLD1,Cumbria,"26,395","227,130","5,280","9,215","15,255","20,680","5,385","6,425","29,750","32,490","228,385",13.03,14.23,27.25,"-2,510",-1.09,28.35
2013,TLD1,Cumbria,"26,810","235,240","7,055","10,675","17,405","11,785","9,880","5,345","35,135","27,010","231,185",15.20,11.68,26.88,"8,110",3.57,23.31
2014,TLD1,Cumbria,"26,915","239,685","7,385","6,985","15,840","13,070","6,970","5,800","30,210","25,840","237,463",12.72,10.88,23.60,"4,445",1.89,21.71
2015,TLD1,Cumbria,"27,420","241,200","5,955","5,930","15,035","13,660","4,200","6,770","26,920","24,630","240,443",11.20,10.24,21.44,"1,515",0.63,20.81
2016,TLD1,Cumbria,"27,475","243,615","5,665","6,955","16,450","12,250","8,275","5,955","29,070","26,480","242,408",11.99,10.92,22.92,"2,415",1.00,21.91
2017,TLD1,Cumbria,"27,300","244,370","5,995","5,015","12,635","12,795","4,000","5,880","23,645","22,675","243,993",9.69,9.29,18.98,755,0.31,18.67
2018,TLD1,Cumbria,"27,185","247,090","5,365","8,385","14,610","12,005","7,235","6,465","28,360","25,705","245,730",11.54,10.46,22.00,"2,720",1.11,20.89
2019,TLD1,Cumbria,"27,030","248,895","5,300","4,915","12,890","11,365","3,740","6,005","23,105","21,110","247,993",9.32,8.51,17.83,"1,805",0.73,17.10
2020,TLD1,Cumbria,"26,855","251,135","6,115","6,260","13,220","12,370","5,920","6,060","25,595","24,350","250,015",10.24,9.74,19.98,"2,240",0.90,19.08
2021,TLD1,Cumbria,"26,640","242,140","5,380","5,510","13,160","15,360","11,850","5,670","24,050","32,880","246,638",9.75,13.33,23.08,"-8,995",-3.58,26.66
2022,TLD1,Cumbria,"26,215","246,450","6,190","5,470","17,980","11,830","6,385","7,570","29,640","25,785","244,295",12.13,10.55,22.69,"4,310",1.78,20.91
2023,TLD1,Cumbria,"25,490","244,860","6,615","6,115","18,335","12,780","12,770","7,150","31,065","32,700","245,655",12.65,13.31,25.96,"-1,590",-0.65,26.60
2024,TLD1,Cumbria,"25,595","248,245","4,630","7,390","16,805","11,245","6,620","8,415","28,825","26,280","246,553",11.69,10.66,22.35,"3,385",1.38,20.97
2000,TLF1,Derbyshire and Nottinghamshire,"72,630","820,095","37,525","76,550","57,205","45,525",0,0,"171,280","45,525",#N/A,#N/A,#N/A,#N/A,#N/A,#N/A,#N/A
2001,TLF1,Derbyshire and Nottinghamshire,"77,355","933,065","34,110","115,380","78,765","57,830","20,020","37,645","228,255","115,495","876,580",26.04,13.18,39.21,"112,970",13.78,25.44
2002,TLF1,Derbyshire and Nottinghamshire,"79,800","996,810","32,610","172,105","49,350","50,410","104,790","34,990","254,065","190,190","964,938",26.33,19.71,46.04,"63,745",6.83,39.21
2003,TLF1,Derbyshire and Nottinghamshire,"79,550","930,190","27,815","86,915","49,380","40,670","150,355","38,115","164,110","229,140","963,500",17.03,23.78,40.81,"-66,620",-6.68,47.50
2004,TLF1,Derbyshire and Nottinghamshire,"79,840","916,280","30,200","60,000","75,680","55,930","89,445","33,785","165,880","179,160","923,235",17.97,19.41,37.37,"-13,910",-1.50,38.87
2005,TLF1,Derbyshire and Nottinghamshire,"81,605","904,455","29,255","38,705","68,910","53,795","61,175","33,655","136,870","148,625","910,368",15.03,16.33,31.36,"-11,825",-1.29,32.65
2006,TLF1,Derbyshire and Nottinghamshire,"83,545","912,400","33,920","35,940","67,960","65,145","35,865","28,200","137,820","129,210","908,428",15.17,14.22,29.39,"7,945",0.88,28.52
2007,TLF1,Derbyshire and Nottinghamshire,"84,010","921,355","24,415","38,675","65,075","55,125","33,690","29,915","128,165","118,730","916,878",13.98,12.95,26.93,"8,955",0.98,25.95
2008,TLF1,Derbyshire and Nottinghamshire,"84,010","933,155","22,555","41,275","67,320","60,065","32,075","27,105","131,150","119,245","927,255",14.14,12.86,27.00,"11,800",1.28,25.72
2009,TLF1,Derbyshire and Nottinghamshire,"82,245","919,660","17,795","34,980","68,585","71,220","32,350","32,140","121,360","135,710","926,408",13.10,14.65,27.75,"-13,495",-1.45,29.20
2010,TLF1,Derbyshire and Nottinghamshire,"81,165","883,930","23,910","34,085","64,185","75,830","50,630","31,365","122,180","157,825","901,795",13.55,17.50,31.05,"-35,730",-3.89,34.93
2011,TLF1,Derbyshire and Nottinghamshire,"78,505","886,690","20,740","30,025","69,080","49,250","38,475","29,185","119,845","116,910","885,310",13.54,13.21,26.74,"2,760",0.31,26.43
2012,TLF1,Derbyshire and Nottinghamshire,"77,930","905,930","20,940","34,690","88,065","63,315","34,110","27,115","143,695","124,540","896,310",16.03,13.89,29.93,"19,240",2.17,27.76
2013,TLF1,Derbyshire and Nottinghamshire,"80,915","917,330","27,815","33,345","69,555","61,270","32,190","25,735","130,715","119,195","911,630",14.34,13.07,27.41,"11,400",1.26,26.16
2014,TLF1,Derbyshire and Nottinghamshire,"80,785","935,385","23,390","40,620","71,130","53,835","37,145","24,740","135,140","115,720","926,358",14.59,12.49,27.08,"18,055",1.97,25.11
2015,TLF1,Derbyshire and Nottinghamshire,"84,650","943,220","39,735","28,110","64,310","70,570","28,110","24,680","132,155","123,360","939,303",14.07,13.13,27.20,"7,835",0.84,26.37
2016,TLF1,Derbyshire and Nottinghamshire,"87,270","960,585","32,295","26,215","83,240","67,015","30,465","27,890","141,750","125,370","951,903",14.89,13.17,28.06,"17,365",1.84,26.22
2017,TLF1,Derbyshire and Nottinghamshire,"87,545","968,590","30,120","31,605","69,900","66,150","21,615","36,535","131,625","124,300","964,588",13.65,12.89,26.53,"8,005",0.83,25.70
2018,TLF1,Derbyshire and Nottinghamshire,"86,895","948,550","32,055","30,115","68,580","84,425","35,615","31,870","130,750","151,910","958,570",13.64,15.85,29.49,"-20,040",-2.07,31.56
2019,TLF1,Derbyshire and Nottinghamshire,"87,485","966,965","29,995","29,660","73,780","57,310","28,480","29,950","133,435","115,740","957,758",13.93,12.08,26.02,"18,415",1.94,24.08
2020,TLF1,Derbyshire and Nottinghamshire,"87,595","966,190","25,015","36,195","61,390","57,000","36,220","31,170","122,600","124,390","966,578",12.68,12.87,25.55,-775,-0.08,25.63
2021,TLF1,Derbyshire and Nottinghamshire,"89,370","959,975","25,175","23,185","55,220","58,915","27,530","21,135","103,580","107,580","963,083",10.76,11.17,21.93,"-6,215",-0.64,22.57
2022,TLF1,Derbyshire and Nottinghamshire,"91,440","983,210","30,185","38,780","76,270","63,990","28,580","29,495","145,235","122,065","971,593",14.95,12.56,27.51,"23,235",2.42,25.09
2023,TLF1,Derbyshire and Nottinghamshire,"89,740","991,530","23,875","44,870","82,935","67,375","44,275","35,785","151,680","147,435","987,370",15.36,14.93,30.29,"8,320",0.85,29.45
2024,TLF1,Derbyshire and Nottinghamshire,"87,660","994,375","29,340","38,175","77,010","57,475","42,185","41,790","144,525","141,450","992,953",14.56,14.25,28.80,"2,845",0.29,28.51
2000,TLK4,Devon,"50,245","438,965","17,355","44,110","29,150","21,255",0,0,"90,615","21,255",#N/A,#N/A,#N/A,#N/A,#N/A,#N/A,#N/A
2001,TLK4,Devon,"53,565","523,040","20,190","72,190","41,215","25,770","7,330","15,845","133,595","48,945","481,003",27.77,10.18,37.95,"84,075",19.15,18.80
2002,TLK4,Devon,"54,160","524,720","20,490","72,095","28,835","31,530","68,530","20,795","121,420","120,855","523,880",23.18,23.07,46.25,"1,680",0.32,45.93
2003,TLK4,Devon,"54,855","494,170","18,900","31,690","25,440","18,240","69,670","19,000","76,030","106,910","509,445",14.92,20.99,35.91,"-30,550",-5.82,41.73
2004,TLK4,Devon,"55,995","508,660","19,475","27,010","49,820","31,875","30,405","19,680","96,305","81,960","501,415",19.21,16.35,35.55,"14,490",2.93,32.62
2005,TLK4,Devon,"55,890","506,005","16,905","21,985","44,585","28,985","38,025","18,995","83,475","86,005","507,333",16.45,16.95,33.41,"-2,655",-0.52,33.93
2006,TLK4,Devon,"56,165","494,120","15,110","14,280","36,720","33,455","26,840","17,900","66,110","78,195","500,063",13.22,15.64,28.86,"-11,885",-2.35,31.21
2007,TLK4,Devon,"56,325","505,825","15,260","27,440","38,235","26,915","24,235","18,480","80,935","69,630","499,973",16.19,13.93,30.11,"11,705",2.37,27.75
2008,TLK4,Devon,"55,940","502,435","13,215","17,520","35,930","35,635","18,075","16,545","66,665","70,255","504,130",13.22,13.94,27.16,"-3,390",-0.67,27.83
2009,TLK4,Devon,"54,240","498,475","10,750","17,125","37,035","31,765","19,115","18,165","64,910","69,045","500,455",12.97,13.80,26.77,"-3,960",-0.79,27.55
2010,TLK4,Devon,"53,830","493,845","13,275","26,115","30,210","35,565","22,560","16,555","69,600","74,680","496,160",14.03,15.05,29.08,"-4,630",-0.93,30.01
2011,TLK4,Devon,"52,635","487,930","13,075","14,060","28,395","28,805","15,830","16,850","55,530","61,485","490,888",11.31,12.53,23.84,"-5,915",-1.20,25.04
2012,TLK4,Devon,"52,155","483,970","15,195","15,520","37,210","31,395","15,660","25,615","67,925","72,670","485,950",13.98,14.95,28.93,"-3,960",-0.81,29.74
2013,TLK4,Devon,"53,680","491,895","14,760","18,950","32,625","28,195","14,030","16,065","66,335","58,290","487,933",13.60,11.95,25.54,"7,925",1.64,23.90
2014,TLK4,Devon,"53,275","498,680","12,065","11,675","36,195","25,445","13,155","14,690","59,935","53,290","495,288",12.10,10.76,22.86,"6,785",1.38,21.48
2015,TLK4,Devon,"53,870","501,885","14,495","13,355","32,055","26,780","14,765","15,405","59,905","56,950","500,283",11.97,11.38,23.36,"3,205",0.64,22.72
2016,TLK4,Devon,"54,710","504,185","14,250","14,870","33,030","30,840","14,755","15,330","62,150","60,925","503,035",12.36,12.11,24.47,"2,300",0.46,24.01
2017,TLK4,Devon,"55,080","506,565","12,905","14,490","28,970","26,280","12,680","15,305","56,365","54,265","505,375",11.15,10.74,21.89,"2,380",0.47,21.42
2018,TLK4,Devon,"55,190","511,000","13,370","16,560","33,155","27,730","16,330","14,590","63,085","58,650","508,783",12.40,11.53,23.93,"4,435",0.88,23.05
2019,TLK4,Devon,"55,360","518,045","15,650","13,165","31,785","25,650","11,985","16,370","60,600","54,005","514,523",11.78,10.50,22.27,"7,045",1.38,20.90
2020,TLK4,Devon,"55,770","517,505","12,470","13,660","31,840","27,935","12,635","18,165","57,970","58,735","517,775",11.20,11.34,22.54,-540,-0.10,22.64
2021,TLK4,Devon,"56,865","517,795","14,265","13,220","32,165","30,685","16,070","12,600","59,650","59,355","517,650",11.52,11.47,22.99,290,0.06,22.93
2022,TLK4,Devon,"57,660","528,765","14,825","12,915","37,155","26,465","13,010","14,910","64,895","54,385","523,280",12.40,10.39,22.79,"10,970",2.12,20.68
2023,TLK4,Devon,"56,940","533,675","12,045","18,760","45,000","27,035","25,410","18,895","75,805","71,340","531,220",14.27,13.43,27.70,"4,910",0.93,26.77
2024,TLK4,Devon,"56,720","533,445","12,520","20,675","35,420","28,445","22,135","17,900","68,615","68,480","533,560",12.86,12.83,25.69,-230,-0.04,25.74
2000,TLK2,Dorset and Somerset,"58,015","475,010","21,060","44,425","30,670","22,335",0,0,"96,155","22,335",#N/A,#N/A,#N/A,#N/A,#N/A,#N/A,#N/A
2001,TLK2,Dorset and Somerset,"60,740","540,285","23,585","50,245","49,830","29,510","9,570","18,420","123,660","57,500","507,648",24.36,11.33,35.69,"65,275",13.74,21.94
2002,TLK2,Dorset and Somerset,"60,550","539,185","19,710","46,840","35,045","27,910","48,805","26,050","101,595","102,765","539,735",18.82,19.04,37.86,"-1,100",-0.20,38.07
2003,TLK2,Dorset and Somerset,"62,500","537,360","22,945","31,960","32,150","21,850","45,895","21,420","87,055","89,165","538,273",16.17,16.57,32.74,"-1,825",-0.34,33.08
2004,TLK2,Dorset and Somerset,"63,190","535,300","21,680","28,425","32,285","28,920","30,250","25,055","82,390","84,225","536,330",15.36,15.70,31.07,"-2,060",-0.38,31.45
2005,TLK2,Dorset and Somerset,"63,695","536,680","17,965","25,325","39,345","34,245","26,155","20,715","82,635","81,115","535,990",15.42,15.13,30.55,"1,380",0.26,30.29
2006,TLK2,Dorset and Somerset,"64,435","539,435","19,220","16,445","39,610","31,250","22,015","19,250","75,275","72,515","538,058",13.99,13.48,27.47,"2,755",0.51,26.95
2007,TLK2,Dorset and Somerset,"64,445","553,095","20,120","26,305","41,590","29,745","22,425","21,730","88,015","73,900","546,265",16.11,13.53,29.64,"13,660",2.53,27.11
2008,TLK2,Dorset and Somerset,"64,490","555,720","15,665","20,965","40,185","34,785","19,090","20,705","76,815","74,580","554,408",13.86,13.45,27.31,"2,625",0.47,26.83
2009,TLK2,Dorset and Somerset,"62,990","564,935","12,725","22,865","42,090","28,710","17,325","21,645","77,680","67,680","560,328",13.86,12.08,25.94,"9,215",1.66,24.28
2010,TLK2,Dorset and Somerset,"62,900","543,935","18,075","17,015","35,485","42,550","29,925","19,190","70,575","91,665","554,435",12.73,16.53,29.26,"-21,000",-3.72,32.98
2011,TLK2,Dorset and Somerset,"61,345","543,815","13,575","12,480","37,175","31,910","12,730","19,105","63,230","63,745","543,875",11.63,11.72,23.35,-120,-0.02,23.37
2012,TLK2,Dorset and Somerset,"60,910","543,645","14,985","21,440","44,135","42,090","20,480","18,040","80,560","80,610","543,730",14.82,14.83,29.64,-170,-0.03,29.67
2013,TLK2,Dorset and Somerset,"62,740","549,095","19,360","16,160","38,920","35,535","16,810","16,700","74,440","69,045","546,370",13.62,12.64,26.26,"5,450",1.00,25.26
2014,TLK2,Dorset and Somerset,"62,995","552,880","14,750","15,420","36,335","29,715","15,045","17,075","66,505","61,835","550,988",12.07,11.22,23.29,"3,785",0.69,22.60
2015,TLK2,Dorset and Somerset,"63,825","564,835","20,995","13,635","40,640","31,540","15,405","16,505","75,270","63,450","558,858",13.47,11.35,24.82,"11,955",2.16,22.66
2016,TLK2,Dorset and Somerset,"64,885","569,230","17,865","13,540","39,930","31,135","19,860","16,145","71,335","67,140","567,033",12.58,11.84,24.42,"4,395",0.78,23.64
2017,TLK2,Dorset and Somerset,"65,435","579,380","15,765","17,785","39,490","29,810","15,185","18,120","73,040","63,115","574,305",12.72,10.99,23.71,"10,150",1.78,21.92
2018,TLK2,Dorset and Somerset,"65,580","585,720","16,695","16,750","41,855","31,925","18,785","18,305","75,300","69,015","582,550",12.93,11.85,24.77,"6,340",1.09,23.68
2019,TLK2,Dorset and Somerset,"66,255","591,365","16,895","14,655","36,975","29,480","14,340","18,565","68,525","62,385","588,543",11.64,10.60,22.24,"5,645",0.96,21.28
2020,TLK2,Dorset and Somerset,"66,495","587,710","13,770","18,055","36,415","36,785","18,685","17,510","68,240","72,980","589,538",11.58,12.38,23.95,"-3,655",-0.62,24.57
2021,TLK2,Dorset and Somerset,"67,125","577,910","14,745","14,265","34,160","39,380","17,500","16,765","63,170","73,645","582,810",10.84,12.64,23.48,"-9,800",-1.67,25.14
2022,TLK2,Dorset and Somerset,"68,055","586,285","19,790","16,600","40,045","35,220","16,455","17,365","76,435","69,040","582,098",13.13,11.86,24.99,"8,375",1.45,23.54
2023,TLK2,Dorset and Somerset,"67,145","594,955","15,595","22,830","45,465","32,965","24,045","22,100","83,890","79,110","590,620",14.20,13.39,27.60,"8,670",1.48,26.12
2024,TLK2,Dorset and Somerset,"66,425","595,385","14,315","21,270","44,525","33,270","23,940","22,020","80,110","79,230","595,170",13.46,13.31,26.77,430,0.07,26.70
2000,TLH1,East Anglia,"101,400","943,605","36,270","113,075","62,835","53,335",0,0,"212,180","53,335",#N/A,#N/A,#N/A,#N/A,#N/A,#N/A,#N/A
2001,TLH1,East Anglia,"108,305","1,082,935","31,440","135,810","88,095","64,180","19,520","31,175","255,345","114,875","1,013,270",25.20,11.34,36.54,"139,330",14.77,21.77
2002,TLH1,East Anglia,"108,210","1,108,110","45,820","116,200","74,205","58,075","113,620","39,040","236,225","210,735","1,095,523",21.56,19.24,40.80,"25,175",2.32,38.47
2003,TLH1,East Anglia,"108,765","1,081,755","38,430","83,790","67,935","55,505","126,935","33,885","190,155","216,325","1,094,933",17.37,19.76,37.12,"-26,355",-2.38,39.50
2004,TLH1,East Anglia,"110,580","1,061,775","36,765","65,860","73,405","67,220","74,345","54,260","176,030","195,825","1,071,765",16.42,18.27,34.70,"-19,980",-1.85,36.54
2005,TLH1,East Anglia,"110,815","1,065,885","33,975","49,755","89,890","73,150","60,240","36,950","173,620","170,340","1,063,830",16.32,16.01,32.33,"4,110",0.39,31.95
2006,TLH1,East Anglia,"112,080","1,065,265","33,370","45,415","77,300","77,295","43,075","35,770","156,085","156,140","1,065,575",14.65,14.65,29.30,-620,-0.06,29.36
2007,TLH1,East Anglia,"112,845","1,095,820","33,805","47,300","90,040","65,545","40,195","34,675","171,145","140,415","1,080,543",15.84,12.99,28.83,"30,555",2.87,25.97
2008,TLH1,East Anglia,"111,965","1,089,630","24,325","37,025","82,280","77,395","38,515","34,765","143,630","150,675","1,092,725",13.14,13.79,26.93,"-6,190",-0.56,27.50
2009,TLH1,East Anglia,"109,755","1,086,615","24,185","35,520","88,795","72,850","40,990","37,395","148,500","151,235","1,088,123",13.65,13.90,27.55,"-3,015",-0.28,27.82
2010,TLH1,East Anglia,"108,320","1,063,965","28,045","38,605","78,040","80,065","55,265","35,785","144,690","171,115","1,075,290",13.46,15.91,29.37,"-22,650",-2.08,31.45
2011,TLH1,East Anglia,"105,715","1,060,345","28,550","23,475","65,815","63,230","24,785","33,975","117,840","121,990","1,062,155",11.09,11.49,22.58,"-3,620",-0.34,22.92
2012,TLH1,East Anglia,"105,245","1,072,695","30,930","30,435","86,890","67,270","36,110","32,055","148,255","135,435","1,066,520",13.90,12.70,26.60,"12,350",1.16,25.43
2013,TLH1,East Anglia,"109,435","1,089,130","35,185","43,580","75,065","64,495","45,690","30,000","153,830","140,185","1,080,913",14.23,12.97,27.20,"16,435",1.53,25.67
2014,TLH1,East Anglia,"109,780","1,106,265","29,755","36,530","80,350","61,660","38,435","29,330","146,635","129,425","1,097,698",13.36,11.79,25.15,"17,135",1.57,23.58
2015,TLH1,East Anglia,"111,695","1,129,150","40,950","39,185","80,920","64,930","42,580","30,575","161,055","138,085","1,117,708",14.41,12.35,26.76,"22,885",2.07,24.70
2016,TLH1,East Anglia,"113,940","1,156,840","50,280","35,420","83,585","68,850","41,695","31,625","169,285","142,170","1,142,995",14.81,12.44,27.25,"27,690",2.45,24.80
2017,TLH1,East Anglia,"115,875","1,169,205","35,515","36,505","83,315","63,970","30,180","49,890","155,335","144,040","1,163,023",13.36,12.38,25.74,"12,365",1.07,24.67
2018,TLH1,East Anglia,"117,195","1,178,930","35,030","37,870","79,380","69,860","40,340","32,345","152,280","142,545","1,174,068",12.97,12.14,25.11,"9,725",0.83,24.28
2019,TLH1,East Anglia,"117,725","1,187,950","29,450","38,650","89,245","73,085","37,800","34,005","157,345","144,890","1,183,440",13.30,12.24,25.54,"9,020",0.77,24.77
2020,TLH1,East Anglia,"118,315","1,195,185","27,400","41,160","73,635","65,050","36,985","33,580","142,195","135,615","1,191,568",11.93,11.38,23.31,"7,235",0.61,22.71
2021,TLH1,East Anglia,"120,145","1,184,090","30,400","31,480","65,885","71,615","41,245","26,800","127,765","139,660","1,189,638",10.74,11.74,22.48,"-11,095",-0.93,23.41
2022,TLH1,East Anglia,"121,630","1,207,495","33,650","36,735","84,685","62,450","37,335","33,405","155,070","133,190","1,195,793",12.97,11.14,24.11,"23,405",1.98,22.13
2023,TLH1,East Anglia,"118,955","1,218,340","31,495","42,120","92,565","73,380","41,500","39,760","166,180","154,640","1,212,918",13.70,12.75,26.45,"10,845",0.90,25.55
2024,TLH1,East Anglia,"119,190","1,243,385","40,650","46,440","93,005","67,650","49,005","38,170","180,095","154,825","1,230,863",14.63,12.58,27.21,"25,045",2.06,25.15
2000,TLL2,East Wales,"45,650","479,175","15,615","60,280","27,505","26,370",0,0,"103,400","26,370",#N/A,#N/A,#N/A,#N/A,#N/A,#N/A,#N/A
2001,TLL2,East Wales,"47,350","529,635","16,835","52,840","41,935","32,125","10,690","18,870","111,610","61,685","504,405",22.13,12.23,34.36,"50,460",10.53,23.83
2002,TLL2,East Wales,"47,305","558,100","16,160","84,745","33,290","33,430","52,290","20,535","134,195","106,255","543,868",24.67,19.54,44.21,"28,465",5.37,38.84
2003,TLL2,East Wales,"48,365","529,450","16,865","43,930","35,560","29,815","77,650","18,645","96,355","126,110","543,775",17.72,23.19,40.91,"-28,650",-5.13,46.04
2004,TLL2,East Wales,"48,970","531,800","16,090","33,200","42,610","30,000","39,230","18,410","91,900","87,640","530,625",17.32,16.52,33.84,"2,350",0.44,33.39
2005,TLL2,East Wales,"49,645","529,765","14,720","22,605","42,880","37,030","29,670","15,575","80,205","82,275","530,783",15.11,15.50,30.61,"-2,035",-0.38,30.99
2006,TLL2,East Wales,"50,065","526,340","14,370","25,770","37,135","36,755","28,245","16,235","77,275","81,235","528,053",14.63,15.38,30.02,"-3,425",-0.65,30.66
2007,TLL2,East Wales,"49,955","549,435","13,670","30,550","52,180","39,705","16,225","17,025","96,400","72,955","537,888",17.92,13.56,31.49,"23,095",4.39,27.10
2008,TLL2,East Wales,"49,590","546,895","12,085","24,210","43,770","36,455","29,435","16,305","80,065","82,195","548,165",14.61,14.99,29.60,"-2,540",-0.46,30.06
2009,TLL2,East Wales,"48,625","539,290","10,010","19,835","42,755","39,865","22,285","17,315","72,600","79,465","543,093",13.37,14.63,28.00,"-7,605",-1.39,29.39
2010,TLL2,East Wales,"48,310","518,190","12,885","21,770","38,795","47,030","30,645","17,055","73,450","94,730","528,740",13.89,17.92,31.81,"-21,100",-3.91,35.72
2011,TLL2,East Wales,"46,855","518,030","10,320","13,600","37,855","29,455","18,230","15,110","61,775","62,795","518,110",11.92,12.12,24.04,-160,-0.03,24.07
2012,TLL2,East Wales,"46,555","523,075","10,890","17,800","48,925","39,215","18,370","14,775","77,615","72,360","520,553",14.91,13.90,28.81,"5,045",0.97,27.84
2013,TLL2,East Wales,"48,255","533,855","17,510","21,235","42,685","37,380","19,765","13,530","81,430","70,675","528,465",15.41,13.37,28.78,"10,780",2.06,26.72
2014,TLL2,East Wales,"48,605","533,010","12,335","15,445","37,705","34,190","17,360","14,550","65,485","66,100","533,433",12.28,12.39,24.67,-845,-0.16,24.83
2015,TLL2,East Wales,"49,630","537,005","15,605","12,135","41,475","32,245","19,070","15,095","69,215","66,410","535,008",12.94,12.41,25.35,"3,995",0.75,24.60
2016,TLL2,East Wales,"50,735","544,085","12,980","17,210","44,505","37,790","16,330","13,990","74,695","68,110","540,545",13.82,12.60,26.42,"7,080",1.32,25.10
2017,TLL2,East Wales,"51,205","554,340","14,505","14,880","41,080","34,225","12,135","13,700","70,465","60,060","549,213",12.83,10.94,23.77,"10,255",1.88,21.88
2018,TLL2,East Wales,"52,645","568,665","18,990","16,940","37,315","32,140","13,420","13,995","73,245","59,555","561,503",13.04,10.61,23.65,"14,325",2.58,21.07
2019,TLL2,East Wales,"52,765","572,410","14,280","15,070","39,995","36,345","13,400","15,945","69,345","65,690","570,538",12.15,11.51,23.67,"3,745",0.66,23.01
2020,TLL2,East Wales,"52,280","571,175","14,450","19,840","36,370","36,990","18,230","18,420","70,660","73,640","571,793",12.36,12.88,25.24,"-1,235",-0.22,25.45
2021,TLL2,East Wales,"53,610","569,655","15,330","17,105","30,965","36,190","17,405","13,025","63,400","66,620","570,415",11.11,11.68,22.79,"-1,520",-0.27,23.06
2022,TLL2,East Wales,"53,810","575,325","17,270","20,855","43,665","41,410","18,480","15,690","81,790","75,580","572,490",14.29,13.20,27.49,"5,670",1.00,26.49
2023,TLL2,East Wales,"52,250","579,050","13,080","28,765","46,210","35,425","30,285","19,460","88,055","85,170","577,188",15.26,14.76,30.01,"3,725",0.65,29.36
2024,TLL2,East Wales,"51,875","590,070","16,765","21,970","45,855","32,195","22,035","19,105","84,590","73,335","584,560",14.47,12.55,27.02,"11,020",1.90,25.11
2000,TLE1,East Yorkshire and Northern Lincolnshire,"33,180","359,120","10,780","28,600","22,050","19,560",0,0,"61,430","19,560",#N/A,#N/A,#N/A,#N/A,#N/A,#N/A,#N/A
2001,TLE1,East Yorkshire and Northern Lincolnshire,"34,305","387,270","10,965","26,160","36,355","24,340","7,125","13,040","73,480","44,505","373,195",19.69,11.93,31.61,"28,150",7.84,23.78
2002,TLE1,East Yorkshire and Northern Lincolnshire,"34,565","399,635","16,220","28,835","28,525","20,105","27,590","13,125","73,580","60,820","393,453",18.70,15.46,34.16,"12,365",3.19,30.97
2003,TLE1,East Yorkshire and Northern Lincolnshire,"36,030","391,270","12,935","22,240","21,630","19,540","28,980","16,760","56,805","65,280","395,453",14.36,16.51,30.87,"-8,365",-2.09,32.97
2004,TLE1,East Yorkshire and Northern Lincolnshire,"36,750","395,780","14,290","22,430","29,225","25,435","21,390","14,320","65,945","61,145","393,525",16.76,15.54,32.30,"4,510",1.15,31.14
2005,TLE1,East Yorkshire and Northern Lincolnshire,"37,310","402,070","13,655","16,445","31,815","27,310","16,545","12,185","61,915","56,040","398,925",15.52,14.05,29.57,"6,290",1.59,27.98
2006,TLE1,East Yorkshire and Northern Lincolnshire,"37,610","396,365","11,990","13,500","28,230","30,305","14,930","13,755","53,720","58,990","399,218",13.46,14.78,28.23,"-5,705",-1.42,29.65
2007,TLE1,East Yorkshire and Northern Lincolnshire,"38,000","408,190","11,330","31,680","26,850","26,725","16,745","13,715","69,860","57,185","402,278",17.37,14.22,31.58,"11,825",2.98,28.60
2008,TLE1,East Yorkshire and Northern Lincolnshire,"37,505","396,545","11,095","14,685","26,620","24,265","25,335","13,940","52,400","63,540","402,368",13.02,15.79,28.81,"-11,645",-2.85,31.67
2009,TLE1,East Yorkshire and Northern Lincolnshire,"37,050","396,140","8,860","22,725","27,035","24,710","20,805","13,485","58,620","59,000","396,343",14.79,14.89,29.68,-405,-0.10,29.78
2010,TLE1,East Yorkshire and Northern Lincolnshire,"35,765","381,950","9,910","15,460","27,080","28,360","23,430","14,285","52,450","66,075","389,045",13.48,16.98,30.47,"-14,190",-3.58,34.05
2011,TLE1,East Yorkshire and Northern Lincolnshire,"34,590","380,390","9,005","11,980","22,835","20,340","11,660","13,190","43,820","45,190","381,170",11.50,11.86,23.35,"-1,560",-0.41,23.76
2012,TLE1,East Yorkshire and Northern Lincolnshire,"34,100","378,325","10,830","17,150","28,275","27,275","19,100","11,595","56,255","57,970","379,358",14.83,15.28,30.11,"-2,065",-0.54,30.65
2013,TLE1,East Yorkshire and Northern Lincolnshire,"35,310","382,180","12,995","13,985","25,780","22,830","13,590","12,020","52,760","48,440","380,253",13.87,12.74,26.61,"3,855",1.02,25.59
2014,TLE1,East Yorkshire and Northern Lincolnshire,"35,330","381,150","9,895","9,690","23,485","21,550","10,665","12,090","43,070","44,305","381,665",11.28,11.61,22.89,"-1,030",-0.27,23.16
2015,TLE1,East Yorkshire and Northern Lincolnshire,"35,620","386,005","10,420","10,650","26,830","21,135","11,845","9,850","47,900","42,830","383,578",12.49,11.17,23.65,"4,855",1.27,22.38
2016,TLE1,East Yorkshire and Northern Lincolnshire,"36,890","393,560","10,995","15,510","27,860","21,250","15,190","10,150","54,365","46,590","389,783",13.95,11.95,25.90,"7,555",1.96,23.94
2017,TLE1,East Yorkshire and Northern Lincolnshire,"37,055","399,270","13,395","11,090","24,375","22,505","8,875","11,150","48,860","42,530","396,415",12.33,10.73,23.05,"5,710",1.45,21.60
2018,TLE1,East Yorkshire and Northern Lincolnshire,"36,820","411,165","16,800","15,195","29,175","21,260","13,280","14,975","61,170","49,515","405,218",15.10,12.22,27.31,"11,895",2.98,24.34
2019,TLE1,East Yorkshire and Northern Lincolnshire,"36,890","407,590","11,840","13,590","26,205","24,990","16,310","13,515","51,635","54,815","409,378",12.61,13.39,26.00,"-3,575",-0.87,26.87
2020,TLE1,East Yorkshire and Northern Lincolnshire,"36,770","404,075","9,585","10,395","21,265","23,185","9,550","11,905","41,245","44,640","405,833",10.16,11.00,21.16,"-3,515",-0.86,22.03
2021,TLE1,East Yorkshire and Northern Lincolnshire,"37,400","404,910","9,910","11,030","27,085","21,500","16,520","9,450","48,025","47,470","404,493",11.87,11.74,23.61,835,0.21,23.40
2022,TLE1,East Yorkshire and Northern Lincolnshire,"39,200","413,370","12,490","14,410","29,765","23,115","14,480","10,630","56,665","48,225","409,140",13.85,11.79,25.64,"8,460",2.09,23.55
2023,TLE1,East Yorkshire and Northern Lincolnshire,"37,250","411,080","8,895","16,075","28,260","26,540","12,935","15,970","53,230","55,445","412,225",12.91,13.45,26.36,"-2,290",-0.55,26.92
2024,TLE1,East Yorkshire and Northern Lincolnshire,"37,065","410,615","9,140","17,380","27,460","24,865","16,665","12,950","53,980","54,480","410,848",13.14,13.26,26.40,-465,-0.11,26.51
2000,TLM7,Eastern Scotland,"31,255","95,970","25,190",500,"8,930","4,900",0,0,"34,620","4,900",#N/A,#N/A,#N/A,#N/A,#N/A,#N/A,#N/A
2001,TLM7,Eastern Scotland,"68,370","884,345","27,570","86,205","73,765","57,665","14,100","16,475","187,540","88,240","490,158",38.26,18.00,56.26,"788,375",821.48,-765.22
2002,TLM7,Eastern Scotland,"68,525","913,290","26,010","105,960","59,835","48,260","85,250","30,330","191,805","163,840","898,818",21.34,18.23,39.57,"28,945",3.27,36.30
2003,TLM7,Eastern Scotland,"68,995","884,895","23,705","70,615","46,425","43,545","101,125","30,485","140,745","175,155","899,093",15.65,19.48,35.14,"-28,395",-3.11,38.24
2004,TLM7,Eastern Scotland,"68,120","860,235","22,170","55,080","65,560","58,145","67,870","41,730","142,810","167,745","872,565",16.37,19.22,35.59,"-24,660",-2.79,38.38
2005,TLM7,Eastern Scotland,"68,820","891,480","25,525","60,260","69,530","52,665","49,890","25,795","155,315","128,350","875,858",17.73,14.65,32.39,"31,245",3.63,28.75
2006,TLM7,Eastern Scotland,"69,590","897,605","21,005","44,695","72,870","63,555","43,060","26,555","138,570","133,170","894,543",15.49,14.89,30.38,"6,125",0.69,29.69
2007,TLM7,Eastern Scotland,"69,910","900,065","21,745","40,775","67,890","54,650","48,120","26,220","130,410","128,990","898,835",14.51,14.35,28.86,"2,460",0.27,28.59
2008,TLM7,Eastern Scotland,"70,070","904,995","19,105","38,905","74,340","57,800","38,640","23,290","132,350","119,730","902,530",14.66,13.27,27.93,"4,930",0.55,27.38
2009,TLM7,Eastern Scotland,"69,595","902,945","16,920","30,875","67,430","61,215","44,265","22,635","115,225","128,115","903,970",12.75,14.17,26.92,"-2,050",-0.23,27.15
2010,TLM7,Eastern Scotland,"70,440","876,875","22,170","39,110","64,035","71,845","54,800","24,755","125,315","151,400","889,910",14.08,17.01,31.09,"-26,070",-2.89,33.98
2011,TLM7,Eastern Scotland,"69,215","865,165","17,750","31,755","58,775","52,430","43,115","24,750","108,280","120,295","871,020",12.43,13.81,26.24,"-11,710",-1.34,27.58
2012,TLM7,Eastern Scotland,"69,275","858,075","17,760","25,815","70,970","68,310","28,990","24,285","114,545","121,585","861,620",13.29,14.11,27.41,"-7,090",-0.82,28.22
2013,TLM7,Eastern Scotland,"71,920","894,905","47,690","37,480","62,365","63,875","30,235","18,960","147,535","113,070","876,490",16.83,12.90,29.73,"36,830",4.29,25.44
2014,TLM7,Eastern Scotland,"72,270","899,015","29,965","38,145","70,430","55,770","38,455","39,750","138,540","133,975","896,960",15.45,14.94,30.38,"4,110",0.46,29.92
2015,TLM7,Eastern Scotland,"73,815","908,475","29,015","28,555","69,640","55,650","38,520","24,150","127,210","118,320","903,745",14.08,13.09,27.17,"9,460",1.05,26.12
2016,TLM7,Eastern Scotland,"75,560","918,360","25,775","25,190","67,285","51,875","30,645","26,120","118,250","108,640","913,418",12.95,11.89,24.84,"9,885",1.09,23.75
2017,TLM7,Eastern Scotland,"76,300","926,995","23,245","23,465","64,600","58,360","19,435","24,485","111,310","102,280","922,678",12.06,11.09,23.15,"8,635",0.94,22.21
2018,TLM7,Eastern Scotland,"77,170","936,345","26,035","25,620","71,085","53,255","36,285","22,715","122,740","112,255","931,670",13.17,12.05,25.22,"9,350",1.01,24.21
2019,TLM7,Eastern Scotland,"77,895","942,620","24,130","29,005","64,315","59,245","28,790","23,420","117,450","111,455","939,483",12.50,11.86,24.37,"6,275",0.67,23.69
2020,TLM7,Eastern Scotland,"78,490","970,965","24,055","49,475","60,465","55,050","32,375","22,545","133,995","109,970","956,793",14.00,11.49,25.50,"28,345",3.01,22.49
2021,TLM7,Eastern Scotland,"78,060","952,930","20,740","21,055","53,375","63,515","26,610","22,610","95,170","112,735","961,948",9.89,11.72,21.61,"-18,035",-1.86,23.47
2022,TLM7,Eastern Scotland,"75,970","948,390","21,085","22,615","67,480","60,170","29,945","25,365","111,180","115,480","950,660",11.70,12.15,23.84,"-4,540",-0.48,24.32
2023,TLM7,Eastern Scotland,"74,590","965,015","17,255","43,280","78,775","59,745","39,165","23,660","139,310","122,570","956,703",14.56,12.81,27.37,"16,625",1.75,25.62
2024,TLM7,Eastern Scotland,"74,995","974,340","19,350","31,285","72,590","60,540","32,305","22,465","123,225","115,310","969,678",12.71,11.89,24.60,"9,325",0.97,23.63
2000,TLH3,Essex,"69,805","589,325","28,490","55,865","41,945","29,035",0,0,"126,300","29,035",#N/A,#N/A,#N/A,#N/A,#N/A,#N/A,#N/A
2001,TLH3,Essex,"73,085","679,680","35,085","76,280","59,050","40,385","15,125","25,150","170,415","80,660","634,503",26.86,12.71,39.57,"90,355",15.33,24.24
2002,TLH3,Essex,"72,530","683,965","25,860","78,220","44,505","42,370","63,270","41,220","148,585","146,860","681,823",21.79,21.54,43.33,"4,285",0.63,42.70
2003,TLH3,Essex,"75,705","706,935","27,310","87,555","33,315","32,075","64,910","29,605","148,180","126,590","695,450",21.31,18.20,39.51,"22,970",3.36,36.15
2004,TLH3,Essex,"75,250","668,660","25,815","38,620","49,660","42,865","79,995","30,415","114,095","153,275","687,798",16.59,22.28,38.87,"-38,275",-5.41,44.29
2005,TLH3,Essex,"76,390","666,750","22,495","34,085","49,425","44,340","35,010","29,960","106,005","109,310","667,705",15.88,16.37,32.25,"-1,910",-0.29,32.53
2006,TLH3,Essex,"77,920","672,490","23,605","27,415","47,870","44,340","25,060","24,030","98,890","93,430","669,620",14.77,13.95,28.72,"5,740",0.86,27.86
2007,TLH3,Essex,"78,265","687,415","27,680","37,955","46,375","44,595","28,205","26,190","112,010","98,990","679,953",16.47,14.56,31.03,"14,925",2.22,28.81
2008,TLH3,Essex,"78,890","688,560","22,850","29,625","47,805","43,615","26,875","28,035","100,280","98,525","687,988",14.58,14.32,28.90,"1,145",0.17,28.73
2009,TLH3,Essex,"77,915","698,590","19,745","25,200","58,470","39,850","25,715","28,770","103,415","94,335","693,575",14.91,13.60,28.51,"10,030",1.46,27.06
2010,TLH3,Essex,"78,190","679,160","26,295","26,620","46,330","54,980","37,210","27,675","99,245","119,865","688,875",14.41,17.40,31.81,"-19,430",-2.78,34.59
2011,TLH3,Essex,"76,620","679,875","22,520","16,285","51,915","41,320","20,365","29,650","90,720","91,335","679,518",13.35,13.44,26.79,715,0.11,26.69
2012,TLH3,Essex,"77,130","688,350","22,450","24,985","55,900","47,080","24,845","24,765","103,335","96,690","684,113",15.10,14.13,29.24,"8,475",1.25,27.99
2013,TLH3,Essex,"80,685","703,260","28,620","66,310","49,325","40,425","63,410","25,360","144,255","129,195","695,805",20.73,18.57,39.30,"14,910",2.17,37.13
2014,TLH3,Essex,"81,320","692,030","22,130","16,460","48,030","42,305","31,430","24,260","86,620","97,995","697,645",12.42,14.05,26.46,"-11,230",-1.60,28.06
2015,TLH3,Essex,"84,255","703,305","28,170","16,875","48,485","40,405","19,745","24,240","93,530","84,390","697,668",13.41,12.10,25.50,"11,275",1.63,23.87
2016,TLH3,Essex,"86,960","715,720","26,585","22,250","55,985","38,155","32,265","24,530","104,820","94,950","709,513",14.77,13.38,28.16,"12,415",1.77,26.39
2017,TLH3,Essex,"88,535","733,685","27,160","21,740","51,690","39,265","16,850","27,935","100,590","84,050","724,703",13.88,11.60,25.48,"17,965",2.51,22.97
2018,TLH3,Essex,"89,240","739,505","31,830","22,315","50,725","42,340","29,090","27,600","104,870","99,030","736,595",14.24,13.44,27.68,"5,820",0.79,26.89
2019,TLH3,Essex,"91,265","745,805","30,635","23,745","50,630","45,625","22,705","30,715","105,010","99,045","742,655",14.14,13.34,27.48,"6,300",0.85,26.62
2020,TLH3,Essex,"91,530","741,520","23,460","24,850","47,345","45,260","27,750","29,000","95,655","102,010","743,663",12.86,13.72,26.58,"-4,285",-0.57,27.15
2021,TLH3,Essex,"92,620","746,960","28,810","27,930","46,935","45,950","29,325","23,870","103,675","99,145","744,240",13.93,13.32,27.25,"5,440",0.73,26.52
2022,TLH3,Essex,"93,065","755,040","28,620","18,205","56,735","43,595","23,565","29,045","103,560","96,205","751,000",13.79,12.81,26.60,"8,080",1.08,25.52
2023,TLH3,Essex,"91,420","757,815","23,640","26,405","59,125","46,845","29,430","30,050","109,170","106,325","756,428",14.43,14.06,28.49,"2,775",0.37,28.12
2024,TLH3,Essex,"91,580","766,950","23,040","23,880","58,620","44,665","22,940","29,925","105,540","97,530","762,383",13.84,12.79,26.64,"9,135",1.21,25.43
2000,TLK1,"Gloucestershire, Wiltshire and Bath/Bristol area","101,460","1,018,305","41,580","116,890","65,825","51,435",0,0,"224,295","51,435",#N/A,#N/A,#N/A,#N/A,#N/A,#N/A,#N/A
2001,TLK1,"Gloucestershire, Wiltshire and Bath/Bristol area","106,365","1,193,485","37,725","144,935","115,555","70,275","20,835","36,655","298,215","127,765","1,105,895",26.97,11.55,38.52,"175,180",17.20,21.32
2002,TLK1,"Gloucestershire, Wiltshire and Bath/Bristol area","105,200","1,199,910","51,935","136,355","79,825","74,195","129,830","58,110","268,115","262,135","1,196,698",22.40,21.90,44.31,"6,425",0.54,43.77
2003,TLK1,"Gloucestershire, Wiltshire and Bath/Bristol area","107,700","1,153,815","39,515","79,685","64,735","55,390","127,170","47,635","183,935","230,195","1,176,863",15.63,19.56,35.19,"-46,095",-3.84,39.03
2004,TLK1,"Gloucestershire, Wiltshire and Bath/Bristol area","109,290","1,197,495","36,715","99,400","84,045","62,730","74,760","39,440","220,160","176,930","1,175,655",18.73,15.05,33.78,"43,680",3.79,29.99
2005,TLK1,"Gloucestershire, Wiltshire and Bath/Bristol area","110,790","1,172,040","32,730","55,925","98,365","81,965","93,245","36,710","187,020","211,920","1,184,768",15.79,17.89,33.67,"-25,455",-2.13,35.80
2006,TLK1,"Gloucestershire, Wiltshire and Bath/Bristol area","113,555","1,150,710","34,110","50,000","91,020","90,835","69,060","36,775","175,130","196,670","1,161,375",15.08,16.93,32.01,"-21,330",-1.82,33.83
2007,TLK1,"Gloucestershire, Wiltshire and Bath/Bristol area","116,440","1,182,550","37,670","72,125","89,485","78,130","49,920","36,770","199,280","164,820","1,166,630",17.08,14.13,31.21,"31,840",2.77,28.44
2008,TLK1,"Gloucestershire, Wiltshire and Bath/Bristol area","114,895","1,185,610","31,320","45,490","103,680","76,545","63,380","38,285","180,490","178,210","1,184,080",15.24,15.05,30.29,"3,060",0.26,30.03
2009,TLK1,"Gloucestershire, Wiltshire and Bath/Bristol area","111,360","1,186,925","23,930","47,645","104,465","78,305","57,130","38,415","176,040","173,850","1,186,268",14.84,14.66,29.50,"1,315",0.11,29.38
2010,TLK1,"Gloucestershire, Wiltshire and Bath/Bristol area","111,395","1,148,680","40,585","50,055","86,405","105,420","73,945","36,715","177,045","216,080","1,167,803",15.16,18.50,33.66,"-38,245",-3.22,36.89
2011,TLK1,"Gloucestershire, Wiltshire and Bath/Bristol area","109,675","1,146,265","29,515","37,100","87,560","70,510","45,760","40,170","154,175","156,440","1,147,473",13.44,13.63,27.07,"-2,415",-0.21,27.28
2012,TLK1,"Gloucestershire, Wiltshire and Bath/Bristol area","109,500","1,144,880","31,195","44,235","95,145","92,275","45,320","34,700","170,575","172,295","1,145,573",14.89,15.04,29.93,"-1,385",-0.12,30.05
2013,TLK1,"Gloucestershire, Wiltshire and Bath/Bristol area","113,775","1,158,790","37,685","42,700","94,780","78,805","52,835","31,165","175,165","162,805","1,151,835",15.21,14.13,29.34,"13,910",1.21,28.13
2014,TLK1,"Gloucestershire, Wiltshire and Bath/Bristol area","115,040","1,161,115","31,430","38,050","85,215","72,235","48,620","32,075","154,695","152,930","1,159,953",13.34,13.18,26.52,"2,325",0.20,26.32
2015,TLK1,"Gloucestershire, Wiltshire and Bath/Bristol area","118,430","1,195,435","37,815","44,010","90,670","70,385","35,145","32,880","172,495","138,410","1,178,275",14.64,11.75,26.39,"34,320",2.96,23.43
2016,TLK1,"Gloucestershire, Wiltshire and Bath/Bristol area","124,320","1,212,050","36,315","48,225","88,985","72,955","51,365","32,080","173,525","156,400","1,203,743",14.42,12.99,27.41,"16,615",1.39,26.02
2017,TLK1,"Gloucestershire, Wiltshire and Bath/Bristol area","129,365","1,246,260","39,790","40,560","89,800","72,850","31,840","34,985","170,150","139,675","1,229,155",13.84,11.36,25.21,"34,210",2.82,22.38
2018,TLK1,"Gloucestershire, Wiltshire and Bath/Bristol area","123,750","1,249,420","39,195","39,735","92,940","75,605","44,585","48,650","171,870","168,840","1,247,840",13.77,13.53,27.30,"3,160",0.25,27.05
2019,TLK1,"Gloucestershire, Wiltshire and Bath/Bristol area","124,440","1,258,550","35,320","44,130","93,760","72,705","49,540","41,900","173,210","164,145","1,253,985",13.81,13.09,26.90,"9,130",0.73,26.17
2020,TLK1,"Gloucestershire, Wiltshire and Bath/Bristol area","125,095","1,269,745","31,490","45,575","86,085","72,400","44,070","36,180","163,150","152,650","1,264,148",12.91,12.08,24.98,"11,195",0.89,24.09
2021,TLK1,"Gloucestershire, Wiltshire and Bath/Bristol area","125,005","1,269,575","33,905","40,415","84,005","81,485","46,020","33,155","158,325","160,660","1,269,660",12.47,12.65,25.12,-170,-0.01,25.14
2022,TLK1,"Gloucestershire, Wiltshire and Bath/Bristol area","124,205","1,288,710","34,720","34,310","106,395","68,505","44,290","43,455","175,425","156,250","1,279,143",13.71,12.22,25.93,"19,135",1.51,24.42
2023,TLK1,"Gloucestershire, Wiltshire and Bath/Bristol area","121,845","1,302,885","30,910","59,325","101,580","71,380","53,140","50,010","191,815","174,530","1,295,798",14.80,13.47,28.27,"14,175",1.10,27.17
2024,TLK1,"Gloucestershire, Wiltshire and Bath/Bristol area","121,380","1,314,465","28,985","57,045","101,065","73,870","55,465","43,720","187,095","173,055","1,308,675",14.30,13.22,27.52,"11,580",0.89,26.63
2000,TLD3,Greater Manchester,"92,985","1,103,650","38,225","103,800","73,485","64,410",0,0,"215,510","64,410",#N/A,#N/A,#N/A,#N/A,#N/A,#N/A,#N/A
2001,TLD3,Greater Manchester,"97,105","1,228,980","40,570","104,945","110,840","75,575","19,050","38,195","256,355","132,820","1,166,315",21.98,11.39,33.37,"125,330",11.36,22.01
2002,TLD3,Greater Manchester,"97,245","1,266,310","41,090","134,045","91,360","73,565","107,515","49,000","266,495","230,080","1,247,645",21.36,18.44,39.80,"37,330",3.04,36.76
2003,TLD3,Greater Manchester,"98,690","1,231,795","41,900","91,040","72,605","55,610","141,245","43,590","205,545","240,445","1,249,053",16.46,19.25,35.71,"-34,515",-2.73,38.43
2004,TLD3,Greater Manchester,"99,400","1,211,510","36,980","72,670","91,130","89,735","82,290","50,775","200,780","222,800","1,221,653",16.44,18.24,34.67,"-20,285",-1.65,36.32
2005,TLD3,Greater Manchester,"102,505","1,236,845","40,155","66,840","104,640","82,085","61,855","41,575","211,635","185,515","1,224,178",17.29,15.15,32.44,"25,335",2.09,30.35
2006,TLD3,Greater Manchester,"107,170","1,247,445","47,570","65,960","96,260","96,355","61,465","41,500","209,790","199,320","1,242,145",16.89,16.05,32.94,"10,600",0.86,32.08
2007,TLD3,Greater Manchester,"109,305","1,256,450","39,390","58,905","106,875","83,770","61,190","51,570","205,170","196,530","1,251,948",16.39,15.70,32.09,"9,005",0.72,31.36
2008,TLD3,Greater Manchester,"107,275","1,251,580","35,765","57,995","104,400","88,745","67,540","48,070","198,160","204,355","1,254,015",15.80,16.30,32.10,"-4,870",-0.39,32.49
2009,TLD3,Greater Manchester,"104,535","1,253,780","28,355","51,170","106,910","82,775","54,805","47,940","186,435","185,520","1,252,680",14.88,14.81,29.69,"2,200",0.18,29.52
2010,TLD3,Greater Manchester,"102,230","1,199,000","40,105","47,290","98,770","108,640","84,985","48,215","186,165","241,840","1,226,390",15.18,19.72,34.90,"-54,780",-4.37,39.27
2011,TLD3,Greater Manchester,"98,985","1,189,655","31,880","43,925","92,165","77,165","52,000","47,280","167,970","176,445","1,194,328",14.06,14.77,28.84,"-9,345",-0.78,29.62
2012,TLD3,Greater Manchester,"99,205","1,183,895","33,225","51,355","106,420","101,330","54,140","40,650","191,000","196,120","1,186,775",16.09,16.53,32.62,"-5,760",-0.48,33.10
2013,TLD3,Greater Manchester,"105,270","1,222,505","48,290","52,425","110,695","82,395","53,740","37,170","211,410","173,305","1,203,200",17.57,14.40,31.97,"38,610",3.26,28.71
2014,TLD3,Greater Manchester,"105,380","1,239,730","42,520","56,150","89,890","86,550","48,140","39,660","188,560","174,350","1,231,118",15.32,14.16,29.48,"17,225",1.41,28.07
2015,TLD3,Greater Manchester,"108,945","1,260,470","51,220","42,205","93,545","78,970","46,560","42,530","186,970","168,060","1,250,100",14.96,13.44,28.40,"20,740",1.67,26.73
2016,TLD3,Greater Manchester,"115,105","1,288,595","53,005","49,425","106,390","83,500","50,845","48,065","208,820","182,410","1,274,533",16.38,14.31,30.70,"28,125",2.23,28.46
2017,TLD3,Greater Manchester,"122,385","1,325,235","54,725","37,430","108,150","79,875","44,800","46,140","200,305","170,815","1,306,915",15.33,13.07,28.40,"36,640",2.84,25.55
2018,TLD3,Greater Manchester,"128,435","1,352,265","55,665","51,080","108,650","84,325","52,685","57,235","215,395","194,245","1,338,750",16.09,14.51,30.60,"27,030",2.04,28.56
2019,TLD3,Greater Manchester,"125,060","1,388,090","55,860","47,405","123,950","83,135","47,300","63,330","227,215","193,765","1,370,178",16.58,14.14,30.72,"35,825",2.65,28.08
2020,TLD3,Greater Manchester,"125,365","1,388,420","44,320","45,045","106,600","86,175","47,735","64,640","195,965","198,550","1,388,255",14.12,14.30,28.42,330,0.02,28.39
2021,TLD3,Greater Manchester,"128,670","1,392,730","43,740","37,080","92,060","86,525","40,480","41,400","172,880","168,405","1,390,575",12.43,12.11,24.54,"4,310",0.31,24.23
2022,TLD3,Greater Manchester,"128,150","1,428,265","53,280","43,055","119,275","83,415","42,260","58,235","215,610","183,910","1,410,498",15.29,13.04,28.32,"35,535",2.55,25.77
2023,TLD3,Greater Manchester,"124,490","1,453,430","42,515","64,320","133,965","96,130","64,420","57,980","240,800","218,530","1,440,848",16.71,15.17,31.88,"25,165",1.76,30.12
2024,TLD3,Greater Manchester,"124,105","1,509,295","41,685","81,035","137,450","88,850","53,630","60,390","260,170","202,870","1,481,363",17.56,13.69,31.26,"55,865",3.84,27.41
2000,TLJ3,Hampshire and Isle of Wight,"77,170","784,305","35,410","83,160","63,685","41,780",0,0,"182,255","41,780",#N/A,#N/A,#N/A,#N/A,#N/A,#N/A,#N/A
2001,TLJ3,Hampshire and Isle of Wight,"81,140","893,270","35,335","92,475","77,845","54,870","15,580","25,625","205,655","96,075","838,788",24.52,11.45,35.97,"108,965",13.89,22.08
2002,TLJ3,Hampshire and Isle of Wight,"80,685","891,375","38,455","89,235","61,450","51,325","91,320","49,615","189,140","192,260","892,323",21.20,21.55,42.74,"-1,895",-0.21,42.95
2003,TLJ3,Hampshire and Isle of Wight,"82,360","878,045","34,980","63,220","53,245","44,930","84,805","37,505","151,445","167,240","884,710",17.12,18.90,36.02,"-13,330",-1.50,37.52
2004,TLJ3,Hampshire and Isle of Wight,"83,300","868,485","30,970","55,140","69,270","59,050","66,630","38,210","155,380","163,890","873,265",17.79,18.77,36.56,"-9,560",-1.09,37.65
2005,TLJ3,Hampshire and Isle of Wight,"85,185","866,690","31,270","41,480","71,780","61,550","53,510","32,110","144,530","147,170","867,588",16.66,16.96,33.62,"-1,795",-0.21,33.83
2006,TLJ3,Hampshire and Isle of Wight,"86,975","862,790","26,145","38,230","62,435","67,495","32,740","29,690","126,810","129,925","864,740",14.66,15.02,29.69,"-3,900",-0.45,30.14
2007,TLJ3,Hampshire and Isle of Wight,"87,780","882,895","28,925","44,820","67,640","53,500","37,395","29,400","141,385","120,295","872,843",16.20,13.78,29.98,"20,105",2.33,27.65
2008,TLJ3,Hampshire and Isle of Wight,"87,085","878,865","22,715","36,500","62,650","55,585","36,935","33,785","121,865","126,305","880,880",13.83,14.34,28.17,"-4,030",-0.46,28.63
2009,TLJ3,Hampshire and Isle of Wight,"84,630","881,350","17,370","36,610","68,780","55,750","37,425","28,285","122,760","121,460","880,108",13.95,13.80,27.75,"2,485",0.28,27.47
2010,TLJ3,Hampshire and Isle of Wight,"83,875","841,790","24,040","28,520","62,335","73,830","53,050","29,160","114,895","156,040","861,570",13.34,18.11,31.45,"-39,560",-4.49,35.94
2011,TLJ3,Hampshire and Isle of Wight,"81,740","841,180","20,565","26,845","62,095","53,675","29,125","28,065","109,505","110,865","841,485",13.01,13.17,26.19,-610,-0.07,26.26
2012,TLJ3,Hampshire and Isle of Wight,"81,590","846,735","24,340","26,450","75,760","63,985","32,800","24,385","126,550","121,170","843,958",14.99,14.36,29.35,"5,555",0.66,28.69
2013,TLJ3,Hampshire and Isle of Wight,"84,640","861,990","30,850","36,380","63,505","57,565","31,700","26,830","130,735","116,095","854,363",15.30,13.59,28.89,"15,255",1.80,27.09
2014,TLJ3,Hampshire and Isle of Wight,"85,640","893,880","35,915","30,535","66,380","52,715","26,555","22,685","132,830","101,955","877,935",15.13,11.61,26.74,"31,890",3.70,23.04
2015,TLJ3,Hampshire and Isle of Wight,"87,875","881,295","31,615","23,420","64,960","65,630","31,990","37,175","119,995","134,795","887,588",13.52,15.19,28.71,"-12,585",-1.41,30.11
2016,TLJ3,Hampshire and Isle of Wight,"90,715","889,800","29,160","25,725","68,265","58,015","30,085","26,550","123,150","114,650","885,548",13.91,12.95,26.85,"8,505",0.97,25.89
2017,TLJ3,Hampshire and Isle of Wight,"92,515","897,910","29,550","29,670","65,755","58,305","32,345","25,660","124,975","116,310","893,855",13.98,13.01,26.99,"8,110",0.91,26.08
2018,TLJ3,Hampshire and Isle of Wight,"93,975","901,480","33,250","29,535","61,090","53,825","36,200","28,795","123,875","118,820","899,695",13.77,13.21,26.98,"3,570",0.40,26.58
2019,TLJ3,Hampshire and Isle of Wight,"97,035","907,035","29,840","25,270","59,975","57,980","25,675","27,970","115,085","111,625","904,258",12.73,12.34,25.07,"5,555",0.62,24.46
2020,TLJ3,Hampshire and Isle of Wight,"97,260","904,005","33,285","26,900","52,705","57,995","30,320","27,355","112,890","115,670","905,520",12.47,12.77,25.24,"-3,030",-0.33,25.57
2021,TLJ3,Hampshire and Isle of Wight,"96,565","883,505","26,275","21,570","49,170","50,270","39,045","28,115","97,015","117,430","893,755",10.85,13.14,23.99,"-20,500",-2.27,26.26
2022,TLJ3,Hampshire and Isle of Wight,"93,115","894,225","26,280","28,365","64,055","49,185","27,640","32,440","118,700","109,265","888,865",13.35,12.29,25.65,"10,720",1.21,24.43
2023,TLJ3,Hampshire and Isle of Wight,"90,745","910,730","20,285","67,865","73,695","50,130","69,185","31,185","161,845","150,500","902,478",17.93,16.68,34.61,"16,505",1.85,32.76
2024,TLJ3,Hampshire and Isle of Wight,"90,265","917,070","22,255","29,800","65,720","46,960","35,565","28,550","117,775","111,075","913,900",12.89,12.15,25.04,"6,340",0.70,24.34
2000,TLG1,"Herefordshire, Worcestershire and Warwickshire","60,860","532,025","24,650","43,725","31,570","29,865",0,0,"99,945","29,865",#N/A,#N/A,#N/A,#N/A,#N/A,#N/A,#N/A
2001,TLG1,"Herefordshire, Worcestershire and Warwickshire","63,325","598,935","25,950","52,420","58,860","38,820","11,055","20,200","137,230","70,075","565,480",24.27,12.39,36.66,"66,910",12.58,24.08
2002,TLG1,"Herefordshire, Worcestershire and Warwickshire","63,470","597,835","22,870","47,385","38,175","37,705","45,125","25,920","108,430","108,750","598,385",18.12,18.17,36.29,"-1,100",-0.18,36.48
2003,TLG1,"Herefordshire, Worcestershire and Warwickshire","65,550","589,355","23,515","32,040","37,020","28,125","46,450","28,170","92,575","102,745","593,595",15.60,17.31,32.90,"-8,480",-1.42,34.32
2004,TLG1,"Herefordshire, Worcestershire and Warwickshire","66,395","586,215","22,370","31,485","35,170","36,290","32,025","26,145","89,025","94,460","587,785",15.15,16.07,31.22,"-3,140",-0.53,31.75
2005,TLG1,"Herefordshire, Worcestershire and Warwickshire","67,720","585,255","23,045","25,795","43,300","36,475","30,180","27,240","92,140","93,895","585,735",15.73,16.03,31.76,-960,-0.16,31.92
2006,TLG1,"Herefordshire, Worcestershire and Warwickshire","69,215","595,910","19,930","23,620","50,630","37,750","23,030","22,975","94,180","83,755","590,583",15.95,14.18,30.13,"10,655",1.82,28.31
2007,TLG1,"Herefordshire, Worcestershire and Warwickshire","69,750","609,210","19,255","28,565","46,065","34,100","23,050","23,560","93,885","80,710","602,560",15.58,13.39,28.98,"13,300",2.23,26.74
2008,TLG1,"Herefordshire, Worcestershire and Warwickshire","69,530","624,625","20,375","21,100","54,755","36,870","22,375","21,300","96,230","80,545","616,918",15.60,13.06,28.65,"15,415",2.53,26.12
2009,TLG1,"Herefordshire, Worcestershire and Warwickshire","67,190","603,630","15,120","25,465","41,560","35,815","43,315","24,595","82,145","103,725","614,128",13.38,16.89,30.27,"-20,995",-3.36,33.63
2010,TLG1,"Herefordshire, Worcestershire and Warwickshire","66,575","586,455","20,385","24,660","40,905","45,525","34,120","27,980","85,950","107,625","595,043",14.44,18.09,32.53,"-17,175",-2.85,35.38
2011,TLG1,"Herefordshire, Worcestershire and Warwickshire","65,000","585,900","16,605","16,375","37,860","33,975","14,065","23,140","70,840","71,180","586,178",12.09,12.14,24.23,-555,-0.09,24.32
2012,TLG1,"Herefordshire, Worcestershire and Warwickshire","64,650","594,590","15,305","22,980","51,110","42,370","18,240","21,210","89,395","81,820","590,245",15.15,13.86,29.01,"8,690",1.48,27.52
2013,TLG1,"Herefordshire, Worcestershire and Warwickshire","66,620","597,130","20,870","17,960","45,790","40,345","21,090","19,060","84,620","80,495","595,860",14.20,13.51,27.71,"2,540",0.43,27.28
2014,TLG1,"Herefordshire, Worcestershire and Warwickshire","66,910","603,785","20,185","16,730","45,025","36,555","20,500","18,385","81,940","75,440","600,458",13.65,12.56,26.21,"6,655",1.11,25.10
2015,TLG1,"Herefordshire, Worcestershire and Warwickshire","68,515","612,520","19,700","20,235","43,160","33,525","19,370","19,980","83,095","72,875","608,153",13.66,11.98,25.65,"8,735",1.45,24.20
2016,TLG1,"Herefordshire, Worcestershire and Warwickshire","71,830","635,770","24,575","17,070","49,890","34,930","16,130","18,585","91,535","69,645","624,145",14.67,11.16,25.82,"23,250",3.80,22.03
2017,TLG1,"Herefordshire, Worcestershire and Warwickshire","75,130","663,480","33,470","22,245","46,220","36,340","18,810","20,540","101,935","75,690","649,625",15.69,11.65,27.34,"27,710",4.36,22.98
2018,TLG1,"Herefordshire, Worcestershire and Warwickshire","75,795","675,175","35,400","20,070","51,075","39,905","22,080","29,145","106,545","91,130","669,328",15.92,13.62,29.53,"11,695",1.76,27.77
2019,TLG1,"Herefordshire, Worcestershire and Warwickshire","77,510","683,300","39,965","22,520","44,850","37,155","24,735","38,690","107,335","100,580","679,238",15.80,14.81,30.61,"8,125",1.20,29.41
2020,TLG1,"Herefordshire, Worcestershire and Warwickshire","79,300","681,480","32,880","19,225","43,680","49,085","21,545","27,300","95,785","97,930","682,390",14.04,14.35,28.39,"-1,820",-0.27,28.65
2021,TLG1,"Herefordshire, Worcestershire and Warwickshire","78,425","670,150","27,035","18,570","39,495","47,275","17,710","33,170","85,100","98,155","675,815",12.59,14.52,27.12,"-11,330",-1.66,28.78
2022,TLG1,"Herefordshire, Worcestershire and Warwickshire","74,810","671,090","22,060","20,855","54,765","40,275","22,120","35,675","97,680","98,070","670,620",14.57,14.62,29.19,940,0.14,29.05
2023,TLG1,"Herefordshire, Worcestershire and Warwickshire","72,335","686,170","19,115","31,200","54,950","37,875","24,085","31,520","105,265","93,480","678,630",15.51,13.77,29.29,"15,080",2.25,27.04
2024,TLG1,"Herefordshire, Worcestershire and Warwickshire","71,710","693,780","19,260","27,190","51,595","34,850","29,670","26,575","98,045","91,095","689,975",14.21,13.20,27.41,"7,610",1.11,26.30
2000,TLM6,Highlands and Islands,"14,015","32,975","5,680",60,"2,230","1,745",0,0,"7,970","1,745",#N/A,#N/A,#N/A,#N/A,#N/A,#N/A,#N/A
2001,TLM6,Highlands and Islands,"26,785","210,395","6,425","22,205","16,515","14,660","2,335","4,250","45,145","21,245","121,685",37.10,17.46,54.56,"177,420",538.04,-483.49
2002,TLM6,Highlands and Islands,"26,565","209,300","5,405","21,875","10,825","10,455","22,135","6,655","38,105","39,245","209,848",18.16,18.70,36.86,"-1,095",-0.52,37.38
2003,TLM6,Highlands and Islands,"27,340","221,440","5,600","30,435","10,605","8,040","21,340","6,425","46,640","35,805","215,370",21.66,16.62,38.28,"12,140",5.80,32.48
2004,TLM6,Highlands and Islands,"26,620","209,290","6,475","13,895","11,635","9,475","28,330","6,565","32,005","44,370","215,365",14.86,20.60,35.46,"-12,150",-5.49,40.95
2005,TLM6,Highlands and Islands,"27,010","214,885","7,570","11,025","20,075","11,720","14,730","6,870","38,670","33,320","212,088",18.23,15.71,33.94,"5,595",2.67,31.27
2006,TLM6,Highlands and Islands,"27,335","222,195","5,765","9,840","22,710","14,045","10,745","6,785","38,315","31,575","218,540",17.53,14.45,31.98,"7,310",3.40,28.58
2007,TLM6,Highlands and Islands,"28,335","225,510","6,325","11,910","15,800","15,265","9,415","6,200","34,035","30,880","223,853",15.20,13.79,29.00,"3,315",1.49,27.51
2008,TLM6,Highlands and Islands,"27,445","224,670","5,515","7,425","17,020","13,255","9,795","6,450","29,960","29,500","225,090",13.31,13.11,26.42,-840,-0.37,26.79
2009,TLM6,Highlands and Islands,"27,235","227,010","4,155","6,220","14,780","11,465","6,175","6,310","25,155","23,950","225,840",11.14,10.60,21.74,"2,340",1.04,20.70
2010,TLM6,Highlands and Islands,"27,545","224,200","5,700","6,630","17,055","16,305","10,175","5,680","29,385","32,160","225,605",13.02,14.26,27.28,"-2,810",-1.24,28.52
2011,TLM6,Highlands and Islands,"27,050","220,770","4,905","3,165","11,785","11,600","5,355","6,555","19,855","23,510","222,485",8.92,10.57,19.49,"-3,430",-1.53,21.02
2012,TLM6,Highlands and Islands,"27,150","220,175","4,905","5,000","16,015","15,800","3,660","6,975","25,920","26,435","220,473",11.76,11.99,23.75,-595,-0.27,24.02
2013,TLM6,Highlands and Islands,"27,590","223,770","7,025","5,685","14,960","12,475","5,230","6,235","27,670","23,940","221,973",12.47,10.79,23.25,"3,595",1.63,21.62
2014,TLM6,Highlands and Islands,"27,410","227,280","4,755","7,055","17,230","13,765","5,465","6,185","29,040","25,415","225,525",12.88,11.27,24.15,"3,510",1.57,22.58
2015,TLM6,Highlands and Islands,"27,730","231,910","6,390","4,970","16,385","12,220","5,445","5,570","27,745","23,235","229,595",12.08,10.12,22.20,"4,630",2.04,20.17
2016,TLM6,Highlands and Islands,"27,820","231,145","5,250","4,765","15,240","14,115","5,440","6,250","25,255","25,805","231,528",10.91,11.15,22.05,-765,-0.33,22.38
2017,TLM6,Highlands and Islands,"27,965","232,400","5,200","5,565","13,285","13,170","4,085","5,825","24,050","23,080","231,773",10.38,9.96,20.33,"1,255",0.54,19.79
2018,TLM6,Highlands and Islands,"28,030","233,270","5,460","5,460","12,825","12,370","4,520","5,680","23,745","22,570","232,835",10.20,9.69,19.89,870,0.37,19.52
2019,TLM6,Highlands and Islands,"28,045","232,095","5,235","5,035","14,700","13,310","7,285","5,615","24,970","26,210","232,683",10.73,11.26,22.00,"-1,175",-0.50,22.50
2020,TLM6,Highlands and Islands,"28,060","230,730","4,650","5,185","12,735","15,855","4,315","5,725","22,570","25,895","231,413",9.75,11.19,20.94,"-1,365",-0.59,21.53
2021,TLM6,Highlands and Islands,"27,955","226,685","4,070","14,645","11,625","13,960","15,265","5,350","30,340","34,575","228,708",13.27,15.12,28.38,"-4,045",-1.75,30.14
2022,TLM6,Highlands and Islands,"28,040","232,700","5,975","5,030","16,065","11,715","3,950","5,570","27,070","21,235","229,693",11.79,9.24,21.03,"6,015",2.65,18.38
2023,TLM6,Highlands and Islands,"27,825","231,930","4,835","6,660","13,970","12,115","7,285","6,840","25,465","26,240","232,315",10.96,11.30,22.26,-770,-0.33,22.59
2024,TLM6,Highlands and Islands,"27,870","232,510","4,875","8,140","13,775","12,225","7,760","6,245","26,790","26,230","232,220",11.54,11.30,22.83,580,0.25,22.58
2000,TLI4,Inner London - East,"80,025","867,555","53,540","119,930","66,150","49,600",0,0,"239,620","49,600",#N/A,#N/A,#N/A,#N/A,#N/A,#N/A,#N/A
2001,TLI4,Inner London - East,"82,880","1,005,240","37,105","102,065","114,305","66,210","18,965","40,155","253,475","125,330","936,398",27.07,13.38,40.45,"137,685",15.87,24.58
2002,TLI4,Inner London - East,"84,795","1,037,475","48,495","120,460","79,580","56,490","102,260","54,120","248,535","212,870","1,021,358",24.33,20.84,45.18,"32,235",3.21,41.97
2003,TLI4,Inner London - East,"84,240","1,002,170","46,590","84,770","66,810","46,295","123,260","52,770","198,170","222,325","1,019,823",19.43,21.80,41.23,"-35,305",-3.40,44.64
2004,TLI4,Inner London - East,"84,670","995,040","41,585","80,490","86,575","70,895","96,830","45,210","208,650","212,935","998,605",20.89,21.32,42.22,"-7,130",-0.71,42.93
2005,TLI4,Inner London - East,"87,480","1,006,765","36,830","49,050","105,300","63,035","71,095","41,475","191,180","175,605","1,000,903",19.10,17.54,36.65,"11,725",1.18,35.47
2006,TLI4,Inner London - East,"88,825","988,880","34,050","44,460","86,210","83,960","58,695","33,170","164,720","175,825","997,823",16.51,17.62,34.13,"-17,885",-1.78,35.91
2007,TLI4,Inner London - East,"89,875","1,025,915","33,340","44,610","96,720","60,410","45,250","32,820","174,670","138,480","1,007,398",17.34,13.75,31.09,"37,035",3.75,27.34
2008,TLI4,Inner London - East,"92,010","1,044,160","38,985","41,725","96,900","78,585","44,195","39,475","177,610","162,255","1,035,038",17.16,15.68,32.84,"18,245",1.78,31.06
2009,TLI4,Inner London - East,"91,390","1,063,315","31,900","46,900","97,125","72,915","46,795","38,090","175,925","157,800","1,053,738",16.70,14.98,31.67,"19,155",1.83,29.84
2010,TLI4,Inner London - East,"95,255","1,050,100","46,205","40,595","94,235","86,075","67,060","39,490","181,035","192,625","1,056,708",17.13,18.23,35.36,"-13,215",-1.24,36.60
2011,TLI4,Inner London - East,"95,620","1,057,940","36,820","39,725","94,730","65,530","52,025","41,835","171,275","159,390","1,054,020",16.25,15.12,31.37,"7,840",0.75,30.63
2012,TLI4,Inner London - East,"101,075","1,103,815","42,610","53,925","123,940","85,440","45,695","35,930","220,475","167,065","1,080,878",20.40,15.46,35.85,"45,875",4.34,31.52
2013,TLI4,Inner London - East,"112,500","1,147,660","61,425","62,305","95,175","84,525","50,735","39,815","218,905","175,075","1,125,738",19.45,15.55,35.00,"43,845",3.97,31.03
2014,TLI4,Inner London - East,"117,485","1,204,535","52,810","44,375","139,090","71,210","62,450","44,820","236,275","178,480","1,176,098",20.09,15.18,35.27,"56,875",4.96,30.31
2015,TLI4,Inner London - East,"127,110","1,270,520","74,785","47,205","112,110","75,755","46,580","46,320","234,100","168,655","1,237,528",18.92,13.63,32.55,"65,985",5.48,27.07
2016,TLI4,Inner London - East,"131,715","1,324,610","83,550","46,480","116,800","97,975","46,245","46,210","246,830","190,430","1,297,565",19.02,14.68,33.70,"54,090",4.26,29.44
2017,TLI4,Inner London - East,"137,725","1,347,695","94,570","40,590","101,465","95,745","49,270","65,760","236,625","210,775","1,336,153",17.71,15.77,33.48,"23,085",1.74,31.74
2018,TLI4,Inner London - East,"139,665","1,352,250","69,350","55,560","121,275","101,575","85,145","64,730","246,185","251,450","1,349,973",18.24,18.63,36.86,"4,555",0.34,36.52
2019,TLI4,Inner London - East,"144,325","1,392,710","66,455","62,655","118,555","98,135","60,745","53,280","247,665","212,160","1,372,480",18.05,15.46,33.50,"40,460",2.99,30.51
2020,TLI4,Inner London - East,"147,075","1,405,840","56,475","46,165","122,220","98,980","61,895","55,620","224,860","216,495","1,399,275",16.07,15.47,31.54,"13,130",0.94,30.60
2021,TLI4,Inner London - East,"149,955","1,433,580","70,030","38,590","102,780","87,740","40,815","53,175","211,400","181,730","1,419,710",14.89,12.80,27.69,"27,740",1.97,25.72
2022,TLI4,Inner London - East,"151,650","1,466,300","68,805","58,195","138,235","106,340","61,045","71,505","265,235","238,890","1,449,940",18.29,16.48,34.77,"32,720",2.28,32.49
2023,TLI4,Inner London - East,"145,560","1,516,180","55,220","74,450","169,385","93,800","83,905","70,190","299,055","247,895","1,491,240",20.05,16.62,36.68,"49,880",3.40,33.28
2024,TLI4,Inner London - East,"147,470","1,570,960","56,765","66,250","161,710","101,955","70,045","62,725","284,725","234,725","1,543,570",18.45,15.21,33.65,"54,780",3.61,30.04
2000,TLI3,Inner London - West,"133,000","1,462,065","145,640","183,255","114,970","78,975",0,0,"443,865","78,975",#N/A,#N/A,#N/A,#N/A,#N/A,#N/A,#N/A
2001,TLI3,Inner London - West,"134,675","1,651,110","127,735","155,700","198,645","98,865","85,795","88,945","482,080","273,605","1,556,588",30.97,17.58,48.55,"189,045",12.93,35.62
2002,TLI3,Inner London - West,"136,505","1,686,355","103,865","194,510","135,285","100,780","164,025","121,545","433,660","386,350","1,668,733",25.99,23.15,49.14,"35,245",2.13,47.01
2003,TLI3,Inner London - West,"134,805","1,595,695","101,575","101,660","108,355","91,425","217,640","91,300","311,590","400,365","1,641,025",18.99,24.40,43.38,"-90,660",-5.38,48.76
2004,TLI3,Inner London - West,"133,900","1,592,025","91,150","105,730","142,805","110,660","136,480","89,250","339,685","336,390","1,593,860",21.31,21.11,42.42,"-3,670",-0.23,42.65
2005,TLI3,Inner London - West,"134,650","1,609,695","96,545","109,345","138,790","103,745","138,745","84,845","344,680","327,335","1,600,860",21.53,20.45,41.98,"17,670",1.11,40.87
2006,TLI3,Inner London - West,"138,675","1,570,050","76,810","71,340","146,315","135,620","89,505","114,260","294,465","339,385","1,589,873",18.52,21.35,39.87,"-39,645",-2.46,42.33
2007,TLI3,Inner London - West,"141,440","1,620,015","75,795","83,135","151,115","108,060","82,425","69,770","310,045","260,255","1,595,033",19.44,16.32,35.75,"49,965",3.18,32.57
2008,TLI3,Inner London - West,"137,955","1,657,075","71,135","69,010","189,170","117,325","90,750","77,115","329,315","285,190","1,638,545",20.10,17.41,37.50,"37,060",2.29,35.22
2009,TLI3,Inner London - West,"135,110","1,676,860","57,280","80,030","151,985","108,235","89,775","70,510","289,295","268,520","1,666,968",17.35,16.11,33.46,"19,785",1.19,32.27
2010,TLI3,Inner London - West,"136,560","1,640,975","81,325","78,105","143,025","150,150","119,515","74,310","302,455","343,975","1,658,918",18.23,20.73,38.97,"-35,885",-2.14,41.11
2011,TLI3,Inner London - West,"134,920","1,688,845","83,910","48,280","157,805","99,790","77,160","66,490","289,995","243,440","1,664,910",17.42,14.62,32.04,"47,870",2.92,29.12
2012,TLI3,Inner London - West,"137,685","1,795,430","126,940","80,880","198,515","139,070","99,855","67,875","406,335","306,800","1,742,138",23.32,17.61,40.93,"106,585",6.31,34.62
2013,TLI3,Inner London - West,"145,020","1,811,240","98,645","88,095","184,175","130,605","107,015","114,510","370,915","352,130","1,803,335",20.57,19.53,40.09,"15,810",0.88,39.21
2014,TLI3,Inner London - West,"147,015","1,905,065","155,605","68,920","161,145","126,405","86,400","81,700","385,670","294,505","1,858,153",20.76,15.85,36.60,"93,825",5.18,31.42
2015,TLI3,Inner London - West,"153,375","1,958,475","145,410","75,605","176,775","125,715","98,475","121,020","397,790","345,210","1,931,770",20.59,17.87,38.46,"53,410",2.80,35.66
2016,TLI3,Inner London - West,"164,325","2,112,365","192,890","77,240","220,415","127,930","121,405","84,125","490,545","333,460","2,035,420",24.10,16.38,40.48,"153,890",7.86,32.63
2017,TLI3,Inner London - West,"170,220","2,167,360","162,875","66,065","207,130","153,855","122,850","101,120","436,070","377,825","2,139,863",20.38,17.66,38.03,"54,995",2.60,35.43
2018,TLI3,Inner London - West,"171,680","2,128,670","127,295","81,790","225,975","186,690","168,885","103,245","435,060","458,820","2,148,015",20.25,21.36,41.61,"-38,690",-1.79,43.40
2019,TLI3,Inner London - West,"174,120","2,207,105","140,825","96,530","214,965","155,610","120,375","91,510","452,320","367,495","2,167,888",20.86,16.95,37.82,"78,435",3.68,34.13
2020,TLI3,Inner London - West,"174,125","2,259,320","136,540","81,425","216,420","150,330","121,880","103,540","434,385","375,750","2,233,213",19.45,16.83,36.28,"52,215",2.37,33.91
2021,TLI3,Inner London - West,"174,545","2,279,625","108,235","56,360","204,675","167,005","95,420","82,875","369,270","345,300","2,269,473",16.27,15.21,31.49,"20,305",0.90,30.59
2022,TLI3,Inner London - West,"173,645","2,261,635","113,415","66,330","217,640","153,690","145,720","108,160","397,385","407,570","2,270,630",17.50,17.95,35.45,"-17,990",-0.79,36.24
2023,TLI3,Inner London - West,"171,615","2,416,210","91,305","140,170","326,875","139,155","170,080","94,870","558,350","404,105","2,338,923",23.87,17.28,41.15,"154,575",6.83,34.31
2024,TLI3,Inner London - West,"172,255","2,430,520","85,820","117,985","250,980","167,895","137,540","133,395","454,785","438,830","2,423,365",18.77,18.11,36.87,"14,310",0.59,36.28
2000,TLJ4,Kent,"65,335","585,575","23,440","98,850","35,160","29,635",0,0,"157,450","29,635",#N/A,#N/A,#N/A,#N/A,#N/A,#N/A,#N/A
2001,TLJ4,Kent,"69,500","699,750","33,520","99,965","52,715","40,945","11,980","21,035","186,200","73,960","642,663",28.97,11.51,40.48,"114,175",19.50,20.98
2002,TLJ4,Kent,"70,065","708,410","27,975","95,285","44,235","40,645","89,030","30,095","167,495","159,770","704,080",23.79,22.69,46.48,"8,660",1.24,45.24
2003,TLJ4,Kent,"71,425","703,455","26,820","76,525","37,940","27,870","92,200","26,970","141,285","147,040","705,933",20.01,20.83,40.84,"-4,955",-0.70,41.54
2004,TLJ4,Kent,"71,825","663,530","26,935","39,210","42,630","45,710","74,065","28,530","108,775","148,305","683,493",15.91,21.70,37.61,"-39,925",-5.68,43.29
2005,TLJ4,Kent,"73,630","683,105","22,995","51,695","51,735","42,600","38,765","26,110","126,425","107,475","673,318",18.78,15.96,34.74,"19,575",2.95,31.79
2006,TLJ4,Kent,"76,005","702,565","23,030","60,720","45,960","45,020","38,995","26,440","129,710","110,455","692,835",18.72,15.94,34.66,"19,460",2.85,31.82
2007,TLJ4,Kent,"74,965","679,570","25,600","33,685","43,955","41,200","55,690","29,190","103,240","126,080","691,068",14.94,18.24,33.18,"-22,995",-3.27,36.46
2008,TLJ4,Kent,"74,530","688,870","20,085","24,650","59,945","43,940","27,120","24,185","104,680","95,245","684,220",15.30,13.92,29.22,"9,300",1.37,27.85
2009,TLJ4,Kent,"73,080","689,215","16,840","27,200","50,945","44,645","25,950","24,940","94,985","95,535","689,043",13.79,13.86,27.65,345,0.05,27.60
2010,TLJ4,Kent,"73,340","670,285","22,580","31,420","48,300","56,635","37,355","26,510","102,300","120,500","679,750",15.05,17.73,32.78,"-18,930",-2.75,35.52
2011,TLJ4,Kent,"71,370","671,215","21,235","14,560","48,705","38,035","20,450","25,460","84,500","83,945","670,750",12.60,12.52,25.11,930,0.14,24.97
2012,TLJ4,Kent,"71,760","674,345","19,105","22,730","58,125","50,675","23,020","24,220","99,960","97,915","672,780",14.86,14.55,29.41,"3,130",0.47,28.95
2013,TLJ4,Kent,"74,660","681,490","25,320","26,220","53,595","46,700","30,480","21,820","105,135","99,000","677,918",15.51,14.60,30.11,"7,145",1.06,29.05
2014,TLJ4,Kent,"75,215","690,510","24,330","25,485","48,785","41,325","27,045","21,905","98,600","90,275","686,000",14.37,13.16,27.53,"9,020",1.32,26.21
2015,TLJ4,Kent,"77,190","711,370","26,035","24,275","56,240","39,190","23,915","22,870","106,550","85,975","700,940",15.20,12.27,27.47,"20,860",3.02,24.45
2016,TLJ4,Kent,"80,465","717,125","22,190","28,015","54,130","55,195","21,375","23,375","104,335","99,945","714,248",14.61,13.99,28.60,"5,755",0.81,27.79
2017,TLJ4,Kent,"81,735","728,435","24,735","22,015","51,740","42,930","18,965","24,965","98,490","86,860","722,780",13.63,12.02,25.64,"11,310",1.58,24.07
2018,TLJ4,Kent,"82,750","728,620","23,525","20,095","50,500","47,110","24,090","23,925","94,120","95,125","728,528",12.92,13.06,25.98,185,0.03,25.95
2019,TLJ4,Kent,"84,090","743,275","30,560","22,075","48,690","44,440","18,855","24,050","101,325","87,345","735,948",13.77,11.87,25.64,"14,655",2.01,23.63
2020,TLJ4,Kent,"85,505","745,175","25,110","23,255","49,135","41,995","29,565","24,505","97,500","96,065","744,225",13.10,12.91,26.01,"1,900",0.26,25.75
2021,TLJ4,Kent,"86,695","742,505","22,575","20,660","42,325","43,475","23,620","22,280","85,560","89,375","743,840",11.50,12.02,23.52,"-2,670",-0.36,23.88
2022,TLJ4,Kent,"87,185","762,065","27,855","24,395","58,390","39,045","26,635","25,640","110,640","91,320","752,285",14.71,12.14,26.85,"19,560",2.63,24.21
2023,TLJ4,Kent,"85,135","770,650","20,505","32,155","62,800","46,430","29,565","31,030","115,460","107,025","766,358",15.07,13.97,29.03,"8,585",1.13,27.90
2024,TLJ4,Kent,"85,750","777,780","23,045","25,755","63,705","44,170","34,810","27,730","112,505","106,710","774,215",14.53,13.78,28.31,"7,130",0.93,27.39
2000,TLD4,Lancashire,"54,480","575,830","20,400","65,295","30,755","31,895",0,0,"116,450","31,895",#N/A,#N/A,#N/A,#N/A,#N/A,#N/A,#N/A
2001,TLD4,Lancashire,"56,830","639,380","22,685","59,405","47,885","38,995","8,995","18,880","129,975","66,870","607,605",21.39,11.01,32.40,"63,550",11.04,21.36
2002,TLD4,Lancashire,"56,660","656,230","33,350","67,100","39,120","38,475","55,900","27,795","139,570","122,170","647,805",21.55,18.86,40.40,"16,850",2.64,37.77
2003,TLD4,Lancashire,"58,630","630,560","23,245","41,375","38,425","29,440","77,540","22,490","103,045","129,470","643,395",16.02,20.12,36.14,"-25,670",-3.91,40.05
2004,TLD4,Lancashire,"60,460","645,560","31,115","38,905","42,640","37,835","36,565","24,460","112,660","98,860","638,060",17.66,15.49,33.15,"15,000",2.38,30.77
2005,TLD4,Lancashire,"61,890","634,110","22,440","23,235","45,360","40,470","30,500","31,265","91,035","102,235","639,835",14.23,15.98,30.21,"-11,450",-1.77,31.98
2006,TLD4,Lancashire,"63,070","646,325","22,770","26,790","50,520","42,170","21,820","24,185","100,080","88,175","640,218",15.63,13.77,29.40,"12,215",1.93,27.48
2007,TLD4,Lancashire,"63,425","641,090","21,475","25,985","42,340","40,880","26,395","27,525","89,800","94,800","643,708",13.95,14.73,28.68,"-5,235",-0.81,29.49
2008,TLD4,Lancashire,"62,420","642,535","18,010","23,550","53,960","43,470","26,350","24,545","95,520","94,365","641,813",14.88,14.70,29.59,"1,445",0.23,29.36
2009,TLD4,Lancashire,"60,905","653,680","14,760","37,615","52,025","42,375","26,335","25,270","104,400","93,980","648,108",16.11,14.50,30.61,"11,145",1.73,28.87
2010,TLD4,Lancashire,"59,585","630,250","18,170","29,685","40,285","51,665","32,795","24,765","88,140","109,225","641,965",13.73,17.01,30.74,"-23,430",-3.58,34.33
2011,TLD4,Lancashire,"57,135","621,635","16,035","17,085","37,960","35,070","22,050","23,530","71,080","80,650","625,943",11.36,12.88,24.24,"-8,615",-1.37,25.61
2012,TLD4,Lancashire,"56,645","623,765","15,795","19,785","58,515","48,825","22,060","20,815","94,095","91,700","622,700",15.11,14.73,29.84,"2,130",0.34,29.49
2013,TLD4,Lancashire,"58,275","634,020","20,855","19,750","56,775","43,790","25,610","17,805","97,380","87,205","628,893",15.48,13.87,29.35,"10,255",1.64,27.71
2014,TLD4,Lancashire,"58,290","640,590","16,330","19,405","44,990","34,715","19,640","19,515","80,725","73,870","637,305",12.67,11.59,24.26,"6,570",1.04,23.22
2015,TLD4,Lancashire,"59,185","642,215","20,300","20,115","45,920","42,200","23,530","18,700","86,335","84,430","641,403",13.46,13.16,26.62,"1,625",0.25,26.37
2016,TLD4,Lancashire,"60,170","644,040","17,350","14,515","48,070","36,145","17,285","22,265","79,935","75,695","643,128",12.43,11.77,24.20,"1,825",0.28,23.91
2017,TLD4,Lancashire,"60,955","650,650","21,320","17,450","46,010","43,360","14,880","19,700","84,780","77,940","647,345",13.10,12.04,25.14,"6,610",1.03,24.11
2018,TLD4,Lancashire,"62,465","659,785","21,570","25,240","46,635","39,885","21,445","25,840","93,445","87,170","655,218",14.26,13.30,27.57,"9,135",1.40,26.16
2019,TLD4,Lancashire,"61,745","653,665","18,555","16,265","44,260","42,470","17,755","21,790","79,080","82,015","656,725",12.04,12.49,24.53,"-6,120",-0.93,25.46
2020,TLD4,Lancashire,"61,980","655,740","17,950","14,995","36,885","31,905","14,820","20,785","69,830","67,510","654,703",10.67,10.31,20.98,"2,075",0.32,20.66
2021,TLD4,Lancashire,"64,355","662,075","24,665","14,705","41,055","38,320","20,250","16,380","80,425","74,950","658,908",12.21,11.37,23.58,"6,335",0.97,22.61
2022,TLD4,Lancashire,"65,040","665,090","23,680","17,000","48,350","31,570","27,950","21,500","89,030","81,020","663,583",13.42,12.21,25.63,"3,015",0.46,25.17
2023,TLD4,Lancashire,"63,750","667,690","17,975","25,825","47,995","38,020","24,070","28,985","91,795","91,075","666,390",13.77,13.67,27.44,"2,600",0.39,27.05
2024,TLD4,Lancashire,"63,205","680,770","21,850","27,260","49,645","38,615","25,105","24,590","98,755","88,310","674,230",14.65,13.10,27.74,"13,080",1.96,25.79
2000,TLF2,"Leicestershire, Rutland and Northamptonshire","69,245","709,210","27,875","74,280","48,820","43,615",0,0,"150,975","43,615",#N/A,#N/A,#N/A,#N/A,#N/A,#N/A,#N/A
2001,TLF2,"Leicestershire, Rutland and Northamptonshire","72,380","791,035","26,180","70,870","84,195","55,020","14,610","28,045","181,245","97,675","750,123",24.16,13.02,37.18,"81,825",11.54,25.65
2002,TLF2,"Leicestershire, Rutland and Northamptonshire","72,330","798,960","30,650","65,595","60,895","42,795","74,175","32,945","157,140","149,915","794,998",19.77,18.86,38.62,"7,925",1.00,37.62
2003,TLF2,"Leicestershire, Rutland and Northamptonshire","74,185","782,720","31,425","53,115","46,225","39,465","77,160","30,355","130,765","146,980","790,840",16.53,18.59,35.12,"-16,240",-2.03,37.15
2004,TLF2,"Leicestershire, Rutland and Northamptonshire","74,695","773,725","25,790","49,770","53,775","58,650","47,140","32,240","129,335","138,030","778,223",16.62,17.74,34.36,"-8,995",-1.15,35.51
2005,TLF2,"Leicestershire, Rutland and Northamptonshire","75,720","822,555","40,035","47,835","71,685","45,270","35,985","29,690","159,555","110,945","798,140",19.99,13.90,33.89,"48,830",6.31,27.58
2006,TLF2,"Leicestershire, Rutland and Northamptonshire","76,700","800,075","24,155","33,010","63,105","53,415","43,805","45,645","120,270","142,865","811,315",14.82,17.61,32.43,"-22,480",-2.73,35.17
2007,TLF2,"Leicestershire, Rutland and Northamptonshire","77,410","802,280","21,795","39,215","57,160","51,250","37,390","28,195","118,170","116,835","801,178",14.75,14.58,29.33,"2,205",0.28,29.06
2008,TLF2,"Leicestershire, Rutland and Northamptonshire","77,920","822,565","24,930","32,915","70,710","58,100","24,170","26,885","128,555","109,155","812,423",15.82,13.44,29.26,"20,285",2.53,26.73
2009,TLF2,"Leicestershire, Rutland and Northamptonshire","76,440","816,055","18,180","25,705","67,865","58,695","30,400","29,475","111,750","118,570","819,310",13.64,14.47,28.11,"-6,510",-0.79,28.90
2010,TLF2,"Leicestershire, Rutland and Northamptonshire","75,390","779,825","24,325","26,210","62,820","67,365","48,250","32,840","113,355","148,455","797,940",14.21,18.60,32.81,"-36,230",-4.44,37.25
2011,TLF2,"Leicestershire, Rutland and Northamptonshire","74,010","783,380","19,760","19,030","56,435","42,410","20,785","28,940","95,225","92,135","781,603",12.18,11.79,23.97,"3,555",0.46,23.52
2012,TLF2,"Leicestershire, Rutland and Northamptonshire","74,465","796,805","24,080","25,460","69,000","54,150","26,065","25,385","118,540","105,600","790,093",15.00,13.37,28.37,"13,425",1.71,26.66
2013,TLF2,"Leicestershire, Rutland and Northamptonshire","78,235","804,620","30,540","35,090","62,390","54,855","41,985","23,650","128,020","120,490","800,713",15.99,15.05,31.04,"7,815",0.98,30.06
2014,TLF2,"Leicestershire, Rutland and Northamptonshire","79,635","807,120","21,830","28,305","59,950","50,425","32,175","25,220","110,085","107,820","805,870",13.66,13.38,27.04,"2,500",0.31,26.73
2015,TLF2,"Leicestershire, Rutland and Northamptonshire","83,020","824,905","31,005","25,955","68,460","51,640","30,895","23,800","125,420","106,335","816,013",15.37,13.03,28.40,"17,785",2.20,26.20
2016,TLF2,"Leicestershire, Rutland and Northamptonshire","86,715","850,500","34,735","25,785","69,920","54,980","23,025","27,325","130,440","105,330","837,703",15.57,12.57,28.14,"25,595",3.10,25.04
2017,TLF2,"Leicestershire, Rutland and Northamptonshire","91,415","880,805","32,745","28,870","73,805","48,355","22,625","33,620","135,420","104,600","865,653",15.64,12.08,27.73,"30,305",3.56,24.16
2018,TLF2,"Leicestershire, Rutland and Northamptonshire","89,060","884,575","39,695","30,580","64,255","56,940","35,570","34,945","134,530","127,455","882,690",15.24,14.44,29.68,"3,770",0.43,29.25
2019,TLF2,"Leicestershire, Rutland and Northamptonshire","91,755","897,480","37,230","29,330","64,880","55,445","28,265","38,230","131,440","121,940","891,028",14.75,13.69,28.44,"12,905",1.46,26.98
2020,TLF2,"Leicestershire, Rutland and Northamptonshire","95,235","910,600","35,215","31,970","64,460","53,885","32,995","33,540","131,645","120,420","904,040",14.56,13.32,27.88,"13,120",1.46,26.42
2021,TLF2,"Leicestershire, Rutland and Northamptonshire","97,055","914,265","38,665","31,000","58,225","72,800","28,415","30,140","127,890","131,355","912,433",14.02,14.40,28.41,"3,665",0.40,28.01
2022,TLF2,"Leicestershire, Rutland and Northamptonshire","93,820","926,040","29,905","41,135","72,240","59,580","26,660","35,105","143,280","121,345","920,153",15.57,13.19,28.76,"11,775",1.29,27.47
2023,TLF2,"Leicestershire, Rutland and Northamptonshire","89,365","913,315","26,355","43,850","79,505","69,230","45,600","47,410","149,710","162,240","919,678",16.28,17.64,33.92,"-12,725",-1.37,35.29
2024,TLF2,"Leicestershire, Rutland and Northamptonshire","89,475","928,920","26,610","36,725","80,240","50,275","39,480","38,570","143,575","128,325","921,118",15.59,13.93,29.52,"15,605",1.71,27.81
2000,TLF3,Lincolnshire,"29,525","256,340","10,525","20,155","15,420","11,240",0,0,"46,100","11,240",#N/A,#N/A,#N/A,#N/A,#N/A,#N/A,#N/A
2001,TLF3,Lincolnshire,"30,555","287,165","10,195","25,090","26,610","17,500","5,250","9,030","61,895","31,780","271,753",22.78,11.69,34.47,"30,825",12.03,22.45
2002,TLF3,Lincolnshire,"30,365","281,620","9,305","19,895","18,475","15,290","21,090","16,465","47,675","52,845","284,393",16.76,18.58,35.35,"-5,545",-1.93,37.28
2003,TLF3,Lincolnshire,"32,010","290,485","10,060","30,650","14,530","11,480","25,495","10,245","55,240","47,220","286,053",19.31,16.51,35.82,"8,865",3.15,32.67
2004,TLF3,Lincolnshire,"32,525","279,780","11,050","14,970","18,990","13,665","32,600","10,175","45,010","56,440","285,133",15.79,19.79,35.58,"-10,705",-3.69,39.27
2005,TLF3,Lincolnshire,"32,775","280,595","9,865","15,045","19,265","17,840","15,225","10,160","44,175","43,225","280,188",15.77,15.43,31.19,815,0.29,30.90
2006,TLF3,Lincolnshire,"33,195","288,640","10,075","9,930","25,300","18,035","9,470","9,605","45,305","37,110","284,618",15.92,13.04,28.96,"8,045",2.87,26.09
2007,TLF3,Lincolnshire,"33,050","291,710","11,255","16,820","18,785","18,595","11,445","13,920","46,860","43,960","290,175",16.15,15.15,31.30,"3,070",1.06,30.23
2008,TLF3,Lincolnshire,"33,435","299,650","8,350","15,315","21,780","14,515","10,140","12,070","45,445","36,725","295,680",15.37,12.42,27.79,"7,940",2.72,25.07
2009,TLF3,Lincolnshire,"32,215","295,110","6,425","11,060","20,010","15,355","15,275","11,415","37,495","42,045","297,380",12.61,14.14,26.75,"-4,540",-1.52,28.26
2010,TLF3,Lincolnshire,"31,600","287,940","7,835","8,785","27,065","20,575","19,940","10,840","43,685","51,355","291,525",14.98,17.62,32.60,"-7,170",-2.43,35.03
2011,TLF3,Lincolnshire,"31,045","283,875","7,430","7,790","18,440","18,405","9,260","9,915","33,660","37,580","285,908",11.77,13.14,24.92,"-4,065",-1.41,26.33
2012,TLF3,Lincolnshire,"30,955","286,170","7,275","14,140","22,820","18,225","14,460","9,125","44,235","41,810","285,023",15.52,14.67,30.19,"2,295",0.81,29.38
2013,TLF3,Lincolnshire,"32,425","289,815","11,035","11,440","20,735","16,570","14,145","9,085","43,210","39,800","287,993",15.00,13.82,28.82,"3,645",1.27,27.55
2014,TLF3,Lincolnshire,"32,350","294,515","7,485","8,440","20,170","15,645","6,725","8,505","36,095","30,875","292,165",12.35,10.57,22.92,"4,700",1.62,21.30
2015,TLF3,Lincolnshire,"32,365","299,030","10,630","8,370","21,935","16,365","9,840","10,210","40,935","36,415","296,773",13.79,12.27,26.06,"4,515",1.53,24.53
2016,TLF3,Lincolnshire,"32,780","303,550","7,865","7,530","24,245","15,945","10,495","8,690","39,640","35,130","301,290",13.16,11.66,24.82,"4,520",1.51,23.31
2017,TLF3,Lincolnshire,"32,685","303,380","7,690","8,665","21,010","21,460","7,000","8,920","37,365","37,380","303,465",12.31,12.32,24.63,-170,-0.06,24.69
2018,TLF3,Lincolnshire,"32,470","305,915","8,175","8,315","20,875","17,170","8,365","9,075","37,365","34,610","304,648",12.26,11.36,23.63,"2,535",0.84,22.79
2019,TLF3,Lincolnshire,"32,690","307,095","9,825","8,135","17,605","15,670","8,520","10,265","35,565","34,455","306,505",11.60,11.24,22.84,"1,180",0.39,22.46
2020,TLF3,Lincolnshire,"32,875","304,885","7,675","10,365","18,030","17,735","11,655","9,120","36,070","38,510","305,990",11.79,12.59,24.37,"-2,210",-0.72,25.09
2021,TLF3,Lincolnshire,"33,325","307,075","9,500","6,920","20,730","19,060","9,055","7,350","37,150","35,465","305,980",12.14,11.59,23.73,"2,190",0.72,23.01
2022,TLF3,Lincolnshire,"34,085","312,945","10,575","7,090","20,775","16,300","6,970","9,675","38,440","32,945","310,010",12.40,10.63,23.03,"5,870",1.91,21.12
2023,TLF3,Lincolnshire,"33,175","314,495","9,070","10,970","22,190","17,285","10,295","12,940","42,230","40,520","313,720",13.46,12.92,26.38,"1,550",0.50,25.88
2024,TLF3,Lincolnshire,"33,095","313,885","7,205","9,340","22,715","18,755","11,085","11,565","39,260","41,405","314,190",12.50,13.18,25.67,-610,-0.19,25.87
2000,TLD7,Merseyside,"43,880","546,410","27,350","60,415","36,265","30,115",0,0,"124,030","30,115",#N/A,#N/A,#N/A,#N/A,#N/A,#N/A,#N/A
2001,TLD7,Merseyside,"46,640","619,315","20,185","69,050","57,065","40,535","7,410","22,030","146,300","69,975","582,863",25.10,12.01,37.11,"72,905",13.34,23.76
2002,TLD7,Merseyside,"47,200","651,685","19,730","82,090","40,255","35,270","53,905","21,880","142,075","111,055","635,500",22.36,17.48,39.83,"32,370",5.23,34.60
2003,TLD7,Merseyside,"48,795","640,670","25,490","49,045","37,585","28,860","73,715","19,445","112,120","122,020","646,178",17.35,18.88,36.23,"-11,015",-1.69,37.92
2004,TLD7,Merseyside,"50,440","623,875","19,930","39,590","45,145","49,315","52,915","18,380","104,665","120,610","632,273",16.55,19.08,35.63,"-16,795",-2.62,38.25
2005,TLD7,Merseyside,"52,655","632,490","22,295","33,410","51,455","38,220","38,475","22,270","107,160","98,965","628,183",17.06,15.75,32.81,"8,615",1.38,31.43
2006,TLD7,Merseyside,"54,580","631,515","18,000","35,710","49,545","43,695","37,345","21,695","103,255","102,735","632,003",16.34,16.26,32.59,-975,-0.15,32.75
2007,TLD7,Merseyside,"57,030","642,480","21,670","30,180","51,530","38,925","30,585","21,995","103,380","91,505","636,998",16.23,14.37,30.59,"10,965",1.74,28.86
2008,TLD7,Merseyside,"52,960","640,135","17,430","27,700","46,695","39,180","31,655","23,230","91,825","94,065","641,308",14.32,14.67,28.99,"-2,345",-0.36,29.35
2009,TLD7,Merseyside,"48,775","616,980","12,020","21,630","42,390","42,485","31,375","24,905","76,040","98,765","628,558",12.10,15.71,27.81,"-23,155",-3.62,31.43
2010,TLD7,Merseyside,"46,585","593,350","16,905","22,100","45,940","47,880","37,040","23,645","84,945","108,565","605,165",14.04,17.94,31.98,"-23,630",-3.83,35.81
2011,TLD7,Merseyside,"44,545","593,160","14,140","20,390","43,415","36,660","21,060","19,635","77,945","77,355","593,255",13.14,13.04,26.18,-190,-0.03,26.21
2012,TLD7,Merseyside,"44,355","592,890","15,265","22,400","52,860","48,190","23,500","18,535","90,525","90,225","593,025",15.26,15.21,30.48,-270,-0.05,30.52
2013,TLD7,Merseyside,"47,365","607,360","24,345","32,335","48,925","47,630","25,255","15,620","105,605","88,505","600,125",17.60,14.75,32.34,"14,470",2.44,29.90
2014,TLD7,Merseyside,"47,665","609,975","17,275","19,775","44,765","41,740","19,335","18,080","81,815","79,155","608,668",13.44,13.00,26.45,"2,615",0.43,26.02
2015,TLD7,Merseyside,"48,845","612,960","18,350","19,970","49,895","39,800","25,175","20,005","88,215","84,980","611,468",14.43,13.90,28.32,"2,985",0.49,27.84
2016,TLD7,Merseyside,"50,715","650,050","32,800","19,435","64,030","44,970","20,135","15,895","116,265","81,000","631,505",18.41,12.83,31.24,"37,090",6.05,25.19
2017,TLD7,Merseyside,"52,190","645,060","21,560","20,145","46,635","52,115","21,725","19,405","88,340","93,245","647,555",13.64,14.40,28.04,"-4,990",-0.77,28.81
2018,TLD7,Merseyside,"53,995","641,720","22,160","19,175","51,345","37,125","36,990","21,110","92,680","95,225","643,390",14.40,14.80,29.21,"-3,340",-0.52,29.72
2019,TLD7,Merseyside,"54,285","659,245","23,220","24,835","51,955","38,885","20,910","22,930","100,010","82,725","650,483",15.37,12.72,28.09,"17,525",2.73,25.36
2020,TLD7,Merseyside,"53,925","662,490","19,055","19,925","49,260","38,300","22,690","22,115","88,240","83,105","660,868",13.35,12.58,25.93,"3,245",0.49,25.44
2021,TLD7,Merseyside,"55,470","662,275","19,600","16,655","49,570","40,560","26,445","17,745","85,825","84,750","662,383",12.96,12.79,25.75,-215,-0.03,25.78
2022,TLD7,Merseyside,"55,130","669,680","21,960","22,315","50,315","40,970","23,025","22,705","94,590","86,700","665,978",14.20,13.02,27.22,"7,405",1.12,26.10
2023,TLD7,Merseyside,"52,830","689,050","17,540","37,055","64,695","43,475","31,065","26,700","119,290","101,240","679,365",17.56,14.90,32.46,"19,370",2.89,29.57
2024,TLD7,Merseyside,"52,720","684,440","17,400","27,520","61,515","43,900","43,125","23,770","106,435","110,795","686,745",15.50,16.13,31.63,"-4,610",-0.67,32.30
2000,TLM5,North Eastern Scotland,"11,965","38,180","10,455","2,240","2,445","2,080",0,0,"15,140","2,080",#N/A,#N/A,#N/A,#N/A,#N/A,#N/A,#N/A
2001,TLM5,North Eastern Scotland,"23,915","260,220","8,375","22,505","25,520","17,620","2,770","11,270","56,400","31,660","149,200",37.80,21.22,59.02,"222,040",581.56,-522.54
2002,TLM5,North Eastern Scotland,"23,425","257,020","9,520","19,255","15,945","17,990","21,540","8,865","44,720","48,395","258,620",17.29,18.71,36.00,"-3,200",-1.23,37.23
2003,TLM5,North Eastern Scotland,"24,095","258,945","10,400","14,100","17,125","11,375","22,375","9,110","41,625","42,860","257,983",16.13,16.61,32.75,"1,925",0.75,32.00
2004,TLM5,North Eastern Scotland,"23,930","256,055","7,640","11,400","21,285","14,030","15,645","13,345","40,325","43,020","257,500",15.66,16.71,32.37,"-2,890",-1.12,33.48
2005,TLM5,North Eastern Scotland,"24,460","258,155","7,585","10,720","24,330","17,475","13,685","9,375","42,635","40,535","257,105",16.58,15.77,32.35,"2,100",0.82,31.53
2006,TLM5,North Eastern Scotland,"25,170","258,500","8,105","8,135","20,995","15,930","12,870","7,345","37,235","36,145","258,328",14.41,13.99,28.41,345,0.13,28.27
2007,TLM5,North Eastern Scotland,"26,740","266,600","8,240","9,520","21,080","14,555","9,455","6,580","38,840","30,590","262,550",14.79,11.65,26.44,"8,100",3.13,23.31
2008,TLM5,North Eastern Scotland,"26,615","271,875","6,240","9,425","25,500","15,195","11,780","6,860","41,165","33,835","269,238",15.29,12.57,27.86,"5,275",1.98,25.88
2009,TLM5,North Eastern Scotland,"26,590","281,195","5,865","7,230","22,775","15,310","7,135","7,000","35,870","29,445","276,535",12.97,10.65,23.62,"9,320",3.43,20.19
2010,TLM5,North Eastern Scotland,"26,750","278,660","6,980","8,830","20,360","21,865","10,055","6,730","36,170","38,650","279,928",12.92,13.81,26.73,"-2,535",-0.90,27.63
2011,TLM5,North Eastern Scotland,"26,670","275,180","6,170","7,535","16,170","17,830","8,255","7,200","29,875","33,285","276,920",10.79,12.02,22.81,"-3,480",-1.25,24.06
2012,TLM5,North Eastern Scotland,"27,105","285,835","7,165","12,660","24,735","19,465","6,560","8,150","44,560","34,175","280,508",15.89,12.18,28.07,"10,655",3.87,24.20
2013,TLM5,North Eastern Scotland,"28,360","291,475","7,710","9,580","26,205","20,940","9,650","6,950","43,495","37,540","288,655",15.07,13.01,28.07,"5,640",1.97,26.10
2014,TLM5,North Eastern Scotland,"28,635","296,015","7,200","9,350","24,210","18,600","10,975","6,880","40,760","36,455","293,745",13.88,12.41,26.29,"4,540",1.56,24.73
2015,TLM5,North Eastern Scotland,"28,625","303,335","7,315","10,985","29,955","18,045","15,370","7,140","48,255","40,555","299,675",16.10,13.53,29.64,"7,320",2.47,27.16
2016,TLM5,North Eastern Scotland,"28,255","297,980","9,570","7,955","20,015","24,595","9,735","8,920","37,540","43,250","300,658",12.49,14.39,26.87,"-5,355",-1.77,28.64
2017,TLM5,North Eastern Scotland,"27,860","291,485","10,135","9,635","20,250","24,495","11,105","9,720","40,020","45,320","294,733",13.58,15.38,28.96,"-6,495",-2.18,31.13
2018,TLM5,North Eastern Scotland,"27,690","294,125","11,695","11,380","20,505","23,565","9,745","7,815","43,580","41,125","292,805",14.88,14.05,28.93,"2,640",0.91,28.02
2019,TLM5,North Eastern Scotland,"27,745","288,835","8,645","7,925","21,150","20,335","15,445","7,085","37,720","42,865","291,480",12.94,14.71,27.65,"-5,290",-1.80,29.45
2020,TLM5,North Eastern Scotland,"27,375","288,060","7,670","9,175","15,775","17,935","9,920","7,390","32,620","35,245","288,448",11.31,12.22,23.53,-775,-0.27,23.80
2021,TLM5,North Eastern Scotland,"26,475","268,975","5,990","6,890","13,590","22,840","13,945","8,525","26,470","45,310","278,518",9.50,16.27,25.77,"-19,085",-6.63,32.40
2022,TLM5,North Eastern Scotland,"25,640","268,805","5,185","7,845","18,715","15,415","9,605","7,250","31,745","32,270","268,890",11.81,12.00,23.81,-170,-0.06,23.87
2023,TLM5,North Eastern Scotland,"25,515","272,765","8,020","8,760","20,030","16,345","10,575","7,530","36,810","34,450","270,785",13.59,12.72,26.32,"3,960",1.47,24.84
2024,TLM5,North Eastern Scotland,"24,990","274,595","9,490","7,725","18,205","14,690","8,165","10,730","35,420","33,585","273,680",12.94,12.27,25.21,"1,830",0.67,24.54
2000,TLE2,North Yorkshire,"40,155","332,255","14,455","27,870","18,830","18,390",0,0,"61,155","18,390",#N/A,#N/A,#N/A,#N/A,#N/A,#N/A,#N/A
2001,TLE2,North Yorkshire,"41,180","376,020","23,590","30,965","33,470","21,630","9,710","12,525","88,025","43,865","354,138",24.86,12.39,37.24,"43,765",13.17,24.07
2002,TLE2,North Yorkshire,"41,850","381,740","20,030","28,485","26,455","19,540","35,135","14,795","74,970","69,470","378,880",19.79,18.34,38.12,"5,720",1.52,36.60
2003,TLE2,North Yorkshire,"42,650","385,050","22,485","25,665","21,825","16,800","36,825","13,230","69,975","66,855","383,395",18.25,17.44,35.69,"3,310",0.87,34.82
2004,TLE2,North Yorkshire,"43,280","380,385","13,645","21,085","29,205","24,575","24,060","20,660","63,935","69,295","382,718",16.71,18.11,34.81,"-4,665",-1.21,36.02
2005,TLE2,North Yorkshire,"43,205","383,960","12,705","15,095","33,850","24,210","21,180","15,015","61,650","60,405","382,173",16.13,15.81,31.94,"3,575",0.94,31.00
2006,TLE2,North Yorkshire,"44,305","391,605","12,270","17,570","30,820","25,105","16,925","12,075","60,660","54,105","387,783",15.64,13.95,29.60,"7,645",1.99,27.60
2007,TLE2,North Yorkshire,"44,070","393,220","11,670","24,090","27,985","26,880","20,305","15,175","63,745","62,360","392,413",16.24,15.89,32.14,"1,615",0.41,31.72
2008,TLE2,North Yorkshire,"44,200","380,060","10,580","11,795","24,820","30,490","17,235","12,390","47,195","60,115","386,640",12.21,15.55,27.75,"-13,160",-3.35,31.10
2009,TLE2,North Yorkshire,"43,270","389,410","8,275","19,360","32,845","21,640","16,215","12,970","60,480","50,825","384,735",15.72,13.21,28.93,"9,350",2.46,26.47
2010,TLE2,North Yorkshire,"43,700","376,125","11,245","15,010","24,880","27,970","24,085","12,515","51,135","64,570","382,768",13.36,16.87,30.23,"-13,285",-3.41,33.64
2011,TLE2,North Yorkshire,"42,705","376,650","9,695","7,310","22,960","17,850","9,855","11,680","39,965","39,385","376,388",10.62,10.46,21.08,525,0.14,20.94
2012,TLE2,North Yorkshire,"42,730","378,235","9,345","11,695","31,985","27,010","11,890","12,865","53,025","51,765","377,443",14.05,13.71,27.76,"1,585",0.42,27.34
2013,TLE2,North Yorkshire,"43,940","381,585","12,855","15,180","30,880","25,350","18,560","12,410","58,915","56,320","379,910",15.51,14.82,30.33,"3,350",0.89,29.45
2014,TLE2,North Yorkshire,"43,695","387,360","11,255","12,205","30,470","18,300","17,895","11,120","53,930","47,315","384,473",14.03,12.31,26.33,"5,775",1.51,24.82
2015,TLE2,North Yorkshire,"44,500","387,095","12,730","14,515","25,600","24,145","18,695","11,100","52,845","53,940","387,228",13.65,13.93,27.58,-265,-0.07,27.65
2016,TLE2,North Yorkshire,"44,990","400,240","13,270","18,160","30,780","21,550","13,990","13,505","62,210","49,045","393,668",15.80,12.46,28.26,"13,145",3.40,24.87
2017,TLE2,North Yorkshire,"45,365","401,790","11,215","12,970","29,675","19,860","20,645","11,995","53,860","52,500","401,015",13.43,13.09,26.52,"1,550",0.39,26.14
2018,TLE2,North Yorkshire,"45,535","415,935","26,305","18,540","26,810","26,370","15,675","14,980","71,655","57,025","408,863",17.53,13.95,31.47,"14,145",3.52,27.95
2019,TLE2,North Yorkshire,"45,765","400,760","11,050","13,685","25,210","24,725","27,000","12,755","49,945","64,480","408,348",12.23,15.79,28.02,"-15,175",-3.65,31.67
2020,TLE2,North Yorkshire,"45,775","405,355","10,460","12,080","32,775","28,530","11,015","11,070","55,315","50,615","403,058",13.72,12.56,26.28,"4,595",1.15,25.14
2021,TLE2,North Yorkshire,"45,875","397,430","11,910","12,355","26,855","30,655","18,340","10,145","51,120","59,140","401,393",12.74,14.73,27.47,"-7,925",-1.96,29.42
2022,TLE2,North Yorkshire,"46,510","408,555","12,680","11,175","30,695","20,890","11,455","10,920","54,550","43,265","402,993",13.54,10.74,24.27,"11,125",2.80,21.47
2023,TLE2,North Yorkshire,"45,730","409,395","9,820","14,660","30,705","22,625","14,625","16,325","55,185","53,575","408,975",13.49,13.10,26.59,840,0.21,26.39
2024,TLE2,North Yorkshire,"45,390","422,675","12,270","16,440","34,370","21,340","13,740","14,605","63,080","49,685","416,035",15.16,11.94,27.10,"13,280",3.24,23.86
2000,TLN0,Northern Ireland,"33,330","65,440","13,280",135,"3,305","3,285",0,0,"16,720","3,285",#N/A,#N/A,#N/A,#N/A,#N/A,#N/A,#N/A
2001,TLN0,Northern Ireland,"79,305","705,760","22,225","73,210","70,405","50,075","13,780","7,780","165,840","71,635","385,600",43.01,18.58,61.59,"640,320",978.48,-916.90
2002,TLN0,Northern Ireland,"84,900","777,690","20,605","73,745","74,790","54,735","20,000","22,550","169,140","97,285","741,725",22.80,13.12,35.92,"71,930",10.19,25.73
2003,TLN0,Northern Ireland,"76,450","726,570","17,915","10,555","4,385","3,810","56,490","24,415","32,855","84,715","752,130",4.37,11.26,15.63,"-51,120",-6.57,22.20
2004,TLN0,Northern Ireland,"77,895","730,580","21,880","15,870","4,175","5,105","10,975","21,560","41,925","37,640","728,575",5.75,5.17,10.92,"4,010",0.55,10.37
2005,TLN0,Northern Ireland,"81,220","766,965","26,075","73,445","76,960","55,470","61,145","23,525","176,480","140,140","748,773",23.57,18.72,42.29,"36,385",4.98,37.30
2006,TLN0,Northern Ireland,"83,480","769,680","21,535","14,005","9,200","7,345","15,185","20,110","44,740","42,640","768,323",5.82,5.55,11.37,"2,715",0.35,11.02
2007,TLN0,Northern Ireland,"85,785","866,495","93,855","75,430","72,065","56,685","60,290","27,445","241,350","144,420","818,088",29.50,17.65,47.16,"96,815",12.58,34.58
2008,TLN0,Northern Ireland,"85,135","795,680","19,255","22,355","31,890","22,100","91,400","29,485","73,500","142,985","831,088",8.84,17.20,26.05,"-70,815",-8.17,34.22
2009,TLN0,Northern Ireland,"83,800","809,385","18,235","71,440","76,210","56,830","68,520","29,095","165,885","154,445","802,533",20.67,19.24,39.91,"13,705",1.72,38.19
2010,TLN0,Northern Ireland,"90,795","839,970","20,120","76,830","66,265","81,485","27,100","24,430","163,215","133,015","824,678",19.79,16.13,35.92,"30,585",3.78,32.14
2011,TLN0,Northern Ireland,"82,640","761,435","12,685","17,630","47,430","46,155","75,590","34,885","77,745","156,630","800,703",9.71,19.56,29.27,"-78,535",-9.35,38.62
2012,TLN0,Northern Ireland,"83,550","767,125","17,255","29,330","70,790","66,780","24,490","21,895","117,375","113,165","764,280",15.36,14.81,30.16,"5,690",0.75,29.42
2013,TLN0,Northern Ireland,"83,645","760,895","19,080","15,435","56,325","53,245","24,905","18,775","90,840","96,925","764,010",11.89,12.69,24.58,"-6,230",-0.81,25.39
2014,TLN0,Northern Ireland,"82,285","770,890","15,555","12,255","67,665","48,975","16,410","21,000","95,475","86,385","765,893",12.47,11.28,23.74,"9,995",1.31,22.43
2015,TLN0,Northern Ireland,"81,980","779,665","21,100","15,490","57,200","51,540","14,895","19,415","93,790","85,850","775,278",12.10,11.07,23.17,"8,775",1.14,22.03
2016,TLN0,Northern Ireland,"83,870","797,900","19,770","12,560","70,460","49,445","16,625","18,510","102,790","84,580","788,783",13.03,10.72,23.75,"18,235",2.34,21.42
2017,TLN0,Northern Ireland,"84,160","801,925","20,200","10,515","37,680","31,845","11,340","20,710","68,395","63,895","799,913",8.55,7.99,16.54,"4,025",0.50,16.03
2018,TLN0,Northern Ireland,"86,730","818,380","23,505","10,960","68,185","56,670","11,950","17,795","102,650","86,415","810,153",12.67,10.67,23.34,"16,455",2.05,21.29
2019,TLN0,Northern Ireland,"88,500","826,780","17,960","20,030","53,335","47,785","18,305","18,830","91,325","84,920","822,580",11.10,10.32,21.43,"8,400",1.03,20.40
2020,TLN0,Northern Ireland,"89,550","842,290","19,130","14,550","51,170","40,245","12,810","16,775","84,850","69,830","834,535",10.17,8.37,18.53,"15,510",1.88,16.66
2021,TLN0,Northern Ireland,"90,730","834,935","18,870","18,080","39,335","42,165","24,440","17,540","76,285","84,145","838,613",9.10,10.03,19.13,"-7,355",-0.87,20.00
2022,TLN0,Northern Ireland,"91,905","844,825","22,020","22,165","68,275","44,945","35,725","22,050","112,460","102,720","839,880",13.39,12.23,25.62,"9,890",1.18,24.44
2023,TLN0,Northern Ireland,"92,025","876,170","17,680","35,975","66,200","47,690","21,420","19,100","119,855","88,210","860,498",13.93,10.25,24.18,"31,345",3.71,20.47
2024,TLN0,Northern Ireland,"93,205","883,635","17,290","15,910","56,515","42,975","20,525","18,860","89,715","82,360","879,903",10.20,9.36,19.56,"7,465",0.85,18.70
2000,TLC2,"Northumberland, and Tyne and Wear","42,825","561,880","19,085","66,780","38,075","32,540",0,0,"123,940","32,540",#N/A,#N/A,#N/A,#N/A,#N/A,#N/A,#N/A
2001,TLC2,"Northumberland, and Tyne and Wear","44,435","631,805","17,720","68,705","50,030","35,615","11,415","18,260","136,455","65,290","596,843",22.86,10.94,33.80,"69,925",12.44,21.36
2002,TLC2,"Northumberland, and Tyne and Wear","45,750","675,690","22,570","95,735","43,060","34,715","62,620","20,310","161,365","117,645","653,748",24.68,18.00,42.68,"43,885",6.95,35.73
2003,TLC2,"Northumberland, and Tyne and Wear","46,050","645,805","15,395","68,695","33,140","29,955","100,735","18,865","117,230","149,555","660,748",17.74,22.63,40.38,"-29,885",-4.42,44.80
2004,TLC2,"Northumberland, and Tyne and Wear","46,200","636,350","21,875","41,180","49,755","37,655","65,940","19,045","112,810","122,640","641,078",17.60,19.13,36.73,"-9,455",-1.46,38.19
2005,TLC2,"Northumberland, and Tyne and Wear","46,485","632,860","15,680","29,400","50,345","39,095","39,225","19,000","95,425","97,320","634,605",15.04,15.34,30.37,"-3,490",-0.55,30.92
2006,TLC2,"Northumberland, and Tyne and Wear","47,300","642,265","20,600","31,180","48,880","48,070","27,025","16,275","100,660","91,370","637,563",15.79,14.33,30.12,"9,405",1.49,28.63
2007,TLC2,"Northumberland, and Tyne and Wear","48,080","648,510","15,295","30,005","53,280","37,950","30,340","24,145","98,580","92,435","645,388",15.27,14.32,29.60,"6,245",0.97,28.62
2008,TLC2,"Northumberland, and Tyne and Wear","47,795","653,030","17,155","27,150","52,190","41,660","31,490","19,115","96,495","92,265","650,770",14.83,14.18,29.01,"4,520",0.70,28.31
2009,TLC2,"Northumberland, and Tyne and Wear","46,885","649,585","11,535","38,990","50,305","42,700","37,750","22,490","100,830","102,940","651,308",15.48,15.81,31.29,"-3,445",-0.53,31.81
2010,TLC2,"Northumberland, and Tyne and Wear","46,010","611,860","15,395","24,695","48,975","61,585","44,780","20,265","89,065","126,630","630,723",14.12,20.08,34.20,"-37,725",-5.81,40.01
2011,TLC2,"Northumberland, and Tyne and Wear","44,760","601,575","14,095","25,430","41,275","46,880","25,675","18,455","80,800","91,010","606,718",13.32,15.00,28.32,"-10,285",-1.68,30.00
2012,TLC2,"Northumberland, and Tyne and Wear","44,740","603,265","14,450","25,420","53,370","51,370","23,000","17,410","93,240","91,780","602,420",15.48,15.24,30.71,"1,690",0.28,30.43
2013,TLC2,"Northumberland, and Tyne and Wear","46,810","620,065","18,560","33,665","49,525","39,770","29,335","16,305","101,750","85,410","611,665",16.63,13.96,30.60,"16,800",2.78,27.81
2014,TLC2,"Northumberland, and Tyne and Wear","46,975","620,620","21,830","18,905","43,885","44,695","22,190","16,655","84,620","83,540","620,343",13.64,13.47,27.11,555,0.09,27.02
2015,TLC2,"Northumberland, and Tyne and Wear","47,785","621,755","17,630","19,565","44,780","38,215","22,440","19,990","81,975","80,645","621,188",13.20,12.98,26.18,"1,135",0.18,26.00
2016,TLC2,"Northumberland, and Tyne and Wear","48,895","634,415","21,955","17,065","48,430","42,850","16,970","15,605","87,450","75,425","628,085",13.92,12.01,25.93,"12,660",2.04,23.90
2017,TLC2,"Northumberland, and Tyne and Wear","49,560","639,100","21,530","20,960","39,465","42,665","13,730","20,725","81,955","77,120","636,758",12.87,12.11,24.98,"4,685",0.74,24.24
2018,TLC2,"Northumberland, and Tyne and Wear","50,135","642,185","21,505","22,265","41,945","39,785","20,660","22,610","85,715","83,055","640,643",13.38,12.96,26.34,"3,085",0.48,25.86
2019,TLC2,"Northumberland, and Tyne and Wear","50,405","645,185","18,835","19,865","42,195","40,710","17,835","17,795","80,895","76,340","643,685",12.57,11.86,24.43,"3,000",0.47,23.96
2020,TLC2,"Northumberland, and Tyne and Wear","50,715","641,545","15,325","19,155","36,880","38,010","17,445","19,185","71,360","74,640","643,365",11.09,11.60,22.69,"-3,640",-0.56,23.26
2021,TLC2,"Northumberland, and Tyne and Wear","51,545","640,490","15,915","17,020","41,680","37,735","22,990","15,015","74,615","75,740","641,018",11.64,11.82,23.46,"-1,055",-0.16,23.62
2022,TLC2,"Northumberland, and Tyne and Wear","52,245","652,220","17,725","22,015","45,935","34,725","21,930","17,375","85,675","74,030","646,355",13.26,11.45,24.71,"11,730",1.83,22.88
2023,TLC2,"Northumberland, and Tyne and Wear","51,005","658,645","14,590","22,870","49,625","38,255","22,450","19,865","87,085","80,570","655,433",13.29,12.29,25.58,"6,425",0.99,24.59
2024,TLC2,"Northumberland, and Tyne and Wear","50,945","665,120","15,035","22,095","49,665","34,955","26,800","18,800","86,795","80,555","661,883",13.11,12.17,25.28,"6,475",0.98,24.30
2000,TLI5,Outer London - East and North East,"50,185","461,615","19,865","60,760","28,415","28,330",0,0,"109,040","28,330",#N/A,#N/A,#N/A,#N/A,#N/A,#N/A,#N/A
2001,TLI5,Outer London - East and North East,"51,810","513,055","20,540","47,300","47,500","32,165","7,015","22,790","115,340","61,970","487,335",23.67,12.72,36.38,"51,440",11.14,25.24
2002,TLI5,Outer London - East and North East,"52,020","530,140","18,240","61,975","41,600","32,950","46,390","25,410","121,815","104,750","521,598",23.35,20.08,43.44,"17,085",3.33,40.11
2003,TLI5,Outer London - East and North East,"52,945","507,770","19,460","36,145","28,365","31,090","55,840","18,940","83,970","105,870","518,955",16.18,20.40,36.58,"-22,370",-4.22,40.80
2004,TLI5,Outer London - East and North East,"53,600","513,885","20,975","30,225","43,915","31,020","37,165","21,595","95,115","89,780","510,828",18.62,17.58,36.20,"6,115",1.20,34.99
2005,TLI5,Outer London - East and North East,"54,210","518,635","17,165","23,300","45,100","28,975","28,975","21,190","85,565","79,140","516,260",16.57,15.33,31.90,"4,750",0.92,30.98
2006,TLI5,Outer London - East and North East,"55,430","499,125","16,820","18,795","33,290","35,780","30,420","20,640","68,905","86,840","508,880",13.54,17.06,30.61,"-19,510",-3.76,34.37
2007,TLI5,Outer London - East and North East,"55,595","502,590","15,990","20,630","35,095","32,585","18,215","18,280","71,715","69,080","500,858",14.32,13.79,28.11,"3,465",0.69,27.42
2008,TLI5,Outer London - East and North East,"57,045","513,005","18,130","22,315","44,680","32,345","23,135","19,325","85,125","74,805","507,798",16.76,14.73,31.49,"10,415",2.07,29.42
2009,TLI5,Outer London - East and North East,"56,635","496,325","17,580","16,575","35,505","31,810","33,505","21,835","69,660","87,150","504,665",13.80,17.27,31.07,"-16,680",-3.25,34.32
2010,TLI5,Outer London - East and North East,"59,180","490,050","25,335","20,700","38,695","38,585","26,980","21,770","84,730","87,335","493,188",17.18,17.71,34.89,"-6,275",-1.26,36.15
2011,TLI5,Outer London - East and North East,"59,420","498,570","19,115","18,245","41,685","35,740","12,470","22,485","79,045","70,695","494,310",15.99,14.30,30.29,"8,520",1.74,28.55
2012,TLI5,Outer London - East and North East,"61,455","506,510","20,350","28,625","46,170","40,325","24,235","22,190","95,145","86,750","502,540",18.93,17.26,36.20,"7,940",1.59,34.60
2013,TLI5,Outer London - East and North East,"67,055","531,020","28,675","20,495","50,275","32,600","23,270","18,875","99,445","74,745","518,765",19.17,14.41,33.58,"24,510",4.84,28.74
2014,TLI5,Outer London - East and North East,"69,775","537,610","23,880","15,760","36,295","32,275","13,510","22,800","75,935","68,585","534,315",14.21,12.84,27.05,"6,590",1.24,25.81
2015,TLI5,Outer London - East and North East,"75,310","558,840","34,730","22,600","44,965","31,960","25,225","23,055","102,295","80,240","548,225",18.66,14.64,33.30,"21,230",3.95,29.35
2016,TLI5,Outer London - East and North East,"81,445","561,415","33,225","18,485","42,555","36,035","27,385","26,075","94,265","89,495","560,128",16.83,15.98,32.81,"2,575",0.46,32.35
2017,TLI5,Outer London - East and North East,"84,195","570,290","27,740","16,030","42,265","34,340","15,770","25,500","86,035","75,610","565,853",15.20,13.36,28.57,"8,875",1.58,26.99
2018,TLI5,Outer London - East and North East,"84,560","579,955","28,140","19,265","44,715","35,085","16,405","30,030","92,120","81,520","575,123",16.02,14.17,30.19,"9,665",1.69,28.50
2019,TLI5,Outer London - East and North East,"87,995","590,955","33,245","22,725","40,680","38,845","18,365","26,985","96,650","84,195","585,455",16.51,14.38,30.89,"11,000",1.90,28.99
2020,TLI5,Outer London - East and North East,"90,320","592,345","29,330","18,870","39,940","33,570","24,475","27,110","88,140","85,155","591,650",14.90,14.39,29.29,"1,390",0.24,29.05
2021,TLI5,Outer London - East and North East,"91,740","601,740","30,665","14,585","42,085","34,450","17,020","24,845","87,335","76,315","597,043",14.63,12.78,27.41,"9,395",1.59,25.82
2022,TLI5,Outer London - East and North East,"92,940","607,780","36,460","13,275","45,495","34,920","18,500","33,260","95,230","86,680","604,760",15.75,14.33,30.08,"6,040",1.00,29.08
2023,TLI5,Outer London - East and North East,"88,445","606,275","27,315","23,975","51,345","44,230","23,260","33,680","102,635","101,170","607,028",16.91,16.67,33.57,"-1,505",-0.25,33.82
2024,TLI5,Outer London - East and North East,"89,545","640,770","28,465","19,640","55,680","36,780","22,310","27,530","103,785","86,620","623,523",16.64,13.89,30.54,"34,495",5.69,24.85
2000,TLI6,Outer London - South,"48,415","434,730","17,655","49,665","43,510","25,965",0,0,"110,830","25,965",#N/A,#N/A,#N/A,#N/A,#N/A,#N/A,#N/A
2001,TLI6,Outer London - South,"49,760","493,650","24,620","50,755","43,810","31,920","9,550","19,880","119,185","61,350","464,190",25.68,13.22,38.89,"58,920",13.55,25.34
2002,TLI6,Outer London - South,"50,070","492,275","17,815","49,050","40,540","34,205","45,375","29,610","107,405","109,190","492,963",21.79,22.15,43.94,"-1,375",-0.28,44.22
2003,TLI6,Outer London - South,"50,140","474,960","15,915","31,765","35,040","29,340","50,505","17,045","82,720","96,890","483,618",17.10,20.03,37.14,"-17,315",-3.52,40.66
2004,TLI6,Outer London - South,"49,965","473,060","19,400","27,025","38,255","29,920","31,540","24,140","84,680","85,600","474,010",17.86,18.06,35.92,"-1,900",-0.40,36.32
2005,TLI6,Outer London - South,"50,330","478,685","23,125","20,505","47,630","35,075","30,340","19,315","91,260","84,730","475,873",19.18,17.81,36.98,"5,625",1.19,35.79
2006,TLI6,Outer London - South,"51,760","463,050","16,280","26,230","40,280","44,510","28,905","26,410","82,790","99,825","470,868",17.58,21.20,38.78,"-15,635",-3.27,42.05
2007,TLI6,Outer London - South,"52,400","484,515","17,725","30,885","39,350","27,440","21,370","16,180","87,960","64,990","473,783",18.57,13.72,32.28,"21,465",4.64,27.65
2008,TLI6,Outer London - South,"53,315","491,090","16,640","23,565","51,035","32,445","36,415","16,025","91,240","84,885","487,803",18.70,17.40,36.11,"6,575",1.36,34.75
2009,TLI6,Outer London - South,"52,785","474,215","13,400","26,105","37,495","44,480","26,480","18,795","77,000","89,755","482,653",15.95,18.60,34.55,"-16,875",-3.44,37.99
2010,TLI6,Outer London - South,"53,480","459,965","23,170","19,745","39,950","40,390","36,805","19,610","82,865","96,805","467,090",17.74,20.73,38.47,"-14,250",-3.00,41.47
2011,TLI6,Outer London - South,"53,015","456,765","18,615","9,555","39,850","23,575","23,900","23,255","68,020","70,730","458,365",14.84,15.43,30.27,"-3,200",-0.70,30.97
2012,TLI6,Outer London - South,"54,120","445,435","17,030","16,250","40,225","37,105","25,190","24,300","73,505","86,595","451,100",16.29,19.20,35.49,"-11,330",-2.48,37.97
2013,TLI6,Outer London - South,"57,835","456,930","21,330","17,810","41,065","31,895","17,345","18,700","80,205","67,940","451,183",17.78,15.06,32.83,"11,495",2.58,30.25
2014,TLI6,Outer London - South,"58,885","465,330","19,460","12,620","39,260","28,430","17,285","17,270","71,340","62,985","461,130",15.47,13.66,29.13,"8,400",1.84,27.29
2015,TLI6,Outer London - South,"61,835","464,455","21,485","16,760","31,590","27,960","22,195","19,705","69,835","69,860","464,893",15.02,15.03,30.05,-875,-0.19,30.24
2016,TLI6,Outer London - South,"64,810","474,540","19,940","21,225","32,700","29,975","14,170","19,105","73,865","63,250","469,498",15.73,13.47,29.20,"10,085",2.17,27.03
2017,TLI6,Outer London - South,"66,810","485,575","26,290","18,265","31,430","29,560","15,355","18,610","75,985","63,525","480,058",15.83,13.23,29.06,"11,035",2.33,26.74
2018,TLI6,Outer London - South,"67,865","488,200","27,140","15,515","34,460","30,940","20,530","22,180","77,115","73,650","486,888",15.84,15.13,30.97,"2,625",0.54,30.42
2019,TLI6,Outer London - South,"67,815","488,855","21,015","15,340","33,350","27,600","14,755","25,975","69,705","68,330","488,528",14.27,13.99,28.26,655,0.13,28.12
2020,TLI6,Outer London - South,"71,285","494,210","22,475","16,005","33,920","26,125","19,955","19,585","72,400","65,665","491,533",14.73,13.36,28.09,"5,355",1.10,26.99
2021,TLI6,Outer London - South,"68,815","487,100","19,205","11,195","36,195","36,425","11,945","24,050","66,595","72,420","490,655",13.57,14.76,28.33,"-7,110",-1.44,29.77
2022,TLI6,Outer London - South,"67,405","482,850","18,525","11,930","32,665","27,790","16,910","22,980","63,120","67,680","484,975",13.02,13.96,26.97,"-4,250",-0.87,27.84
2023,TLI6,Outer London - South,"64,660","498,625","18,365","23,540","46,375","27,115","22,275","20,565","88,280","69,955","490,738",17.99,14.26,32.24,"15,775",3.27,28.98
2024,TLI6,Outer London - South,"64,415","483,970","17,060","21,490","42,625","34,565","19,970","20,600","81,175","75,135","491,298",16.52,15.29,31.82,"-14,655",-2.94,34.75
2000,TLI7,Outer London - West and North West,"85,290","767,165","34,640","95,320","61,530","42,460",0,0,"191,490","42,460",#N/A,#N/A,#N/A,#N/A,#N/A,#N/A,#N/A
2001,TLI7,Outer London - West and North West,"87,660","864,965","39,615","90,180","81,180","61,935","20,220","30,585","210,975","112,740","816,065",25.85,13.82,39.67,"97,800",12.75,26.92
2002,TLI7,Outer London - West and North West,"88,980","902,055","53,705","103,595","63,985","52,365","93,695","38,475","221,285","184,535","883,510",25.05,20.89,45.93,"37,090",4.29,41.64
2003,TLI7,Outer London - West and North West,"88,580","830,205","34,820","56,515","61,415","75,520","105,980","43,605","152,750","225,105","866,130",17.64,25.99,43.63,"-71,850",-7.97,51.59
2004,TLI7,Outer London - West and North West,"89,305","825,865","32,785","54,145","66,970","56,810","63,305","41,115","153,900","161,230","828,035",18.59,19.47,38.06,"-4,340",-0.52,38.58
2005,TLI7,Outer London - West and North West,"90,395","820,450","37,175","33,590","73,490","56,545","53,975","39,285","144,255","149,805","823,158",17.52,18.20,35.72,"-5,415",-0.66,36.38
2006,TLI7,Outer London - West and North West,"92,435","821,950","35,350","31,445","72,235","60,165","39,155","37,165","139,030","136,485","821,200",16.93,16.62,33.55,"1,500",0.18,33.37
2007,TLI7,Outer London - West and North West,"93,205","822,925","36,255","37,385","60,330","63,995","32,030","36,735","133,970","132,760","822,438",16.29,16.14,32.43,975,0.12,32.31
2008,TLI7,Outer London - West and North West,"96,370","838,915","34,510","45,410","75,940","64,175","40,260","34,955","155,860","139,390","830,920",18.76,16.78,35.53,"15,990",1.94,33.59
2009,TLI7,Outer London - West and North West,"96,010","835,260","28,250","31,310","61,660","55,020","35,775","33,800","121,220","124,595","837,088",14.48,14.88,29.37,"-3,655",-0.44,29.80
2010,TLI7,Outer London - West and North West,"97,560","804,530","37,690","30,850","82,310","83,250","56,395","38,955","150,850","178,600","819,895",18.40,21.78,40.18,"-30,730",-3.68,43.86
2011,TLI7,Outer London - West and North West,"97,080","810,275","32,775","25,250","69,415","52,390","31,700","40,530","127,440","124,620","807,403",15.78,15.43,31.22,"5,745",0.71,30.50
2012,TLI7,Outer London - West and North West,"99,440","841,870","35,410","26,925","90,790","57,010","28,420","33,370","153,125","118,800","826,073",18.54,14.38,32.92,"31,595",3.90,29.02
2013,TLI7,Outer London - West and North West,"106,500","877,325","48,235","35,025","77,665","62,765","30,910","32,900","160,925","126,575","859,598",18.72,14.72,33.45,"35,455",4.21,29.23
2014,TLI7,Outer London - West and North West,"109,005","902,050","43,745","36,245","73,175","52,710","37,270","34,130","153,165","124,110","889,688",17.22,13.95,31.17,"24,725",2.82,28.35
2015,TLI7,Outer London - West and North West,"114,815","915,390","47,060","33,855","74,680","58,345","43,775","40,430","155,595","142,550","908,720",17.12,15.69,32.81,"13,340",1.48,31.33
2016,TLI7,Outer London - West and North West,"120,845","926,265","45,440","24,200","76,200","60,940","33,385","38,180","145,840","132,505","920,828",15.84,14.39,30.23,"10,875",1.19,29.04
2017,TLI7,Outer London - West and North West,"124,020","954,775","53,170","27,920","75,315","57,790","27,175","39,035","156,405","124,000","940,520",16.63,13.18,29.81,"28,510",3.08,26.74
2018,TLI7,Outer London - West and North West,"125,860","968,065","46,830","29,295","95,770","68,770","42,425","45,940","171,895","157,135","961,420",17.88,16.34,34.22,"13,290",1.39,32.83
2019,TLI7,Outer London - West and North West,"129,665","937,370","46,410","28,170","64,290","81,705","40,495","43,165","138,870","165,365","952,718",14.58,17.36,31.93,"-30,695",-3.17,35.10
2020,TLI7,Outer London - West and North West,"129,395","946,015","41,990","27,535","75,355","59,515","32,970","40,570","144,880","133,055","941,693",15.39,14.13,29.51,"8,645",0.92,28.59
2021,TLI7,Outer London - West and North West,"131,990","936,145","48,920","29,160","56,515","68,560","28,920","40,840","134,595","138,320","941,080",14.30,14.70,29.00,"-9,870",-1.04,30.04
2022,TLI7,Outer London - West and North West,"131,405","942,795","44,470","23,920","72,790","61,150","27,250","44,505","141,180","132,905","939,470",15.03,14.15,29.17,"6,650",0.71,28.46
2023,TLI7,Outer London - West and North West,"125,410","955,415","46,195","39,120","82,515","67,780","33,930","49,170","167,830","150,880","949,105",17.68,15.90,33.58,"12,620",1.34,32.24
2024,TLI7,Outer London - West and North West,"126,005","972,075","40,225","34,790","92,655","64,165","49,985","37,390","167,670","151,540","963,745",17.40,15.72,33.12,"16,660",1.74,31.38
2000,TLG2,Shropshire and Staffordshire,"61,705","628,400","21,080","108,025","33,475","36,915",0,0,"162,580","36,915",#N/A,#N/A,#N/A,#N/A,#N/A,#N/A,#N/A
2001,TLG2,Shropshire and Staffordshire,"64,510","687,380","24,315","65,400","56,555","41,855","14,875","30,615","146,270","87,345","657,890",22.23,13.28,35.51,"58,980",9.39,26.12
2002,TLG2,Shropshire and Staffordshire,"66,125","734,395","26,285","103,725","45,150","39,075","62,305","26,660","175,160","128,040","710,888",24.64,18.01,42.65,"47,015",6.84,35.81
2003,TLG2,Shropshire and Staffordshire,"66,500","672,755","27,705","46,510","35,855","35,840","111,575","22,320","110,070","169,735","703,575",15.64,24.12,39.77,"-61,640",-8.39,48.16
2004,TLG2,Shropshire and Staffordshire,"67,345","676,080","25,220","39,450","48,090","39,010","41,695","28,955","112,760","109,660","674,418",16.72,16.26,32.98,"3,325",0.49,32.49
2005,TLG2,Shropshire and Staffordshire,"68,350","682,775","19,800","38,945","55,680","45,515","35,535","26,530","114,425","107,580","679,428",16.84,15.83,32.68,"6,695",0.99,31.69
2006,TLG2,Shropshire and Staffordshire,"69,560","668,355","19,280","26,330","44,825","50,680","33,265","20,660","90,435","104,605","675,565",13.39,15.48,28.87,"-14,420",-2.11,30.98
2007,TLG2,Shropshire and Staffordshire,"69,085","676,405","18,750","42,575","49,490","46,370","30,745","26,420","110,815","103,535","672,380",16.48,15.40,31.88,"8,050",1.20,30.67
2008,TLG2,Shropshire and Staffordshire,"68,870","678,015","16,820","29,425","52,605","47,215","28,570","21,995","98,850","97,780","677,210",14.60,14.44,29.04,"1,610",0.24,28.80
2009,TLG2,Shropshire and Staffordshire,"67,145","676,245","14,820","23,640","47,360","40,600","22,625","23,855","85,820","87,080","677,130",12.67,12.86,25.53,"-1,770",-0.26,25.80
2010,TLG2,Shropshire and Staffordshire,"65,965","646,210","16,750","28,930","47,020","58,520","39,625","24,880","92,700","123,025","661,228",14.02,18.61,32.62,"-30,035",-4.44,37.07
2011,TLG2,Shropshire and Staffordshire,"64,305","640,100","14,210","18,040","47,725","38,370","26,600","20,695","79,975","85,665","643,155",12.43,13.32,25.75,"-6,110",-0.95,26.70
2012,TLG2,Shropshire and Staffordshire,"64,070","652,515","17,900","22,090","57,985","45,430","20,810","19,985","97,975","86,225","646,308",15.16,13.34,28.50,"12,415",1.94,26.56
2013,TLG2,Shropshire and Staffordshire,"66,380","663,900","20,950","25,660","49,415","42,705","24,460","18,985","96,025","86,150","658,208",14.59,13.09,27.68,"11,385",1.74,25.93
2014,TLG2,Shropshire and Staffordshire,"66,040","703,355","50,490","17,920","47,405","39,780","18,435","17,815","115,815","76,030","683,628",16.94,11.12,28.06,"39,455",5.94,22.12
2015,TLG2,Shropshire and Staffordshire,"67,135","682,630","21,890","18,405","48,905","70,990","20,895","19,415","89,200","111,300","692,993",12.87,16.06,28.93,"-20,725",-2.95,31.88
2016,TLG2,Shropshire and Staffordshire,"69,035","700,930","29,760","22,675","52,685","45,565","23,105","19,315","105,120","87,985","691,780",15.20,12.72,27.91,"18,300",2.68,25.23
2017,TLG2,Shropshire and Staffordshire,"69,780","694,090","19,860","20,570","48,325","50,320","24,220","20,610","88,755","95,150","697,510",12.72,13.64,26.37,"-6,840",-0.98,27.34
2018,TLG2,Shropshire and Staffordshire,"69,510","702,365","20,105","23,305","47,905","37,080","20,990","24,890","91,315","82,960","698,228",13.08,11.88,24.96,"8,275",1.19,23.77
2019,TLG2,Shropshire and Staffordshire,"70,910","716,435","19,665","26,395","51,175","42,930","22,825","19,625","97,235","85,380","709,400",13.71,12.04,25.74,"14,070",2.00,23.74
2020,TLG2,Shropshire and Staffordshire,"71,460","723,730","18,560","22,455","57,965","45,000","28,475","18,725","98,980","92,200","720,083",13.75,12.80,26.55,"7,295",1.02,25.53
2021,TLG2,Shropshire and Staffordshire,"73,200","721,380","20,275","17,135","41,795","43,990","22,250","18,935","79,205","85,175","722,555",10.96,11.79,22.75,"-2,350",-0.32,23.07
2022,TLG2,Shropshire and Staffordshire,"72,805","734,850","22,030","18,805","56,075","36,585","24,480","21,980","96,910","83,045","728,115",13.31,11.41,24.72,"13,470",1.87,22.85
2023,TLG2,Shropshire and Staffordshire,"71,110","723,850","16,980","31,415","51,120","42,215","39,670","27,505","99,515","109,390","729,350",13.64,15.00,28.64,"-11,000",-1.50,30.14
2024,TLG2,Shropshire and Staffordshire,"71,250","739,650","17,905","31,965","53,370","40,550","26,055","24,865","103,240","91,470","731,750",14.11,12.50,26.61,"15,800",2.18,24.43
2000,TLE3,South Yorkshire,"38,875","485,215","21,055","43,480","34,540","30,885",0,0,"99,075","30,885",#N/A,#N/A,#N/A,#N/A,#N/A,#N/A,#N/A
2001,TLE3,South Yorkshire,"40,775","531,010","17,315","53,580","45,170","32,265","19,450","19,470","116,065","71,185","508,113",22.84,14.01,36.85,"45,795",9.44,27.41
2002,TLE3,South Yorkshire,"41,095","552,640","16,485","54,835","38,455","28,275","41,085","19,410","109,775","88,770","541,825",20.26,16.38,36.64,"21,630",4.07,32.57
2003,TLE3,South Yorkshire,"41,845","546,460","15,985","43,220","29,285","24,765","52,620","17,490","88,490","94,875","549,550",16.10,17.26,33.37,"-6,180",-1.12,34.48
2004,TLE3,South Yorkshire,"42,815","562,710","20,040","33,680","45,485","30,995","34,510","17,850","99,205","83,355","554,585",17.89,15.03,32.92,"16,250",2.97,29.94
2005,TLE3,South Yorkshire,"43,750","571,250","15,850","28,285","48,550","35,165","28,310","20,305","92,685","83,780","566,980",16.35,14.78,31.12,"8,540",1.52,29.61
2006,TLE3,South Yorkshire,"44,320","577,750","15,285","36,655","41,830","41,240","27,860","17,745","93,770","86,845","574,500",16.32,15.12,31.44,"6,500",1.14,30.30
2007,TLE3,South Yorkshire,"43,885","575,475","13,260","24,280","45,190","39,845","27,275","17,370","82,730","84,490","576,613",14.35,14.65,29.00,"-2,275",-0.39,29.39
2008,TLE3,South Yorkshire,"43,310","576,135","12,080","20,900","44,005","32,525","25,480","18,355","76,985","76,360","575,805",13.37,13.26,26.63,660,0.11,26.52
2009,TLE3,South Yorkshire,"42,365","577,150","10,540","28,770","43,340","42,110","21,935","18,340","82,650","82,385","576,643",14.33,14.29,28.62,"1,015",0.18,28.44
2010,TLE3,South Yorkshire,"41,815","537,195","14,295","29,480","36,940","57,890","43,705","19,035","80,715","120,630","557,173",14.49,21.65,36.14,"-39,955",-6.92,43.06
2011,TLE3,South Yorkshire,"40,620","533,970","12,005","19,095","35,875","32,955","19,195","18,225","66,975","70,375","535,583",12.51,13.14,25.64,"-3,225",-0.60,26.25
2012,TLE3,South Yorkshire,"40,465","526,850","11,635","19,580","43,925","43,685","22,795","16,260","75,140","82,740","530,410",14.17,15.60,29.77,"-7,120",-1.33,31.10
2013,TLE3,South Yorkshire,"42,245","541,555","17,240","22,545","47,235","37,260","21,785","14,080","87,020","73,125","534,203",16.29,13.69,29.98,"14,705",2.79,27.19
2014,TLE3,South Yorkshire,"42,600","549,230","14,270","22,685","41,890","34,390","21,640","15,505","78,845","71,535","545,393",14.46,13.12,27.57,"7,675",1.42,26.16
2015,TLE3,South Yorkshire,"44,665","560,505","19,010","18,315","40,145","33,750","17,140","16,105","77,470","66,995","554,868",13.96,12.07,26.04,"11,275",2.05,23.98
2016,TLE3,South Yorkshire,"47,100","563,055","17,065","25,505","42,115","36,055","28,800","17,130","84,685","81,985","561,780",15.07,14.59,29.67,"2,550",0.45,29.21
2017,TLE3,South Yorkshire,"47,460","573,495","16,880","22,180","48,370","39,045","20,825","18,670","87,430","78,540","568,275",15.39,13.82,29.21,"10,440",1.85,27.35
2018,TLE3,South Yorkshire,"47,355","582,065","27,315","23,360","39,680","36,660","27,110","18,650","90,355","82,420","577,780",15.64,14.26,29.90,"8,570",1.49,28.41
2019,TLE3,South Yorkshire,"48,195","579,715","16,980","20,450","44,460","41,150","27,485","16,530","81,890","85,165","580,890",14.10,14.66,28.76,"-2,350",-0.40,29.16
2020,TLE3,South Yorkshire,"49,160","584,410","15,635","22,510","41,415","34,990","23,240","17,780","79,560","76,010","582,063",13.67,13.06,26.73,"4,695",0.81,25.92
2021,TLE3,South Yorkshire,"50,270","583,670","15,560","19,120","32,805","36,765","16,925","13,970","67,485","67,660","584,040",11.55,11.58,23.14,-740,-0.13,23.27
2022,TLE3,South Yorkshire,"51,785","596,405","18,785","18,475","40,895","31,320","16,105","17,230","78,155","64,655","590,038",13.25,10.96,24.20,"12,735",2.18,22.02
2023,TLE3,South Yorkshire,"49,765","600,145","14,885","34,175","46,855","33,710","29,430","28,615","95,915","91,755","598,275",16.03,15.34,31.37,"3,740",0.63,30.74
2024,TLE3,South Yorkshire,"49,530","590,810","14,200","31,685","38,645","38,225","34,200","20,975","84,530","93,400","595,478",14.20,15.68,29.88,"-9,335",-1.56,31.44
2000,TLM9,Southern Scotland,"18,875","53,605","12,150",35,"4,305","2,875",0,0,"16,490","2,875",#N/A,#N/A,#N/A,#N/A,#N/A,#N/A,#N/A
2001,TLM9,Southern Scotland,"38,485","383,540","12,130","43,655","29,670","21,695","5,100","8,500","85,455","35,295","218,573",39.10,16.15,55.24,"329,935",615.49,-560.25
2002,TLM9,Southern Scotland,"37,655","362,635","10,695","27,955","22,015","26,975","39,825","12,420","60,665","79,220","373,088",16.26,21.23,37.49,"-20,905",-5.45,42.94
2003,TLM9,Southern Scotland,"38,140","352,835","11,210","21,735","19,555","18,595","33,925","13,885","52,500","66,405","357,735",14.68,18.56,33.24,"-9,800",-2.70,35.94
2004,TLM9,Southern Scotland,"37,710","357,010","9,555","19,800","26,955","19,630","20,825","12,870","56,310","53,325","354,923",15.87,15.02,30.89,"4,175",1.18,29.71
2005,TLM9,Southern Scotland,"37,515","360,785","13,620","16,190","35,580","30,675","18,280","12,955","65,390","61,910","358,898",18.22,17.25,35.47,"3,775",1.06,34.41
2006,TLM9,Southern Scotland,"37,920","366,485","9,220","16,185","34,000","22,470","17,910","13,825","59,405","54,205","363,635",16.34,14.91,31.24,"5,700",1.58,29.66
2007,TLM9,Southern Scotland,"38,280","379,195","9,125","19,445","34,020","21,800","16,215","11,965","62,590","49,980","372,840",16.79,13.41,30.19,"12,710",3.47,26.72
2008,TLM9,Southern Scotland,"38,000","370,025","8,495","13,240","26,645","20,605","15,185","10,920","48,380","46,710","374,610",12.91,12.47,25.38,"-9,170",-2.42,27.80
2009,TLM9,Southern Scotland,"37,940","374,235","7,215","10,265","28,360","21,945","10,160","11,690","45,840","43,795","372,130",12.32,11.77,24.09,"4,210",1.14,22.95
2010,TLM9,Southern Scotland,"37,885","357,695","8,820","11,015","24,890","29,040","20,010","11,850","44,725","60,900","365,965",12.22,16.64,28.86,"-16,540",-4.42,33.28
2011,TLM9,Southern Scotland,"36,965","354,110","7,315","8,705","23,760","20,675","11,690","10,905","39,780","43,270","355,903",11.18,12.16,23.34,"-3,585",-1.00,24.34
2012,TLM9,Southern Scotland,"36,695","357,535","7,590","8,265","30,580","23,855","8,350","10,985","46,435","43,190","355,823",13.05,12.14,25.19,"3,425",0.97,24.22
2013,TLM9,Southern Scotland,"37,670","356,020","10,275","10,340","22,525","24,505","11,330","8,300","43,140","44,135","356,778",12.09,12.37,24.46,"-1,515",-0.42,24.89
2014,TLM9,Southern Scotland,"37,575","359,960","8,595","12,365","24,090","18,175","13,195","9,870","45,050","41,240","357,990",12.58,11.52,24.10,"3,940",1.11,23.00
2015,TLM9,Southern Scotland,"37,730","357,185","9,700","9,310","22,585","26,055","9,570","9,315","41,595","44,940","358,573",11.60,12.53,24.13,"-2,775",-0.77,24.90
2016,TLM9,Southern Scotland,"38,240","360,435","8,390","12,450","23,085","19,610","10,565","9,885","43,925","40,060","358,810",12.24,11.16,23.41,"3,250",0.91,22.50
2017,TLM9,Southern Scotland,"38,285","361,390","9,800","16,140","20,055","22,460","13,170","9,090","45,995","44,720","360,913",12.74,12.39,25.13,955,0.26,24.87
2018,TLM9,Southern Scotland,"38,060","362,710","8,990","8,060","24,975","18,220","9,825","11,450","42,025","39,495","362,050",11.61,10.91,22.52,"1,320",0.37,22.15
2019,TLM9,Southern Scotland,"38,200","359,615","8,155","8,815","20,345","20,750","9,390","10,405","37,315","40,545","361,163",10.33,11.23,21.56,"-3,095",-0.85,22.41
2020,TLM9,Southern Scotland,"38,035","363,770","7,620","8,860","25,460","19,390","8,715","9,915","41,940","38,020","361,693",11.60,10.51,22.11,"4,155",1.16,20.95
2021,TLM9,Southern Scotland,"38,030","358,375","7,485","6,795","20,045","22,760","8,750","7,980","34,325","39,490","361,073",9.51,10.94,20.44,"-5,395",-1.48,21.93
2022,TLM9,Southern Scotland,"38,025","361,385","9,105","9,265","21,495","18,855","8,440","8,920","39,865","36,215","359,880",11.08,10.06,21.14,"3,010",0.84,20.30
2023,TLM9,Southern Scotland,"37,340","360,580","7,205","12,165","29,475","26,040","13,135","10,475","48,845","49,650","360,983",13.53,13.75,27.29,-805,-0.22,27.51
2024,TLM9,Southern Scotland,"37,205","359,080","9,495","10,160","24,050","18,435","11,665","15,535","43,705","45,635","359,830",12.15,12.68,24.83,"-1,500",-0.42,25.24
2000,TLJ2,"Surrey, East and West Sussex","131,725","1,122,525","63,610","116,215","78,570","60,250",0,0,"258,395","60,250",#N/A,#N/A,#N/A,#N/A,#N/A,#N/A,#N/A
2001,TLJ2,"Surrey, East and West Sussex","137,755","1,275,965","50,870","144,870","123,520","82,800","33,215","50,690","319,260","166,705","1,199,245",26.62,13.90,40.52,"153,440",13.67,26.85
2002,TLJ2,"Surrey, East and West Sussex","138,375","1,294,745","57,540","130,015","87,995","78,895","122,575","57,255","275,550","258,725","1,285,355",21.44,20.13,41.57,"18,780",1.47,40.09
2003,TLJ2,"Surrey, East and West Sussex","147,085","1,347,075","124,730","123,530","60,725","62,775","145,260","54,375","308,985","262,410","1,320,910",23.39,19.87,43.26,"52,330",4.04,39.22
2004,TLJ2,"Surrey, East and West Sussex","150,805","1,231,690","58,270","65,070","80,485","76,495","118,025","126,840","203,825","321,360","1,289,383",15.81,24.92,40.73,"-115,385",-8.57,49.30
2005,TLJ2,"Surrey, East and West Sussex","179,330","1,268,755","76,395","56,410","99,235","69,085","71,745","55,070","232,040","195,900","1,250,223",18.56,15.67,34.23,"37,065",3.01,31.22
2006,TLJ2,"Surrey, East and West Sussex","187,475","1,278,360","54,055","45,455","104,390","96,855","51,140","53,400","203,900","201,395","1,273,558",16.01,15.81,31.82,"9,605",0.76,31.07
2007,TLJ2,"Surrey, East and West Sussex","180,370","1,273,870","48,950","54,300","89,240","79,455","55,735","62,635","192,490","197,825","1,276,115",15.08,15.50,30.59,"-4,490",-0.35,30.94
2008,TLJ2,"Surrey, East and West Sussex","167,840","1,274,915","39,275","59,730","98,240","87,230","53,925","58,430","197,245","199,585","1,274,393",15.48,15.66,31.14,"1,045",0.08,31.06
2009,TLJ2,"Surrey, East and West Sussex","148,895","1,252,345","33,270","50,010","91,225","77,960","58,235","61,520","174,505","197,715","1,263,630",13.81,15.65,29.46,"-22,570",-1.77,31.23
2010,TLJ2,"Surrey, East and West Sussex","144,385","1,209,945","45,985","52,190","88,445","91,290","79,570","56,500","186,620","227,360","1,231,145",15.16,18.47,33.63,"-42,400",-3.39,37.01
2011,TLJ2,"Surrey, East and West Sussex","141,320","1,203,220","45,615","29,520","80,060","71,035","39,745","46,150","155,195","156,930","1,206,583",12.86,13.01,25.87,"-6,725",-0.56,26.42
2012,TLJ2,"Surrey, East and West Sussex","141,870","1,209,910","37,220","46,195","103,530","87,025","49,740","42,545","186,945","179,310","1,206,565",15.49,14.86,30.36,"6,690",0.56,29.80
2013,TLJ2,"Surrey, East and West Sussex","147,645","1,245,345","47,870","41,415","103,215","77,930","41,640","38,575","192,500","158,145","1,227,628",15.68,12.88,28.56,"35,435",2.93,25.63
2014,TLJ2,"Surrey, East and West Sussex","148,890","1,253,435","46,700","32,780","88,965","80,745","37,675","41,005","168,445","159,425","1,249,390",13.48,12.76,26.24,"8,090",0.65,25.59
2015,TLJ2,"Surrey, East and West Sussex","152,670","1,264,680","52,855","32,985","87,615","80,890","35,640","45,590","173,455","162,120","1,259,058",13.78,12.88,26.65,"11,245",0.90,25.76
2016,TLJ2,"Surrey, East and West Sussex","155,915","1,296,015","57,640","52,970","98,970","77,290","55,760","44,175","209,580","177,225","1,280,348",16.37,13.84,30.21,"31,335",2.48,27.73
2017,TLJ2,"Surrey, East and West Sussex","158,225","1,324,110","62,440","34,375","97,790","78,635","39,905","48,470","194,605","167,010","1,310,063",14.85,12.75,27.60,"28,095",2.17,25.44
2018,TLJ2,"Surrey, East and West Sussex","159,405","1,310,150","43,955","38,440","94,450","78,515","65,700","47,785","176,845","192,000","1,317,130",13.43,14.58,28.00,"-13,960",-1.05,29.06
2019,TLJ2,"Surrey, East and West Sussex","160,710","1,319,060","49,550","37,710","91,010","82,045","40,235","46,400","178,270","168,680","1,314,605",13.56,12.83,26.39,"8,910",0.68,25.71
2020,TLJ2,"Surrey, East and West Sussex","162,410","1,315,965","40,065","36,195","87,215","72,795","40,310","51,295","163,475","164,400","1,317,513",12.41,12.48,24.89,"-3,095",-0.23,25.12
2021,TLJ2,"Surrey, East and West Sussex","163,860","1,304,950","45,805","30,465","78,910","85,945","38,715","42,600","155,180","167,260","1,310,458",11.84,12.76,24.61,"-11,015",-0.84,25.44
2022,TLJ2,"Surrey, East and West Sussex","159,205","1,310,730","45,155","34,055","92,290","68,315","37,755","56,880","171,500","162,950","1,307,840",13.11,12.46,25.57,"5,780",0.44,25.13
2023,TLJ2,"Surrey, East and West Sussex","155,575","1,323,355","34,775","47,920","108,920","76,780","51,995","49,880","191,615","178,655","1,317,043",14.55,13.56,28.11,"12,625",0.96,27.15
2024,TLJ2,"Surrey, East and West Sussex","154,570","1,331,260","36,525","47,045","103,990","73,135","55,850","46,885","187,560","175,870","1,327,308",14.13,13.25,27.38,"7,905",0.60,26.78
2000,TLC1,Tees Valley and Durham,"32,680","419,390","11,250","41,735","28,320","24,210",0,0,"81,305","24,210",#N/A,#N/A,#N/A,#N/A,#N/A,#N/A,#N/A
2001,TLC1,Tees Valley and Durham,"34,150","451,150","10,725","37,600","35,760","35,550","9,020","12,350","84,085","56,920","435,270",19.32,13.08,32.39,"31,760",7.57,24.82
2002,TLC1,Tees Valley and Durham,"34,665","457,235","12,245","39,895","32,825","26,845","37,755","14,385","84,965","78,985","454,193",18.71,17.39,36.10,"6,085",1.35,34.75
2003,TLC1,Tees Valley and Durham,"35,135","450,025","13,675","32,025","22,805","20,395","41,815","13,255","68,505","75,465","453,630",15.10,16.64,31.74,"-7,210",-1.58,33.31
2004,TLC1,Tees Valley and Durham,"35,415","443,600","13,360","25,025","31,170","29,305","30,800","15,280","69,555","75,385","446,813",15.57,16.87,32.44,"-6,425",-1.43,33.87
2005,TLC1,Tees Valley and Durham,"35,840","456,610","12,660","28,425","38,605","29,405","22,210","14,815","79,690","66,430","450,105",17.70,14.76,32.46,"13,010",2.93,29.53
2006,TLC1,Tees Valley and Durham,"37,095","475,750","11,040","29,605","43,985","26,115","25,575","12,910","84,630","64,600","466,180",18.15,13.86,32.01,"19,140",4.19,27.82
2007,TLC1,Tees Valley and Durham,"37,810","468,605","11,690","30,290","32,240","38,385","28,245","13,775","74,220","80,405","472,178",15.72,17.03,32.75,"-7,145",-1.50,34.25
2008,TLC1,Tees Valley and Durham,"37,790","471,220","11,040","19,475","35,045","28,995","19,670","14,385","65,560","63,050","469,913",13.95,13.42,27.37,"2,615",0.56,26.81
2009,TLC1,Tees Valley and Durham,"37,035","460,320","8,510","19,050","32,860","30,325","26,050","15,390","60,420","71,765","465,770",12.97,15.41,28.38,"-10,900",-2.31,30.69
2010,TLC1,Tees Valley and Durham,"36,470","434,880","10,890","18,895","28,985","37,465","31,235","14,920","58,770","83,620","447,600",13.13,18.68,31.81,"-25,440",-5.53,37.34
2011,TLC1,Tees Valley and Durham,"35,630","431,855","10,075","14,160","35,200","30,440","17,090","15,310","59,435","62,840","433,368",13.71,14.50,28.22,"-3,025",-0.70,28.91
2012,TLC1,Tees Valley and Durham,"35,475","429,010","9,385","18,000","38,320","37,670","18,115","12,760","65,705","68,545","430,433",15.26,15.92,31.19,"-2,845",-0.66,31.85
2013,TLC1,Tees Valley and Durham,"37,165","440,720","15,355","29,690","31,670","26,340","27,030","11,930","76,715","65,300","434,865",17.64,15.02,32.66,"11,710",2.73,29.93
2014,TLC1,Tees Valley and Durham,"37,555","440,150","11,570","14,485","28,300","26,850","15,070","13,000","54,355","54,920","440,435",12.34,12.47,24.81,-570,-0.13,24.94
2015,TLC1,Tees Valley and Durham,"38,510","445,425","15,530","15,730","27,540","29,565","13,055","12,130","58,800","54,750","442,788",13.28,12.36,25.64,"5,275",1.20,24.45
2016,TLC1,Tees Valley and Durham,"39,265","447,010","13,495","12,440","30,690","26,200","13,405","14,535","56,625","54,140","446,218",12.69,12.13,24.82,"1,585",0.36,24.47
2017,TLC1,Tees Valley and Durham,"39,420","447,840","19,640","16,285","24,975","29,710","17,400","12,680","60,900","59,790","447,425",13.61,13.36,26.97,830,0.19,26.79
2018,TLC1,Tees Valley and Durham,"39,540","459,405","21,405","15,185","32,925","23,995","17,295","17,585","69,515","58,875","453,623",15.32,12.98,28.30,"11,565",2.58,25.72
2019,TLC1,Tees Valley and Durham,"40,395","476,635","22,835","15,250","33,540","23,920","15,295","14,985","71,625","54,200","468,020",15.30,11.58,26.88,"17,230",3.75,23.13
2020,TLC1,Tees Valley and Durham,"40,095","478,835","16,905","12,515","27,110","22,100","12,950","13,630","56,530","48,680","477,735",11.83,10.19,22.02,"2,200",0.46,21.56
2021,TLC1,Tees Valley and Durham,"40,970","483,215","12,350","35,760","28,310","31,925","28,840","11,085","76,420","71,850","481,025",15.89,14.94,30.82,"4,380",0.91,29.91
2022,TLC1,Tees Valley and Durham,"41,315","475,300","13,930","13,740","36,650","35,605","13,460","24,050","64,320","73,115","479,258",13.42,15.26,28.68,"-7,915",-1.64,30.31
2023,TLC1,Tees Valley and Durham,"39,995","471,795","19,510","17,715","35,020","30,965","18,180","26,055","72,245","75,200","473,548",15.26,15.88,31.14,"-3,505",-0.74,31.87
2024,TLC1,Tees Valley and Durham,"40,150","471,905","11,930","16,260","36,770","25,050","17,080","22,105","64,960","64,235","471,850",13.77,13.61,27.38,110,0.02,27.36
2000,Unknown,Unknown,"171,935","2,799,055","45,700","468,615","127,710","115,465",0,0,"642,025","115,465",#N/A,#N/A,#N/A,#N/A,#N/A,#N/A,#N/A
2001,Unknown,Unknown,"23,200","251,130","25,540","76,425","10,345","6,735","137,045","78,705","112,310","222,485","1,525,093",7.36,14.59,21.95,"-2,547,925",-91.03,112.98
2002,Unknown,Unknown,"19,975","202,325","17,920","40,620","8,875","10,630","88,200","16,885","67,415","115,715","226,728",29.73,51.04,80.77,"-48,805",-19.43,100.21
2003,Unknown,Unknown,"14,670","176,640","50,440","21,025","6,325","4,510","65,270","15,555","77,790","85,335","189,483",41.05,45.04,86.09,"-25,685",-12.69,98.78
2004,Unknown,Unknown,"13,070","206,335","8,585","98,865","7,630","8,315","45,705","31,515","115,080","85,535","191,488",60.10,44.67,104.77,"29,695",16.81,87.96
2005,Unknown,Unknown,"11,915","120,930","7,555","18,415","8,265","8,710","18,065","85,705","34,235","112,480","163,633",20.92,68.74,89.66,"-85,405",-41.39,131.05
2006,Unknown,Unknown,"11,430","109,820","4,520","12,745","8,870","8,720","17,530","8,855","26,135","35,105","115,375",22.65,30.43,53.08,"-11,110",-9.19,62.27
2007,Unknown,Unknown,"10,580","106,310","4,805","12,690","7,540","5,805","15,805","6,220","25,035","27,830","108,065",23.17,25.75,48.92,"-3,510",-3.20,52.12
2008,Unknown,Unknown,"14,265","132,145","12,480","17,270","8,605","10,385","16,525","4,655","38,355","31,565","119,228",32.17,26.47,58.64,"25,835",24.30,34.34
2009,Unknown,Unknown,"9,315","93,245","5,305","10,380","6,810","5,830","18,630","11,660","22,495","36,120","112,695",19.96,32.05,52.01,"-38,900",-29.44,81.45
2010,Unknown,Unknown,"8,015","76,760","3,955","9,275","6,315","6,255","21,700","6,655","19,545","34,610","85,003",22.99,40.72,63.71,"-16,485",-17.68,81.39
2011,Unknown,Unknown,"7,140","72,130","3,095","6,555","6,800","5,950","10,350","4,090","16,450","20,390","74,445",22.10,27.39,49.49,"-4,630",-6.03,55.52
2012,Unknown,Unknown,"6,675","64,915","2,590","7,880","4,840","5,980","10,260","4,485","15,310","20,725","68,523",22.34,30.25,52.59,"-7,215",-10.00,62.59
2013,Unknown,Unknown,"6,595","62,885","3,385","7,815","5,200","4,640","7,715","3,460","16,400","15,815","63,900",25.67,24.75,50.41,"-2,030",-3.13,53.54
2014,Unknown,Unknown,"6,005","63,200","6,305","5,390","4,480","5,065","6,495","3,495","16,175","15,055","63,043",25.66,23.88,49.54,315,0.50,49.04
2015,Unknown,Unknown,"5,110","53,250","1,345","4,795","3,380","5,025","10,110","3,995","9,520","19,130","58,225",16.35,32.86,49.21,"-9,950",-15.74,64.95
2016,Unknown,Unknown,"4,575","62,475","14,250","4,300","3,245","3,385","5,350","2,450","21,795","11,185","57,863",37.67,19.33,57.00,"9,225",17.32,39.67
2017,Unknown,Unknown,"4,300","55,745","7,045","5,115","3,770","3,195","6,865","13,900","15,930","23,960","59,110",26.95,40.53,67.48,"-6,730",-10.77,78.26
2018,Unknown,Unknown,"3,960","48,260","5,805","2,875","2,625","2,620","11,850","4,650","11,305","19,120","52,003",21.74,36.77,58.51,"-7,485",-13.43,71.93
2019,Unknown,Unknown,"3,450","46,205","7,515","2,975","3,330","2,030","7,990","3,800","13,820","13,820","47,233",29.26,29.26,58.52,"-2,055",-4.26,62.78
2020,Unknown,Unknown,"2,555","24,265","6,000","4,785",890,"1,160","11,740","2,055","11,675","14,955","35,235",33.13,42.44,75.58,"-21,940",-47.48,123.06
2021,Unknown,Unknown,"2,830","24,025","1,680","5,150","1,105","1,835","5,600",805,"7,935","8,240","24,145",32.86,34.13,66.99,-240,-0.99,67.98
2022,Unknown,Unknown,"2,960","28,035","1,990","4,105","2,435","1,625","1,700","1,075","8,530","4,400","26,030",32.77,16.90,49.67,"4,010",16.69,32.98
2023,Unknown,Unknown,"3,515","35,520","1,455","8,415","3,370","1,305","2,725","1,205","13,240","5,235","31,778",41.66,16.47,58.14,"7,485",26.70,31.44
2024,Unknown,Unknown,"4,840","48,605","4,580","12,920","3,610","2,280","3,570","1,940","21,110","7,790","42,063",50.19,18.52,68.71,"13,085",36.84,31.87
2000,TLM8,West Central Scotland,"18,620","58,005","14,950",690,"5,590","3,495",0,0,"21,230","3,495",#N/A,#N/A,#N/A,#N/A,#N/A,#N/A,#N/A
2001,TLM8,West Central Scotland,"47,645","719,315","28,485","74,695","52,195","48,920","7,480","11,025","155,375","67,425","388,660",39.98,17.35,57.33,"661,310","1,140.09","-1,082.77"
2002,TLM8,West Central Scotland,"49,645","767,240","16,620","109,945","49,195","39,295","64,405","26,885","175,760","130,585","743,278",23.65,17.57,41.22,"47,925",6.66,34.55
2003,TLM8,West Central Scotland,"50,070","745,250","21,075","84,825","40,470","36,905","110,820","25,335","146,370","173,060","756,245",19.35,22.88,42.24,"-21,990",-2.87,45.11
2004,TLM8,West Central Scotland,"47,615","711,805","19,280","42,070","55,915","38,215","83,210","28,705","117,265","150,130","728,528",16.10,20.61,36.70,"-33,445",-4.49,41.19
2005,TLM8,West Central Scotland,"48,490","725,320","20,630","40,745","65,975","46,405","44,260","25,500","127,350","116,165","718,563",17.72,16.17,33.89,"13,515",1.90,31.99
2006,TLM8,West Central Scotland,"49,165","723,450","16,590","38,150","67,385","63,105","40,290","20,345","122,125","123,740","724,385",16.86,17.08,33.94,"-1,870",-0.26,34.20
2007,TLM8,West Central Scotland,"50,060","780,290","22,815","42,035","88,385","45,245","34,035","17,585","153,235","96,865","751,870",20.38,12.88,33.26,"56,840",7.86,25.41
2008,TLM8,West Central Scotland,"48,415","752,060","14,770","35,065","64,925","54,545","66,725","25,755","114,760","147,025","766,175",14.98,19.19,34.17,"-28,230",-3.62,37.79
2009,TLM8,West Central Scotland,"47,935","752,185","12,930","30,265","56,895","50,055","35,180","20,060","100,090","105,295","752,123",13.31,14.00,27.31,125,0.02,27.29
2010,TLM8,West Central Scotland,"48,040","715,155","18,595","34,320","54,275","73,885","50,180","22,410","107,190","146,475","733,670",14.61,19.96,34.57,"-37,030",-4.92,39.50
2011,TLM8,West Central Scotland,"47,080","698,040","13,600","17,615","46,645","55,345","23,330","20,500","77,860","99,175","706,598",11.02,14.04,25.05,"-17,115",-2.39,27.45
2012,TLM8,West Central Scotland,"46,955","689,690","15,420","27,990","51,935","58,720","24,850","19,405","95,345","102,975","693,865",13.74,14.84,28.58,"-8,350",-1.20,29.78
2013,TLM8,West Central Scotland,"48,830","693,365","21,290","27,360","48,845","51,095","25,650","17,190","97,495","93,935","691,528",14.10,13.58,27.68,"3,675",0.53,27.15
2014,TLM8,West Central Scotland,"49,285","700,980","17,380","26,215","50,515","47,425","22,145","17,325","94,110","86,895","697,173",13.50,12.46,25.96,"7,615",1.10,24.86
2015,TLM8,West Central Scotland,"50,290","708,690","17,305","24,290","60,955","47,335","24,255","19,070","102,550","90,660","704,835",14.55,12.86,27.41,"7,710",1.10,26.31
2016,TLM8,West Central Scotland,"51,690","734,900","23,115","20,345","70,940","49,000","22,880","18,000","114,400","89,880","721,795",15.85,12.45,28.30,"26,210",3.70,24.60
2017,TLM8,West Central Scotland,"52,665","739,220","18,850","17,550","64,785","55,730","20,130","21,400","101,185","97,260","737,060",13.73,13.20,26.92,"4,320",0.59,26.34
2018,TLM8,West Central Scotland,"52,925","743,805","31,490","24,685","55,460","60,680","30,075","19,085","111,635","109,840","741,513",15.06,14.81,29.87,"4,585",0.62,29.25
2019,TLM8,West Central Scotland,"53,420","743,775","20,285","24,125","49,430","43,855","24,960","25,800","93,840","94,615","743,790",12.62,12.72,25.34,-30,0.00,25.34
2020,TLM8,West Central Scotland,"54,120","750,630","16,995","23,375","52,200","51,130","24,905","19,050","92,570","95,085","747,203",12.39,12.73,25.11,"6,855",0.92,24.19
2021,TLM8,West Central Scotland,"54,065","745,890","19,635","20,945","42,915","48,240","24,785","15,340","83,495","88,365","748,260",11.16,11.81,22.97,"-4,740",-0.63,23.60
2022,TLM8,West Central Scotland,"54,050","766,615","27,600","27,920","56,635","43,815","28,650","19,240","112,155","91,705","756,253",14.83,12.13,26.96,"20,725",2.78,24.18
2023,TLM8,West Central Scotland,"52,725","762,000","18,820","27,820","59,785","50,920","30,390","25,070","106,425","106,380","764,308",13.92,13.92,27.84,"-4,615",-0.60,28.44
2024,TLM8,West Central Scotland,"53,195","778,110","21,440","36,065","61,030","40,265","34,515","22,805","118,535","97,585","770,055",15.39,12.67,28.07,"16,110",2.11,25.95
2000,TLG3,West Midlands,"88,005","1,208,005","39,390","120,685","119,545","62,960",0,0,"279,620","62,960",#N/A,#N/A,#N/A,#N/A,#N/A,#N/A,#N/A
2001,TLG3,West Midlands,"92,210","1,307,490","37,470","130,590","100,150","105,915","20,200","44,745","268,210","170,860","1,257,748",21.32,13.58,34.91,"99,485",8.24,26.67
2002,TLG3,West Midlands,"92,135","1,336,335","42,390","153,660","89,970","76,825","128,260","52,340","286,020","257,425","1,321,913",21.64,19.47,41.11,"28,845",2.21,38.90
2003,TLG3,West Midlands,"92,650","1,301,830","35,000","90,540","93,470","60,015","147,675","44,220","219,010","251,910","1,319,083",16.60,19.10,35.70,"-34,505",-2.58,38.28
2004,TLG3,West Midlands,"92,685","1,281,900","36,500","68,165","108,590","82,695","103,320","43,175","213,255","229,190","1,291,865",16.51,17.74,34.25,"-19,930",-1.53,35.78
2005,TLG3,West Midlands,"93,880","1,288,505","37,755","87,660","103,400","95,090","81,490","44,615","228,815","221,195","1,285,203",17.80,17.21,35.01,"6,605",0.52,34.50
2006,TLG3,West Midlands,"95,140","1,291,155","42,690","83,970","90,345","99,640","67,460","46,325","217,005","213,425","1,289,830",16.82,16.55,33.37,"2,650",0.21,33.17
2007,TLG3,West Midlands,"97,240","1,302,740","36,955","78,450","93,965","89,880","60,115","47,325","209,370","197,320","1,296,948",16.14,15.21,31.36,"11,585",0.90,30.46
2008,TLG3,West Midlands,"96,595","1,287,095","27,425","58,160","111,080","96,995","76,685","38,465","196,665","212,145","1,294,918",15.19,16.38,31.57,"-15,645",-1.20,32.77
2009,TLG3,West Midlands,"93,465","1,257,600","27,760","46,370","95,540","89,860","70,575","40,740","169,670","201,175","1,272,348",13.34,15.81,29.15,"-29,495",-2.29,31.44
2010,TLG3,West Midlands,"92,545","1,171,735","32,810","67,520","96,930","136,080","95,980","47,115","197,260","279,175","1,214,668",16.24,22.98,39.22,"-85,865",-6.83,46.05
2011,TLG3,West Midlands,"88,365","1,156,210","27,770","41,455","104,215","82,985","65,695","41,245","173,440","189,925","1,163,973",14.90,16.32,31.22,"-15,525",-1.32,32.54
2012,TLG3,West Midlands,"88,925","1,174,940","33,490","67,585","103,935","102,235","50,740","34,590","205,010","187,565","1,165,575",17.59,16.09,33.68,"18,730",1.62,32.06
2013,TLG3,West Midlands,"93,445","1,197,065","41,060","57,115","94,405","80,165","52,745","36,335","192,580","169,245","1,186,003",16.24,14.27,30.51,"22,125",1.88,28.62
2014,TLG3,West Midlands,"94,445","1,214,205","36,505","46,035","87,090","68,735","48,470","36,035","169,630","153,240","1,205,635",14.07,12.71,26.78,"17,140",1.43,25.35
2015,TLG3,West Midlands,"97,955","1,234,330","44,945","53,350","115,955","69,140","89,060","37,595","214,250","195,795","1,224,268",17.50,15.99,33.49,"20,125",1.66,31.84
2016,TLG3,West Midlands,"103,295","1,256,380","47,325","39,915","111,905","96,475","37,390","43,615","199,145","177,480","1,245,355",15.99,14.25,30.24,"22,050",1.79,28.46
2017,TLG3,West Midlands,"108,010","1,285,705","49,175","41,410","99,430","79,990","33,435","50,740","190,015","164,165","1,271,043",14.95,12.92,27.87,"29,325",2.33,25.53
2018,TLG3,West Midlands,"106,515","1,319,740","61,105","52,940","113,710","87,815","56,670","48,520","227,755","193,005","1,302,723",17.48,14.82,32.30,"34,035",2.65,29.65
2019,TLG3,West Midlands,"110,450","1,302,980","57,735","44,735","87,625","97,825","55,850","53,725","190,095","207,400","1,311,360",14.50,15.82,30.31,"-16,760",-1.27,31.58
2020,TLG3,West Midlands,"110,580","1,316,570","44,545","39,095","101,730","82,410","42,710","46,190","185,370","171,310","1,309,775",14.15,13.08,27.23,"13,590",1.04,26.19
2021,TLG3,West Midlands,"113,420","1,319,735","49,010","36,150","86,580","90,740","37,750","39,105","171,740","167,595","1,318,153",13.03,12.71,25.74,"3,165",0.24,25.50
2022,TLG3,West Midlands,"115,965","1,344,855","62,370","39,420","110,430","94,970","37,565","52,955","212,220","185,490","1,332,295",15.93,13.92,29.85,"25,120",1.90,27.95
2023,TLG3,West Midlands,"111,010","1,339,370","47,540","69,315","111,835","97,195","69,740","60,105","228,690","227,040","1,342,113",17.04,16.92,33.96,"-5,485",-0.41,34.36
2024,TLG3,West Midlands,"111,320","1,392,955","44,370","56,755","148,805","79,935","61,055","58,045","249,930","199,035","1,366,163",18.29,14.57,32.86,"53,585",4.00,28.86
2000,TLL1,West Wales and The Valleys,"69,160","617,325","19,925","56,725","33,360","34,230",0,0,"110,010","34,230",#N/A,#N/A,#N/A,#N/A,#N/A,#N/A,#N/A
2001,TLL1,West Wales and The Valleys,"72,015","674,285","22,010","61,005","51,940","47,670","9,495","21,305","134,955","78,470","645,805",20.90,12.15,33.05,"56,960",9.23,23.82
2002,TLL1,West Wales and The Valleys,"71,190","686,150","19,545","65,825","46,565","40,740","53,430","26,415","131,935","120,585","680,218",19.40,17.73,37.12,"11,865",1.76,35.36
2003,TLL1,West Wales and The Valleys,"74,000","686,540","25,865","47,725","45,010","32,445","65,995","20,165","118,600","118,605","686,345",17.28,17.28,34.56,390,0.06,34.50
2004,TLL1,West Wales and The Valleys,"75,590","696,535","23,555","41,455","46,055","38,725","40,570","24,155","111,065","103,450","691,538",16.06,14.96,31.02,"9,995",1.46,29.56
2005,TLL1,West Wales and The Valleys,"76,980","703,165","20,820","41,025","51,935","41,105","41,850","24,150","113,780","107,105","699,850",16.26,15.30,31.56,"6,630",0.95,30.61
2006,TLL1,West Wales and The Valleys,"78,555","720,900","21,895","36,025","52,810","43,110","26,880","22,575","110,730","92,565","712,033",15.55,13.00,28.55,"17,735",2.52,26.03
2007,TLL1,West Wales and The Valleys,"77,895","727,370","19,100","29,470","58,175","41,345","32,915","25,985","106,745","100,245","724,135",14.74,13.84,28.58,"6,470",0.90,27.69
2008,TLL1,West Wales and The Valleys,"76,755","736,845","21,805","28,935","58,575","48,055","26,305","25,320","109,315","99,680","732,108",14.93,13.62,28.55,"9,475",1.30,27.24
2009,TLL1,West Wales and The Valleys,"74,760","732,160","15,345","29,195","51,635","44,150","32,605","23,410","96,175","100,165","734,503",13.09,13.64,26.73,"-4,685",-0.64,27.37
2010,TLL1,West Wales and The Valleys,"73,980","705,915","19,270","24,980","45,870","55,005","35,885","25,190","90,120","116,080","719,038",12.53,16.14,28.68,"-26,245",-3.58,32.26
2011,TLL1,West Wales and The Valleys,"71,900","707,700","17,275","18,635","48,660","44,160","16,325","21,810","84,570","82,295","706,808",11.97,11.64,23.61,"1,785",0.25,23.36
2012,TLL1,West Wales and The Valleys,"71,025","707,650","14,755","17,990","56,910","46,180","20,440","23,085","89,655","89,705","707,675",12.67,12.68,25.34,-50,-0.01,25.35
2013,TLL1,West Wales and The Valleys,"72,920","722,615","20,555","28,250","59,700","47,915","27,220","18,495","108,505","93,630","715,133",15.17,13.09,28.27,"14,965",2.11,26.15
2014,TLL1,West Wales and The Valleys,"72,875","731,455","17,385","17,850","47,450","38,805","16,725","19,300","82,685","74,830","727,035",11.37,10.29,21.67,"8,840",1.22,20.44
2015,TLL1,West Wales and The Valleys,"73,525","733,990","19,845","14,380","47,395","42,370","16,765","19,775","81,620","78,910","732,723",11.14,10.77,21.91,"2,535",0.35,21.56
2016,TLL1,West Wales and The Valleys,"74,560","733,255","19,295","16,510","51,310","47,985","20,435","19,730","87,115","88,150","733,623",11.87,12.02,23.89,-735,-0.10,23.99
2017,TLL1,West Wales and The Valleys,"75,470","736,770","18,730","17,805","46,820","42,890","16,305","20,355","83,355","79,550","735,013",11.34,10.82,22.16,"3,515",0.48,21.68
2018,TLL1,West Wales and The Valleys,"77,440","733,640","20,555","15,545","42,370","42,095","18,395","21,575","78,470","82,065","735,205",10.67,11.16,21.84,"-3,130",-0.42,22.26
2019,TLL1,West Wales and The Valleys,"77,875","749,160","20,835","17,650","49,890","37,070","15,405","23,040","88,375","75,515","741,400",11.92,10.19,22.11,"15,520",2.12,19.99
2020,TLL1,West Wales and The Valleys,"81,625","751,635","24,410","32,775","40,470","48,255","22,270","24,695","97,655","95,220","750,398",13.01,12.69,25.70,"2,475",0.33,25.37
2021,TLL1,West Wales and The Valleys,"84,160","759,840","24,720","23,705","47,230","42,820","23,735","21,880","95,655","88,435","755,738",12.66,11.70,24.36,"8,205",1.09,23.27
2022,TLL1,West Wales and The Valleys,"78,460","765,405","21,605","20,930","55,205","41,570","19,640","31,110","97,740","92,320","762,623",12.82,12.11,24.92,"5,565",0.73,24.19
2023,TLL1,West Wales and The Valleys,"76,665","762,875","17,300","29,925","54,470","46,590","33,815","23,055","101,695","103,460","764,140",13.31,13.54,26.85,"-2,530",-0.33,27.18
2024,TLL1,West Wales and The Valleys,"75,830","764,745","15,375","20,580","56,065","44,560","21,400","24,500","92,020","90,460","763,810",12.05,11.84,23.89,"1,870",0.25,23.65
2000,TLE4,West Yorkshire,"76,590","946,625","35,795","97,445","67,620","59,455",0,0,"200,860","59,455",#N/A,#N/A,#N/A,#N/A,#N/A,#N/A,#N/A
2001,TLE4,West Yorkshire,"79,440","1,048,080","28,700","94,080","91,380","61,320","16,795","35,855","214,160","113,970","997,353",21.47,11.43,32.90,"101,455",10.72,22.18
2002,TLE4,West Yorkshire,"80,530","1,063,350","31,945","109,180","73,245","63,425","96,985","39,305","214,370","199,715","1,055,715",20.31,18.92,39.22,"15,270",1.46,37.77
2003,TLE4,West Yorkshire,"81,140","1,011,285","30,305","71,030","53,785","59,055","109,440","38,735","155,120","207,230","1,037,318",14.95,19.98,34.93,"-52,065",-4.90,39.83
2004,TLE4,West Yorkshire,"82,840","1,039,005","31,805","63,710","93,765","58,675","67,250","38,620","189,280","164,545","1,025,145",18.46,16.05,34.51,"27,720",2.74,31.77
2005,TLE4,West Yorkshire,"87,355","1,068,375","35,465","54,675","88,405","57,295","56,055","37,500","178,545","150,850","1,053,690",16.94,14.32,31.26,"29,370",2.83,28.43
2006,TLE4,West Yorkshire,"90,075","1,079,830","44,400","63,425","79,825","70,575","69,980","36,695","187,650","177,250","1,074,103",17.47,16.50,33.97,"11,455",1.07,32.90
2007,TLE4,West Yorkshire,"90,975","1,075,860","28,595","56,195","75,200","62,475","58,355","44,425","159,990","165,255","1,077,845",14.84,15.33,30.18,"-3,970",-0.37,30.54
2008,TLE4,West Yorkshire,"84,500","1,068,300","33,175","39,250","105,275","82,135","63,520","39,980","177,700","185,635","1,072,080",16.58,17.32,33.89,"-7,560",-0.70,34.59
2009,TLE4,West Yorkshire,"81,395","1,047,865","22,210","41,215","89,395","68,625","60,390","44,445","152,820","173,460","1,058,083",14.44,16.39,30.84,"-20,435",-1.91,32.75
2010,TLE4,West Yorkshire,"80,615","983,370","27,110","38,455","76,580","85,755","85,130","36,765","142,145","207,650","1,015,618",14.00,20.45,34.44,"-64,495",-6.15,40.60
2011,TLE4,West Yorkshire,"78,965","985,485","21,820","39,560","65,820","58,260","34,100","30,205","127,200","122,565","984,428",12.92,12.45,25.37,"2,115",0.22,25.16
2012,TLE4,West Yorkshire,"78,975","1,002,170","30,360","39,425","86,020","68,715","39,900","30,300","155,805","138,915","993,828",15.68,13.98,29.66,"16,685",1.69,27.96
2013,TLE4,West Yorkshire,"82,755","1,008,855","36,980","40,565","76,965","73,780","44,640","29,410","154,510","147,830","1,005,513",15.37,14.70,30.07,"6,685",0.67,29.40
2014,TLE4,West Yorkshire,"83,450","1,038,090","37,355","31,490","84,140","55,280","39,065","28,965","152,985","123,310","1,023,473",14.95,12.05,27.00,"29,235",2.90,24.10
2015,TLE4,West Yorkshire,"86,540","1,046,065","40,355","48,445","73,945","66,860","44,070","43,945","162,745","154,875","1,042,078",15.62,14.86,30.48,"7,975",0.77,29.71
2016,TLE4,West Yorkshire,"89,730","1,061,460","33,645","34,540","87,695","65,225","36,925","39,555","155,880","141,705","1,053,763",14.79,13.45,28.24,"15,395",1.47,26.77
2017,TLE4,West Yorkshire,"92,505","1,072,255","30,425","31,465","81,390","65,565","31,995","36,100","143,280","133,660","1,066,858",13.43,12.53,25.96,"10,795",1.02,24.94
2018,TLE4,West Yorkshire,"92,300","1,070,190","33,745","34,480","79,350","76,295","41,095","32,945","147,575","150,335","1,071,223",13.78,14.03,27.81,"-2,065",-0.19,28.00
2019,TLE4,West Yorkshire,"94,025","1,096,095","30,775","35,195","88,505","63,445","31,675","35,280","154,475","130,400","1,083,143",14.26,12.04,26.30,"25,905",2.42,23.88
2020,TLE4,West Yorkshire,"96,400","1,099,415","31,545","31,555","64,775","60,165","31,130","34,325","127,875","125,620","1,097,755",11.65,11.44,23.09,"3,320",0.30,22.79
2021,TLE4,West Yorkshire,"97,100","1,091,925","30,390","28,315","63,250","64,190","34,755","29,305","121,955","128,250","1,095,670",11.13,11.71,22.84,"-7,490",-0.68,23.52
2022,TLE4,West Yorkshire,"98,560","1,115,840","40,180","30,330","85,960","60,730","34,035","38,165","156,470","132,930","1,103,883",14.17,12.04,26.22,"23,915",2.19,24.03
2023,TLE4,West Yorkshire,"94,885","1,141,220","31,860","53,995","98,315","63,820","49,305","44,980","184,170","158,105","1,128,530",16.32,14.01,30.33,"25,380",2.27,28.05
2024,TLE4,West Yorkshire,"94,710","1,132,840","31,095","44,790","87,295","71,045","51,480","48,350","163,180","170,875","1,137,030",14.35,15.03,29.38,"-8,380",-0.73,30.11