origin,destination,year,moves
S92000003,TLC3,2012,504
S92000003,TLC4,2012,2963
S92000003,TLD1,2012,1092
S92000003,TLD3,2012,1929
S92000003,TLD4,2012,1335
S92000003,TLD6,2012,626
S92000003,TLD7,2012,827
S92000003,TLE1,2012,641
S92000003,TLE2,2012,1128
S92000003,TLE3,2012,744
S92000003,TLE4,2012,1574
S92000003,TLF1,2012,1241
S92000003,TLF2,2012,1099
S92000003,TLF3,2012,563
S92000003,TLG1,2012,557
S92000003,TLG2,2012,663
S92000003,TLG3,2012,1077
S92000003,TLH2,2012,980
S92000003,TLH3,2012,722
S92000003,TLH4,2012,898
S92000003,TLH5,2012,594
S92000003,TLH6,2012,394
S92000003,TLI3,2012,1670
S92000003,TLI4,2012,2152
S92000003,TLI5,2012,638
S92000003,TLI6,2012,725
S92000003,TLI7,2012,1306
S92000003,TLJ1,2012,1934
S92000003,TLJ2,2012,1932
S92000003,TLJ3,2012,1434
S92000003,TLJ4,2012,878
S92000003,TLK3,2012,388
S92000003,TLK4,2012,794
S92000003,TLK5,2012,722
S92000003,TLK6,2012,982
S92000003,TLK7,2012,913
S92000003,TLL3,2012,365
S92000003,TLL4,2012,429
S92000003,TLL5,2012,653
S92000003,TLN0,2012,2017
TLC3,S92000003,2012,705
TLC3,TLC4,2012,5046
TLC3,TLD1,2012,245
TLC3,TLD3,2012,726
TLC3,TLD4,2012,453
TLC3,TLD6,2012,142
TLC3,TLD7,2012,276
TLC3,TLE1,2012,377
TLC3,TLE2,2012,2171
TLC3,TLE3,2012,499
TLC3,TLE4,2012,1293
TLC3,TLF1,2012,466
TLC3,TLF2,2012,339
TLC3,TLF3,2012,205
TLC3,TLG1,2012,144
TLC3,TLG2,2012,202
TLC3,TLG3,2012,469
TLC3,TLH2,2012,203
TLC3,TLH3,2012,221
TLC3,TLH4,2012,146
TLC3,TLH5,2012,110
TLC3,TLH6,2012,109
TLC3,TLI3,2012,215
TLC3,TLI4,2012,507
TLC3,TLI5,2012,260
TLC3,TLI6,2012,168
TLC3,TLI7,2012,346
TLC3,TLJ1,2012,358
TLC3,TLJ2,2012,326
TLC3,TLJ3,2012,262
TLC3,TLJ4,2012,215
TLC3,TLK3,2012,56
TLC3,TLK4,2012,131
TLC3,TLK5,2012,122
TLC3,TLK6,2012,141
TLC3,TLK7,2012,186
TLC3,TLL3,2012,117
TLC3,TLL4,2012,75
TLC3,TLL5,2012,152
TLC3,TLN0,2012,77
TLC4,S92000003,2012,3416
TLC4,TLC3,2012,4781
TLC4,TLD1,2012,1189
TLC4,TLD3,2012,2158
TLC4,TLD4,2012,1232
TLC4,TLD6,2012,619
TLC4,TLD7,2012,922
TLC4,TLE1,2012,928
TLC4,TLE2,2012,2399
TLC4,TLE3,2012,1367
TLC4,TLE4,2012,3447
TLC4,TLF1,2012,1315
TLC4,TLF2,2012,884
TLC4,TLF3,2012,505
TLC4,TLG1,2012,455
TLC4,TLG2,2012,586
TLC4,TLG3,2012,942
TLC4,TLH2,2012,738
TLC4,TLH3,2012,476
TLC4,TLH4,2012,712
TLC4,TLH5,2012,384
TLC4,TLH6,2012,259
TLC4,TLI3,2012,1451
TLC4,TLI4,2012,2085
TLC4,TLI5,2012,531
TLC4,TLI6,2012,536
TLC4,TLI7,2012,1111
TLC4,TLJ1,2012,1319
TLC4,TLJ2,2012,1188
TLC4,TLJ3,2012,662
TLC4,TLJ4,2012,623
TLC4,TLK3,2012,220
TLC4,TLK4,2012,401
TLC4,TLK5,2012,407
TLC4,TLK6,2012,429
TLC4,TLK7,2012,525
TLC4,TLL3,2012,227
TLC4,TLL4,2012,259
TLC4,TLL5,2012,410
TLC4,TLN0,2012,539
TLD1,S92000003,2012,1329
TLD1,TLC3,2012,215
TLD1,TLC4,2012,1408
TLD1,TLD3,2012,1076
TLD1,TLD4,2012,2386
TLD1,TLD6,2012,323
TLD1,TLD7,2012,524
TLD1,TLE1,2012,182
TLD1,TLE2,2012,465
TLD1,TLE3,2012,282
TLD1,TLE4,2012,715
TLD1,TLF1,2012,316
TLD1,TLF2,2012,180
TLD1,TLF3,2012,149
TLD1,TLG1,2012,152
TLD1,TLG2,2012,231
TLD1,TLG3,2012,228
TLD1,TLH2,2012,125
TLD1,TLH3,2012,137
TLD1,TLH4,2012,137
TLD1,TLH5,2012,87
TLD1,TLH6,2012,80
TLD1,TLI3,2012,132
TLD1,TLI4,2012,224
TLD1,TLI5,2012,68
TLD1,TLI6,2012,75
TLD1,TLI7,2012,106
TLD1,TLJ1,2012,323
TLD1,TLJ2,2012,283
TLD1,TLJ3,2012,175
TLD1,TLJ4,2012,149
TLD1,TLK3,2012,96
TLD1,TLK4,2012,183
TLD1,TLK5,2012,110
TLD1,TLK6,2012,180
TLD1,TLK7,2012,176
TLD1,TLL3,2012,153
TLD1,TLL4,2012,120
TLD1,TLL5,2012,85
TLD1,TLN0,2012,75
TLD3,S92000003,2012,2121
TLD3,TLC3,2012,568
TLD3,TLC4,2012,2056
TLD3,TLD1,2012,1173
TLD3,TLD4,2012,11205
TLD3,TLD6,2012,7112
TLD3,TLD7,2012,5251
TLD3,TLE1,2012,929
TLD3,TLE2,2012,1400
TLD3,TLE3,2012,2564
TLD3,TLE4,2012,6676
TLD3,TLF1,2012,3448
TLD3,TLF2,2012,1521
TLD3,TLF3,2012,625
TLD3,TLG1,2012,896
TLD3,TLG2,2012,1913
TLD3,TLG3,2012,3003
TLD3,TLH2,2012,1244
TLD3,TLH3,2012,643
TLD3,TLH4,2012,811
TLD3,TLH5,2012,473
TLD3,TLH6,2012,258
TLD3,TLI3,2012,1979
TLD3,TLI4,2012,3671
TLD3,TLI5,2012,1304
TLD3,TLI6,2012,1077
TLD3,TLI7,2012,2192
TLD3,TLJ1,2012,2065
TLD3,TLJ2,2012,1698
TLD3,TLJ3,2012,1061
TLD3,TLJ4,2012,845
TLD3,TLK3,2012,560
TLD3,TLK4,2012,823
TLD3,TLK5,2012,818
TLD3,TLK6,2012,864
TLD3,TLK7,2012,729
TLD3,TLL3,2012,2269
TLD3,TLL4,2012,698
TLD3,TLL5,2012,861
TLD3,TLN0,2012,567
TLD4,S92000003,2012,1717
TLD4,TLC3,2012,417
TLD4,TLC4,2012,1472
TLD4,TLD1,2012,2189
TLD4,TLD3,2012,10429
TLD4,TLD6,2012,1514
TLD4,TLD7,2012,4466
TLD4,TLE1,2012,614
TLD4,TLE2,2012,1480
TLD4,TLE3,2012,954
TLD4,TLE4,2012,3848
TLD4,TLF1,2012,1194
TLD4,TLF2,2012,895
TLD4,TLF3,2012,427
TLD4,TLG1,2012,559
TLD4,TLG2,2012,1042
TLD4,TLG3,2012,1427
TLD4,TLH2,2012,590
TLD4,TLH3,2012,407
TLD4,TLH4,2012,409
TLD4,TLH5,2012,331
TLD4,TLH6,2012,203
TLD4,TLI3,2012,494
TLD4,TLI4,2012,1054
TLD4,TLI5,2012,445
TLD4,TLI6,2012,280
TLD4,TLI7,2012,591
TLD4,TLJ1,2012,909
TLD4,TLJ2,2012,827
TLD4,TLJ3,2012,587
TLD4,TLJ4,2012,465
TLD4,TLK3,2012,270
TLD4,TLK4,2012,513
TLD4,TLK5,2012,336
TLD4,TLK6,2012,477
TLD4,TLK7,2012,512
TLD4,TLL3,2012,768
TLD4,TLL4,2012,351
TLD4,TLL5,2012,378
TLD4,TLN0,2012,319
TLD6,S92000003,2012,783
TLD6,TLC3,2012,105
TLD6,TLC4,2012,682
TLD6,TLD1,2012,345
TLD6,TLD3,2012,5166
TLD6,TLD4,2012,1541
TLD6,TLD7,2012,4375
TLD6,TLE1,2012,264
TLD6,TLE2,2012,449
TLD6,TLE3,2012,813
TLD6,TLE4,2012,1411
TLD6,TLF1,2012,1133
TLD6,TLF2,2012,596
TLD6,TLF3,2012,181
TLD6,TLG1,2012,521
TLD6,TLG2,2012,2786
TLD6,TLG3,2012,854
TLD6,TLH2,2012,379
TLD6,TLH3,2012,220
TLD6,TLH4,2012,267
TLD6,TLH5,2012,175
TLD6,TLH6,2012,126
TLD6,TLI3,2012,452
TLD6,TLI4,2012,641
TLD6,TLI5,2012,236
TLD6,TLI6,2012,172
TLD6,TLI7,2012,375
TLD6,TLJ1,2012,736
TLD6,TLJ2,2012,626
TLD6,TLJ3,2012,346
TLD6,TLJ4,2012,270
TLD6,TLK3,2012,303
TLD6,TLK4,2012,442
TLD6,TLK5,2012,383
TLD6,TLK6,2012,371
TLD6,TLK7,2012,333
TLD6,TLL3,2012,2689
TLD6,TLL4,2012,410
TLD6,TLL5,2012,327
TLD6,TLN0,2012,169
TLD7,S92000003,2012,1014
TLD7,TLC3,2012,225
TLD7,TLC4,2012,984
TLD7,TLD1,2012,583
TLD7,TLD3,2012,5575
TLD7,TLD4,2012,4340
TLD7,TLD6,2012,5139
TLD7,TLE1,2012,380
TLD7,TLE2,2012,542
TLD7,TLE3,2012,959
TLD7,TLE4,2012,2014
TLD7,TLF1,2012,878
TLD7,TLF2,2012,704
TLD7,TLF3,2012,241
TLD7,TLG1,2012,472
TLD7,TLG2,2012,1118
TLD7,TLG3,2012,1231
TLD7,TLH2,2012,468
TLD7,TLH3,2012,467
TLD7,TLH4,2012,426
TLD7,TLH5,2012,144
TLD7,TLH6,2012,137
TLD7,TLI3,2012,780
TLD7,TLI4,2012,1443
TLD7,TLI5,2012,469
TLD7,TLI6,2012,315
TLD7,TLI7,2012,731
TLD7,TLJ1,2012,831
TLD7,TLJ2,2012,750
TLD7,TLJ3,2012,542
TLD7,TLJ4,2012,472
TLD7,TLK3,2012,220
TLD7,TLK4,2012,411
TLD7,TLK5,2012,410
TLD7,TLK6,2012,395
TLD7,TLK7,2012,418
TLD7,TLL3,2012,2208
TLD7,TLL4,2012,381
TLD7,TLL5,2012,424
TLD7,TLN0,2012,645
TLE1,S92000003,2012,691
TLE1,TLC3,2012,370
TLE1,TLC4,2012,1042
TLE1,TLD1,2012,210
TLE1,TLD3,2012,1116
TLE1,TLD4,2012,599
TLE1,TLD6,2012,304
TLE1,TLD7,2012,424
TLE1,TLE2,2012,2848
TLE1,TLE3,2012,2295
TLE1,TLE4,2012,3306
TLE1,TLF1,2012,1306
TLE1,TLF2,2012,682
TLE1,TLF3,2012,2524
TLE1,TLG1,2012,302
TLE1,TLG2,2012,393
TLE1,TLG3,2012,613
TLE1,TLH2,2012,349
TLE1,TLH3,2012,203
TLE1,TLH4,2012,332
TLE1,TLH5,2012,227
TLE1,TLH6,2012,189
TLE1,TLI3,2012,322
TLE1,TLI4,2012,560
TLE1,TLI5,2012,265
TLE1,TLI6,2012,197
TLE1,TLI7,2012,373
TLE1,TLJ1,2012,550
TLE1,TLJ2,2012,523
TLE1,TLJ3,2012,391
TLE1,TLJ4,2012,306
TLE1,TLK3,2012,168
TLE1,TLK4,2012,252
TLE1,TLK5,2012,152
TLE1,TLK6,2012,259
TLE1,TLK7,2012,242
TLE1,TLL3,2012,117
TLE1,TLL4,2012,170
TLE1,TLL5,2012,161
TLE1,TLN0,2012,86
TLE2,S92000003,2012,1122
TLE2,TLC3,2012,1974
TLE2,TLC4,2012,2573
TLE2,TLD1,2012,462
TLE2,TLD3,2012,1207
TLE2,TLD4,2012,1165
TLE2,TLD6,2012,353
TLE2,TLD7,2012,526
TLE2,TLE1,2012,3037
TLE2,TLE3,2012,1575
TLE2,TLE4,2012,5611
TLE2,TLF1,2012,1024
TLE2,TLF2,2012,590
TLE2,TLF3,2012,544
TLE2,TLG1,2012,345
TLE2,TLG2,2012,483
TLE2,TLG3,2012,510
TLE2,TLH2,2012,409
TLE2,TLH3,2012,314
TLE2,TLH4,2012,460
TLE2,TLH5,2012,292
TLE2,TLH6,2012,258
TLE2,TLI3,2012,642
TLE2,TLI4,2012,829
TLE2,TLI5,2012,233
TLE2,TLI6,2012,241
TLE2,TLI7,2012,414
TLE2,TLJ1,2012,865
TLE2,TLJ2,2012,701
TLE2,TLJ3,2012,430
TLE2,TLJ4,2012,339
TLE2,TLK3,2012,220
TLE2,TLK4,2012,283
TLE2,TLK5,2012,313
TLE2,TLK6,2012,342
TLE2,TLK7,2012,475
TLE2,TLL3,2012,229
TLE2,TLL4,2012,223
TLE2,TLL5,2012,199
TLE2,TLN0,2012,156
TLE3,S92000003,2012,843
TLE3,TLC3,2012,438
TLE3,TLC4,2012,1292
TLE3,TLD1,2012,268
TLE3,TLD3,2012,2771
TLE3,TLD4,2012,887
TLE3,TLD6,2012,692
TLE3,TLD7,2012,802
TLE3,TLE1,2012,2403
TLE3,TLE2,2012,1681
TLE3,TLE4,2012,5521
TLE3,TLF1,2012,6193
TLE3,TLF2,2012,1380
TLE3,TLF3,2012,1571
TLE3,TLG1,2012,664
TLE3,TLG2,2012,676
TLE3,TLG3,2012,1519
TLE3,TLH2,2012,760
TLE3,TLH3,2012,390
TLE3,TLH4,2012,657
TLE3,TLH5,2012,447
TLE3,TLH6,2012,211
TLE3,TLI3,2012,666
TLE3,TLI4,2012,1313
TLE3,TLI5,2012,554
TLE3,TLI6,2012,386
TLE3,TLI7,2012,782
TLE3,TLJ1,2012,1045
TLE3,TLJ2,2012,737
TLE3,TLJ3,2012,466
TLE3,TLJ4,2012,426
TLE3,TLK3,2012,255
TLE3,TLK4,2012,394
TLE3,TLK5,2012,391
TLE3,TLK6,2012,381
TLE3,TLK7,2012,294
TLE3,TLL3,2012,259
TLE3,TLL4,2012,217
TLE3,TLL5,2012,449
TLE3,TLN0,2012,160
TLE4,S92000003,2012,1852
TLE4,TLC3,2012,1165
TLE4,TLC4,2012,3594
TLE4,TLD1,2012,687
TLE4,TLD3,2012,6424
TLE4,TLD4,2012,3503
TLE4,TLD6,2012,1271
TLE4,TLD7,2012,1943
TLE4,TLE1,2012,3536
TLE4,TLE2,2012,7671
TLE4,TLE3,2012,5586
TLE4,TLF1,2012,3110
TLE4,TLF2,2012,1743
TLE4,TLF3,2012,1129
TLE4,TLG1,2012,733
TLE4,TLG2,2012,1092
TLE4,TLG3,2012,2765
TLE4,TLH2,2012,1436
TLE4,TLH3,2012,764
TLE4,TLH4,2012,924
TLE4,TLH5,2012,578
TLE4,TLH6,2012,370
TLE4,TLI3,2012,1822
TLE4,TLI4,2012,3206
TLE4,TLI5,2012,1185
TLE4,TLI6,2012,909
TLE4,TLI7,2012,1902
TLE4,TLJ1,2012,1854
TLE4,TLJ2,2012,1594
TLE4,TLJ3,2012,878
TLE4,TLJ4,2012,990
TLE4,TLK3,2012,367
TLE4,TLK4,2012,587
TLE4,TLK5,2012,693
TLE4,TLK6,2012,670
TLE4,TLK7,2012,597
TLE4,TLL3,2012,541
TLE4,TLL4,2012,432
TLE4,TLL5,2012,555
TLE4,TLN0,2012,304
TLF1,S92000003,2012,1250
TLF1,TLC3,2012,338
TLF1,TLC4,2012,1335
TLF1,TLD1,2012,304
TLF1,TLD3,2012,3382
TLF1,TLD4,2012,908
TLF1,TLD6,2012,1112
TLF1,TLD7,2012,880
TLF1,TLE1,2012,1335
TLF1,TLE2,2012,1099
TLF1,TLE3,2012,5114
TLF1,TLE4,2012,3236
TLF1,TLF2,2012,5428
TLF1,TLF3,2012,4298
TLF1,TLG1,2012,1399
TLF1,TLG2,2012,3904
TLF1,TLG3,2012,3681
TLF1,TLH2,2012,1716
TLF1,TLH3,2012,809
TLF1,TLH4,2012,1078
TLF1,TLH5,2012,766
TLF1,TLH6,2012,429
TLF1,TLI3,2012,1392
TLF1,TLI4,2012,2354
TLF1,TLI5,2012,978
TLF1,TLI6,2012,883
TLF1,TLI7,2012,1688
TLF1,TLJ1,2012,2212
TLF1,TLJ2,2012,1639
TLF1,TLJ3,2012,1059
TLF1,TLJ4,2012,923
TLF1,TLK3,2012,597
TLF1,TLK4,2012,912
TLF1,TLK5,2012,793
TLF1,TLK6,2012,793
TLF1,TLK7,2012,722
TLF1,TLL3,2012,473
TLF1,TLL4,2012,552
TLF1,TLL5,2012,597
TLF1,TLN0,2012,256
TLF2,S92000003,2012,1142
TLF2,TLC3,2012,238
TLF2,TLC4,2012,1048
TLF2,TLD1,2012,217
TLF2,TLD3,2012,1557
TLF2,TLD4,2012,777
TLF2,TLD6,2012,693
TLF2,TLD7,2012,666
TLF2,TLE1,2012,626
TLF2,TLE2,2012,686
TLF2,TLE3,2012,1576
TLF2,TLE4,2012,1814
TLF2,TLF1,2012,5788
TLF2,TLF3,2012,2582
TLF2,TLG1,2012,2844
TLF2,TLG2,2012,1554
TLF2,TLG3,2012,4671
TLF2,TLH2,2012,3108
TLF2,TLH3,2012,1050
TLF2,TLH4,2012,1973
TLF2,TLH5,2012,1153
TLF2,TLH6,2012,665
TLF2,TLI3,2012,1382
TLF2,TLI4,2012,2575
TLF2,TLI5,2012,1329
TLF2,TLI6,2012,907
TLF2,TLI7,2012,2040
TLF2,TLJ1,2012,4574
TLF2,TLJ2,2012,1891
TLF2,TLJ3,2012,1386
TLF2,TLJ4,2012,1126
TLF2,TLK3,2012,610
TLF2,TLK4,2012,997
TLF2,TLK5,2012,787
TLF2,TLK6,2012,1092
TLF2,TLK7,2012,915
TLF2,TLL3,2012,378
TLF2,TLL4,2012,529
TLF2,TLL5,2012,646
TLF2,TLN0,2012,181
TLF3,S92000003,2012,575
TLF3,TLC3,2012,159
TLF3,TLC4,2012,586
TLF3,TLD1,2012,103
TLF3,TLD3,2012,631
TLF3,TLD4,2012,350
TLF3,TLD6,2012,205
TLF3,TLD7,2012,249
TLF3,TLE1,2012,2387
TLF3,TLE2,2012,646
TLF3,TLE3,2012,1630
TLF3,TLE4,2012,1071
TLF3,TLF1,2012,4051
TLF3,TLF2,2012,2318
TLF3,TLG1,2012,468
TLF3,TLG2,2012,493
TLF3,TLG3,2012,747
TLF3,TLH2,2012,594
TLF3,TLH3,2012,480
TLF3,TLH4,2012,2324
TLF3,TLH5,2012,1061
TLF3,TLH6,2012,362
TLF3,TLI3,2012,358
TLF3,TLI4,2012,527
TLF3,TLI5,2012,251
TLF3,TLI6,2012,200
TLF3,TLI7,2012,343
TLF3,TLJ1,2012,730
TLF3,TLJ2,2012,620
TLF3,TLJ3,2012,469
TLF3,TLJ4,2012,446
TLF3,TLK3,2012,238
TLF3,TLK4,2012,371
TLF3,TLK5,2012,197
TLF3,TLK6,2012,348
TLF3,TLK7,2012,344
TLF3,TLL3,2012,146
TLF3,TLL4,2012,201
TLF3,TLL5,2012,131
TLF3,TLN0,2012,95
TLG1,S92000003,2012,798
TLG1,TLC3,2012,161
TLG1,TLC4,2012,496
TLG1,TLD1,2012,197
TLG1,TLD3,2012,871
TLG1,TLD4,2012,507
TLG1,TLD6,2012,472
TLG1,TLD7,2012,437
TLG1,TLE1,2012,284
TLG1,TLE2,2012,454
TLG1,TLE3,2012,677
TLG1,TLE4,2012,732
TLG1,TLF1,2012,1589
TLG1,TLF2,2012,3144
TLG1,TLF3,2012,442
TLG1,TLG2,2012,2943
TLG1,TLG3,2012,9229
TLG1,TLH2,2012,708
TLG1,TLH3,2012,419
TLG1,TLH4,2012,496
TLG1,TLH5,2012,354
TLG1,TLH6,2012,236
TLG1,TLI3,2012,961
TLG1,TLI4,2012,1372
TLG1,TLI5,2012,352
TLG1,TLI6,2012,351
TLG1,TLI7,2012,707
TLG1,TLJ1,2012,2344
TLG1,TLJ2,2012,1259
TLG1,TLJ3,2012,1075
TLG1,TLJ4,2012,579
TLG1,TLK3,2012,668
TLG1,TLK4,2012,1365
TLG1,TLK5,2012,1232
TLG1,TLK6,2012,1279
TLG1,TLK7,2012,2869
TLG1,TLL3,2012,379
TLG1,TLL4,2012,1421
TLG1,TLL5,2012,1439
TLG1,TLN0,2012,83
TLG2,S92000003,2012,795
TLG2,TLC3,2012,186
TLG2,TLC4,2012,597
TLG2,TLD1,2012,275
TLG2,TLD3,2012,2093
TLG2,TLD4,2012,964
TLG2,TLD6,2012,2766
TLG2,TLD7,2012,1177
TLG2,TLE1,2012,365
TLG2,TLE2,2012,531
TLG2,TLE3,2012,822
TLG2,TLE4,2012,1188
TLG2,TLF1,2012,4290
TLG2,TLF2,2012,1639
TLG2,TLF3,2012,530
TLG2,TLG1,2012,3165
TLG2,TLG3,2012,7714
TLG2,TLH2,2012,597
TLG2,TLH3,2012,405
TLG2,TLH4,2012,430
TLG2,TLH5,2012,379
TLG2,TLH6,2012,246
TLG2,TLI3,2012,561
TLG2,TLI4,2012,1018
TLG2,TLI5,2012,369
TLG2,TLI6,2012,333
TLG2,TLI7,2012,614
TLG2,TLJ1,2012,1282
TLG2,TLJ2,2012,912
TLG2,TLJ3,2012,816
TLG2,TLJ4,2012,525
TLG2,TLK3,2012,578
TLG2,TLK4,2012,762
TLG2,TLK5,2012,615
TLG2,TLK6,2012,786
TLG2,TLK7,2012,818
TLG2,TLL3,2012,1460
TLG2,TLL4,2012,1798
TLG2,TLL5,2012,751
TLG2,TLN0,2012,173
TLG3,S92000003,2012,1240
TLG3,TLC3,2012,399
TLG3,TLC4,2012,919
TLG3,TLD1,2012,243
TLG3,TLD3,2012,2838
TLG3,TLD4,2012,1456
TLG3,TLD6,2012,926
TLG3,TLD7,2012,1190
TLG3,TLE1,2012,572
TLG3,TLE2,2012,498
TLG3,TLE3,2012,1569
TLG3,TLE4,2012,2419
TLG3,TLF1,2012,4051
TLG3,TLF2,2012,4843
TLG3,TLF3,2012,711
TLG3,TLG1,2012,15618
TLG3,TLG2,2012,10585
TLG3,TLH2,2012,2079
TLG3,TLH3,2012,894
TLG3,TLH4,2012,1037
TLG3,TLH5,2012,542
TLG3,TLH6,2012,383
TLG3,TLI3,2012,1831
TLG3,TLI4,2012,4083
TLG3,TLI5,2012,1861
TLG3,TLI6,2012,1178
TLG3,TLI7,2012,3346
TLG3,TLJ1,2012,3446
TLG3,TLJ2,2012,2074
TLG3,TLJ3,2012,1539
TLG3,TLJ4,2012,1087
TLG3,TLK3,2012,748
TLG3,TLK4,2012,1766
TLG3,TLK5,2012,1337
TLG3,TLK6,2012,1830
TLG3,TLK7,2012,1590
TLG3,TLL3,2012,912
TLG3,TLL4,2012,1247
TLG3,TLL5,2012,1390
TLG3,TLN0,2012,293
TLH2,S92000003,2012,1065
TLH2,TLC3,2012,168
TLH2,TLC4,2012,727
TLH2,TLD1,2012,174
TLH2,TLD3,2012,1216
TLH2,TLD4,2012,596
TLH2,TLD6,2012,430
TLH2,TLD7,2012,466
TLH2,TLE1,2012,358
TLH2,TLE2,2012,537
TLH2,TLE3,2012,869
TLH2,TLE4,2012,1445
TLH2,TLF1,2012,2267
TLH2,TLF2,2012,4135
TLH2,TLF3,2012,917
TLH2,TLG1,2012,868
TLH2,TLG2,2012,725
TLH2,TLG3,2012,2317
TLH2,TLH3,2012,4611
TLH2,TLH4,2012,3987
TLH2,TLH5,2012,1710
TLH2,TLH6,2012,1103
TLH2,TLI3,2012,2334
TLH2,TLI4,2012,4317
TLH2,TLI5,2012,2873
TLH2,TLI6,2012,1209
TLH2,TLI7,2012,4977
TLH2,TLJ1,2012,7364
TLH2,TLJ2,2012,3236
TLH2,TLJ3,2012,2264
TLH2,TLJ4,2012,1806
TLH2,TLK3,2012,630
TLH2,TLK4,2012,1235
TLH2,TLK5,2012,958
TLH2,TLK6,2012,1734
TLH2,TLK7,2012,846
TLH2,TLL3,2012,227
TLH2,TLL4,2012,498
TLH2,TLL5,2012,602
TLH2,TLN0,2012,182
TLH3,S92000003,2012,820
TLH3,TLC3,2012,138
TLH3,TLC4,2012,565
TLH3,TLD1,2012,113
TLH3,TLD3,2012,641
TLH3,TLD4,2012,345
TLH3,TLD6,2012,214
TLH3,TLD7,2012,331
TLH3,TLE1,2012,338
TLH3,TLE2,2012,417
TLH3,TLE3,2012,499
TLH3,TLE4,2012,797
TLH3,TLF1,2012,1065
TLH3,TLF2,2012,1201
TLH3,TLF3,2012,740
TLH3,TLG1,2012,557
TLH3,TLG2,2012,466
TLH3,TLG3,2012,1131
TLH3,TLH2,2012,4206
TLH3,TLH4,2012,1969
TLH3,TLH5,2012,2112
TLH3,TLH6,2012,4458
TLH3,TLI3,2012,1368
TLH3,TLI4,2012,3560
TLH3,TLI5,2012,5254
TLH3,TLI6,2012,959
TLH3,TLI7,2012,1513
TLH3,TLJ1,2012,1737
TLH3,TLJ2,2012,2661
TLH3,TLJ3,2012,1690
TLH3,TLJ4,2012,2884
TLH3,TLK3,2012,507
TLH3,TLK4,2012,948
TLH3,TLK5,2012,585
TLH3,TLK6,2012,980
TLH3,TLK7,2012,618
TLH3,TLL3,2012,199
TLH3,TLL4,2012,364
TLH3,TLL5,2012,437
TLH3,TLN0,2012,170
TLH4,S92000003,2012,848
TLH4,TLC3,2012,155
TLH4,TLC4,2012,667
TLH4,TLD1,2012,93
TLH4,TLD3,2012,676
TLH4,TLD4,2012,308
TLH4,TLD6,2012,228
TLH4,TLD7,2012,415
TLH4,TLE1,2012,295
TLH4,TLE2,2012,500
TLH4,TLE3,2012,730
TLH4,TLE4,2012,950
TLH4,TLF1,2012,1256
TLH4,TLF2,2012,2281
TLH4,TLF3,2012,2743
TLH4,TLG1,2012,528
TLH4,TLG2,2012,415
TLH4,TLG3,2012,963
TLH4,TLH2,2012,2713
TLH4,TLH3,2012,1465
TLH4,TLH5,2012,2701
TLH4,TLH6,2012,2702
TLH4,TLI3,2012,1691
TLH4,TLI4,2012,2592
TLH4,TLI5,2012,829
TLH4,TLI6,2012,546
TLH4,TLI7,2012,1163
TLH4,TLJ1,2012,1761
TLH4,TLJ2,2012,1324
TLH4,TLJ3,2012,725
TLH4,TLJ4,2012,723
TLH4,TLK3,2012,223
TLH4,TLK4,2012,466
TLH4,TLK5,2012,587
TLH4,TLK6,2012,504
TLH4,TLK7,2012,536
TLH4,TLL3,2012,126
TLH4,TLL4,2012,255
TLH4,TLL5,2012,356
TLH4,TLN0,2012,131
TLH5,S92000003,2012,618
TLH5,TLC3,2012,87
TLH5,TLC4,2012,394
TLH5,TLD1,2012,98
TLH5,TLD3,2012,440
TLH5,TLD4,2012,257
TLH5,TLD6,2012,142
TLH5,TLD7,2012,207
TLH5,TLE1,2012,267
TLH5,TLE2,2012,255
TLH5,TLE3,2012,417
TLH5,TLE4,2012,508
TLH5,TLF1,2012,770
TLH5,TLF2,2012,912
TLH5,TLF3,2012,985
TLH5,TLG1,2012,272
TLH5,TLG2,2012,272
TLH5,TLG3,2012,499
TLH5,TLH2,2012,1114
TLH5,TLH3,2012,1272
TLH5,TLH4,2012,2348
TLH5,TLH6,2012,4111
TLH5,TLI3,2012,566
TLH5,TLI4,2012,1081
TLH5,TLI5,2012,562
TLH5,TLI6,2012,368
TLH5,TLI7,2012,590
TLH5,TLJ1,2012,888
TLH5,TLJ2,2012,1000
TLH5,TLJ3,2012,556
TLH5,TLJ4,2012,746
TLH5,TLK3,2012,220
TLH5,TLK4,2012,391
TLH5,TLK5,2012,291
TLH5,TLK6,2012,413
TLH5,TLK7,2012,333
TLH5,TLL3,2012,102
TLH5,TLL4,2012,201
TLH5,TLL5,2012,178
TLH5,TLN0,2012,90
TLH6,S92000003,2012,364
TLH6,TLC3,2012,93
TLH6,TLC4,2012,289
TLH6,TLD1,2012,84
TLH6,TLD3,2012,245
TLH6,TLD4,2012,224
TLH6,TLD6,2012,125
TLH6,TLD7,2012,173
TLH6,TLE1,2012,176
TLH6,TLE2,2012,254
TLH6,TLE3,2012,263
TLH6,TLE4,2012,417
TLH6,TLF1,2012,512
TLH6,TLF2,2012,640
TLH6,TLF3,2012,463
TLH6,TLG1,2012,250
TLH6,TLG2,2012,250
TLH6,TLG3,2012,435
TLH6,TLH2,2012,731
TLH6,TLH3,2012,3018
TLH6,TLH4,2012,2266
TLH6,TLH5,2012,4249
TLH6,TLI3,2012,558
TLH6,TLI4,2012,829
TLH6,TLI5,2012,508
TLH6,TLI6,2012,259
TLH6,TLI7,2012,498
TLH6,TLJ1,2012,896
TLH6,TLJ2,2012,817
TLH6,TLJ3,2012,662
TLH6,TLJ4,2012,699
TLH6,TLK3,2012,158
TLH6,TLK4,2012,327
TLH6,TLK5,2012,276
TLH6,TLK6,2012,336
TLH6,TLK7,2012,283
TLH6,TLL3,2012,90
TLH6,TLL4,2012,139
TLH6,TLL5,2012,180
TLH6,TLN0,2012,65
TLI3,S92000003,2012,1176
TLI3,TLC3,2012,126
TLI3,TLC4,2012,520
TLI3,TLD1,2012,102
TLI3,TLD3,2012,1157
TLI3,TLD4,2012,238
TLI3,TLD6,2012,291
TLI3,TLD7,2012,393
TLI3,TLE1,2012,190
TLI3,TLE2,2012,439
TLI3,TLE3,2012,358
TLI3,TLE4,2012,843
TLI3,TLF1,2012,737
TLI3,TLF2,2012,901
TLI3,TLF3,2012,218
TLI3,TLG1,2012,581
TLI3,TLG2,2012,362
TLI3,TLG3,2012,1092
TLI3,TLH2,2012,3337
TLI3,TLH3,2012,1399
TLI3,TLH4,2012,1337
TLI3,TLH5,2012,473
TLI3,TLH6,2012,500
TLI3,TLI4,2012,26429
TLI3,TLI5,2012,4268
TLI3,TLI6,2012,10686
TLI3,TLI7,2012,18954
TLI3,TLJ1,2012,5213
TLI3,TLJ2,2012,7239
TLI3,TLJ3,2012,1979
TLI3,TLJ4,2012,2333
TLI3,TLK3,2012,281
TLI3,TLK4,2012,813
TLI3,TLK5,2012,1279
TLI3,TLK6,2012,1376
TLI3,TLK7,2012,1240
TLI3,TLL3,2012,141
TLI3,TLL4,2012,335
TLI3,TLL5,2012,529
TLI3,TLN0,2012,191
TLI4,S92000003,2012,1821
TLI4,TLC3,2012,325
TLI4,TLC4,2012,954
TLI4,TLD1,2012,166
TLI4,TLD3,2012,2720
TLI4,TLD4,2012,709
TLI4,TLD6,2012,464
TLI4,TLD7,2012,761
TLI4,TLE1,2012,435
TLI4,TLE2,2012,588
TLI4,TLE3,2012,923
TLI4,TLE4,2012,1801
TLI4,TLF1,2012,1509
TLI4,TLF2,2012,2157
TLI4,TLF3,2012,435
TLI4,TLG1,2012,869
TLI4,TLG2,2012,766
TLI4,TLG3,2012,3086
TLI4,TLH2,2012,6539
TLI4,TLH3,2012,6737
TLI4,TLH4,2012,2005
TLI4,TLH5,2012,1075
TLI4,TLH6,2012,1027
TLI4,TLI3,2012,20925
TLI4,TLI5,2012,36487
TLI4,TLI6,2012,17939
TLI4,TLI7,2012,14723
TLI4,TLJ1,2012,5379
TLI4,TLJ2,2012,8573
TLI4,TLJ3,2012,2377
TLI4,TLJ4,2012,7383
TLI4,TLK3,2012,590
TLI4,TLK4,2012,1193
TLI4,TLK5,2012,1923
TLI4,TLK6,2012,1855
TLI4,TLK7,2012,1289
TLI4,TLL3,2012,218
TLI4,TLL4,2012,608
TLI4,TLL5,2012,1002
TLI4,TLN0,2012,325
TLI5,S92000003,2012,942
TLI5,TLC3,2012,211
TLI5,TLC4,2012,481
TLI5,TLD1,2012,107
TLI5,TLD3,2012,1492
TLI5,TLD4,2012,569
TLI5,TLD6,2012,262
TLI5,TLD7,2012,462
TLI5,TLE1,2012,263
TLI5,TLE2,2012,290
TLI5,TLE3,2012,564
TLI5,TLE4,2012,1153
TLI5,TLF1,2012,1288
TLI5,TLF2,2012,1677
TLI5,TLF3,2012,463
TLI5,TLG1,2012,406
TLI5,TLG2,2012,485
TLI5,TLG3,2012,2272
TLI5,TLH2,2012,6354
TLI5,TLH3,2012,13974
TLI5,TLH4,2012,1233
TLI5,TLH5,2012,1207
TLI5,TLH6,2012,1079
TLI5,TLI3,2012,3248
TLI5,TLI4,2012,19508
TLI5,TLI6,2012,4594
TLI5,TLI7,2012,6983
TLI5,TLJ1,2012,2480
TLI5,TLJ2,2012,3634
TLI5,TLJ3,2012,1723
TLI5,TLJ4,2012,8809
TLI5,TLK3,2012,346
TLI5,TLK4,2012,680
TLI5,TLK5,2012,691
TLI5,TLK6,2012,1039
TLI5,TLK7,2012,606
TLI5,TLL3,2012,164
TLI5,TLL4,2012,419
TLI5,TLL5,2012,549
TLI5,TLN0,2012,236
TLI6,S92000003,2012,762
TLI6,TLC3,2012,162
TLI6,TLC4,2012,392
TLI6,TLD1,2012,77
TLI6,TLD3,2012,985
TLI6,TLD4,2012,260
TLI6,TLD6,2012,249
TLI6,TLD7,2012,292
TLI6,TLE1,2012,164
TLI6,TLE2,2012,334
TLI6,TLE3,2012,318
TLI6,TLE4,2012,769
TLI6,TLF1,2012,870
TLI6,TLF2,2012,1111
TLI6,TLF3,2012,233
TLI6,TLG1,2012,404
TLI6,TLG2,2012,346
TLI6,TLG3,2012,1361
TLI6,TLH2,2012,1637
TLI6,TLH3,2012,1180
TLI6,TLH4,2012,639
TLI6,TLH5,2012,553
TLI6,TLH6,2012,387
TLI6,TLI3,2012,5259
TLI6,TLI4,2012,9181
TLI6,TLI5,2012,3299
TLI6,TLI7,2012,4085
TLI6,TLJ1,2012,2376
TLI6,TLJ2,2012,14861
TLI6,TLJ3,2012,2522
TLI6,TLJ4,2012,5704
TLI6,TLK3,2012,347
TLI6,TLK4,2012,848
TLI6,TLK5,2012,741
TLI6,TLK6,2012,1354
TLI6,TLK7,2012,619
TLI6,TLL3,2012,114
TLI6,TLL4,2012,353
TLI6,TLL5,2012,461
TLI6,TLN0,2012,184
TLI7,S92000003,2012,1279
TLI7,TLC3,2012,233
TLI7,TLC4,2012,815
TLI7,TLD1,2012,131
TLI7,TLD3,2012,2069
TLI7,TLD4,2012,501
TLI7,TLD6,2012,383
TLI7,TLD7,2012,626
TLI7,TLE1,2012,345
TLI7,TLE2,2012,529
TLI7,TLE3,2012,666
TLI7,TLE4,2012,1540
TLI7,TLF1,2012,1822
TLI7,TLF2,2012,2523
TLI7,TLF3,2012,452
TLI7,TLG1,2012,819
TLI7,TLG2,2012,628
TLI7,TLG3,2012,3475
TLI7,TLH2,2012,12089
TLI7,TLH3,2012,1959
TLI7,TLH4,2012,1310
TLI7,TLH5,2012,744
TLI7,TLH6,2012,559
TLI7,TLI3,2012,11946
TLI7,TLI4,2012,11881
TLI7,TLI5,2012,6730
TLI7,TLI6,2012,5276
TLI7,TLJ1,2012,10973
TLI7,TLJ2,2012,9822
TLI7,TLJ3,2012,3292
TLI7,TLJ4,2012,2639
TLI7,TLK3,2012,504
TLI7,TLK4,2012,1221
TLI7,TLK5,2012,1465
TLI7,TLK6,2012,2080
TLI7,TLK7,2012,1281
TLI7,TLL3,2012,188
TLI7,TLL4,2012,438
TLI7,TLL5,2012,831
TLI7,TLN0,2012,306
TLJ1,S92000003,2012,2102
TLJ1,TLC3,2012,292
TLJ1,TLC4,2012,1236
TLJ1,TLD1,2012,316
TLJ1,TLD3,2012,1881
TLJ1,TLD4,2012,850
TLJ1,TLD6,2012,614
TLJ1,TLD7,2012,888
TLJ1,TLE1,2012,500
TLJ1,TLE2,2012,892
TLJ1,TLE3,2012,980
TLJ1,TLE4,2012,1823
TLJ1,TLF1,2012,2357
TLJ1,TLF2,2012,5660
TLJ1,TLF3,2012,968
TLJ1,TLG1,2012,2275
TLJ1,TLG2,2012,1232
TLJ1,TLG3,2012,3696
TLJ1,TLH2,2012,5603
TLJ1,TLH3,2012,1519
TLJ1,TLH4,2012,1866
TLJ1,TLH5,2012,1080
TLJ1,TLH6,2012,818
TLJ1,TLI3,2012,5443
TLJ1,TLI4,2012,5975
TLJ1,TLI5,2012,1699
TLJ1,TLI6,2012,1838
TLJ1,TLI7,2012,5653
TLJ1,TLJ2,2012,7650
TLJ1,TLJ3,2012,8114
TLJ1,TLJ4,2012,2140
TLJ1,TLK3,2012,1165
TLJ1,TLK4,2012,2765
TLJ1,TLK5,2012,2723
TLJ1,TLK6,2012,4005
TLJ1,TLK7,2012,5140
TLJ1,TLL3,2012,408
TLJ1,TLL4,2012,1220
TLJ1,TLL5,2012,1652
TLJ1,TLN0,2012,329
TLJ2,S92000003,2012,1863
TLJ2,TLC3,2012,291
TLJ2,TLC4,2012,1099
TLJ2,TLD1,2012,205
TLJ2,TLD3,2012,1488
TLJ2,TLD4,2012,676
TLJ2,TLD6,2012,574
TLJ2,TLD7,2012,714
TLJ2,TLE1,2012,455
TLJ2,TLE2,2012,815
TLJ2,TLE3,2012,772
TLJ2,TLE4,2012,1559
TLJ2,TLF1,2012,1724
TLJ2,TLF2,2012,2016
TLJ2,TLF3,2012,764
TLJ2,TLG1,2012,1191
TLJ2,TLG2,2012,892
TLJ2,TLG3,2012,1865
TLJ2,TLH2,2012,2716
TLJ2,TLH3,2012,2147
TLJ2,TLH4,2012,1517
TLJ2,TLH5,2012,1228
TLJ2,TLH6,2012,833
TLJ2,TLI3,2012,5527
TLJ2,TLI4,2012,7190
TLJ2,TLI5,2012,2347
TLJ2,TLI6,2012,7187
TLJ2,TLI7,2012,5019
TLJ2,TLJ1,2012,7771
TLJ2,TLJ3,2012,12818
TLJ2,TLJ4,2012,7222
TLJ2,TLK3,2012,1251
TLJ2,TLK4,2012,2935
TLJ2,TLK5,2012,2522
TLJ2,TLK6,2012,4041
TLJ2,TLK7,2012,2325
TLJ2,TLL3,2012,386
TLJ2,TLL4,2012,1033
TLJ2,TLL5,2012,1255
TLJ2,TLN0,2012,317
TLJ3,S92000003,2012,1381
TLJ3,TLC3,2012,232
TLJ3,TLC4,2012,769
TLJ3,TLD1,2012,185
TLJ3,TLD3,2012,872
TLJ3,TLD4,2012,492
TLJ3,TLD6,2012,354
TLJ3,TLD7,2012,577
TLJ3,TLE1,2012,423
TLJ3,TLE2,2012,498
TLJ3,TLE3,2012,487
TLJ3,TLE4,2012,798
TLJ3,TLF1,2012,1085
TLJ3,TLF2,2012,1329
TLJ3,TLF3,2012,549
TLJ3,TLG1,2012,1002
TLJ3,TLG2,2012,735
TLJ3,TLG3,2012,1461
TLJ3,TLH2,2012,1796
TLJ3,TLH3,2012,1464
TLJ3,TLH4,2012,826
TLJ3,TLH5,2012,614
TLJ3,TLH6,2012,580
TLJ3,TLI3,2012,2195
TLJ3,TLI4,2012,3023
TLJ3,TLI5,2012,1400
TLJ3,TLI6,2012,1980
TLJ3,TLI7,2012,2298
TLJ3,TLJ1,2012,6924
TLJ3,TLJ2,2012,10664
TLJ3,TLJ4,2012,2371
TLJ3,TLK3,2012,1096
TLJ3,TLK4,2012,2563
TLJ3,TLK5,2012,2129
TLJ3,TLK6,2012,6658
TLJ3,TLK7,2012,3968
TLJ3,TLL3,2012,264
TLJ3,TLL4,2012,921
TLJ3,TLL5,2012,1377
TLJ3,TLN0,2012,236
TLJ4,S92000003,2012,1067
TLJ4,TLC3,2012,223
TLJ4,TLC4,2012,712
TLJ4,TLD1,2012,133
TLJ4,TLD3,2012,809
TLJ4,TLD4,2012,387
TLJ4,TLD6,2012,344
TLJ4,TLD7,2012,454
TLJ4,TLE1,2012,304
TLJ4,TLE2,2012,484
TLJ4,TLE3,2012,498
TLJ4,TLE4,2012,946
TLJ4,TLF1,2012,1180
TLJ4,TLF2,2012,1205
TLJ4,TLF3,2012,578
TLJ4,TLG1,2012,532
TLJ4,TLG2,2012,473
TLJ4,TLG3,2012,1218
TLJ4,TLH2,2012,1704
TLJ4,TLH3,2012,2508
TLJ4,TLH4,2012,1133
TLJ4,TLH5,2012,886
TLJ4,TLH6,2012,749
TLJ4,TLI3,2012,2030
TLJ4,TLI4,2012,3992
TLJ4,TLI5,2012,3920
TLJ4,TLI6,2012,2722
TLJ4,TLI7,2012,1893
TLJ4,TLJ1,2012,2553
TLJ4,TLJ2,2012,7665
TLJ4,TLJ3,2012,2615
TLJ4,TLK3,2012,598
TLJ4,TLK4,2012,1140
TLJ4,TLK5,2012,820
TLJ4,TLK6,2012,1401
TLJ4,TLK7,2012,981
TLJ4,TLL3,2012,210
TLJ4,TLL4,2012,559
TLJ4,TLL5,2012,631
TLJ4,TLN0,2012,214
TLK3,S92000003,2012,420
TLK3,TLC3,2012,61
TLK3,TLC4,2012,167
TLK3,TLD1,2012,76
TLK3,TLD3,2012,322
TLK3,TLD4,2012,227
TLK3,TLD6,2012,130
TLK3,TLD7,2012,215
TLK3,TLE1,2012,103
TLK3,TLE2,2012,148
TLK3,TLE3,2012,154
TLK3,TLE4,2012,241
TLK3,TLF1,2012,362
TLK3,TLF2,2012,384
TLK3,TLF3,2012,156
TLK3,TLG1,2012,452
TLK3,TLG2,2012,343
TLK3,TLG3,2012,449
TLK3,TLH2,2012,302
TLK3,TLH3,2012,355
TLK3,TLH4,2012,216
TLK3,TLH5,2012,204
TLK3,TLH6,2012,151
TLK3,TLI3,2012,328
TLK3,TLI4,2012,583
TLK3,TLI5,2012,196
TLK3,TLI6,2012,245
TLK3,TLI7,2012,317
TLK3,TLJ1,2012,696
TLK3,TLJ2,2012,1029
TLK3,TLJ3,2012,877
TLK3,TLJ4,2012,382
TLK3,TLK4,2012,4628
TLK3,TLK5,2012,1160
TLK3,TLK6,2012,1479
TLK3,TLK7,2012,919
TLK3,TLL3,2012,101
TLK3,TLL4,2012,300
TLK3,TLL5,2012,597
TLK3,TLN0,2012,61
TLK4,S92000003,2012,787
TLK4,TLC3,2012,128
TLK4,TLC4,2012,389
TLK4,TLD1,2012,159
TLK4,TLD3,2012,658
TLK4,TLD4,2012,410
TLK4,TLD6,2012,304
TLK4,TLD7,2012,344
TLK4,TLE1,2012,161
TLK4,TLE2,2012,300
TLK4,TLE3,2012,297
TLK4,TLE4,2012,481
TLK4,TLF1,2012,767
TLK4,TLF2,2012,706
TLK4,TLF3,2012,298
TLK4,TLG1,2012,1014
TLK4,TLG2,2012,670
TLK4,TLG3,2012,1083
TLK4,TLH2,2012,793
TLK4,TLH3,2012,661
TLK4,TLH4,2012,393
TLK4,TLH5,2012,386
TLK4,TLH6,2012,285
TLK4,TLI3,2012,1006
TLK4,TLI4,2012,1470
TLK4,TLI5,2012,467
TLK4,TLI6,2012,614
TLK4,TLI7,2012,810
TLK4,TLJ1,2012,2146
TLK4,TLJ2,2012,2313
TLK4,TLJ3,2012,2333
TLK4,TLJ4,2012,870
TLK4,TLK3,2012,4809
TLK4,TLK5,2012,2859
TLK4,TLK6,2012,5240
TLK4,TLK7,2012,1934
TLK4,TLL3,2012,225
TLK4,TLL4,2012,695
TLK4,TLL5,2012,1418
TLK4,TLN0,2012,172
TLK5,S92000003,2012,608
TLK5,TLC3,2012,75
TLK5,TLC4,2012,367
TLK5,TLD1,2012,88
TLK5,TLD3,2012,787
TLK5,TLD4,2012,217
TLK5,TLD6,2012,271
TLK5,TLD7,2012,320
TLK5,TLE1,2012,86
TLK5,TLE2,2012,235
TLK5,TLE3,2012,266
TLK5,TLE4,2012,564
TLK5,TLF1,2012,706
TLK5,TLF2,2012,597
TLK5,TLF3,2012,177
TLK5,TLG1,2012,985
TLK5,TLG2,2012,499
TLK5,TLG3,2012,1270
TLK5,TLH2,2012,770
TLK5,TLH3,2012,490
TLK5,TLH4,2012,499
TLK5,TLH5,2012,240
TLK5,TLH6,2012,190
TLK5,TLI3,2012,1918
TLK5,TLI4,2012,2487
TLK5,TLI5,2012,539
TLK5,TLI6,2012,762
TLK5,TLI7,2012,1351
TLK5,TLJ1,2012,2371
TLK5,TLJ2,2012,1963
TLK5,TLJ3,2012,1598
TLK5,TLJ4,2012,569
TLK5,TLK3,2012,1085
TLK5,TLK4,2012,2625
TLK5,TLK6,2012,7174
TLK5,TLK7,2012,5096
TLK5,TLL3,2012,172
TLK5,TLL4,2012,895
TLK5,TLL5,2012,2280
TLK5,TLN0,2012,142
TLK6,S92000003,2012,876
TLK6,TLC3,2012,155
TLK6,TLC4,2012,506
TLK6,TLD1,2012,159
TLK6,TLD3,2012,701
TLK6,TLD4,2012,341
TLK6,TLD6,2012,286
TLK6,TLD7,2012,444
TLK6,TLE1,2012,242
TLK6,TLE2,2012,347
TLK6,TLE3,2012,362
TLK6,TLE4,2012,558
TLK6,TLF1,2012,785
TLK6,TLF2,2012,864
TLK6,TLF3,2012,350
TLK6,TLG1,2012,952
TLK6,TLG2,2012,752
TLK6,TLG3,2012,1331
TLK6,TLH2,2012,1118
TLK6,TLH3,2012,731
TLK6,TLH4,2012,466
TLK6,TLH5,2012,401
TLK6,TLH6,2012,294
TLK6,TLI3,2012,1547
TLK6,TLI4,2012,2008
TLK6,TLI5,2012,620
TLK6,TLI6,2012,851
TLK6,TLI7,2012,1347
TLK6,TLJ1,2012,2966
TLK6,TLJ2,2012,3580
TLK6,TLJ3,2012,6337
TLK6,TLJ4,2012,1084
TLK6,TLK3,2012,1472
TLK6,TLK4,2012,5072
TLK6,TLK5,2012,5718
TLK6,TLK7,2012,4112
TLK6,TLL3,2012,308
TLK6,TLL4,2012,746
TLK6,TLL5,2012,1707
TLK6,TLN0,2012,166
TLK7,S92000003,2012,842
TLK7,TLC3,2012,162
TLK7,TLC4,2012,535
TLK7,TLD1,2012,139
TLK7,TLD3,2012,680
TLK7,TLD4,2012,394
TLK7,TLD6,2012,304
TLK7,TLD7,2012,316
TLK7,TLE1,2012,223
TLK7,TLE2,2012,439
TLK7,TLE3,2012,365
TLK7,TLE4,2012,629
TLK7,TLF1,2012,844
TLK7,TLF2,2012,947
TLK7,TLF3,2012,293
TLK7,TLG1,2012,2859
TLK7,TLG2,2012,747
TLK7,TLG3,2012,1550
TLK7,TLH2,2012,737
TLK7,TLH3,2012,457
TLK7,TLH4,2012,418
TLK7,TLH5,2012,358
TLK7,TLH6,2012,300
TLK7,TLI3,2012,1289
TLK7,TLI4,2012,1338
TLK7,TLI5,2012,439
TLK7,TLI6,2012,491
TLK7,TLI7,2012,898
TLK7,TLJ1,2012,4070
TLK7,TLJ2,2012,1930
TLK7,TLJ3,2012,3312
TLK7,TLJ4,2012,723
TLK7,TLK3,2012,1013
TLK7,TLK4,2012,2279
TLK7,TLK5,2012,4628
TLK7,TLK6,2012,4151
TLK7,TLL3,2012,220
TLK7,TLL4,2012,1024
TLK7,TLL5,2012,2293
TLK7,TLN0,2012,157
TLL3,S92000003,2012,408
TLL3,TLC3,2012,103
TLL3,TLC4,2012,249
TLL3,TLD1,2012,144
TLL3,TLD3,2012,1819
TLL3,TLD4,2012,750
TLL3,TLD6,2012,2680
TLL3,TLD7,2012,1890
TLL3,TLE1,2012,124
TLL3,TLE2,2012,219
TLL3,TLE3,2012,291
TLL3,TLE4,2012,526
TLL3,TLF1,2012,484
TLL3,TLF2,2012,303
TLL3,TLF3,2012,165
TLL3,TLG1,2012,389
TLL3,TLG2,2012,1365
TLL3,TLG3,2012,707
TLL3,TLH2,2012,217
TLL3,TLH3,2012,173
TLL3,TLH4,2012,223
TLL3,TLH5,2012,93
TLL3,TLH6,2012,123
TLL3,TLI3,2012,186
TLL3,TLI4,2012,334
TLL3,TLI5,2012,182
TLL3,TLI6,2012,130
TLL3,TLI7,2012,159
TLL3,TLJ1,2012,352
TLL3,TLJ2,2012,366
TLL3,TLJ3,2012,291
TLL3,TLJ4,2012,216
TLL3,TLK3,2012,136
TLL3,TLK4,2012,213
TLL3,TLK5,2012,194
TLL3,TLK6,2012,294
TLL3,TLK7,2012,212
TLL3,TLL4,2012,1186
TLL3,TLL5,2012,1152
TLL3,TLN0,2012,104
TLL4,S92000003,2012,567
TLL4,TLC3,2012,68
TLL4,TLC4,2012,278
TLL4,TLD1,2012,79
TLL4,TLD3,2012,559
TLL4,TLD4,2012,292
TLL4,TLD6,2012,351
TLL4,TLD7,2012,376
TLL4,TLE1,2012,153
TLL4,TLE2,2012,188
TLL4,TLE3,2012,211
TLL4,TLE4,2012,280
TLL4,TLF1,2012,486
TLL4,TLF2,2012,485
TLL4,TLF3,2012,172
TLL4,TLG1,2012,1226
TLL4,TLG2,2012,1716
TLL4,TLG3,2012,997
TLL4,TLH2,2012,384
TLL4,TLH3,2012,297
TLL4,TLH4,2012,257
TLL4,TLH5,2012,240
TLL4,TLH6,2012,146
TLL4,TLI3,2012,437
TLL4,TLI4,2012,689
TLL4,TLI5,2012,268
TLL4,TLI6,2012,270
TLL4,TLI7,2012,449
TLL4,TLJ1,2012,986
TLL4,TLJ2,2012,856
TLL4,TLJ3,2012,714
TLL4,TLJ4,2012,485
TLL4,TLK3,2012,288
TLL4,TLK4,2012,693
TLL4,TLK5,2012,1074
TLL4,TLK6,2012,790
TLL4,TLK7,2012,934
TLL4,TLL3,2012,1110
TLL4,TLL5,2012,7853
TLL4,TLN0,2012,86
TLL5,S92000003,2012,673
TLL5,TLC3,2012,124
TLL5,TLC4,2012,396
TLL5,TLD1,2012,70
TLL5,TLD3,2012,824
TLL5,TLD4,2012,356
TLL5,TLD6,2012,257
TLL5,TLD7,2012,395
TLL5,TLE1,2012,184
TLL5,TLE2,2012,192
TLL5,TLE3,2012,315
TLL5,TLE4,2012,545
TLL5,TLF1,2012,637
TLL5,TLF2,2012,664
TLL5,TLF3,2012,132
TLL5,TLG1,2012,1297
TLL5,TLG2,2012,629
TLL5,TLG3,2012,1268
TLL5,TLH2,2012,460
TLL5,TLH3,2012,407
TLL5,TLH4,2012,291
TLL5,TLH5,2012,156
TLL5,TLH6,2012,181
TLL5,TLI3,2012,935
TLL5,TLI4,2012,1427
TLL5,TLI5,2012,503
TLL5,TLI6,2012,456
TLL5,TLI7,2012,965
TLL5,TLJ1,2012,1577
TLL5,TLJ2,2012,1057
TLL5,TLJ3,2012,1245
TLL5,TLJ4,2012,490
TLL5,TLK3,2012,544
TLL5,TLK4,2012,1377
TLL5,TLK5,2012,2464
TLL5,TLK6,2012,1500
TLL5,TLK7,2012,2316
TLL5,TLL3,2012,967
TLL5,TLL4,2012,7437
TLL5,TLN0,2012,214
TLN0,S92000003,2012,2434
TLN0,TLC3,2012,96
TLN0,TLC4,2012,691
TLN0,TLD1,2012,91
TLN0,TLD3,2012,773
TLN0,TLD4,2012,383
TLN0,TLD6,2012,171
TLN0,TLD7,2012,1027
TLN0,TLE1,2012,73
TLN0,TLE2,2012,192
TLN0,TLE3,2012,107
TLN0,TLE4,2012,374
TLN0,TLF1,2012,233
TLN0,TLF2,2012,226
TLN0,TLF3,2012,83
TLN0,TLG1,2012,99
TLN0,TLG2,2012,206
TLN0,TLG3,2012,253
TLN0,TLH2,2012,192
TLN0,TLH3,2012,178
TLN0,TLH4,2012,203
TLN0,TLH5,2012,100
TLN0,TLH6,2012,67
TLN0,TLI3,2012,302
TLN0,TLI4,2012,390
TLN0,TLI5,2012,105
TLN0,TLI6,2012,199
TLN0,TLI7,2012,356
TLN0,TLJ1,2012,352
TLN0,TLJ2,2012,322
TLN0,TLJ3,2012,296
TLN0,TLJ4,2012,216
TLN0,TLK3,2012,47
TLN0,TLK4,2012,129
TLN0,TLK5,2012,211
TLN0,TLK6,2012,173
TLN0,TLK7,2012,206
TLN0,TLL3,2012,103
TLN0,TLL4,2012,115
TLN0,TLL5,2012,267
S92000003,TLC3,2013,527
S92000003,TLC4,2013,2737
S92000003,TLD1,2013,1017
S92000003,TLD3,2013,1840
S92000003,TLD4,2013,1302
S92000003,TLD6,2013,573
S92000003,TLD7,2013,824
S92000003,TLE1,2013,567
S92000003,TLE2,2013,1027
S92000003,TLE3,2013,712
S92000003,TLE4,2013,1311
S92000003,TLF1,2013,1051
S92000003,TLF2,2013,933
S92000003,TLF3,2013,552
S92000003,TLG1,2013,650
S92000003,TLG2,2013,697
S92000003,TLG3,2013,1049
S92000003,TLH2,2013,909
S92000003,TLH3,2013,671
S92000003,TLH4,2013,852
S92000003,TLH5,2013,591
S92000003,TLH6,2013,351
S92000003,TLI3,2013,1668
S92000003,TLI4,2013,2077
S92000003,TLI5,2013,577
S92000003,TLI6,2013,707
S92000003,TLI7,2013,1299
S92000003,TLJ1,2013,1924
S92000003,TLJ2,2013,1807
S92000003,TLJ3,2013,1264
S92000003,TLJ4,2013,740
S92000003,TLK3,2013,329
S92000003,TLK4,2013,736
S92000003,TLK5,2013,709
S92000003,TLK6,2013,954
S92000003,TLK7,2013,848
S92000003,TLL3,2013,347
S92000003,TLL4,2013,407
S92000003,TLL5,2013,603
S92000003,TLN0,2013,2082
TLC3,S92000003,2013,708
TLC3,TLC4,2013,5473
TLC3,TLD1,2013,223
TLC3,TLD3,2013,775
TLC3,TLD4,2013,407
TLC3,TLD6,2013,187
TLC3,TLD7,2013,286
TLC3,TLE1,2013,332
TLC3,TLE2,2013,2211
TLC3,TLE3,2013,439
TLC3,TLE4,2013,1339
TLC3,TLF1,2013,431
TLC3,TLF2,2013,282
TLC3,TLF3,2013,191
TLC3,TLG1,2013,168
TLC3,TLG2,2013,191
TLC3,TLG3,2013,521
TLC3,TLH2,2013,241
TLC3,TLH3,2013,158
TLC3,TLH4,2013,149
TLC3,TLH5,2013,126
TLC3,TLH6,2013,74
TLC3,TLI3,2013,268
TLC3,TLI4,2013,486
TLC3,TLI5,2013,274
TLC3,TLI6,2013,195
TLC3,TLI7,2013,337
TLC3,TLJ1,2013,338
TLC3,TLJ2,2013,306
TLC3,TLJ3,2013,234
TLC3,TLJ4,2013,142
TLC3,TLK3,2013,96
TLC3,TLK4,2013,123
TLC3,TLK5,2013,96
TLC3,TLK6,2013,178
TLC3,TLK7,2013,145
TLC3,TLL3,2013,91
TLC3,TLL4,2013,92
TLC3,TLL5,2013,157
TLC3,TLN0,2013,78
TLC4,S92000003,2013,3424
TLC4,TLC3,2013,4724
TLC4,TLD1,2013,1250
TLC4,TLD3,2013,2111
TLC4,TLD4,2013,1174
TLC4,TLD6,2013,585
TLC4,TLD7,2013,922
TLC4,TLE1,2013,883
TLC4,TLE2,2013,2494
TLC4,TLE3,2013,1228
TLC4,TLE4,2013,3463
TLC4,TLF1,2013,1188
TLC4,TLF2,2013,850
TLC4,TLF3,2013,556
TLC4,TLG1,2013,563
TLC4,TLG2,2013,539
TLC4,TLG3,2013,952
TLC4,TLH2,2013,750
TLC4,TLH3,2013,479
TLC4,TLH4,2013,608
TLC4,TLH5,2013,362
TLC4,TLH6,2013,248
TLC4,TLI3,2013,1629
TLC4,TLI4,2013,2212
TLC4,TLI5,2013,591
TLC4,TLI6,2013,574
TLC4,TLI7,2013,1082
TLC4,TLJ1,2013,1438
TLC4,TLJ2,2013,1193
TLC4,TLJ3,2013,752
TLC4,TLJ4,2013,601
TLC4,TLK3,2013,174
TLC4,TLK4,2013,378
TLC4,TLK5,2013,551
TLC4,TLK6,2013,502
TLC4,TLK7,2013,554
TLC4,TLL3,2013,277
TLC4,TLL4,2013,243
TLC4,TLL5,2013,380
TLC4,TLN0,2013,502
TLD1,S92000003,2013,1240
TLD1,TLC3,2013,203
TLD1,TLC4,2013,1437
TLD1,TLD3,2013,1082
TLD1,TLD4,2013,2274
TLD1,TLD6,2013,301
TLD1,TLD7,2013,476
TLD1,TLE1,2013,148
TLD1,TLE2,2013,542
TLD1,TLE3,2013,251
TLD1,TLE4,2013,620
TLD1,TLF1,2013,296
TLD1,TLF2,2013,214
TLD1,TLF3,2013,135
TLD1,TLG1,2013,166
TLD1,TLG2,2013,229
TLD1,TLG3,2013,271
TLD1,TLH2,2013,193
TLD1,TLH3,2013,92
TLD1,TLH4,2013,101
TLD1,TLH5,2013,112
TLD1,TLH6,2013,69
TLD1,TLI3,2013,142
TLD1,TLI4,2013,255
TLD1,TLI5,2013,73
TLD1,TLI6,2013,66
TLD1,TLI7,2013,125
TLD1,TLJ1,2013,328
TLD1,TLJ2,2013,212
TLD1,TLJ3,2013,212
TLD1,TLJ4,2013,177
TLD1,TLK3,2013,88
TLD1,TLK4,2013,141
TLD1,TLK5,2013,106
TLD1,TLK6,2013,203
TLD1,TLK7,2013,164
TLD1,TLL3,2013,134
TLD1,TLL4,2013,63
TLD1,TLL5,2013,94
TLD1,TLN0,2013,70
TLD3,S92000003,2013,2193
TLD3,TLC3,2013,622
TLD3,TLC4,2013,2175
TLD3,TLD1,2013,1168
TLD3,TLD4,2013,11199
TLD3,TLD6,2013,7286
TLD3,TLD7,2013,5363
TLD3,TLE1,2013,875
TLD3,TLE2,2013,1348
TLD3,TLE3,2013,2690
TLD3,TLE4,2013,6988
TLD3,TLF1,2013,3686
TLD3,TLF2,2013,1548
TLD3,TLF3,2013,656
TLD3,TLG1,2013,826
TLD3,TLG2,2013,1907
TLD3,TLG3,2013,3153
TLD3,TLH2,2013,1342
TLD3,TLH3,2013,752
TLD3,TLH4,2013,843
TLD3,TLH5,2013,434
TLD3,TLH6,2013,310
TLD3,TLI3,2013,2253
TLD3,TLI4,2013,4019
TLD3,TLI5,2013,1453
TLD3,TLI6,2013,1019
TLD3,TLI7,2013,2288
TLD3,TLJ1,2013,2039
TLD3,TLJ2,2013,1603
TLD3,TLJ3,2013,977
TLD3,TLJ4,2013,788
TLD3,TLK3,2013,493
TLD3,TLK4,2013,820
TLD3,TLK5,2013,965
TLD3,TLK6,2013,823
TLD3,TLK7,2013,721
TLD3,TLL3,2013,2331
TLD3,TLL4,2013,575
TLD3,TLL5,2013,780
TLD3,TLN0,2013,540
TLD4,S92000003,2013,1759
TLD4,TLC3,2013,326
TLD4,TLC4,2013,1454
TLD4,TLD1,2013,2080
TLD4,TLD3,2013,10177
TLD4,TLD6,2013,1709
TLD4,TLD7,2013,4168
TLD4,TLE1,2013,556
TLD4,TLE2,2013,1401
TLD4,TLE3,2013,994
TLD4,TLE4,2013,3633
TLD4,TLF1,2013,1100
TLD4,TLF2,2013,843
TLD4,TLF3,2013,414
TLD4,TLG1,2013,661
TLD4,TLG2,2013,1058
TLD4,TLG3,2013,1314
TLD4,TLH2,2013,651
TLD4,TLH3,2013,360
TLD4,TLH4,2013,356
TLD4,TLH5,2013,285
TLD4,TLH6,2013,166
TLD4,TLI3,2013,588
TLD4,TLI4,2013,985
TLD4,TLI5,2013,450
TLD4,TLI6,2013,326
TLD4,TLI7,2013,622
TLD4,TLJ1,2013,1051
TLD4,TLJ2,2013,794
TLD4,TLJ3,2013,606
TLD4,TLJ4,2013,498
TLD4,TLK3,2013,260
TLD4,TLK4,2013,501
TLD4,TLK5,2013,420
TLD4,TLK6,2013,468
TLD4,TLK7,2013,479
TLD4,TLL3,2013,757
TLD4,TLL4,2013,319
TLD4,TLL5,2013,359
TLD4,TLN0,2013,258
TLD6,S92000003,2013,680
TLD6,TLC3,2013,132
TLD6,TLC4,2013,619
TLD6,TLD1,2013,285
TLD6,TLD3,2013,5124
TLD6,TLD4,2013,1441
TLD6,TLD7,2013,3970
TLD6,TLE1,2013,214
TLD6,TLE2,2013,488
TLD6,TLE3,2013,820
TLD6,TLE4,2013,1314
TLD6,TLF1,2013,1153
TLD6,TLF2,2013,535
TLD6,TLF3,2013,202
TLD6,TLG1,2013,377
TLD6,TLG2,2013,2585
TLD6,TLG3,2013,882
TLD6,TLH2,2013,373
TLD6,TLH3,2013,216
TLD6,TLH4,2013,217
TLD6,TLH5,2013,144
TLD6,TLH6,2013,113
TLD6,TLI3,2013,506
TLD6,TLI4,2013,680
TLD6,TLI5,2013,228
TLD6,TLI6,2013,170
TLD6,TLI7,2013,384
TLD6,TLJ1,2013,730
TLD6,TLJ2,2013,572
TLD6,TLJ3,2013,385
TLD6,TLJ4,2013,280
TLD6,TLK3,2013,215
TLD6,TLK4,2013,367
TLD6,TLK5,2013,365
TLD6,TLK6,2013,361
TLD6,TLK7,2013,430
TLD6,TLL3,2013,2774
TLD6,TLL4,2013,335
TLD6,TLL5,2013,278
TLD6,TLN0,2013,162
TLD7,S92000003,2013,1018
TLD7,TLC3,2013,267
TLD7,TLC4,2013,939
TLD7,TLD1,2013,532
TLD7,TLD3,2013,5679
TLD7,TLD4,2013,4206
TLD7,TLD6,2013,4907
TLD7,TLE1,2013,313
TLD7,TLE2,2013,559
TLD7,TLE3,2013,975
TLD7,TLE4,2013,2035
TLD7,TLF1,2013,910
TLD7,TLF2,2013,583
TLD7,TLF3,2013,302
TLD7,TLG1,2013,475
TLD7,TLG2,2013,1113
TLD7,TLG3,2013,1153
TLD7,TLH2,2013,563
TLD7,TLH3,2013,405
TLD7,TLH4,2013,387
TLD7,TLH5,2013,184
TLD7,TLH6,2013,140
TLD7,TLI3,2013,726
TLD7,TLI4,2013,1357
TLD7,TLI5,2013,428
TLD7,TLI6,2013,418
TLD7,TLI7,2013,796
TLD7,TLJ1,2013,929
TLD7,TLJ2,2013,717
TLD7,TLJ3,2013,461
TLD7,TLJ4,2013,360
TLD7,TLK3,2013,262
TLD7,TLK4,2013,383
TLD7,TLK5,2013,420
TLD7,TLK6,2013,452
TLD7,TLK7,2013,402
TLD7,TLL3,2013,2033
TLD7,TLL4,2013,409
TLD7,TLL5,2013,444
TLD7,TLN0,2013,685
TLE1,S92000003,2013,772
TLE1,TLC3,2013,401
TLE1,TLC4,2013,1101
TLE1,TLD1,2013,201
TLE1,TLD3,2013,1135
TLE1,TLD4,2013,547
TLE1,TLD6,2013,292
TLE1,TLD7,2013,507
TLE1,TLE2,2013,2784
TLE1,TLE3,2013,2116
TLE1,TLE4,2013,3284
TLE1,TLF1,2013,1434
TLE1,TLF2,2013,648
TLE1,TLF3,2013,2387
TLE1,TLG1,2013,252
TLE1,TLG2,2013,365
TLE1,TLG3,2013,611
TLE1,TLH2,2013,397
TLE1,TLH3,2013,256
TLE1,TLH4,2013,317
TLE1,TLH5,2013,300
TLE1,TLH6,2013,203
TLE1,TLI3,2013,337
TLE1,TLI4,2013,612
TLE1,TLI5,2013,307
TLE1,TLI6,2013,154
TLE1,TLI7,2013,361
TLE1,TLJ1,2013,581
TLE1,TLJ2,2013,451
TLE1,TLJ3,2013,383
TLE1,TLJ4,2013,285
TLE1,TLK3,2013,111
TLE1,TLK4,2013,261
TLE1,TLK5,2013,169
TLE1,TLK6,2013,207
TLE1,TLK7,2013,248
TLE1,TLL3,2013,131
TLE1,TLL4,2013,124
TLE1,TLL5,2013,175
TLE1,TLN0,2013,73
TLE2,S92000003,2013,1183
TLE2,TLC3,2013,2004
TLE2,TLC4,2013,2504
TLE2,TLD1,2013,494
TLE2,TLD3,2013,1228
TLE2,TLD4,2013,1183
TLE2,TLD6,2013,403
TLE2,TLD7,2013,523
TLE2,TLE1,2013,2654
TLE2,TLE3,2013,1486
TLE2,TLE4,2013,5529
TLE2,TLF1,2013,957
TLE2,TLF2,2013,610
TLE2,TLF3,2013,539
TLE2,TLG1,2013,331
TLE2,TLG2,2013,461
TLE2,TLG3,2013,633
TLE2,TLH2,2013,454
TLE2,TLH3,2013,323
TLE2,TLH4,2013,427
TLE2,TLH5,2013,292
TLE2,TLH6,2013,211
TLE2,TLI3,2013,639
TLE2,TLI4,2013,945
TLE2,TLI5,2013,256
TLE2,TLI6,2013,237
TLE2,TLI7,2013,463
TLE2,TLJ1,2013,890
TLE2,TLJ2,2013,696
TLE2,TLJ3,2013,502
TLE2,TLJ4,2013,408
TLE2,TLK3,2013,142
TLE2,TLK4,2013,301
TLE2,TLK5,2013,361
TLE2,TLK6,2013,351
TLE2,TLK7,2013,395
TLE2,TLL3,2013,213
TLE2,TLL4,2013,161
TLE2,TLL5,2013,246
TLE2,TLN0,2013,126
TLE3,S92000003,2013,895
TLE3,TLC3,2013,447
TLE3,TLC4,2013,1309
TLE3,TLD1,2013,264
TLE3,TLD3,2013,2857
TLE3,TLD4,2013,890
TLE3,TLD6,2013,788
TLE3,TLD7,2013,968
TLE3,TLE1,2013,2127
TLE3,TLE2,2013,1638
TLE3,TLE4,2013,5432
TLE3,TLF1,2013,6068
TLE3,TLF2,2013,1450
TLE3,TLF3,2013,1517
TLE3,TLG1,2013,617
TLE3,TLG2,2013,891
TLE3,TLG3,2013,1512
TLE3,TLH2,2013,806
TLE3,TLH3,2013,345
TLE3,TLH4,2013,570
TLE3,TLH5,2013,410
TLE3,TLH6,2013,266
TLE3,TLI3,2013,667
TLE3,TLI4,2013,1333
TLE3,TLI5,2013,510
TLE3,TLI6,2013,331
TLE3,TLI7,2013,807
TLE3,TLJ1,2013,1099
TLE3,TLJ2,2013,793
TLE3,TLJ3,2013,467
TLE3,TLJ4,2013,424
TLE3,TLK3,2013,255
TLE3,TLK4,2013,363
TLE3,TLK5,2013,396
TLE3,TLK6,2013,411
TLE3,TLK7,2013,387
TLE3,TLL3,2013,200
TLE3,TLL4,2013,166
TLE3,TLL5,2013,357
TLE3,TLN0,2013,105
TLE4,S92000003,2013,1977
TLE4,TLC3,2013,1272
TLE4,TLC4,2013,3520
TLE4,TLD1,2013,722
TLE4,TLD3,2013,6932
TLE4,TLD4,2013,3661
TLE4,TLD6,2013,1328
TLE4,TLD7,2013,2015
TLE4,TLE1,2013,3288
TLE4,TLE2,2013,7060
TLE4,TLE3,2013,5510
TLE4,TLF1,2013,3239
TLE4,TLF2,2013,1718
TLE4,TLF3,2013,1131
TLE4,TLG1,2013,776
TLE4,TLG2,2013,1069
TLE4,TLG3,2013,2791
TLE4,TLH2,2013,1439
TLE4,TLH3,2013,655
TLE4,TLH4,2013,976
TLE4,TLH5,2013,547
TLE4,TLH6,2013,331
TLE4,TLI3,2013,1820
TLE4,TLI4,2013,3150
TLE4,TLI5,2013,1104
TLE4,TLI6,2013,860
TLE4,TLI7,2013,1766
TLE4,TLJ1,2013,1876
TLE4,TLJ2,2013,1562
TLE4,TLJ3,2013,865
TLE4,TLJ4,2013,913
TLE4,TLK3,2013,375
TLE4,TLK4,2013,585
TLE4,TLK5,2013,675
TLE4,TLK6,2013,625
TLE4,TLK7,2013,613
TLE4,TLL3,2013,547
TLE4,TLL4,2013,361
TLE4,TLL5,2013,584
TLE4,TLN0,2013,309
TLF1,S92000003,2013,1447
TLF1,TLC3,2013,395
TLF1,TLC4,2013,1345
TLF1,TLD1,2013,260
TLF1,TLD3,2013,3433
TLF1,TLD4,2013,978
TLF1,TLD6,2013,1060
TLF1,TLD7,2013,957
TLF1,TLE1,2013,1266
TLF1,TLE2,2013,1071
TLF1,TLE3,2013,5079
TLF1,TLE4,2013,3144
TLF1,TLF2,2013,5341
TLF1,TLF3,2013,4047
TLF1,TLG1,2013,1408
TLF1,TLG2,2013,4095
TLF1,TLG3,2013,4013
TLF1,TLH2,2013,1845
TLF1,TLH3,2013,829
TLF1,TLH4,2013,1198
TLF1,TLH5,2013,773
TLF1,TLH6,2013,496
TLF1,TLI3,2013,1673
TLF1,TLI4,2013,2622
TLF1,TLI5,2013,1164
TLF1,TLI6,2013,901
TLF1,TLI7,2013,1902
TLF1,TLJ1,2013,2239
TLF1,TLJ2,2013,1727
TLF1,TLJ3,2013,1052
TLF1,TLJ4,2013,852
TLF1,TLK3,2013,688
TLF1,TLK4,2013,805
TLF1,TLK5,2013,839
TLF1,TLK6,2013,865
TLF1,TLK7,2013,892
TLF1,TLL3,2013,481
TLF1,TLL4,2013,446
TLF1,TLL5,2013,596
TLF1,TLN0,2013,226
TLF2,S92000003,2013,1238
TLF2,TLC3,2013,250
TLF2,TLC4,2013,1116
TLF2,TLD1,2013,224
TLF2,TLD3,2013,1553
TLF2,TLD4,2013,739
TLF2,TLD6,2013,512
TLF2,TLD7,2013,626
TLF2,TLE1,2013,594
TLF2,TLE2,2013,657
TLF2,TLE3,2013,1365
TLF2,TLE4,2013,1698
TLF2,TLF1,2013,5427
TLF2,TLF3,2013,2431
TLF2,TLG1,2013,2769
TLF2,TLG2,2013,1563
TLF2,TLG3,2013,4734
TLF2,TLH2,2013,2980
TLF2,TLH3,2013,1044
TLF2,TLH4,2013,1943
TLF2,TLH5,2013,1117
TLF2,TLH6,2013,553
TLF2,TLI3,2013,1354
TLF2,TLI4,2013,2634
TLF2,TLI5,2013,1336
TLF2,TLI6,2013,917
TLF2,TLI7,2013,2043
TLF2,TLJ1,2013,4214
TLF2,TLJ2,2013,1915
TLF2,TLJ3,2013,1346
TLF2,TLJ4,2013,1073
TLF2,TLK3,2013,513
TLF2,TLK4,2013,932
TLF2,TLK5,2013,835
TLF2,TLK6,2013,1153
TLF2,TLK7,2013,986
TLF2,TLL3,2013,403
TLF2,TLL4,2013,600
TLF2,TLL5,2013,617
TLF2,TLN0,2013,234
TLF3,S92000003,2013,563
TLF3,TLC3,2013,160
TLF3,TLC4,2013,640
TLF3,TLD1,2013,150
TLF3,TLD3,2013,635
TLF3,TLD4,2013,325
TLF3,TLD6,2013,222
TLF3,TLD7,2013,238
TLF3,TLE1,2013,2201
TLF3,TLE2,2013,543
TLF3,TLE3,2013,1484
TLF3,TLE4,2013,1108
TLF3,TLF1,2013,3906
TLF3,TLF2,2013,2142
TLF3,TLG1,2013,445
TLF3,TLG2,2013,517
TLF3,TLG3,2013,599
TLF3,TLH2,2013,725
TLF3,TLH3,2013,461
TLF3,TLH4,2013,2212
TLF3,TLH5,2013,1071
TLF3,TLH6,2013,381
TLF3,TLI3,2013,357
TLF3,TLI4,2013,556
TLF3,TLI5,2013,270
TLF3,TLI6,2013,215
TLF3,TLI7,2013,345
TLF3,TLJ1,2013,779
TLF3,TLJ2,2013,668
TLF3,TLJ3,2013,491
TLF3,TLJ4,2013,433
TLF3,TLK3,2013,258
TLF3,TLK4,2013,327
TLF3,TLK5,2013,181
TLF3,TLK6,2013,301
TLF3,TLK7,2013,326
TLF3,TLL3,2013,137
TLF3,TLL4,2013,185
TLF3,TLL5,2013,164
TLF3,TLN0,2013,73
TLG1,S92000003,2013,776
TLG1,TLC3,2013,142
TLG1,TLC4,2013,479
TLG1,TLD1,2013,208
TLG1,TLD3,2013,852
TLG1,TLD4,2013,495
TLG1,TLD6,2013,412
TLG1,TLD7,2013,453
TLG1,TLE1,2013,226
TLG1,TLE2,2013,391
TLG1,TLE3,2013,556
TLG1,TLE4,2013,745
TLG1,TLF1,2013,1354
TLG1,TLF2,2013,3008
TLG1,TLF3,2013,537
TLG1,TLG2,2013,2861
TLG1,TLG3,2013,9192
TLG1,TLH2,2013,714
TLG1,TLH3,2013,398
TLG1,TLH4,2013,532
TLG1,TLH5,2013,403
TLG1,TLH6,2013,236
TLG1,TLI3,2013,1062
TLG1,TLI4,2013,1354
TLG1,TLI5,2013,386
TLG1,TLI6,2013,374
TLG1,TLI7,2013,761
TLG1,TLJ1,2013,2188
TLG1,TLJ2,2013,1149
TLG1,TLJ3,2013,994
TLG1,TLJ4,2013,548
TLG1,TLK3,2013,574
TLG1,TLK4,2013,1283
TLG1,TLK5,2013,1257
TLG1,TLK6,2013,1244
TLG1,TLK7,2013,2790
TLG1,TLL3,2013,300
TLG1,TLL4,2013,1259
TLG1,TLL5,2013,1263
TLG1,TLN0,2013,133
TLG2,S92000003,2013,861
TLG2,TLC3,2013,151
TLG2,TLC4,2013,621
TLG2,TLD1,2013,256
TLG2,TLD3,2013,2071
TLG2,TLD4,2013,936
TLG2,TLD6,2013,2634
TLG2,TLD7,2013,1161
TLG2,TLE1,2013,335
TLG2,TLE2,2013,471
TLG2,TLE3,2013,848
TLG2,TLE4,2013,1139
TLG2,TLF1,2013,4197
TLG2,TLF2,2013,1664
TLG2,TLF3,2013,495
TLG2,TLG1,2013,3027
TLG2,TLG3,2013,7551
TLG2,TLH2,2013,620
TLG2,TLH3,2013,392
TLG2,TLH4,2013,411
TLG2,TLH5,2013,315
TLG2,TLH6,2013,289
TLG2,TLI3,2013,671
TLG2,TLI4,2013,1012
TLG2,TLI5,2013,405
TLG2,TLI6,2013,342
TLG2,TLI7,2013,599
TLG2,TLJ1,2013,1228
TLG2,TLJ2,2013,816
TLG2,TLJ3,2013,807
TLG2,TLJ4,2013,529
TLG2,TLK3,2013,551
TLG2,TLK4,2013,811
TLG2,TLK5,2013,691
TLG2,TLK6,2013,799
TLG2,TLK7,2013,835
TLG2,TLL3,2013,1525
TLG2,TLL4,2013,1596
TLG2,TLL5,2013,673
TLG2,TLN0,2013,163
TLG3,S92000003,2013,1371
TLG3,TLC3,2013,390
TLG3,TLC4,2013,984
TLG3,TLD1,2013,270
TLG3,TLD3,2013,3034
TLG3,TLD4,2013,1380
TLG3,TLD6,2013,909
TLG3,TLD7,2013,1266
TLG3,TLE1,2013,517
TLG3,TLE2,2013,556
TLG3,TLE3,2013,1377
TLG3,TLE4,2013,2508
TLG3,TLF1,2013,4197
TLG3,TLF2,2013,4516
TLG3,TLF3,2013,774
TLG3,TLG1,2013,14142
TLG3,TLG2,2013,10710
TLG3,TLH2,2013,2207
TLG3,TLH3,2013,964
TLG3,TLH4,2013,1100
TLG3,TLH5,2013,619
TLG3,TLH6,2013,379
TLG3,TLI3,2013,2014
TLG3,TLI4,2013,4050
TLG3,TLI5,2013,1992
TLG3,TLI6,2013,1222
TLG3,TLI7,2013,3370
TLG3,TLJ1,2013,3678
TLG3,TLJ2,2013,1936
TLG3,TLJ3,2013,1473
TLG3,TLJ4,2013,1082
TLG3,TLK3,2013,775
TLG3,TLK4,2013,1536
TLG3,TLK5,2013,1488
TLG3,TLK6,2013,1763
TLG3,TLK7,2013,1767
TLG3,TLL3,2013,909
TLG3,TLL4,2013,1130
TLG3,TLL5,2013,1312
TLG3,TLN0,2013,298
TLH2,S92000003,2013,1143
TLH2,TLC3,2013,216
TLH2,TLC4,2013,816
TLH2,TLD1,2013,196
TLH2,TLD3,2013,1234
TLH2,TLD4,2013,517
TLH2,TLD6,2013,354
TLH2,TLD7,2013,612
TLH2,TLE1,2013,438
TLH2,TLE2,2013,644
TLH2,TLE3,2013,739
TLH2,TLE4,2013,1367
TLH2,TLF1,2013,2027
TLH2,TLF2,2013,3903
TLH2,TLF3,2013,976
TLH2,TLG1,2013,730
TLH2,TLG2,2013,694
TLH2,TLG3,2013,2340
TLH2,TLH3,2013,4535
TLH2,TLH4,2013,3648
TLH2,TLH5,2013,1764
TLH2,TLH6,2013,1175
TLH2,TLI3,2013,2220
TLH2,TLI4,2013,4267
TLH2,TLI5,2013,3016
TLH2,TLI6,2013,1149
TLH2,TLI7,2013,4577
TLH2,TLJ1,2013,7411
TLH2,TLJ2,2013,3177
TLH2,TLJ3,2013,2374
TLH2,TLJ4,2013,1808
TLH2,TLK3,2013,502
TLH2,TLK4,2013,1222
TLH2,TLK5,2013,1025
TLH2,TLK6,2013,1759
TLH2,TLK7,2013,912
TLH2,TLL3,2013,220
TLH2,TLL4,2013,444
TLH2,TLL5,2013,601
TLH2,TLN0,2013,195
TLH3,S92000003,2013,893
TLH3,TLC3,2013,160
TLH3,TLC4,2013,597
TLH3,TLD1,2013,147
TLH3,TLD3,2013,694
TLH3,TLD4,2013,386
TLH3,TLD6,2013,237
TLH3,TLD7,2013,330
TLH3,TLE1,2013,311
TLH3,TLE2,2013,433
TLH3,TLE3,2013,454
TLH3,TLE4,2013,610
TLH3,TLF1,2013,1110
TLH3,TLF2,2013,1284
TLH3,TLF3,2013,707
TLH3,TLG1,2013,437
TLH3,TLG2,2013,470
TLH3,TLG3,2013,1168
TLH3,TLH2,2013,4167
TLH3,TLH4,2013,1843
TLH3,TLH5,2013,2093
TLH3,TLH6,2013,4207
TLH3,TLI3,2013,1355
TLH3,TLI4,2013,3605
TLH3,TLI5,2013,5150
TLH3,TLI6,2013,916
TLH3,TLI7,2013,1428
TLH3,TLJ1,2013,1763
TLH3,TLJ2,2013,2501
TLH3,TLJ3,2013,1574
TLH3,TLJ4,2013,2937
TLH3,TLK3,2013,442
TLH3,TLK4,2013,886
TLH3,TLK5,2013,622
TLH3,TLK6,2013,923
TLH3,TLK7,2013,663
TLH3,TLL3,2013,156
TLH3,TLL4,2013,361
TLH3,TLL5,2013,367
TLH3,TLN0,2013,167
TLH4,S92000003,2013,1002
TLH4,TLC3,2013,149
TLH4,TLC4,2013,647
TLH4,TLD1,2013,143
TLH4,TLD3,2013,785
TLH4,TLD4,2013,344
TLH4,TLD6,2013,199
TLH4,TLD7,2013,319
TLH4,TLE1,2013,269
TLH4,TLE2,2013,511
TLH4,TLE3,2013,663
TLH4,TLE4,2013,966
TLH4,TLF1,2013,1226
TLH4,TLF2,2013,2145
TLH4,TLF3,2013,2759
TLH4,TLG1,2013,452
TLH4,TLG2,2013,434
TLH4,TLG3,2013,1090
TLH4,TLH2,2013,2515
TLH4,TLH3,2013,1427
TLH4,TLH5,2013,2491
TLH4,TLH6,2013,2315
TLH4,TLI3,2013,1817
TLH4,TLI4,2013,2552
TLH4,TLI5,2013,754
TLH4,TLI6,2013,530
TLH4,TLI7,2013,1256
TLH4,TLJ1,2013,1892
TLH4,TLJ2,2013,1311
TLH4,TLJ3,2013,852
TLH4,TLJ4,2013,788
TLH4,TLK3,2013,230
TLH4,TLK4,2013,475
TLH4,TLK5,2013,549
TLH4,TLK6,2013,505
TLH4,TLK7,2013,488
TLH4,TLL3,2013,163
TLH4,TLL4,2013,243
TLH4,TLL5,2013,361
TLH4,TLN0,2013,160
TLH5,S92000003,2013,625
TLH5,TLC3,2013,71
TLH5,TLC4,2013,382
TLH5,TLD1,2013,72
TLH5,TLD3,2013,411
TLH5,TLD4,2013,210
TLH5,TLD6,2013,153
TLH5,TLD7,2013,232
TLH5,TLE1,2013,307
TLH5,TLE2,2013,301
TLH5,TLE3,2013,410
TLH5,TLE4,2013,487
TLH5,TLF1,2013,713
TLH5,TLF2,2013,869
TLH5,TLF3,2013,935
TLH5,TLG1,2013,264
TLH5,TLG2,2013,318
TLH5,TLG3,2013,562
TLH5,TLH2,2013,1029
TLH5,TLH3,2013,1329
TLH5,TLH4,2013,2140
TLH5,TLH6,2013,3891
TLH5,TLI3,2013,623
TLH5,TLI4,2013,1138
TLH5,TLI5,2013,584
TLH5,TLI6,2013,373
TLH5,TLI7,2013,539
TLH5,TLJ1,2013,1036
TLH5,TLJ2,2013,928
TLH5,TLJ3,2013,619
TLH5,TLJ4,2013,738
TLH5,TLK3,2013,174
TLH5,TLK4,2013,375
TLH5,TLK5,2013,291
TLH5,TLK6,2013,389
TLH5,TLK7,2013,337
TLH5,TLL3,2013,98
TLH5,TLL4,2013,164
TLH5,TLL5,2013,142
TLH5,TLN0,2013,81
TLH6,S92000003,2013,457
TLH6,TLC3,2013,76
TLH6,TLC4,2013,297
TLH6,TLD1,2013,72
TLH6,TLD3,2013,286
TLH6,TLD4,2013,195
TLH6,TLD6,2013,141
TLH6,TLD7,2013,174
TLH6,TLE1,2013,172
TLH6,TLE2,2013,260
TLH6,TLE3,2013,226
TLH6,TLE4,2013,369
TLH6,TLF1,2013,566
TLH6,TLF2,2013,611
TLH6,TLF3,2013,427
TLH6,TLG1,2013,215
TLH6,TLG2,2013,229
TLH6,TLG3,2013,382
TLH6,TLH2,2013,724
TLH6,TLH3,2013,2666
TLH6,TLH4,2013,2044
TLH6,TLH5,2013,4259
TLH6,TLI3,2013,542
TLH6,TLI4,2013,937
TLH6,TLI5,2013,517
TLH6,TLI6,2013,270
TLH6,TLI7,2013,474
TLH6,TLJ1,2013,762
TLH6,TLJ2,2013,695
TLH6,TLJ3,2013,563
TLH6,TLJ4,2013,560
TLH6,TLK3,2013,205
TLH6,TLK4,2013,265
TLH6,TLK5,2013,257
TLH6,TLK6,2013,342
TLH6,TLK7,2013,305
TLH6,TLL3,2013,65
TLH6,TLL4,2013,128
TLH6,TLL5,2013,116
TLH6,TLN0,2013,68
TLI3,S92000003,2013,1231
TLI3,TLC3,2013,139
TLI3,TLC4,2013,685
TLI3,TLD1,2013,82
TLI3,TLD3,2013,1275
TLI3,TLD4,2013,296
TLI3,TLD6,2013,289
TLI3,TLD7,2013,414
TLI3,TLE1,2013,142
TLI3,TLE2,2013,520
TLI3,TLE3,2013,396
TLI3,TLE4,2013,882
TLI3,TLF1,2013,757
TLI3,TLF2,2013,938
TLI3,TLF3,2013,218
TLI3,TLG1,2013,615
TLI3,TLG2,2013,377
TLI3,TLG3,2013,1219
TLI3,TLH2,2013,3373
TLI3,TLH3,2013,1501
TLI3,TLH4,2013,1445
TLI3,TLH5,2013,486
TLI3,TLH6,2013,525
TLI3,TLI4,2013,26287
TLI3,TLI5,2013,4583
TLI3,TLI6,2013,10337
TLI3,TLI7,2013,18400
TLI3,TLJ1,2013,5597
TLI3,TLJ2,2013,7301
TLI3,TLJ3,2013,2142
TLI3,TLJ4,2013,2438
TLI3,TLK3,2013,279
TLI3,TLK4,2013,877
TLI3,TLK5,2013,1536
TLI3,TLK6,2013,1340
TLI3,TLK7,2013,1212
TLI3,TLL3,2013,135
TLI3,TLL4,2013,316
TLI3,TLL5,2013,548
TLI3,TLN0,2013,206
TLI4,S92000003,2013,2003
TLI4,TLC3,2013,429
TLI4,TLC4,2013,1153
TLI4,TLD1,2013,234
TLI4,TLD3,2013,2805
TLI4,TLD4,2013,728
TLI4,TLD6,2013,453
TLI4,TLD7,2013,876
TLI4,TLE1,2013,387
TLI4,TLE2,2013,590
TLI4,TLE3,2013,862
TLI4,TLE4,2013,1736
TLI4,TLF1,2013,1708
TLI4,TLF2,2013,2329
TLI4,TLF3,2013,528
TLI4,TLG1,2013,904
TLI4,TLG2,2013,738
TLI4,TLG3,2013,3635
TLI4,TLH2,2013,6871
TLI4,TLH3,2013,6913
TLI4,TLH4,2013,2195
TLI4,TLH5,2013,1025
TLI4,TLH6,2013,943
TLI4,TLI3,2013,19317
TLI4,TLI5,2013,35440
TLI4,TLI6,2013,17673
TLI4,TLI7,2013,14342
TLI4,TLJ1,2013,5480
TLI4,TLJ2,2013,8547
TLI4,TLJ3,2013,2406
TLI4,TLJ4,2013,7164
TLI4,TLK3,2013,548
TLI4,TLK4,2013,1248
TLI4,TLK5,2013,1989
TLI4,TLK6,2013,1706
TLI4,TLK7,2013,1191
TLI4,TLL3,2013,227
TLI4,TLL4,2013,587
TLI4,TLL5,2013,1012
TLI4,TLN0,2013,402
TLI5,S92000003,2013,984
TLI5,TLC3,2013,262
TLI5,TLC4,2013,565
TLI5,TLD1,2013,93
TLI5,TLD3,2013,1502
TLI5,TLD4,2013,515
TLI5,TLD6,2013,210
TLI5,TLD7,2013,574
TLI5,TLE1,2013,269
TLI5,TLE2,2013,271
TLI5,TLE3,2013,619
TLI5,TLE4,2013,1102
TLI5,TLF1,2013,1422
TLI5,TLF2,2013,1850
TLI5,TLF3,2013,488
TLI5,TLG1,2013,390
TLI5,TLG2,2013,505
TLI5,TLG3,2013,2952
TLI5,TLH2,2013,6520
TLI5,TLH3,2013,13658
TLI5,TLH4,2013,1328
TLI5,TLH5,2013,1092
TLI5,TLH6,2013,959
TLI5,TLI3,2013,3302
TLI5,TLI4,2013,18687
TLI5,TLI6,2013,4577
TLI5,TLI7,2013,6622
TLI5,TLJ1,2013,2635
TLI5,TLJ2,2013,3772
TLI5,TLJ3,2013,1723
TLI5,TLJ4,2013,8763
TLI5,TLK3,2013,313
TLI5,TLK4,2013,758
TLI5,TLK5,2013,697
TLI5,TLK6,2013,1006
TLI5,TLK7,2013,668
TLI5,TLL3,2013,208
TLI5,TLL4,2013,336
TLI5,TLL5,2013,589
TLI5,TLN0,2013,192
TLI6,S92000003,2013,843
TLI6,TLC3,2013,124
TLI6,TLC4,2013,516
TLI6,TLD1,2013,70
TLI6,TLD3,2013,931
TLI6,TLD4,2013,263
TLI6,TLD6,2013,186
TLI6,TLD7,2013,398
TLI6,TLE1,2013,223
TLI6,TLE2,2013,298
TLI6,TLE3,2013,369
TLI6,TLE4,2013,705
TLI6,TLF1,2013,783
TLI6,TLF2,2013,1095
TLI6,TLF3,2013,297
TLI6,TLG1,2013,315
TLI6,TLG2,2013,333
TLI6,TLG3,2013,1565
TLI6,TLH2,2013,1850
TLI6,TLH3,2013,1296
TLI6,TLH4,2013,724
TLI6,TLH5,2013,546
TLI6,TLH6,2013,345
TLI6,TLI3,2013,5255
TLI6,TLI4,2013,9130
TLI6,TLI5,2013,3799
TLI6,TLI7,2013,4163
TLI6,TLJ1,2013,2557
TLI6,TLJ2,2013,14115
TLI6,TLJ3,2013,2335
TLI6,TLJ4,2013,5917
TLI6,TLK3,2013,371
TLI6,TLK4,2013,841
TLI6,TLK5,2013,897
TLI6,TLK6,2013,1258
TLI6,TLK7,2013,695
TLI6,TLL3,2013,118
TLI6,TLL4,2013,275
TLI6,TLL5,2013,483
TLI6,TLN0,2013,200
TLI7,S92000003,2013,1418
TLI7,TLC3,2013,279
TLI7,TLC4,2013,1032
TLI7,TLD1,2013,109
TLI7,TLD3,2013,1973
TLI7,TLD4,2013,534
TLI7,TLD6,2013,329
TLI7,TLD7,2013,623
TLI7,TLE1,2013,378
TLI7,TLE2,2013,543
TLI7,TLE3,2013,679
TLI7,TLE4,2013,1320
TLI7,TLF1,2013,1928
TLI7,TLF2,2013,2490
TLI7,TLF3,2013,484
TLI7,TLG1,2013,699
TLI7,TLG2,2013,598
TLI7,TLG3,2013,3834
TLI7,TLH2,2013,12230
TLI7,TLH3,2013,1899
TLI7,TLH4,2013,1448
TLI7,TLH5,2013,865
TLI7,TLH6,2013,582
TLI7,TLI3,2013,11094
TLI7,TLI4,2013,12654
TLI7,TLI5,2013,7067
TLI7,TLI6,2013,5330
TLI7,TLJ1,2013,11236
TLI7,TLJ2,2013,9489
TLI7,TLJ3,2013,3320
TLI7,TLJ4,2013,2768
TLI7,TLK3,2013,415
TLI7,TLK4,2013,1219
TLI7,TLK5,2013,1519
TLI7,TLK6,2013,2060
TLI7,TLK7,2013,1227
TLI7,TLL3,2013,172
TLI7,TLL4,2013,499
TLI7,TLL5,2013,874
TLI7,TLN0,2013,326
TLJ1,S92000003,2013,2194
TLJ1,TLC3,2013,312
TLJ1,TLC4,2013,1405
TLJ1,TLD1,2013,310
TLJ1,TLD3,2013,1871
TLJ1,TLD4,2013,1000
TLJ1,TLD6,2013,653
TLJ1,TLD7,2013,794
TLJ1,TLE1,2013,533
TLJ1,TLE2,2013,880
TLJ1,TLE3,2013,898
TLJ1,TLE4,2013,1753
TLJ1,TLF1,2013,2506
TLJ1,TLF2,2013,5127
TLJ1,TLF3,2013,986
TLJ1,TLG1,2013,2433
TLJ1,TLG2,2013,1297
TLJ1,TLG3,2013,3749
TLJ1,TLH2,2013,5693
TLJ1,TLH3,2013,1473
TLJ1,TLH4,2013,1946
TLJ1,TLH5,2013,1048
TLJ1,TLH6,2013,826
TLJ1,TLI3,2013,5532
TLJ1,TLI4,2013,6173
TLJ1,TLI5,2013,1765
TLJ1,TLI6,2013,1940
TLJ1,TLI7,2013,5766
TLJ1,TLJ2,2013,7849
TLJ1,TLJ3,2013,7880
TLJ1,TLJ4,2013,2315
TLJ1,TLK3,2013,1091
TLJ1,TLK4,2013,2711
TLJ1,TLK5,2013,3000
TLJ1,TLK6,2013,3844
TLJ1,TLK7,2013,5274
TLJ1,TLL3,2013,464
TLJ1,TLL4,2013,1234
TLJ1,TLL5,2013,1649
TLJ1,TLN0,2013,342
TLJ2,S92000003,2013,1930
TLJ2,TLC3,2013,319
TLJ2,TLC4,2013,1181
TLJ2,TLD1,2013,251
TLJ2,TLD3,2013,1437
TLJ2,TLD4,2013,640
TLJ2,TLD6,2013,523
TLJ2,TLD7,2013,653
TLJ2,TLE1,2013,453
TLJ2,TLE2,2013,730
TLJ2,TLE3,2013,718
TLJ2,TLE4,2013,1359
TLJ2,TLF1,2013,1763
TLJ2,TLF2,2013,1806
TLJ2,TLF3,2013,749
TLJ2,TLG1,2013,1144
TLJ2,TLG2,2013,916
TLJ2,TLG3,2013,2041
TLJ2,TLH2,2013,2509
TLJ2,TLH3,2013,2137
TLJ2,TLH4,2013,1349
TLJ2,TLH5,2013,1159
TLJ2,TLH6,2013,845
TLJ2,TLI3,2013,5179
TLJ2,TLI4,2013,7150
TLJ2,TLI5,2013,2251
TLJ2,TLI6,2013,6694
TLJ2,TLI7,2013,4990
TLJ2,TLJ1,2013,7869
TLJ2,TLJ3,2013,12068
TLJ2,TLJ4,2013,7077
TLJ2,TLK3,2013,1261
TLJ2,TLK4,2013,2846
TLJ2,TLK5,2013,2556
TLJ2,TLK6,2013,3847
TLJ2,TLK7,2013,2211
TLJ2,TLL3,2013,285
TLJ2,TLL4,2013,893
TLJ2,TLL5,2013,1133
TLJ2,TLN0,2013,314
TLJ3,S92000003,2013,1539
TLJ3,TLC3,2013,244
TLJ3,TLC4,2013,784
TLJ3,TLD1,2013,218
TLJ3,TLD3,2013,908
TLJ3,TLD4,2013,514
TLJ3,TLD6,2013,356
TLJ3,TLD7,2013,514
TLJ3,TLE1,2013,301
TLJ3,TLE2,2013,553
TLJ3,TLE3,2013,475
TLJ3,TLE4,2013,815
TLJ3,TLF1,2013,1114
TLJ3,TLF2,2013,1247
TLJ3,TLF3,2013,570
TLJ3,TLG1,2013,985
TLJ3,TLG2,2013,831
TLJ3,TLG3,2013,1494
TLJ3,TLH2,2013,1877
TLJ3,TLH3,2013,1431
TLJ3,TLH4,2013,808
TLJ3,TLH5,2013,653
TLJ3,TLH6,2013,609
TLJ3,TLI3,2013,2214
TLJ3,TLI4,2013,3075
TLJ3,TLI5,2013,1422
TLJ3,TLI6,2013,2054
TLJ3,TLI7,2013,2395
TLJ3,TLJ1,2013,6961
TLJ3,TLJ2,2013,10508
TLJ3,TLJ4,2013,2286
TLJ3,TLK3,2013,1103
TLJ3,TLK4,2013,2533
TLJ3,TLK5,2013,2148
TLJ3,TLK6,2013,6987
TLJ3,TLK7,2013,4101
TLJ3,TLL3,2013,301
TLJ3,TLL4,2013,810
TLJ3,TLL5,2013,1290
TLJ3,TLN0,2013,266
TLJ4,S92000003,2013,1001
TLJ4,TLC3,2013,223
TLJ4,TLC4,2013,700
TLJ4,TLD1,2013,164
TLJ4,TLD3,2013,783
TLJ4,TLD4,2013,488
TLJ4,TLD6,2013,276
TLJ4,TLD7,2013,385
TLJ4,TLE1,2013,324
TLJ4,TLE2,2013,421
TLJ4,TLE3,2013,489
TLJ4,TLE4,2013,961
TLJ4,TLF1,2013,1151
TLJ4,TLF2,2013,1259
TLJ4,TLF3,2013,620
TLJ4,TLG1,2013,551
TLJ4,TLG2,2013,572
TLJ4,TLG3,2013,1238
TLJ4,TLH2,2013,1537
TLJ4,TLH3,2013,2554
TLJ4,TLH4,2013,976
TLJ4,TLH5,2013,1015
TLJ4,TLH6,2013,635
TLJ4,TLI3,2013,1972
TLJ4,TLI4,2013,4054
TLJ4,TLI5,2013,4134
TLJ4,TLI6,2013,2912
TLJ4,TLI7,2013,1949
TLJ4,TLJ1,2013,2585
TLJ4,TLJ2,2013,7701
TLJ4,TLJ3,2013,2485
TLJ4,TLK3,2013,520
TLJ4,TLK4,2013,1134
TLJ4,TLK5,2013,829
TLJ4,TLK6,2013,1299
TLJ4,TLK7,2013,978
TLJ4,TLL3,2013,226
TLJ4,TLL4,2013,451
TLJ4,TLL5,2013,504
TLJ4,TLN0,2013,223
TLK3,S92000003,2013,359
TLK3,TLC3,2013,49
TLK3,TLC4,2013,192
TLK3,TLD1,2013,96
TLK3,TLD3,2013,304
TLK3,TLD4,2013,199
TLK3,TLD6,2013,162
TLK3,TLD7,2013,167
TLK3,TLE1,2013,138
TLK3,TLE2,2013,160
TLK3,TLE3,2013,143
TLK3,TLE4,2013,273
TLK3,TLF1,2013,393
TLK3,TLF2,2013,409
TLK3,TLF3,2013,194
TLK3,TLG1,2013,404
TLK3,TLG2,2013,362
TLK3,TLG3,2013,430
TLK3,TLH2,2013,286
TLK3,TLH3,2013,282
TLK3,TLH4,2013,190
TLK3,TLH5,2013,187
TLK3,TLH6,2013,155
TLK3,TLI3,2013,326
TLK3,TLI4,2013,597
TLK3,TLI5,2013,210
TLK3,TLI6,2013,232
TLK3,TLI7,2013,324
TLK3,TLJ1,2013,651
TLK3,TLJ2,2013,876
TLK3,TLJ3,2013,885
TLK3,TLJ4,2013,357
TLK3,TLK4,2013,4715
TLK3,TLK5,2013,1121
TLK3,TLK6,2013,1324
TLK3,TLK7,2013,840
TLK3,TLL3,2013,95
TLK3,TLL4,2013,295
TLK3,TLL5,2013,582
TLK3,TLN0,2013,62
TLK4,S92000003,2013,880
TLK4,TLC3,2013,97
TLK4,TLC4,2013,402
TLK4,TLD1,2013,137
TLK4,TLD3,2013,598
TLK4,TLD4,2013,369
TLK4,TLD6,2013,250
TLK4,TLD7,2013,369
TLK4,TLE1,2013,164
TLK4,TLE2,2013,320
TLK4,TLE3,2013,282
TLK4,TLE4,2013,465
TLK4,TLF1,2013,800
TLK4,TLF2,2013,741
TLK4,TLF3,2013,238
TLK4,TLG1,2013,964
TLK4,TLG2,2013,618
TLK4,TLG3,2013,1136
TLK4,TLH2,2013,751
TLK4,TLH3,2013,617
TLK4,TLH4,2013,392
TLK4,TLH5,2013,363
TLK4,TLH6,2013,347
TLK4,TLI3,2013,1107
TLK4,TLI4,2013,1494
TLK4,TLI5,2013,459
TLK4,TLI6,2013,643
TLK4,TLI7,2013,837
TLK4,TLJ1,2013,2064
TLK4,TLJ2,2013,2249
TLK4,TLJ3,2013,2128
TLK4,TLJ4,2013,891
TLK4,TLK3,2013,4267
TLK4,TLK5,2013,2991
TLK4,TLK6,2013,5068
TLK4,TLK7,2013,1928
TLK4,TLL3,2013,204
TLK4,TLL4,2013,621
TLK4,TLL5,2013,1416
TLK4,TLN0,2013,130
TLK5,S92000003,2013,677
TLK5,TLC3,2013,100
TLK5,TLC4,2013,350
TLK5,TLD1,2013,106
TLK5,TLD3,2013,691
TLK5,TLD4,2013,269
TLK5,TLD6,2013,276
TLK5,TLD7,2013,341
TLK5,TLE1,2013,112
TLK5,TLE2,2013,277
TLK5,TLE3,2013,285
TLK5,TLE4,2013,607
TLK5,TLF1,2013,664
TLK5,TLF2,2013,601
TLK5,TLF3,2013,134
TLK5,TLG1,2013,1009
TLK5,TLG2,2013,492
TLK5,TLG3,2013,1380
TLK5,TLH2,2013,780
TLK5,TLH3,2013,452
TLK5,TLH4,2013,537
TLK5,TLH5,2013,259
TLK5,TLH6,2013,173
TLK5,TLI3,2013,1898
TLK5,TLI4,2013,2543
TLK5,TLI5,2013,676
TLK5,TLI6,2013,777
TLK5,TLI7,2013,1331
TLK5,TLJ1,2013,2498
TLK5,TLJ2,2013,1938
TLK5,TLJ3,2013,1547
TLK5,TLJ4,2013,586
TLK5,TLK3,2013,950
TLK5,TLK4,2013,2598
TLK5,TLK6,2013,7640
TLK5,TLK7,2013,5525
TLK5,TLL3,2013,152
TLK5,TLL4,2013,911
TLK5,TLL5,2013,2346
TLK5,TLN0,2013,147
TLK6,S92000003,2013,1051
TLK6,TLC3,2013,117
TLK6,TLC4,2013,478
TLK6,TLD1,2013,148
TLK6,TLD3,2013,687
TLK6,TLD4,2013,359
TLK6,TLD6,2013,282
TLK6,TLD7,2013,421
TLK6,TLE1,2013,212
TLK6,TLE2,2013,357
TLK6,TLE3,2013,328
TLK6,TLE4,2013,549
TLK6,TLF1,2013,810
TLK6,TLF2,2013,821
TLK6,TLF3,2013,289
TLK6,TLG1,2013,988
TLK6,TLG2,2013,651
TLK6,TLG3,2013,1238
TLK6,TLH2,2013,1060
TLK6,TLH3,2013,731
TLK6,TLH4,2013,503
TLK6,TLH5,2013,357
TLK6,TLH6,2013,339
TLK6,TLI3,2013,1600
TLK6,TLI4,2013,2046
TLK6,TLI5,2013,670
TLK6,TLI6,2013,831
TLK6,TLI7,2013,1316
TLK6,TLJ1,2013,2784
TLK6,TLJ2,2013,3243
TLK6,TLJ3,2013,6237
TLK6,TLJ4,2013,1060
TLK6,TLK3,2013,1264
TLK6,TLK4,2013,4975
TLK6,TLK5,2013,5719
TLK6,TLK7,2013,4239
TLK6,TLL3,2013,199
TLK6,TLL4,2013,648
TLK6,TLL5,2013,1623
TLK6,TLN0,2013,153
TLK7,S92000003,2013,966
TLK7,TLC3,2013,151
TLK7,TLC4,2013,565
TLK7,TLD1,2013,159
TLK7,TLD3,2013,580
TLK7,TLD4,2013,374
TLK7,TLD6,2013,288
TLK7,TLD7,2013,317
TLK7,TLE1,2013,185
TLK7,TLE2,2013,504
TLK7,TLE3,2013,361
TLK7,TLE4,2013,602
TLK7,TLF1,2013,829
TLK7,TLF2,2013,848
TLK7,TLF3,2013,364
TLK7,TLG1,2013,2712
TLK7,TLG2,2013,808
TLK7,TLG3,2013,1474
TLK7,TLH2,2013,684
TLK7,TLH3,2013,449
TLK7,TLH4,2013,501
TLK7,TLH5,2013,304
TLK7,TLH6,2013,285
TLK7,TLI3,2013,1279
TLK7,TLI4,2013,1381
TLK7,TLI5,2013,404
TLK7,TLI6,2013,432
TLK7,TLI7,2013,1017
TLK7,TLJ1,2013,4103
TLK7,TLJ2,2013,1913
TLK7,TLJ3,2013,3585
TLK7,TLJ4,2013,768
TLK7,TLK3,2013,965
TLK7,TLK4,2013,2207
TLK7,TLK5,2013,4628
TLK7,TLK6,2013,4118
TLK7,TLL3,2013,204
TLK7,TLL4,2013,995
TLK7,TLL5,2013,2234
TLK7,TLN0,2013,197
TLL3,S92000003,2013,483
TLL3,TLC3,2013,97
TLL3,TLC4,2013,333
TLL3,TLD1,2013,148
TLL3,TLD3,2013,1841
TLL3,TLD4,2013,780
TLL3,TLD6,2013,2617
TLL3,TLD7,2013,1924
TLL3,TLE1,2013,128
TLL3,TLE2,2013,247
TLL3,TLE3,2013,255
TLL3,TLE4,2013,565
TLL3,TLF1,2013,472
TLL3,TLF2,2013,356
TLL3,TLF3,2013,112
TLL3,TLG1,2013,294
TLL3,TLG2,2013,1480
TLL3,TLG3,2013,718
TLL3,TLH2,2013,207
TLL3,TLH3,2013,213
TLL3,TLH4,2013,147
TLL3,TLH5,2013,133
TLL3,TLH6,2013,92
TLL3,TLI3,2013,226
TLL3,TLI4,2013,356
TLL3,TLI5,2013,166
TLL3,TLI6,2013,129
TLL3,TLI7,2013,192
TLL3,TLJ1,2013,456
TLL3,TLJ2,2013,327
TLL3,TLJ3,2013,284
TLL3,TLJ4,2013,241
TLL3,TLK3,2013,145
TLL3,TLK4,2013,243
TLL3,TLK5,2013,245
TLL3,TLK6,2013,253
TLL3,TLK7,2013,261
TLL3,TLL4,2013,1157
TLL3,TLL5,2013,1087
TLL3,TLN0,2013,92
TLL4,S92000003,2013,504
TLL4,TLC3,2013,81
TLL4,TLC4,2013,256
TLL4,TLD1,2013,96
TLL4,TLD3,2013,586
TLL4,TLD4,2013,325
TLL4,TLD6,2013,320
TLL4,TLD7,2013,426
TLL4,TLE1,2013,141
TLL4,TLE2,2013,193
TLL4,TLE3,2013,241
TLL4,TLE4,2013,354
TLL4,TLF1,2013,527
TLL4,TLF2,2013,510
TLL4,TLF3,2013,161
TLL4,TLG1,2013,1190
TLL4,TLG2,2013,1643
TLL4,TLG3,2013,1040
TLL4,TLH2,2013,350
TLL4,TLH3,2013,314
TLL4,TLH4,2013,237
TLL4,TLH5,2013,216
TLL4,TLH6,2013,167
TLL4,TLI3,2013,466
TLL4,TLI4,2013,690
TLL4,TLI5,2013,296
TLL4,TLI6,2013,268
TLL4,TLI7,2013,494
TLL4,TLJ1,2013,1111
TLL4,TLJ2,2013,813
TLL4,TLJ3,2013,777
TLL4,TLJ4,2013,416
TLL4,TLK3,2013,299
TLL4,TLK4,2013,708
TLL4,TLK5,2013,1319
TLL4,TLK6,2013,819
TLL4,TLK7,2013,1074
TLL4,TLL3,2013,1094
TLL4,TLL5,2013,7355
TLL4,TLN0,2013,73
TLL5,S92000003,2013,715
TLL5,TLC3,2013,111
TLL5,TLC4,2013,375
TLL5,TLD1,2013,138
TLL5,TLD3,2013,940
TLL5,TLD4,2013,314
TLL5,TLD6,2013,264
TLL5,TLD7,2013,445
TLL5,TLE1,2013,130
TLL5,TLE2,2013,171
TLL5,TLE3,2013,378
TLL5,TLE4,2013,558
TLL5,TLF1,2013,593
TLL5,TLF2,2013,595
TLL5,TLF3,2013,130
TLL5,TLG1,2013,1228
TLL5,TLG2,2013,649
TLL5,TLG3,2013,1402
TLL5,TLH2,2013,592
TLL5,TLH3,2013,352
TLL5,TLH4,2013,340
TLL5,TLH5,2013,183
TLL5,TLH6,2013,169
TLL5,TLI3,2013,989
TLL5,TLI4,2013,1508
TLL5,TLI5,2013,449
TLL5,TLI6,2013,520
TLL5,TLI7,2013,980
TLL5,TLJ1,2013,1674
TLL5,TLJ2,2013,1159
TLL5,TLJ3,2013,1258
TLL5,TLJ4,2013,454
TLL5,TLK3,2013,561
TLL5,TLK4,2013,1415
TLL5,TLK5,2013,2767
TLL5,TLK6,2013,1579
TLL5,TLK7,2013,2200
TLL5,TLL3,2013,938
TLL5,TLL4,2013,7153
TLL5,TLN0,2013,175
TLN0,S92000003,2013,2673
TLN0,TLC3,2013,84
TLN0,TLC4,2013,704
TLN0,TLD1,2013,67
TLN0,TLD3,2013,675
TLN0,TLD4,2013,344
TLN0,TLD6,2013,149
TLN0,TLD7,2013,819
TLN0,TLE1,2013,82
TLN0,TLE2,2013,202
TLN0,TLE3,2013,153
TLN0,TLE4,2013,319
TLN0,TLF1,2013,276
TLN0,TLF2,2013,210
TLN0,TLF3,2013,75
TLN0,TLG1,2013,116
TLN0,TLG2,2013,206
TLN0,TLG3,2013,277
TLN0,TLH2,2013,188
TLN0,TLH3,2013,170
TLN0,TLH4,2013,166
TLN0,TLH5,2013,70
TLN0,TLH6,2013,60
TLN0,TLI3,2013,319
TLN0,TLI4,2013,385
TLN0,TLI5,2013,144
TLN0,TLI6,2013,164
TLN0,TLI7,2013,320
TLN0,TLJ1,2013,325
TLN0,TLJ2,2013,350
TLN0,TLJ3,2013,248
TLN0,TLJ4,2013,214
TLN0,TLK3,2013,65
TLN0,TLK4,2013,155
TLN0,TLK5,2013,192
TLN0,TLK6,2013,169
TLN0,TLK7,2013,208
TLN0,TLL3,2013,70
TLN0,TLL4,2013,125
TLN0,TLL5,2013,208
S92000003,TLC3,2014,491
S92000003,TLC4,2014,2961
S92000003,TLD1,2014,1041
S92000003,TLD3,2014,1851
S92000003,TLD4,2014,1344
S92000003,TLD6,2014,609
S92000003,TLD7,2014,885
S92000003,TLE1,2014,538
S92000003,TLE2,2014,1041
S92000003,TLE3,2014,726
S92000003,TLE4,2014,1331
S92000003,TLF1,2014,1103
S92000003,TLF2,2014,959
S92000003,TLF3,2014,591
S92000003,TLG1,2014,603
S92000003,TLG2,2014,657
S92000003,TLG3,2014,1092
S92000003,TLH2,2014,864
S92000003,TLH3,2014,607
S92000003,TLH4,2014,775
S92000003,TLH5,2014,492
S92000003,TLH6,2014,363
S92000003,TLI3,2014,1605
S92000003,TLI4,2014,2350
S92000003,TLI5,2014,671
S92000003,TLI6,2014,634
S92000003,TLI7,2014,1180
S92000003,TLJ1,2014,1638
S92000003,TLJ2,2014,1668
S92000003,TLJ3,2014,1225
S92000003,TLJ4,2014,796
S92000003,TLK3,2014,361
S92000003,TLK4,2014,714
S92000003,TLK5,2014,704
S92000003,TLK6,2014,903
S92000003,TLK7,2014,892
S92000003,TLL3,2014,372
S92000003,TLL4,2014,397
S92000003,TLL5,2014,537
S92000003,TLN0,2014,2090
TLC3,S92000003,2014,755
TLC3,TLC4,2014,5250
TLC3,TLD1,2014,271
TLC3,TLD3,2014,797
TLC3,TLD4,2014,420
TLC3,TLD6,2014,191
TLC3,TLD7,2014,313
TLC3,TLE1,2014,394
TLC3,TLE2,2014,2133
TLC3,TLE3,2014,497
TLC3,TLE4,2014,1342
TLC3,TLF1,2014,458
TLC3,TLF2,2014,309
TLC3,TLF3,2014,196
TLC3,TLG1,2014,148
TLC3,TLG2,2014,179
TLC3,TLG3,2014,395
TLC3,TLH2,2014,196
TLC3,TLH3,2014,167
TLC3,TLH4,2014,193
TLC3,TLH5,2014,112
TLC3,TLH6,2014,91
TLC3,TLI3,2014,248
TLC3,TLI4,2014,498
TLC3,TLI5,2014,212
TLC3,TLI6,2014,173
TLC3,TLI7,2014,366
TLC3,TLJ1,2014,376
TLC3,TLJ2,2014,328
TLC3,TLJ3,2014,193
TLC3,TLJ4,2014,199
TLC3,TLK3,2014,73
TLC3,TLK4,2014,118
TLC3,TLK5,2014,88
TLC3,TLK6,2014,189
TLC3,TLK7,2014,135
TLC3,TLL3,2014,74
TLC3,TLL4,2014,70
TLC3,TLL5,2014,114
TLC3,TLN0,2014,78
TLC4,S92000003,2014,3404
TLC4,TLC3,2014,4928
TLC4,TLD1,2014,1353
TLC4,TLD3,2014,2073
TLC4,TLD4,2014,1381
TLC4,TLD6,2014,653
TLC4,TLD7,2014,882
TLC4,TLE1,2014,887
TLC4,TLE2,2014,2670
TLC4,TLE3,2014,1209
TLC4,TLE4,2014,3422
TLC4,TLF1,2014,1352
TLC4,TLF2,2014,871
TLC4,TLF3,2014,592
TLC4,TLG1,2014,494
TLC4,TLG2,2014,554
TLC4,TLG3,2014,1007
TLC4,TLH2,2014,775
TLC4,TLH3,2014,549
TLC4,TLH4,2014,697
TLC4,TLH5,2014,384
TLC4,TLH6,2014,314
TLC4,TLI3,2014,1647
TLC4,TLI4,2014,2279
TLC4,TLI5,2014,587
TLC4,TLI6,2014,567
TLC4,TLI7,2014,1084
TLC4,TLJ1,2014,1429
TLC4,TLJ2,2014,1164
TLC4,TLJ3,2014,713
TLC4,TLJ4,2014,691
TLC4,TLK3,2014,164
TLC4,TLK4,2014,422
TLC4,TLK5,2014,544
TLC4,TLK6,2014,487
TLC4,TLK7,2014,526
TLC4,TLL3,2014,295
TLC4,TLL4,2014,250
TLC4,TLL5,2014,329
TLC4,TLN0,2014,608
TLD1,S92000003,2014,1318
TLD1,TLC3,2014,222
TLD1,TLC4,2014,1568
TLD1,TLD3,2014,1218
TLD1,TLD4,2014,2302
TLD1,TLD6,2014,288
TLD1,TLD7,2014,528
TLD1,TLE1,2014,166
TLD1,TLE2,2014,542
TLD1,TLE3,2014,247
TLD1,TLE4,2014,696
TLD1,TLF1,2014,301
TLD1,TLF2,2014,189
TLD1,TLF3,2014,140
TLD1,TLG1,2014,154
TLD1,TLG2,2014,275
TLD1,TLG3,2014,217
TLD1,TLH2,2014,140
TLD1,TLH3,2014,94
TLD1,TLH4,2014,121
TLD1,TLH5,2014,45
TLD1,TLH6,2014,91
TLD1,TLI3,2014,158
TLD1,TLI4,2014,278
TLD1,TLI5,2014,79
TLD1,TLI6,2014,79
TLD1,TLI7,2014,139
TLD1,TLJ1,2014,311
TLD1,TLJ2,2014,238
TLD1,TLJ3,2014,256
TLD1,TLJ4,2014,143
TLD1,TLK3,2014,82
TLD1,TLK4,2014,180
TLD1,TLK5,2014,121
TLD1,TLK6,2014,199
TLD1,TLK7,2014,183
TLD1,TLL3,2014,173
TLD1,TLL4,2014,113
TLD1,TLL5,2014,80
TLD1,TLN0,2014,68
TLD3,S92000003,2014,2306
TLD3,TLC3,2014,578
TLD3,TLC4,2014,2391
TLD3,TLD1,2014,1169
TLD3,TLD4,2014,12840
TLD3,TLD6,2014,8883
TLD3,TLD7,2014,7536
TLD3,TLE1,2014,1052
TLD3,TLE2,2014,1391
TLD3,TLE3,2014,2768
TLD3,TLE4,2014,7393
TLD3,TLF1,2014,3737
TLD3,TLF2,2014,1669
TLD3,TLF3,2014,636
TLD3,TLG1,2014,960
TLD3,TLG2,2014,2208
TLD3,TLG3,2014,3534
TLD3,TLH2,2014,1321
TLD3,TLH3,2014,778
TLD3,TLH4,2014,901
TLD3,TLH5,2014,466
TLD3,TLH6,2014,342
TLD3,TLI3,2014,2302
TLD3,TLI4,2014,4131
TLD3,TLI5,2014,1293
TLD3,TLI6,2014,958
TLD3,TLI7,2014,2177
TLD3,TLJ1,2014,2248
TLD3,TLJ2,2014,1629
TLD3,TLJ3,2014,1025
TLD3,TLJ4,2014,885
TLD3,TLK3,2014,574
TLD3,TLK4,2014,863
TLD3,TLK5,2014,996
TLD3,TLK6,2014,875
TLD3,TLK7,2014,763
TLD3,TLL3,2014,2418
TLD3,TLL4,2014,603
TLD3,TLL5,2014,887
TLD3,TLN0,2014,608
TLD4,S92000003,2014,1800
TLD4,TLC3,2014,429
TLD4,TLC4,2014,1521
TLD4,TLD1,2014,2289
TLD4,TLD3,2014,11941
TLD4,TLD6,2014,1872
TLD4,TLD7,2014,4752
TLD4,TLE1,2014,551
TLD4,TLE2,2014,1411
TLD4,TLE3,2014,1062
TLD4,TLE4,2014,3950
TLD4,TLF1,2014,1206
TLD4,TLF2,2014,950
TLD4,TLF3,2014,424
TLD4,TLG1,2014,618
TLD4,TLG2,2014,1067
TLD4,TLG3,2014,1477
TLD4,TLH2,2014,699
TLD4,TLH3,2014,440
TLD4,TLH4,2014,392
TLD4,TLH5,2014,253
TLD4,TLH6,2014,167
TLD4,TLI3,2014,662
TLD4,TLI4,2014,1174
TLD4,TLI5,2014,528
TLD4,TLI6,2014,334
TLD4,TLI7,2014,595
TLD4,TLJ1,2014,1075
TLD4,TLJ2,2014,852
TLD4,TLJ3,2014,638
TLD4,TLJ4,2014,518
TLD4,TLK3,2014,297
TLD4,TLK4,2014,443
TLD4,TLK5,2014,377
TLD4,TLK6,2014,549
TLD4,TLK7,2014,475
TLD4,TLL3,2014,799
TLD4,TLL4,2014,290
TLD4,TLL5,2014,366
TLD4,TLN0,2014,249
TLD6,S92000003,2014,792
TLD6,TLC3,2014,103
TLD6,TLC4,2014,763
TLD6,TLD1,2014,393
TLD6,TLD3,2014,6006
TLD6,TLD4,2014,1713
TLD6,TLD7,2014,4483
TLD6,TLE1,2014,321
TLD6,TLE2,2014,480
TLD6,TLE3,2014,863
TLD6,TLE4,2014,1398
TLD6,TLF1,2014,1151
TLD6,TLF2,2014,626
TLD6,TLF3,2014,248
TLD6,TLG1,2014,540
TLD6,TLG2,2014,2712
TLD6,TLG3,2014,952
TLD6,TLH2,2014,345
TLD6,TLH3,2014,242
TLD6,TLH4,2014,293
TLD6,TLH5,2014,132
TLD6,TLH6,2014,146
TLD6,TLI3,2014,557
TLD6,TLI4,2014,711
TLD6,TLI5,2014,250
TLD6,TLI6,2014,201
TLD6,TLI7,2014,409
TLD6,TLJ1,2014,759
TLD6,TLJ2,2014,532
TLD6,TLJ3,2014,416
TLD6,TLJ4,2014,274
TLD6,TLK3,2014,226
TLD6,TLK4,2014,354
TLD6,TLK5,2014,305
TLD6,TLK6,2014,340
TLD6,TLK7,2014,404
TLD6,TLL3,2014,2991
TLD6,TLL4,2014,315
TLD6,TLL5,2014,267
TLD6,TLN0,2014,168
TLD7,S92000003,2014,1078
TLD7,TLC3,2014,227
TLD7,TLC4,2014,1069
TLD7,TLD1,2014,558
TLD7,TLD3,2014,7624
TLD7,TLD4,2014,4894
TLD7,TLD6,2014,5092
TLD7,TLE1,2014,414
TLD7,TLE2,2014,630
TLD7,TLE3,2014,906
TLD7,TLE4,2014,2130
TLD7,TLF1,2014,936
TLD7,TLF2,2014,689
TLD7,TLF3,2014,303
TLD7,TLG1,2014,475
TLD7,TLG2,2014,1152
TLD7,TLG3,2014,1419
TLD7,TLH2,2014,587
TLD7,TLH3,2014,322
TLD7,TLH4,2014,373
TLD7,TLH5,2014,188
TLD7,TLH6,2014,163
TLD7,TLI3,2014,846
TLD7,TLI4,2014,1441
TLD7,TLI5,2014,514
TLD7,TLI6,2014,405
TLD7,TLI7,2014,776
TLD7,TLJ1,2014,903
TLD7,TLJ2,2014,797
TLD7,TLJ3,2014,510
TLD7,TLJ4,2014,405
TLD7,TLK3,2014,242
TLD7,TLK4,2014,392
TLD7,TLK5,2014,425
TLD7,TLK6,2014,417
TLD7,TLK7,2014,457
TLD7,TLL3,2014,2250
TLD7,TLL4,2014,365
TLD7,TLL5,2014,492
TLD7,TLN0,2014,761
TLE1,S92000003,2014,686
TLE1,TLC3,2014,343
TLE1,TLC4,2014,1113
TLE1,TLD1,2014,218
TLE1,TLD3,2014,1182
TLE1,TLD4,2014,588
TLE1,TLD6,2014,287
TLE1,TLD7,2014,473
TLE1,TLE2,2014,2562
TLE1,TLE3,2014,2260
TLE1,TLE4,2014,3228
TLE1,TLF1,2014,1695
TLE1,TLF2,2014,624
TLE1,TLF3,2014,3952
TLE1,TLG1,2014,270
TLE1,TLG2,2014,344
TLE1,TLG3,2014,616
TLE1,TLH2,2014,342
TLE1,TLH3,2014,280
TLE1,TLH4,2014,335
TLE1,TLH5,2014,251
TLE1,TLH6,2014,139
TLE1,TLI3,2014,384
TLE1,TLI4,2014,670
TLE1,TLI5,2014,260
TLE1,TLI6,2014,191
TLE1,TLI7,2014,402
TLE1,TLJ1,2014,568
TLE1,TLJ2,2014,437
TLE1,TLJ3,2014,362
TLE1,TLJ4,2014,337
TLE1,TLK3,2014,180
TLE1,TLK4,2014,198
TLE1,TLK5,2014,178
TLE1,TLK6,2014,220
TLE1,TLK7,2014,249
TLE1,TLL3,2014,151
TLE1,TLL4,2014,124
TLE1,TLL5,2014,134
TLE1,TLN0,2014,54
TLE2,S92000003,2014,1255
TLE2,TLC3,2014,2108
TLE2,TLC4,2014,2839
TLE2,TLD1,2014,530
TLE2,TLD3,2014,1406
TLE2,TLD4,2014,1326
TLE2,TLD6,2014,542
TLE2,TLD7,2014,591
TLE2,TLE1,2014,2744
TLE2,TLE3,2014,1602
TLE2,TLE4,2014,5905
TLE2,TLF1,2014,1046
TLE2,TLF2,2014,654
TLE2,TLF3,2014,577
TLE2,TLG1,2014,426
TLE2,TLG2,2014,439
TLE2,TLG3,2014,587
TLE2,TLH2,2014,492
TLE2,TLH3,2014,335
TLE2,TLH4,2014,470
TLE2,TLH5,2014,302
TLE2,TLH6,2014,213
TLE2,TLI3,2014,841
TLE2,TLI4,2014,1071
TLE2,TLI5,2014,286
TLE2,TLI6,2014,291
TLE2,TLI7,2014,443
TLE2,TLJ1,2014,975
TLE2,TLJ2,2014,705
TLE2,TLJ3,2014,551
TLE2,TLJ4,2014,330
TLE2,TLK3,2014,157
TLE2,TLK4,2014,379
TLE2,TLK5,2014,373
TLE2,TLK6,2014,400
TLE2,TLK7,2014,579
TLE2,TLL3,2014,195
TLE2,TLL4,2014,142
TLE2,TLL5,2014,208
TLE2,TLN0,2014,154
TLE3,S92000003,2014,912
TLE3,TLC3,2014,472
TLE3,TLC4,2014,1456
TLE3,TLD1,2014,252
TLE3,TLD3,2014,2935
TLE3,TLD4,2014,1027
TLE3,TLD6,2014,833
TLE3,TLD7,2014,1000
TLE3,TLE1,2014,2342
TLE3,TLE2,2014,1714
TLE3,TLE4,2014,5664
TLE3,TLF1,2014,6859
TLE3,TLF2,2014,1532
TLE3,TLF3,2014,1715
TLE3,TLG1,2014,578
TLE3,TLG2,2014,849
TLE3,TLG3,2014,1610
TLE3,TLH2,2014,908
TLE3,TLH3,2014,509
TLE3,TLH4,2014,608
TLE3,TLH5,2014,415
TLE3,TLH6,2014,226
TLE3,TLI3,2014,820
TLE3,TLI4,2014,1455
TLE3,TLI5,2014,550
TLE3,TLI6,2014,440
TLE3,TLI7,2014,837
TLE3,TLJ1,2014,1097
TLE3,TLJ2,2014,744
TLE3,TLJ3,2014,495
TLE3,TLJ4,2014,444
TLE3,TLK3,2014,225
TLE3,TLK4,2014,395
TLE3,TLK5,2014,420
TLE3,TLK6,2014,409
TLE3,TLK7,2014,351
TLE3,TLL3,2014,266
TLE3,TLL4,2014,207
TLE3,TLL5,2014,403
TLE3,TLN0,2014,127
TLE4,S92000003,2014,1963
TLE4,TLC3,2014,1254
TLE4,TLC4,2014,3868
TLE4,TLD1,2014,872
TLE4,TLD3,2014,7310
TLE4,TLD4,2014,3723
TLE4,TLD6,2014,1459
TLE4,TLD7,2014,2337
TLE4,TLE1,2014,3506
TLE4,TLE2,2014,7659
TLE4,TLE3,2014,5928
TLE4,TLF1,2014,3275
TLE4,TLF2,2014,1879
TLE4,TLF3,2014,1266
TLE4,TLG1,2014,849
TLE4,TLG2,2014,1146
TLE4,TLG3,2014,3070
TLE4,TLH2,2014,1499
TLE4,TLH3,2014,759
TLE4,TLH4,2014,996
TLE4,TLH5,2014,550
TLE4,TLH6,2014,305
TLE4,TLI3,2014,1887
TLE4,TLI4,2014,3340
TLE4,TLI5,2014,1152
TLE4,TLI6,2014,856
TLE4,TLI7,2014,1662
TLE4,TLJ1,2014,1911
TLE4,TLJ2,2014,1611
TLE4,TLJ3,2014,874
TLE4,TLJ4,2014,1045
TLE4,TLK3,2014,436
TLE4,TLK4,2014,651
TLE4,TLK5,2014,783
TLE4,TLK6,2014,645
TLE4,TLK7,2014,667
TLE4,TLL3,2014,561
TLE4,TLL4,2014,332
TLE4,TLL5,2014,626
TLE4,TLN0,2014,327
TLF1,S92000003,2014,1384
TLF1,TLC3,2014,428
TLF1,TLC4,2014,1610
TLF1,TLD1,2014,358
TLF1,TLD3,2014,3670
TLF1,TLD4,2014,1070
TLF1,TLD6,2014,1252
TLF1,TLD7,2014,1019
TLF1,TLE1,2014,1631
TLF1,TLE2,2014,1217
TLF1,TLE3,2014,6139
TLF1,TLE4,2014,3267
TLF1,TLF2,2014,6920
TLF1,TLF3,2014,4444
TLF1,TLG1,2014,1528
TLF1,TLG2,2014,4213
TLF1,TLG3,2014,4157
TLF1,TLH2,2014,1903
TLF1,TLH3,2014,1066
TLF1,TLH4,2014,1169
TLF1,TLH5,2014,758
TLF1,TLH6,2014,467
TLF1,TLI3,2014,1733
TLF1,TLI4,2014,2686
TLF1,TLI5,2014,1121
TLF1,TLI6,2014,842
TLF1,TLI7,2014,1886
TLF1,TLJ1,2014,2453
TLF1,TLJ2,2014,1807
TLF1,TLJ3,2014,1165
TLF1,TLJ4,2014,1013
TLF1,TLK3,2014,556
TLF1,TLK4,2014,855
TLF1,TLK5,2014,891
TLF1,TLK6,2014,933
TLF1,TLK7,2014,836
TLF1,TLL3,2014,516
TLF1,TLL4,2014,527
TLF1,TLL5,2014,608
TLF1,TLN0,2014,300
TLF2,S92000003,2014,1191
TLF2,TLC3,2014,254
TLF2,TLC4,2014,1084
TLF2,TLD1,2014,222
TLF2,TLD3,2014,1807
TLF2,TLD4,2014,851
TLF2,TLD6,2014,570
TLF2,TLD7,2014,728
TLF2,TLE1,2014,658
TLF2,TLE2,2014,687
TLF2,TLE3,2014,1660
TLF2,TLE4,2014,1894
TLF2,TLF1,2014,6993
TLF2,TLF3,2014,2953
TLF2,TLG1,2014,3089
TLF2,TLG2,2014,1643
TLF2,TLG3,2014,5339
TLF2,TLH2,2014,2925
TLF2,TLH3,2014,1220
TLF2,TLH4,2014,2057
TLF2,TLH5,2014,1089
TLF2,TLH6,2014,642
TLF2,TLI3,2014,1653
TLF2,TLI4,2014,2722
TLF2,TLI5,2014,1518
TLF2,TLI6,2014,910
TLF2,TLI7,2014,2089
TLF2,TLJ1,2014,4413
TLF2,TLJ2,2014,1968
TLF2,TLJ3,2014,1423
TLF2,TLJ4,2014,1116
TLF2,TLK3,2014,522
TLF2,TLK4,2014,1062
TLF2,TLK5,2014,926
TLF2,TLK6,2014,1121
TLF2,TLK7,2014,1090
TLF2,TLL3,2014,364
TLF2,TLL4,2014,538
TLF2,TLL5,2014,660
TLF2,TLN0,2014,231
TLF3,S92000003,2014,597
TLF3,TLC3,2014,224
TLF3,TLC4,2014,759
TLF3,TLD1,2014,139
TLF3,TLD3,2014,639
TLF3,TLD4,2014,376
TLF3,TLD6,2014,262
TLF3,TLD7,2014,280
TLF3,TLE1,2014,3613
TLF3,TLE2,2014,656
TLF3,TLE3,2014,1672
TLF3,TLE4,2014,1192
TLF3,TLF1,2014,4458
TLF3,TLF2,2014,2522
TLF3,TLG1,2014,415
TLF3,TLG2,2014,547
TLF3,TLG3,2014,714
TLF3,TLH2,2014,716
TLF3,TLH3,2014,531
TLF3,TLH4,2014,2204
TLF3,TLH5,2014,1185
TLF3,TLH6,2014,463
TLF3,TLI3,2014,343
TLF3,TLI4,2014,613
TLF3,TLI5,2014,261
TLF3,TLI6,2014,184
TLF3,TLI7,2014,353
TLF3,TLJ1,2014,693
TLF3,TLJ2,2014,640
TLF3,TLJ3,2014,460
TLF3,TLJ4,2014,465
TLF3,TLK3,2014,231
TLF3,TLK4,2014,363
TLF3,TLK5,2014,215
TLF3,TLK6,2014,347
TLF3,TLK7,2014,447
TLF3,TLL3,2014,149
TLF3,TLL4,2014,165
TLF3,TLL5,2014,203
TLF3,TLN0,2014,113
TLG1,S92000003,2014,826
TLG1,TLC3,2014,174
TLG1,TLC4,2014,635
TLG1,TLD1,2014,194
TLG1,TLD3,2014,1000
TLG1,TLD4,2014,559
TLG1,TLD6,2014,485
TLG1,TLD7,2014,540
TLG1,TLE1,2014,296
TLG1,TLE2,2014,455
TLG1,TLE3,2014,574
TLG1,TLE4,2014,876
TLG1,TLF1,2014,1640
TLG1,TLF2,2014,3484
TLG1,TLF3,2014,439
TLG1,TLG2,2014,3063
TLG1,TLG3,2014,10028
TLG1,TLH2,2014,655
TLG1,TLH3,2014,369
TLG1,TLH4,2014,484
TLG1,TLH5,2014,343
TLG1,TLH6,2014,246
TLG1,TLI3,2014,1050
TLG1,TLI4,2014,1372
TLG1,TLI5,2014,372
TLG1,TLI6,2014,356
TLG1,TLI7,2014,662
TLG1,TLJ1,2014,2670
TLG1,TLJ2,2014,1187
TLG1,TLJ3,2014,1095
TLG1,TLJ4,2014,541
TLG1,TLK3,2014,755
TLG1,TLK4,2014,1363
TLG1,TLK5,2014,1299
TLG1,TLK6,2014,1348
TLG1,TLK7,2014,3330
TLG1,TLL3,2014,354
TLG1,TLL4,2014,1363
TLG1,TLL5,2014,1315
TLG1,TLN0,2014,116
TLG2,S92000003,2014,835
TLG2,TLC3,2014,197
TLG2,TLC4,2014,718
TLG2,TLD1,2014,265
TLG2,TLD3,2014,2322
TLG2,TLD4,2014,1078
TLG2,TLD6,2014,2998
TLG2,TLD7,2014,1357
TLG2,TLE1,2014,391
TLG2,TLE2,2014,515
TLG2,TLE3,2014,934
TLG2,TLE4,2014,1314
TLG2,TLF1,2014,5015
TLG2,TLF2,2014,1783
TLG2,TLF3,2014,542
TLG2,TLG1,2014,3145
TLG2,TLG3,2014,7935
TLG2,TLH2,2014,598
TLG2,TLH3,2014,425
TLG2,TLH4,2014,505
TLG2,TLH5,2014,348
TLG2,TLH6,2014,259
TLG2,TLI3,2014,568
TLG2,TLI4,2014,1002
TLG2,TLI5,2014,461
TLG2,TLI6,2014,322
TLG2,TLI7,2014,577
TLG2,TLJ1,2014,1293
TLG2,TLJ2,2014,887
TLG2,TLJ3,2014,772
TLG2,TLJ4,2014,507
TLG2,TLK3,2014,517
TLG2,TLK4,2014,907
TLG2,TLK5,2014,621
TLG2,TLK6,2014,824
TLG2,TLK7,2014,941
TLG2,TLL3,2014,1485
TLG2,TLL4,2014,1764
TLG2,TLL5,2014,686
TLG2,TLN0,2014,157
TLG3,S92000003,2014,1268
TLG3,TLC3,2014,423
TLG3,TLC4,2014,1023
TLG3,TLD1,2014,352
TLG3,TLD3,2014,3410
TLG3,TLD4,2014,1548
TLG3,TLD6,2014,1028
TLG3,TLD7,2014,1400
TLG3,TLE1,2014,633
TLG3,TLE2,2014,636
TLG3,TLE3,2014,1682
TLG3,TLE4,2014,2704
TLG3,TLF1,2014,4686
TLG3,TLF2,2014,5227
TLG3,TLF3,2014,820
TLG3,TLG1,2014,16219
TLG3,TLG2,2014,11329
TLG3,TLH2,2014,2271
TLG3,TLH3,2014,1164
TLG3,TLH4,2014,1244
TLG3,TLH5,2014,628
TLG3,TLH6,2014,439
TLG3,TLI3,2014,2325
TLG3,TLI4,2014,4350
TLG3,TLI5,2014,2204
TLG3,TLI6,2014,1381
TLG3,TLI7,2014,3553
TLG3,TLJ1,2014,4008
TLG3,TLJ2,2014,2175
TLG3,TLJ3,2014,1632
TLG3,TLJ4,2014,1213
TLG3,TLK3,2014,829
TLG3,TLK4,2014,1917
TLG3,TLK5,2014,1449
TLG3,TLK6,2014,1836
TLG3,TLK7,2014,1826
TLG3,TLL3,2014,958
TLG3,TLL4,2014,1205
TLG3,TLL5,2014,1324
TLG3,TLN0,2014,295
TLH2,S92000003,2014,1247
TLH2,TLC3,2014,222
TLH2,TLC4,2014,1044
TLH2,TLD1,2014,241
TLH2,TLD3,2014,1360
TLH2,TLD4,2014,572
TLH2,TLD6,2014,422
TLH2,TLD7,2014,622
TLH2,TLE1,2014,411
TLH2,TLE2,2014,688
TLH2,TLE3,2014,878
TLH2,TLE4,2014,1613
TLH2,TLF1,2014,2492
TLH2,TLF2,2014,4260
TLH2,TLF3,2014,1155
TLH2,TLG1,2014,958
TLH2,TLG2,2014,802
TLH2,TLG3,2014,2719
TLH2,TLH3,2014,5426
TLH2,TLH4,2014,3935
TLH2,TLH5,2014,1841
TLH2,TLH6,2014,1163
TLH2,TLI3,2014,2423
TLH2,TLI4,2014,4681
TLH2,TLI5,2014,3253
TLH2,TLI6,2014,1200
TLH2,TLI7,2014,4832
TLH2,TLJ1,2014,7680
TLH2,TLJ2,2014,3538
TLH2,TLJ3,2014,2378
TLH2,TLJ4,2014,2016
TLH2,TLK3,2014,648
TLH2,TLK4,2014,1486
TLH2,TLK5,2014,1100
TLH2,TLK6,2014,1850
TLH2,TLK7,2014,1076
TLH2,TLL3,2014,244
TLH2,TLL4,2014,540
TLH2,TLL5,2014,635
TLH2,TLN0,2014,251
TLH3,S92000003,2014,1066
TLH3,TLC3,2014,165
TLH3,TLC4,2014,617
TLH3,TLD1,2014,118
TLH3,TLD3,2014,593
TLH3,TLD4,2014,409
TLH3,TLD6,2014,230
TLH3,TLD7,2014,404
TLH3,TLE1,2014,281
TLH3,TLE2,2014,433
TLH3,TLE3,2014,479
TLH3,TLE4,2014,742
TLH3,TLF1,2014,1174
TLH3,TLF2,2014,1256
TLH3,TLF3,2014,729
TLH3,TLG1,2014,505
TLH3,TLG2,2014,500
TLH3,TLG3,2014,1068
TLH3,TLH2,2014,4587
TLH3,TLH4,2014,1959
TLH3,TLH5,2014,2041
TLH3,TLH6,2014,4840
TLH3,TLI3,2014,1410
TLH3,TLI4,2014,3709
TLH3,TLI5,2014,5485
TLH3,TLI6,2014,908
TLH3,TLI7,2014,1320
TLH3,TLJ1,2014,1928
TLH3,TLJ2,2014,2532
TLH3,TLJ3,2014,1559
TLH3,TLJ4,2014,2813
TLH3,TLK3,2014,468
TLH3,TLK4,2014,968
TLH3,TLK5,2014,507
TLH3,TLK6,2014,970
TLH3,TLK7,2014,550
TLH3,TLL3,2014,228
TLH3,TLL4,2014,338
TLH3,TLL5,2014,384
TLH3,TLN0,2014,205
TLH4,S92000003,2014,983
TLH4,TLC3,2014,158
TLH4,TLC4,2014,700
TLH4,TLD1,2014,120
TLH4,TLD3,2014,806
TLH4,TLD4,2014,346
TLH4,TLD6,2014,179
TLH4,TLD7,2014,313
TLH4,TLE1,2014,341
TLH4,TLE2,2014,522
TLH4,TLE3,2014,715
TLH4,TLE4,2014,1002
TLH4,TLF1,2014,1420
TLH4,TLF2,2014,2355
TLH4,TLF3,2014,3043
TLH4,TLG1,2014,439
TLH4,TLG2,2014,383
TLH4,TLG3,2014,1236
TLH4,TLH2,2014,2585
TLH4,TLH3,2014,1508
TLH4,TLH5,2014,2504
TLH4,TLH6,2014,2415
TLH4,TLI3,2014,1892
TLH4,TLI4,2014,2956
TLH4,TLI5,2014,836
TLH4,TLI6,2014,635
TLH4,TLI7,2014,1144
TLH4,TLJ1,2014,1871
TLH4,TLJ2,2014,1346
TLH4,TLJ3,2014,738
TLH4,TLJ4,2014,838
TLH4,TLK3,2014,280
TLH4,TLK4,2014,513
TLH4,TLK5,2014,612
TLH4,TLK6,2014,526
TLH4,TLK7,2014,527
TLH4,TLL3,2014,118
TLH4,TLL4,2014,217
TLH4,TLL5,2014,350
TLH4,TLN0,2014,176
TLH5,S92000003,2014,582
TLH5,TLC3,2014,94
TLH5,TLC4,2014,429
TLH5,TLD1,2014,86
TLH5,TLD3,2014,432
TLH5,TLD4,2014,243
TLH5,TLD6,2014,171
TLH5,TLD7,2014,222
TLH5,TLE1,2014,282
TLH5,TLE2,2014,351
TLH5,TLE3,2014,440
TLH5,TLE4,2014,474
TLH5,TLF1,2014,826
TLH5,TLF2,2014,917
TLH5,TLF3,2014,1251
TLH5,TLG1,2014,291
TLH5,TLG2,2014,344
TLH5,TLG3,2014,631
TLH5,TLH2,2014,960
TLH5,TLH3,2014,1364
TLH5,TLH4,2014,2325
TLH5,TLH6,2014,3930
TLH5,TLI3,2014,666
TLH5,TLI4,2014,1277
TLH5,TLI5,2014,649
TLH5,TLI6,2014,318
TLH5,TLI7,2014,577
TLH5,TLJ1,2014,909
TLH5,TLJ2,2014,1058
TLH5,TLJ3,2014,573
TLH5,TLJ4,2014,766
TLH5,TLK3,2014,178
TLH5,TLK4,2014,425
TLH5,TLK5,2014,312
TLH5,TLK6,2014,403
TLH5,TLK7,2014,356
TLH5,TLL3,2014,100
TLH5,TLL4,2014,178
TLH5,TLL5,2014,206
TLH5,TLN0,2014,104
TLH6,S92000003,2014,509
TLH6,TLC3,2014,74
TLH6,TLC4,2014,372
TLH6,TLD1,2014,81
TLH6,TLD3,2014,396
TLH6,TLD4,2014,172
TLH6,TLD6,2014,113
TLH6,TLD7,2014,195
TLH6,TLE1,2014,197
TLH6,TLE2,2014,345
TLH6,TLE3,2014,288
TLH6,TLE4,2014,409
TLH6,TLF1,2014,571
TLH6,TLF2,2014,580
TLH6,TLF3,2014,444
TLH6,TLG1,2014,329
TLH6,TLG2,2014,312
TLH6,TLG3,2014,488
TLH6,TLH2,2014,735
TLH6,TLH3,2014,2950
TLH6,TLH4,2014,2148
TLH6,TLH5,2014,4434
TLH6,TLI3,2014,524
TLH6,TLI4,2014,967
TLH6,TLI5,2014,455
TLH6,TLI6,2014,197
TLH6,TLI7,2014,446
TLH6,TLJ1,2014,808
TLH6,TLJ2,2014,849
TLH6,TLJ3,2014,608
TLH6,TLJ4,2014,626
TLH6,TLK3,2014,204
TLH6,TLK4,2014,347
TLH6,TLK5,2014,334
TLH6,TLK6,2014,379
TLH6,TLK7,2014,381
TLH6,TLL3,2014,115
TLH6,TLL4,2014,201
TLH6,TLL5,2014,163
TLH6,TLN0,2014,91
TLI3,S92000003,2014,1316
TLI3,TLC3,2014,153
TLI3,TLC4,2014,790
TLI3,TLD1,2014,124
TLI3,TLD3,2014,1383
TLI3,TLD4,2014,316
TLI3,TLD6,2014,371
TLI3,TLD7,2014,496
TLI3,TLE1,2014,292
TLI3,TLE2,2014,531
TLI3,TLE3,2014,417
TLI3,TLE4,2014,915
TLI3,TLF1,2014,842
TLI3,TLF2,2014,1028
TLI3,TLF3,2014,240
TLI3,TLG1,2014,624
TLI3,TLG2,2014,384
TLI3,TLG3,2014,1624
TLI3,TLH2,2014,3756
TLI3,TLH3,2014,1751
TLI3,TLH4,2014,1520
TLI3,TLH5,2014,578
TLI3,TLH6,2014,500
TLI3,TLI4,2014,28759
TLI3,TLI5,2014,5133
TLI3,TLI6,2014,10889
TLI3,TLI7,2014,18670
TLI3,TLJ1,2014,6093
TLI3,TLJ2,2014,7909
TLI3,TLJ3,2014,2324
TLI3,TLJ4,2014,2595
TLI3,TLK3,2014,345
TLI3,TLK4,2014,916
TLI3,TLK5,2014,1525
TLI3,TLK6,2014,1530
TLI3,TLK7,2014,1279
TLI3,TLL3,2014,118
TLI3,TLL4,2014,340
TLI3,TLL5,2014,676
TLI3,TLN0,2014,229
TLI4,S92000003,2014,2198
TLI4,TLC3,2014,332
TLI4,TLC4,2014,1309
TLI4,TLD1,2014,204
TLI4,TLD3,2014,3225
TLI4,TLD4,2014,898
TLI4,TLD6,2014,534
TLI4,TLD7,2014,990
TLI4,TLE1,2014,526
TLI4,TLE2,2014,697
TLI4,TLE3,2014,988
TLI4,TLE4,2014,2134
TLI4,TLF1,2014,2022
TLI4,TLF2,2014,2620
TLI4,TLF3,2014,624
TLI4,TLG1,2014,945
TLI4,TLG2,2014,833
TLI4,TLG3,2014,4567
TLI4,TLH2,2014,7537
TLI4,TLH3,2014,7501
TLI4,TLH4,2014,2142
TLI4,TLH5,2014,1237
TLI4,TLH6,2014,1120
TLI4,TLI3,2014,21265
TLI4,TLI5,2014,39102
TLI4,TLI6,2014,19073
TLI4,TLI7,2014,15008
TLI4,TLJ1,2014,5767
TLI4,TLJ2,2014,9125
TLI4,TLJ3,2014,2908
TLI4,TLJ4,2014,8562
TLI4,TLK3,2014,628
TLI4,TLK4,2014,1445
TLI4,TLK5,2014,2310
TLI4,TLK6,2014,2183
TLI4,TLK7,2014,1424
TLI4,TLL3,2014,278
TLI4,TLL4,2014,626
TLI4,TLL5,2014,1032
TLI4,TLN0,2014,393
TLI5,S92000003,2014,948
TLI5,TLC3,2014,242
TLI5,TLC4,2014,689
TLI5,TLD1,2014,118
TLI5,TLD3,2014,1796
TLI5,TLD4,2014,496
TLI5,TLD6,2014,230
TLI5,TLD7,2014,613
TLI5,TLE1,2014,337
TLI5,TLE2,2014,328
TLI5,TLE3,2014,642
TLI5,TLE4,2014,1276
TLI5,TLF1,2014,1718
TLI5,TLF2,2014,1959
TLI5,TLF3,2014,460
TLI5,TLG1,2014,499
TLI5,TLG2,2014,613
TLI5,TLG3,2014,3320
TLI5,TLH2,2014,7171
TLI5,TLH3,2014,16167
TLI5,TLH4,2014,1404
TLI5,TLH5,2014,1173
TLI5,TLH6,2014,1144
TLI5,TLI3,2014,3514
TLI5,TLI4,2014,20175
TLI5,TLI6,2014,4699
TLI5,TLI7,2014,7047
TLI5,TLJ1,2014,2835
TLI5,TLJ2,2014,3930
TLI5,TLJ3,2014,1895
TLI5,TLJ4,2014,10032
TLI5,TLK3,2014,321
TLI5,TLK4,2014,873
TLI5,TLK5,2014,807
TLI5,TLK6,2014,1197
TLI5,TLK7,2014,585
TLI5,TLL3,2014,176
TLI5,TLL4,2014,446
TLI5,TLL5,2014,555
TLI5,TLN0,2014,183
TLI6,S92000003,2014,901
TLI6,TLC3,2014,148
TLI6,TLC4,2014,629
TLI6,TLD1,2014,138
TLI6,TLD3,2014,998
TLI6,TLD4,2014,410
TLI6,TLD6,2014,193
TLI6,TLD7,2014,445
TLI6,TLE1,2014,239
TLI6,TLE2,2014,331
TLI6,TLE3,2014,418
TLI6,TLE4,2014,838
TLI6,TLF1,2014,1029
TLI6,TLF2,2014,1190
TLI6,TLF3,2014,340
TLI6,TLG1,2014,450
TLI6,TLG2,2014,383
TLI6,TLG3,2014,1727
TLI6,TLH2,2014,1829
TLI6,TLH3,2014,1588
TLI6,TLH4,2014,788
TLI6,TLH5,2014,623
TLI6,TLH6,2014,453
TLI6,TLI3,2014,5627
TLI6,TLI4,2014,9799
TLI6,TLI5,2014,4111
TLI6,TLI7,2014,4004
TLI6,TLJ1,2014,2791
TLI6,TLJ2,2014,16264
TLI6,TLJ3,2014,2975
TLI6,TLJ4,2014,6985
TLI6,TLK3,2014,410
TLI6,TLK4,2014,959
TLI6,TLK5,2014,982
TLI6,TLK6,2014,1577
TLI6,TLK7,2014,746
TLI6,TLL3,2014,124
TLI6,TLL4,2014,337
TLI6,TLL5,2014,544
TLI6,TLN0,2014,230
TLI7,S92000003,2014,1562
TLI7,TLC3,2014,271
TLI7,TLC4,2014,1194
TLI7,TLD1,2014,190
TLI7,TLD3,2014,2367
TLI7,TLD4,2014,581
TLI7,TLD6,2014,418
TLI7,TLD7,2014,785
TLI7,TLE1,2014,378
TLI7,TLE2,2014,535
TLI7,TLE3,2014,668
TLI7,TLE4,2014,1594
TLI7,TLF1,2014,2060
TLI7,TLF2,2014,2707
TLI7,TLF3,2014,488
TLI7,TLG1,2014,816
TLI7,TLG2,2014,654
TLI7,TLG3,2014,4238
TLI7,TLH2,2014,13193
TLI7,TLH3,2014,2553
TLI7,TLH4,2014,1600
TLI7,TLH5,2014,852
TLI7,TLH6,2014,651
TLI7,TLI3,2014,12092
TLI7,TLI4,2014,13417
TLI7,TLI5,2014,7715
TLI7,TLI6,2014,5474
TLI7,TLJ1,2014,12414
TLI7,TLJ2,2014,10500
TLI7,TLJ3,2014,3667
TLI7,TLJ4,2014,3031
TLI7,TLK3,2014,553
TLI7,TLK4,2014,1434
TLI7,TLK5,2014,1797
TLI7,TLK6,2014,2271
TLI7,TLK7,2014,1415
TLI7,TLL3,2014,241
TLI7,TLL4,2014,557
TLI7,TLL5,2014,968
TLI7,TLN0,2014,316
TLJ1,S92000003,2014,2241
TLJ1,TLC3,2014,300
TLJ1,TLC4,2014,1634
TLJ1,TLD1,2014,413
TLJ1,TLD3,2014,2143
TLJ1,TLD4,2014,1074
TLJ1,TLD6,2014,728
TLJ1,TLD7,2014,995
TLJ1,TLE1,2014,562
TLJ1,TLE2,2014,952
TLJ1,TLE3,2014,997
TLJ1,TLE4,2014,1758
TLJ1,TLF1,2014,2549
TLJ1,TLF2,2014,6044
TLJ1,TLF3,2014,1119
TLJ1,TLG1,2014,3050
TLJ1,TLG2,2014,1400
TLJ1,TLG3,2014,4265
TLJ1,TLH2,2014,5932
TLJ1,TLH3,2014,1713
TLJ1,TLH4,2014,2142
TLJ1,TLH5,2014,1240
TLJ1,TLH6,2014,847
TLJ1,TLI3,2014,5889
TLJ1,TLI4,2014,6836
TLJ1,TLI5,2014,1923
TLJ1,TLI6,2014,1871
TLJ1,TLI7,2014,5679
TLJ1,TLJ2,2014,8349
TLJ1,TLJ3,2014,7896
TLJ1,TLJ4,2014,2503
TLJ1,TLK3,2014,1252
TLJ1,TLK4,2014,3270
TLJ1,TLK5,2014,3084
TLJ1,TLK6,2014,4459
TLJ1,TLK7,2014,6028
TLJ1,TLL3,2014,478
TLJ1,TLL4,2014,1277
TLJ1,TLL5,2014,1809
TLJ1,TLN0,2014,361
TLJ2,S92000003,2014,2215
TLJ2,TLC3,2014,317
TLJ2,TLC4,2014,1382
TLJ2,TLD1,2014,288
TLJ2,TLD3,2014,1484
TLJ2,TLD4,2014,697
TLJ2,TLD6,2014,589
TLJ2,TLD7,2014,731
TLJ2,TLE1,2014,449
TLJ2,TLE2,2014,856
TLJ2,TLE3,2014,806
TLJ2,TLE4,2014,1496
TLJ2,TLF1,2014,1794
TLJ2,TLF2,2014,2036
TLJ2,TLF3,2014,780
TLJ2,TLG1,2014,1223
TLJ2,TLG2,2014,957
TLJ2,TLG3,2014,2169
TLJ2,TLH2,2014,2873
TLJ2,TLH3,2014,2383
TLJ2,TLH4,2014,1541
TLJ2,TLH5,2014,1374
TLJ2,TLH6,2014,835
TLJ2,TLI3,2014,5428
TLJ2,TLI4,2014,7687
TLJ2,TLI5,2014,2382
TLJ2,TLI6,2014,7107
TLJ2,TLI7,2014,5067
TLJ2,TLJ1,2014,8545
TLJ2,TLJ3,2014,12671
TLJ2,TLJ4,2014,7697
TLJ2,TLK3,2014,1362
TLJ2,TLK4,2014,3478
TLJ2,TLK5,2014,2676
TLJ2,TLK6,2014,4626
TLJ2,TLK7,2014,2593
TLJ2,TLL3,2014,424
TLJ2,TLL4,2014,1055
TLJ2,TLL5,2014,1207
TLJ2,TLN0,2014,359
TLJ3,S92000003,2014,1580
TLJ3,TLC3,2014,259
TLJ3,TLC4,2014,844
TLJ3,TLD1,2014,253
TLJ3,TLD3,2014,909
TLJ3,TLD4,2014,535
TLJ3,TLD6,2014,458
TLJ3,TLD7,2014,519
TLJ3,TLE1,2014,357
TLJ3,TLE2,2014,625
TLJ3,TLE3,2014,527
TLJ3,TLE4,2014,831
TLJ3,TLF1,2014,1125
TLJ3,TLF2,2014,1310
TLJ3,TLF3,2014,541
TLJ3,TLG1,2014,1118
TLJ3,TLG2,2014,823
TLJ3,TLG3,2014,1637
TLJ3,TLH2,2014,1866
TLJ3,TLH3,2014,1629
TLJ3,TLH4,2014,890
TLJ3,TLH5,2014,641
TLJ3,TLH6,2014,669
TLJ3,TLI3,2014,2276
TLJ3,TLI4,2014,3311
TLJ3,TLI5,2014,1449
TLJ3,TLI6,2014,2008
TLJ3,TLI7,2014,2323
TLJ3,TLJ1,2014,7025
TLJ3,TLJ2,2014,10385
TLJ3,TLJ4,2014,2496
TLJ3,TLK3,2014,1248
TLJ3,TLK4,2014,2825
TLJ3,TLK5,2014,2166
TLJ3,TLK6,2014,7164
TLJ3,TLK7,2014,4345
TLJ3,TLL3,2014,289
TLJ3,TLL4,2014,872
TLJ3,TLL5,2014,1434
TLJ3,TLN0,2014,262
TLJ4,S92000003,2014,1193
TLJ4,TLC3,2014,152
TLJ4,TLC4,2014,827
TLJ4,TLD1,2014,162
TLJ4,TLD3,2014,903
TLJ4,TLD4,2014,585
TLJ4,TLD6,2014,334
TLJ4,TLD7,2014,490
TLJ4,TLE1,2014,342
TLJ4,TLE2,2014,466
TLJ4,TLE3,2014,492
TLJ4,TLE4,2014,1004
TLJ4,TLF1,2014,1255
TLJ4,TLF2,2014,1347
TLJ4,TLF3,2014,681
TLJ4,TLG1,2014,526
TLJ4,TLG2,2014,519
TLJ4,TLG3,2014,1330
TLJ4,TLH2,2014,1628
TLJ4,TLH3,2014,2971
TLJ4,TLH4,2014,1000
TLJ4,TLH5,2014,1094
TLJ4,TLH6,2014,707
TLJ4,TLI3,2014,2018
TLJ4,TLI4,2014,4044
TLJ4,TLI5,2014,4571
TLJ4,TLI6,2014,3052
TLJ4,TLI7,2014,1948
TLJ4,TLJ1,2014,2610
TLJ4,TLJ2,2014,8050
TLJ4,TLJ3,2014,2673
TLJ4,TLK3,2014,612
TLJ4,TLK4,2014,1326
TLJ4,TLK5,2014,923
TLJ4,TLK6,2014,1491
TLJ4,TLK7,2014,902
TLJ4,TLL3,2014,248
TLJ4,TLL4,2014,538
TLJ4,TLL5,2014,593
TLJ4,TLN0,2014,277
TLK3,S92000003,2014,457
TLK3,TLC3,2014,51
TLK3,TLC4,2014,218
TLK3,TLD1,2014,77
TLK3,TLD3,2014,308
TLK3,TLD4,2014,167
TLK3,TLD6,2014,122
TLK3,TLD7,2014,169
TLK3,TLE1,2014,118
TLK3,TLE2,2014,151
TLK3,TLE3,2014,186
TLK3,TLE4,2014,232
TLK3,TLF1,2014,422
TLK3,TLF2,2014,360
TLK3,TLF3,2014,207
TLK3,TLG1,2014,403
TLK3,TLG2,2014,397
TLK3,TLG3,2014,429
TLK3,TLH2,2014,307
TLK3,TLH3,2014,297
TLK3,TLH4,2014,176
TLK3,TLH5,2014,252
TLK3,TLH6,2014,154
TLK3,TLI3,2014,431
TLK3,TLI4,2014,570
TLK3,TLI5,2014,195
TLK3,TLI6,2014,211
TLK3,TLI7,2014,341
TLK3,TLJ1,2014,690
TLK3,TLJ2,2014,976
TLK3,TLJ3,2014,964
TLK3,TLJ4,2014,433
TLK3,TLK4,2014,5082
TLK3,TLK5,2014,1182
TLK3,TLK6,2014,1319
TLK3,TLK7,2014,885
TLK3,TLL3,2014,123
TLK3,TLL4,2014,279
TLK3,TLL5,2014,590
TLK3,TLN0,2014,63
TLK4,S92000003,2014,850
TLK4,TLC3,2014,97
TLK4,TLC4,2014,448
TLK4,TLD1,2014,183
TLK4,TLD3,2014,647
TLK4,TLD4,2014,340
TLK4,TLD6,2014,337
TLK4,TLD7,2014,375
TLK4,TLE1,2014,199
TLK4,TLE2,2014,302
TLK4,TLE3,2014,274
TLK4,TLE4,2014,532
TLK4,TLF1,2014,715
TLK4,TLF2,2014,672
TLK4,TLF3,2014,309
TLK4,TLG1,2014,986
TLK4,TLG2,2014,675
TLK4,TLG3,2014,1114
TLK4,TLH2,2014,858
TLK4,TLH3,2014,720
TLK4,TLH4,2014,425
TLK4,TLH5,2014,370
TLK4,TLH6,2014,288
TLK4,TLI3,2014,1175
TLK4,TLI4,2014,1676
TLK4,TLI5,2014,570
TLK4,TLI6,2014,632
TLK4,TLI7,2014,894
TLK4,TLJ1,2014,2181
TLK4,TLJ2,2014,2311
TLK4,TLJ3,2014,2193
TLK4,TLJ4,2014,940
TLK4,TLK3,2014,4694
TLK4,TLK5,2014,3067
TLK4,TLK6,2014,6433
TLK4,TLK7,2014,2309
TLK4,TLL3,2014,221
TLK4,TLL4,2014,715
TLK4,TLL5,2014,1485
TLK4,TLN0,2014,137
TLK5,S92000003,2014,731
TLK5,TLC3,2014,107
TLK5,TLC4,2014,443
TLK5,TLD1,2014,110
TLK5,TLD3,2014,930
TLK5,TLD4,2014,329
TLK5,TLD6,2014,263
TLK5,TLD7,2014,382
TLK5,TLE1,2014,116
TLK5,TLE2,2014,363
TLK5,TLE3,2014,392
TLK5,TLE4,2014,570
TLK5,TLF1,2014,773
TLK5,TLF2,2014,638
TLK5,TLF3,2014,174
TLK5,TLG1,2014,1161
TLK5,TLG2,2014,541
TLK5,TLG3,2014,1396
TLK5,TLH2,2014,891
TLK5,TLH3,2014,579
TLK5,TLH4,2014,536
TLK5,TLH5,2014,232
TLK5,TLH6,2014,215
TLK5,TLI3,2014,2052
TLK5,TLI4,2014,2893
TLK5,TLI5,2014,683
TLK5,TLI6,2014,849
TLK5,TLI7,2014,1418
TLK5,TLJ1,2014,2770
TLK5,TLJ2,2014,2197
TLK5,TLJ3,2014,1764
TLK5,TLJ4,2014,699
TLK5,TLK3,2014,1051
TLK5,TLK4,2014,2939
TLK5,TLK6,2014,8439
TLK5,TLK7,2014,6958
TLK5,TLL3,2014,171
TLK5,TLL4,2014,973
TLK5,TLL5,2014,2815
TLK5,TLN0,2014,146
TLK6,S92000003,2014,965
TLK6,TLC3,2014,132
TLK6,TLC4,2014,531
TLK6,TLD1,2014,167
TLK6,TLD3,2014,780
TLK6,TLD4,2014,438
TLK6,TLD6,2014,301
TLK6,TLD7,2014,405
TLK6,TLE1,2014,252
TLK6,TLE2,2014,382
TLK6,TLE3,2014,391
TLK6,TLE4,2014,539
TLK6,TLF1,2014,834
TLK6,TLF2,2014,878
TLK6,TLF3,2014,315
TLK6,TLG1,2014,984
TLK6,TLG2,2014,691
TLK6,TLG3,2014,1311
TLK6,TLH2,2014,1181
TLK6,TLH3,2014,719
TLK6,TLH4,2014,498
TLK6,TLH5,2014,366
TLK6,TLH6,2014,338
TLK6,TLI3,2014,1591
TLK6,TLI4,2014,2166
TLK6,TLI5,2014,690
TLK6,TLI6,2014,850
TLK6,TLI7,2014,1373
TLK6,TLJ1,2014,2798
TLK6,TLJ2,2014,3392
TLK6,TLJ3,2014,6346
TLK6,TLJ4,2014,1155
TLK6,TLK3,2014,1536
TLK6,TLK4,2014,6398
TLK6,TLK5,2014,6310
TLK6,TLK7,2014,4723
TLK6,TLL3,2014,228
TLK6,TLL4,2014,825
TLK6,TLL5,2014,1899
TLK6,TLN0,2014,139
TLK7,S92000003,2014,980
TLK7,TLC3,2014,109
TLK7,TLC4,2014,574
TLK7,TLD1,2014,158
TLK7,TLD3,2014,772
TLK7,TLD4,2014,427
TLK7,TLD6,2014,288
TLK7,TLD7,2014,411
TLK7,TLE1,2014,203
TLK7,TLE2,2014,457
TLK7,TLE3,2014,401
TLK7,TLE4,2014,612
TLK7,TLF1,2014,922
TLK7,TLF2,2014,934
TLK7,TLF3,2014,384
TLK7,TLG1,2014,3324
TLK7,TLG2,2014,701
TLK7,TLG3,2014,1525
TLK7,TLH2,2014,702
TLK7,TLH3,2014,538
TLK7,TLH4,2014,456
TLK7,TLH5,2014,347
TLK7,TLH6,2014,341
TLK7,TLI3,2014,1311
TLK7,TLI4,2014,1451
TLK7,TLI5,2014,435
TLK7,TLI6,2014,455
TLK7,TLI7,2014,1022
TLK7,TLJ1,2014,4143
TLK7,TLJ2,2014,1915
TLK7,TLJ3,2014,3628
TLK7,TLJ4,2014,797
TLK7,TLK3,2014,994
TLK7,TLK4,2014,2499
TLK7,TLK5,2014,5241
TLK7,TLK6,2014,4591
TLK7,TLL3,2014,224
TLK7,TLL4,2014,1069
TLK7,TLL5,2014,2330
TLK7,TLN0,2014,214
TLL3,S92000003,2014,480
TLL3,TLC3,2014,91
TLL3,TLC4,2014,290
TLL3,TLD1,2014,167
TLL3,TLD3,2014,1950
TLL3,TLD4,2014,770
TLL3,TLD6,2014,2700
TLL3,TLD7,2014,2289
TLL3,TLE1,2014,107
TLL3,TLE2,2014,220
TLL3,TLE3,2014,251
TLL3,TLE4,2014,535
TLL3,TLF1,2014,472
TLL3,TLF2,2014,320
TLL3,TLF3,2014,103
TLL3,TLG1,2014,320
TLL3,TLG2,2014,1578
TLL3,TLG3,2014,659
TLL3,TLH2,2014,196
TLL3,TLH3,2014,168
TLL3,TLH4,2014,125
TLL3,TLH5,2014,106
TLL3,TLH6,2014,94
TLL3,TLI3,2014,193
TLL3,TLI4,2014,411
TLL3,TLI5,2014,150
TLL3,TLI6,2014,129
TLL3,TLI7,2014,180
TLL3,TLJ1,2014,387
TLL3,TLJ2,2014,361
TLL3,TLJ3,2014,271
TLL3,TLJ4,2014,209
TLL3,TLK3,2014,113
TLL3,TLK4,2014,235
TLL3,TLK5,2014,221
TLL3,TLK6,2014,266
TLL3,TLK7,2014,220
TLL3,TLL4,2014,1093
TLL3,TLL5,2014,1027
TLL3,TLN0,2014,87
TLL4,S92000003,2014,558
TLL4,TLC3,2014,71
TLL4,TLC4,2014,291
TLL4,TLD1,2014,100
TLL4,TLD3,2014,690
TLL4,TLD4,2014,376
TLL4,TLD6,2014,347
TLL4,TLD7,2014,434
TLL4,TLE1,2014,166
TLL4,TLE2,2014,156
TLL4,TLE3,2014,246
TLL4,TLE4,2014,333
TLL4,TLF1,2014,459
TLL4,TLF2,2014,537
TLL4,TLF3,2014,196
TLL4,TLG1,2014,1213
TLL4,TLG2,2014,1903
TLL4,TLG3,2014,1204
TLL4,TLH2,2014,460
TLL4,TLH3,2014,324
TLL4,TLH4,2014,270
TLL4,TLH5,2014,199
TLL4,TLH6,2014,166
TLL4,TLI3,2014,491
TLL4,TLI4,2014,767
TLL4,TLI5,2014,314
TLL4,TLI6,2014,296
TLL4,TLI7,2014,450
TLL4,TLJ1,2014,1146
TLL4,TLJ2,2014,872
TLL4,TLJ3,2014,815
TLL4,TLJ4,2014,447
TLL4,TLK3,2014,326
TLL4,TLK4,2014,732
TLL4,TLK5,2014,1227
TLL4,TLK6,2014,848
TLL4,TLK7,2014,1103
TLL4,TLL3,2014,1154
TLL4,TLL5,2014,7572
TLL4,TLN0,2014,88
TLL5,S92000003,2014,699
TLL5,TLC3,2014,115
TLL5,TLC4,2014,364
TLL5,TLD1,2014,103
TLL5,TLD3,2014,979
TLL5,TLD4,2014,300
TLL5,TLD6,2014,326
TLL5,TLD7,2014,444
TLL5,TLE1,2014,200
TLL5,TLE2,2014,191
TLL5,TLE3,2014,415
TLL5,TLE4,2014,597
TLL5,TLF1,2014,633
TLL5,TLF2,2014,735
TLL5,TLF3,2014,190
TLL5,TLG1,2014,1361
TLL5,TLG2,2014,659
TLL5,TLG3,2014,1392
TLL5,TLH2,2014,631
TLL5,TLH3,2014,379
TLL5,TLH4,2014,376
TLL5,TLH5,2014,195
TLL5,TLH6,2014,217
TLL5,TLI3,2014,1051
TLL5,TLI4,2014,1501
TLL5,TLI5,2014,540
TLL5,TLI6,2014,475
TLL5,TLI7,2014,962
TLL5,TLJ1,2014,1743
TLL5,TLJ2,2014,1246
TLL5,TLJ3,2014,1219
TLL5,TLJ4,2014,528
TLL5,TLK3,2014,570
TLL5,TLK4,2014,1470
TLL5,TLK5,2014,2835
TLL5,TLK6,2014,1754
TLL5,TLK7,2014,2457
TLL5,TLL3,2014,934
TLL5,TLL4,2014,7523
TLL5,TLN0,2014,183
TLN0,S92000003,2014,2613
TLN0,TLC3,2014,103
TLN0,TLC4,2014,596
TLN0,TLD1,2014,118
TLN0,TLD3,2014,667
TLN0,TLD4,2014,245
TLN0,TLD6,2014,183
TLN0,TLD7,2014,862
TLN0,TLE1,2014,98
TLN0,TLE2,2014,129
TLN0,TLE3,2014,156
TLN0,TLE4,2014,276
TLN0,TLF1,2014,269
TLN0,TLF2,2014,222
TLN0,TLF3,2014,79
TLN0,TLG1,2014,113
TLN0,TLG2,2014,188
TLN0,TLG3,2014,338
TLN0,TLH2,2014,205
TLN0,TLH3,2014,176
TLN0,TLH4,2014,203
TLN0,TLH5,2014,99
TLN0,TLH6,2014,67
TLN0,TLI3,2014,271
TLN0,TLI4,2014,539
TLN0,TLI5,2014,164
TLN0,TLI6,2014,172
TLN0,TLI7,2014,288
TLN0,TLJ1,2014,304
TLN0,TLJ2,2014,302
TLN0,TLJ3,2014,248
TLN0,TLJ4,2014,238
TLN0,TLK3,2014,50
TLN0,TLK4,2014,187
TLN0,TLK5,2014,222
TLN0,TLK6,2014,147
TLN0,TLK7,2014,149
TLN0,TLL3,2014,95
TLN0,TLL4,2014,110
TLN0,TLL5,2014,192
S92000003,TLC3,2015,549
S92000003,TLC4,2015,2799
S92000003,TLD1,2015,1157
S92000003,TLD3,2015,1971
S92000003,TLD4,2015,1363
S92000003,TLD6,2015,639
S92000003,TLD7,2015,869
S92000003,TLE1,2015,451
S92000003,TLE2,2015,1118
S92000003,TLE3,2015,691
S92000003,TLE4,2015,1430
S92000003,TLF1,2015,961
S92000003,TLF2,2015,866
S92000003,TLF3,2015,478
S92000003,TLG1,2015,595
S92000003,TLG2,2015,682
S92000003,TLG3,2015,946
S92000003,TLH2,2015,795
S92000003,TLH3,2015,601
S92000003,TLH4,2015,725
S92000003,TLH5,2015,508
S92000003,TLH6,2015,402
S92000003,TLI3,2015,1729
S92000003,TLI4,2015,2291
S92000003,TLI5,2015,605
S92000003,TLI6,2015,642
S92000003,TLI7,2015,1114
S92000003,TLJ1,2015,1531
S92000003,TLJ2,2015,1670
S92000003,TLJ3,2015,1188
S92000003,TLJ4,2015,764
S92000003,TLK3,2015,337
S92000003,TLK4,2015,758
S92000003,TLK5,2015,722
S92000003,TLK6,2015,807
S92000003,TLK7,2015,776
S92000003,TLL3,2015,329
S92000003,TLL4,2015,446
S92000003,TLL5,2015,550
S92000003,TLN0,2015,1932
TLC3,S92000003,2015,655
TLC3,TLC4,2015,5340
TLC3,TLD1,2015,262
TLC3,TLD3,2015,854
TLC3,TLD4,2015,391
TLC3,TLD6,2015,168
TLC3,TLD7,2015,319
TLC3,TLE1,2015,370
TLC3,TLE2,2015,2162
TLC3,TLE3,2015,462
TLC3,TLE4,2015,1505
TLC3,TLF1,2015,415
TLC3,TLF2,2015,290
TLC3,TLF3,2015,165
TLC3,TLG1,2015,164
TLC3,TLG2,2015,195
TLC3,TLG3,2015,430
TLC3,TLH2,2015,185
TLC3,TLH3,2015,152
TLC3,TLH4,2015,164
TLC3,TLH5,2015,125
TLC3,TLH6,2015,73
TLC3,TLI3,2015,284
TLC3,TLI4,2015,502
TLC3,TLI5,2015,205
TLC3,TLI6,2015,155
TLC3,TLI7,2015,376
TLC3,TLJ1,2015,335
TLC3,TLJ2,2015,267
TLC3,TLJ3,2015,248
TLC3,TLJ4,2015,123
TLC3,TLK3,2015,61
TLC3,TLK4,2015,128
TLC3,TLK5,2015,95
TLC3,TLK6,2015,135
TLC3,TLK7,2015,182
TLC3,TLL3,2015,92
TLC3,TLL4,2015,47
TLC3,TLL5,2015,136
TLC3,TLN0,2015,84
TLC4,S92000003,2015,3216
TLC4,TLC3,2015,4744
TLC4,TLD1,2015,1436
TLC4,TLD3,2015,2247
TLC4,TLD4,2015,1329
TLC4,TLD6,2015,660
TLC4,TLD7,2015,955
TLC4,TLE1,2015,933
TLC4,TLE2,2015,2722
TLC4,TLE3,2015,1354
TLC4,TLE4,2015,3987
TLC4,TLF1,2015,1378
TLC4,TLF2,2015,936
TLC4,TLF3,2015,543
TLC4,TLG1,2015,520
TLC4,TLG2,2015,610
TLC4,TLG3,2015,1022
TLC4,TLH2,2015,847
TLC4,TLH3,2015,507
TLC4,TLH4,2015,746
TLC4,TLH5,2015,423
TLC4,TLH6,2015,310
TLC4,TLI3,2015,1881
TLC4,TLI4,2015,2463
TLC4,TLI5,2015,593
TLC4,TLI6,2015,566
TLC4,TLI7,2015,1302
TLC4,TLJ1,2015,1592
TLC4,TLJ2,2015,1276
TLC4,TLJ3,2015,724
TLC4,TLJ4,2015,646
TLC4,TLK3,2015,198
TLC4,TLK4,2015,430
TLC4,TLK5,2015,542
TLC4,TLK6,2015,509
TLC4,TLK7,2015,629
TLC4,TLL3,2015,314
TLC4,TLL4,2015,229
TLC4,TLL5,2015,390
TLC4,TLN0,2015,520
TLD1,S92000003,2015,1190
TLD1,TLC3,2015,239
TLD1,TLC4,2015,1501
TLD1,TLD3,2015,1110
TLD1,TLD4,2015,2322
TLD1,TLD6,2015,363
TLD1,TLD7,2015,585
TLD1,TLE1,2015,154
TLD1,TLE2,2015,513
TLD1,TLE3,2015,297
TLD1,TLE4,2015,715
TLD1,TLF1,2015,276
TLD1,TLF2,2015,201
TLD1,TLF3,2015,111
TLD1,TLG1,2015,145
TLD1,TLG2,2015,240
TLD1,TLG3,2015,258
TLD1,TLH2,2015,96
TLD1,TLH3,2015,91
TLD1,TLH4,2015,151
TLD1,TLH5,2015,90
TLD1,TLH6,2015,95
TLD1,TLI3,2015,148
TLD1,TLI4,2015,306
TLD1,TLI5,2015,93
TLD1,TLI6,2015,71
TLD1,TLI7,2015,109
TLD1,TLJ1,2015,280
TLD1,TLJ2,2015,258
TLD1,TLJ3,2015,204
TLD1,TLJ4,2015,126
TLD1,TLK3,2015,102
TLD1,TLK4,2015,153
TLD1,TLK5,2015,140
TLD1,TLK6,2015,180
TLD1,TLK7,2015,162
TLD1,TLL3,2015,154
TLD1,TLL4,2015,82
TLD1,TLL5,2015,67
TLD1,TLN0,2015,63
TLD3,S92000003,2015,2318
TLD3,TLC3,2015,668
TLD3,TLC4,2015,2305
TLD3,TLD1,2015,1225
TLD3,TLD4,2015,12029
TLD3,TLD6,2015,7775
TLD3,TLD7,2015,5988
TLD3,TLE1,2015,946
TLD3,TLE2,2015,1430
TLD3,TLE3,2015,2809
TLD3,TLE4,2015,7423
TLD3,TLF1,2015,3615
TLD3,TLF2,2015,1515
TLD3,TLF3,2015,574
TLD3,TLG1,2015,912
TLD3,TLG2,2015,2093
TLD3,TLG3,2015,3272
TLD3,TLH2,2015,1230
TLD3,TLH3,2015,621
TLD3,TLH4,2015,927
TLD3,TLH5,2015,458
TLD3,TLH6,2015,326
TLD3,TLI3,2015,2370
TLD3,TLI4,2015,3982
TLD3,TLI5,2015,1369
TLD3,TLI6,2015,907
TLD3,TLI7,2015,2211
TLD3,TLJ1,2015,2194
TLD3,TLJ2,2015,1647
TLD3,TLJ3,2015,960
TLD3,TLJ4,2015,698
TLD3,TLK3,2015,503
TLD3,TLK4,2015,837
TLD3,TLK5,2015,1044
TLD3,TLK6,2015,732
TLD3,TLK7,2015,775
TLD3,TLL3,2015,2358
TLD3,TLL4,2015,652
TLD3,TLL5,2015,799
TLD3,TLN0,2015,563
TLD4,S92000003,2015,1628
TLD4,TLC3,2015,418
TLD4,TLC4,2015,1565
TLD4,TLD1,2015,2381
TLD4,TLD3,2015,10738
TLD4,TLD6,2015,1853
TLD4,TLD7,2015,4818
TLD4,TLE1,2015,505
TLD4,TLE2,2015,1380
TLD4,TLE3,2015,1036
TLD4,TLE4,2015,3773
TLD4,TLF1,2015,1131
TLD4,TLF2,2015,852
TLD4,TLF3,2015,347
TLD4,TLG1,2015,532
TLD4,TLG2,2015,1006
TLD4,TLG3,2015,1420
TLD4,TLH2,2015,673
TLD4,TLH3,2015,363
TLD4,TLH4,2015,423
TLD4,TLH5,2015,271
TLD4,TLH6,2015,167
TLD4,TLI3,2015,725
TLD4,TLI4,2015,1259
TLD4,TLI5,2015,460
TLD4,TLI6,2015,341
TLD4,TLI7,2015,570
TLD4,TLJ1,2015,988
TLD4,TLJ2,2015,763
TLD4,TLJ3,2015,636
TLD4,TLJ4,2015,422
TLD4,TLK3,2015,282
TLD4,TLK4,2015,416
TLD4,TLK5,2015,367
TLD4,TLK6,2015,480
TLD4,TLK7,2015,536
TLD4,TLL3,2015,815
TLD4,TLL4,2015,296
TLD4,TLL5,2015,384
TLD4,TLN0,2015,282
TLD6,S92000003,2015,709
TLD6,TLC3,2015,157
TLD6,TLC4,2015,714
TLD6,TLD1,2015,308
TLD6,TLD3,2015,5470
TLD6,TLD4,2015,1572
TLD6,TLD7,2015,4471
TLD6,TLE1,2015,271
TLD6,TLE2,2015,474
TLD6,TLE3,2015,831
TLD6,TLE4,2015,1461
TLD6,TLF1,2015,1251
TLD6,TLF2,2015,559
TLD6,TLF3,2015,191
TLD6,TLG1,2015,518
TLD6,TLG2,2015,2755
TLD6,TLG3,2015,1015
TLD6,TLH2,2015,407
TLD6,TLH3,2015,243
TLD6,TLH4,2015,510
TLD6,TLH5,2015,188
TLD6,TLH6,2015,146
TLD6,TLI3,2015,506
TLD6,TLI4,2015,758
TLD6,TLI5,2015,206
TLD6,TLI6,2015,200
TLD6,TLI7,2015,398
TLD6,TLJ1,2015,732
TLD6,TLJ2,2015,530
TLD6,TLJ3,2015,327
TLD6,TLJ4,2015,265
TLD6,TLK3,2015,233
TLD6,TLK4,2015,341
TLD6,TLK5,2015,422
TLD6,TLK6,2015,386
TLD6,TLK7,2015,366
TLD6,TLL3,2015,2976
TLD6,TLL4,2015,360
TLD6,TLL5,2015,342
TLD6,TLN0,2015,115
TLD7,S92000003,2015,1105
TLD7,TLC3,2015,313
TLD7,TLC4,2015,958
TLD7,TLD1,2015,576
TLD7,TLD3,2015,6043
TLD7,TLD4,2015,4590
TLD7,TLD6,2015,4895
TLD7,TLE1,2015,318
TLD7,TLE2,2015,524
TLD7,TLE3,2015,934
TLD7,TLE4,2015,2142
TLD7,TLF1,2015,1011
TLD7,TLF2,2015,676
TLD7,TLF3,2015,250
TLD7,TLG1,2015,481
TLD7,TLG2,2015,1223
TLD7,TLG3,2015,1440
TLD7,TLH2,2015,529
TLD7,TLH3,2015,329
TLD7,TLH4,2015,346
TLD7,TLH5,2015,194
TLD7,TLH6,2015,125
TLD7,TLI3,2015,919
TLD7,TLI4,2015,1495
TLD7,TLI5,2015,446
TLD7,TLI6,2015,355
TLD7,TLI7,2015,735
TLD7,TLJ1,2015,842
TLD7,TLJ2,2015,758
TLD7,TLJ3,2015,466
TLD7,TLJ4,2015,358
TLD7,TLK3,2015,214
TLD7,TLK4,2015,378
TLD7,TLK5,2015,426
TLD7,TLK6,2015,373
TLD7,TLK7,2015,358
TLD7,TLL3,2015,2244
TLD7,TLL4,2015,435
TLD7,TLL5,2015,382
TLD7,TLN0,2015,699
TLE1,S92000003,2015,665
TLE1,TLC3,2015,431
TLE1,TLC4,2015,1156
TLE1,TLD1,2015,202
TLE1,TLD3,2015,1298
TLE1,TLD4,2015,570
TLE1,TLD6,2015,334
TLE1,TLD7,2015,507
TLE1,TLE2,2015,2736
TLE1,TLE3,2015,2215
TLE1,TLE4,2015,3482
TLE1,TLF1,2015,1521
TLE1,TLF2,2015,648
TLE1,TLF3,2015,2650
TLE1,TLG1,2015,272
TLE1,TLG2,2015,421
TLE1,TLG3,2015,624
TLE1,TLH2,2015,368
TLE1,TLH3,2015,248
TLE1,TLH4,2015,335
TLE1,TLH5,2015,218
TLE1,TLH6,2015,146
TLE1,TLI3,2015,380
TLE1,TLI4,2015,681
TLE1,TLI5,2015,315
TLE1,TLI6,2015,154
TLE1,TLI7,2015,399
TLE1,TLJ1,2015,571
TLE1,TLJ2,2015,445
TLE1,TLJ3,2015,345
TLE1,TLJ4,2015,310
TLE1,TLK3,2015,137
TLE1,TLK4,2015,185
TLE1,TLK5,2015,165
TLE1,TLK6,2015,226
TLE1,TLK7,2015,268
TLE1,TLL3,2015,150
TLE1,TLL4,2015,103
TLE1,TLL5,2015,142
TLE1,TLN0,2015,97
TLE2,S92000003,2015,1251
TLE2,TLC3,2015,2113
TLE2,TLC4,2015,2760
TLE2,TLD1,2015,594
TLE2,TLD3,2015,1416
TLE2,TLD4,2015,1311
TLE2,TLD6,2015,440
TLE2,TLD7,2015,633
TLE2,TLE1,2015,2715
TLE2,TLE3,2015,1610
TLE2,TLE4,2015,5948
TLE2,TLF1,2015,1004
TLE2,TLF2,2015,629
TLE2,TLF3,2015,508
TLE2,TLG1,2015,381
TLE2,TLG2,2015,517
TLE2,TLG3,2015,595
TLE2,TLH2,2015,499
TLE2,TLH3,2015,363
TLE2,TLH4,2015,480
TLE2,TLH5,2015,319
TLE2,TLH6,2015,246
TLE2,TLI3,2015,952
TLE2,TLI4,2015,998
TLE2,TLI5,2015,275
TLE2,TLI6,2015,291
TLE2,TLI7,2015,551
TLE2,TLJ1,2015,907
TLE2,TLJ2,2015,648
TLE2,TLJ3,2015,609
TLE2,TLJ4,2015,366
TLE2,TLK3,2015,165
TLE2,TLK4,2015,367
TLE2,TLK5,2015,424
TLE2,TLK6,2015,324
TLE2,TLK7,2015,524
TLE2,TLL3,2015,178
TLE2,TLL4,2015,189
TLE2,TLL5,2015,225
TLE2,TLN0,2015,136
TLE3,S92000003,2015,825
TLE3,TLC3,2015,415
TLE3,TLC4,2015,1567
TLE3,TLD1,2015,253
TLE3,TLD3,2015,3388
TLE3,TLD4,2015,966
TLE3,TLD6,2015,881
TLE3,TLD7,2015,1077
TLE3,TLE1,2015,2213
TLE3,TLE2,2015,1687
TLE3,TLE4,2015,5880
TLE3,TLF1,2015,6882
TLE3,TLF2,2015,1551
TLE3,TLF3,2015,1416
TLE3,TLG1,2015,645
TLE3,TLG2,2015,869
TLE3,TLG3,2015,1645
TLE3,TLH2,2015,863
TLE3,TLH3,2015,414
TLE3,TLH4,2015,589
TLE3,TLH5,2015,407
TLE3,TLH6,2015,263
TLE3,TLI3,2015,726
TLE3,TLI4,2015,1517
TLE3,TLI5,2015,582
TLE3,TLI6,2015,394
TLE3,TLI7,2015,885
TLE3,TLJ1,2015,1005
TLE3,TLJ2,2015,761
TLE3,TLJ3,2015,510
TLE3,TLJ4,2015,508
TLE3,TLK3,2015,277
TLE3,TLK4,2015,348
TLE3,TLK5,2015,493
TLE3,TLK6,2015,348
TLE3,TLK7,2015,399
TLE3,TLL3,2015,271
TLE3,TLL4,2015,222
TLE3,TLL5,2015,336
TLE3,TLN0,2015,103
TLE4,S92000003,2015,1824
TLE4,TLC3,2015,1243
TLE4,TLC4,2015,3681
TLE4,TLD1,2015,814
TLE4,TLD3,2015,7542
TLE4,TLD4,2015,3690
TLE4,TLD6,2015,1609
TLE4,TLD7,2015,2334
TLE4,TLE1,2015,3498
TLE4,TLE2,2015,7399
TLE4,TLE3,2015,5948
TLE4,TLF1,2015,3158
TLE4,TLF2,2015,1997
TLE4,TLF3,2015,1111
TLE4,TLG1,2015,813
TLE4,TLG2,2015,1073
TLE4,TLG3,2015,2947
TLE4,TLH2,2015,1465
TLE4,TLH3,2015,633
TLE4,TLH4,2015,1006
TLE4,TLH5,2015,486
TLE4,TLH6,2015,358
TLE4,TLI3,2015,2095
TLE4,TLI4,2015,3324
TLE4,TLI5,2015,1156
TLE4,TLI6,2015,922
TLE4,TLI7,2015,1845
TLE4,TLJ1,2015,2140
TLE4,TLJ2,2015,1502
TLE4,TLJ3,2015,895
TLE4,TLJ4,2015,894
TLE4,TLK3,2015,356
TLE4,TLK4,2015,596
TLE4,TLK5,2015,706
TLE4,TLK6,2015,647
TLE4,TLK7,2015,771
TLE4,TLL3,2015,534
TLE4,TLL4,2015,365
TLE4,TLL5,2015,576
TLE4,TLN0,2015,304
TLF1,S92000003,2015,1290
TLF1,TLC3,2015,386
TLF1,TLC4,2015,1486
TLF1,TLD1,2015,281
TLF1,TLD3,2015,3695
TLF1,TLD4,2015,1048
TLF1,TLD6,2015,1306
TLF1,TLD7,2015,1166
TLF1,TLE1,2015,1213
TLF1,TLE2,2015,1218
TLF1,TLE3,2015,5755
TLF1,TLE4,2015,3237
TLF1,TLF2,2015,5985
TLF1,TLF3,2015,4343
TLF1,TLG1,2015,1501
TLF1,TLG2,2015,3852
TLF1,TLG3,2015,4253
TLF1,TLH2,2015,2060
TLF1,TLH3,2015,842
TLF1,TLH4,2015,1198
TLF1,TLH5,2015,820
TLF1,TLH6,2015,502
TLF1,TLI3,2015,1684
TLF1,TLI4,2015,2811
TLF1,TLI5,2015,1160
TLF1,TLI6,2015,872
TLF1,TLI7,2015,2071
TLF1,TLJ1,2015,2409
TLF1,TLJ2,2015,1628
TLF1,TLJ3,2015,1122
TLF1,TLJ4,2015,862
TLF1,TLK3,2015,601
TLF1,TLK4,2015,894
TLF1,TLK5,2015,862
TLF1,TLK6,2015,886
TLF1,TLK7,2015,881
TLF1,TLL3,2015,479
TLF1,TLL4,2015,432
TLF1,TLL5,2015,644
TLF1,TLN0,2015,222
TLF2,S92000003,2015,1126
TLF2,TLC3,2015,327
TLF2,TLC4,2015,1124
TLF2,TLD1,2015,236
TLF2,TLD3,2015,1692
TLF2,TLD4,2015,903
TLF2,TLD6,2015,614
TLF2,TLD7,2015,849
TLF2,TLE1,2015,655
TLF2,TLE2,2015,699
TLF2,TLE3,2015,1635
TLF2,TLE4,2015,1824
TLF2,TLF1,2015,5999
TLF2,TLF3,2015,2392
TLF2,TLG1,2015,2788
TLF2,TLG2,2015,1594
TLF2,TLG3,2015,5244
TLF2,TLH2,2015,3004
TLF2,TLH3,2015,1004
TLF2,TLH4,2015,2187
TLF2,TLH5,2015,1068
TLF2,TLH6,2015,590
TLF2,TLI3,2015,1614
TLF2,TLI4,2015,2930
TLF2,TLI5,2015,1476
TLF2,TLI6,2015,1003
TLF2,TLI7,2015,2098
TLF2,TLJ1,2015,4424
TLF2,TLJ2,2015,2030
TLF2,TLJ3,2015,1521
TLF2,TLJ4,2015,1110
TLF2,TLK3,2015,596
TLF2,TLK4,2015,1075
TLF2,TLK5,2015,967
TLF2,TLK6,2015,1067
TLF2,TLK7,2015,1036
TLF2,TLL3,2015,398
TLF2,TLL4,2015,514
TLF2,TLL5,2015,638
TLF2,TLN0,2015,227
TLF3,S92000003,2015,587
TLF3,TLC3,2015,179
TLF3,TLC4,2015,735
TLF3,TLD1,2015,154
TLF3,TLD3,2015,698
TLF3,TLD4,2015,376
TLF3,TLD6,2015,224
TLF3,TLD7,2015,374
TLF3,TLE1,2015,2634
TLF3,TLE2,2015,657
TLF3,TLE3,2015,1543
TLF3,TLE4,2015,1243
TLF3,TLF1,2015,4290
TLF3,TLF2,2015,2098
TLF3,TLG1,2015,395
TLF3,TLG2,2015,557
TLF3,TLG3,2015,832
TLF3,TLH2,2015,725
TLF3,TLH3,2015,505
TLF3,TLH4,2015,2187
TLF3,TLH5,2015,1087
TLF3,TLH6,2015,388
TLF3,TLI3,2015,359
TLF3,TLI4,2015,649
TLF3,TLI5,2015,309
TLF3,TLI6,2015,186
TLF3,TLI7,2015,352
TLF3,TLJ1,2015,751
TLF3,TLJ2,2015,566
TLF3,TLJ3,2015,532
TLF3,TLJ4,2015,447
TLF3,TLK3,2015,213
TLF3,TLK4,2015,315
TLF3,TLK5,2015,194
TLF3,TLK6,2015,376
TLF3,TLK7,2015,341
TLF3,TLL3,2015,126
TLF3,TLL4,2015,167
TLF3,TLL5,2015,140
TLF3,TLN0,2015,79
TLG1,S92000003,2015,770
TLG1,TLC3,2015,154
TLG1,TLC4,2015,579
TLG1,TLD1,2015,196
TLG1,TLD3,2015,1032
TLG1,TLD4,2015,535
TLG1,TLD6,2015,515
TLG1,TLD7,2015,627
TLG1,TLE1,2015,268
TLG1,TLE2,2015,487
TLG1,TLE3,2015,684
TLG1,TLE4,2015,837
TLG1,TLF1,2015,1683
TLG1,TLF2,2015,3327
TLG1,TLF3,2015,488
TLG1,TLG2,2015,2820
TLG1,TLG3,2015,9463
TLG1,TLH2,2015,680
TLG1,TLH3,2015,393
TLG1,TLH4,2015,474
TLG1,TLH5,2015,311
TLG1,TLH6,2015,227
TLG1,TLI3,2015,1018
TLG1,TLI4,2015,1431
TLG1,TLI5,2015,394
TLG1,TLI6,2015,307
TLG1,TLI7,2015,680
TLG1,TLJ1,2015,2230
TLG1,TLJ2,2015,1078
TLG1,TLJ3,2015,1107
TLG1,TLJ4,2015,474
TLG1,TLK3,2015,713
TLG1,TLK4,2015,1374
TLG1,TLK5,2015,1514
TLG1,TLK6,2015,1272
TLG1,TLK7,2015,3061
TLG1,TLL3,2015,387
TLG1,TLL4,2015,1352
TLG1,TLL5,2015,1443
TLG1,TLN0,2015,121
TLG2,S92000003,2015,776
TLG2,TLC3,2015,182
TLG2,TLC4,2015,639
TLG2,TLD1,2015,257
TLG2,TLD3,2015,2502
TLG2,TLD4,2015,1149
TLG2,TLD6,2015,3109
TLG2,TLD7,2015,1525
TLG2,TLE1,2015,372
TLG2,TLE2,2015,594
TLG2,TLE3,2015,867
TLG2,TLE4,2015,1188
TLG2,TLF1,2015,4619
TLG2,TLF2,2015,1943
TLG2,TLF3,2015,541
TLG2,TLG1,2015,2992
TLG2,TLG3,2015,7945
TLG2,TLH2,2015,638
TLG2,TLH3,2015,417
TLG2,TLH4,2015,495
TLG2,TLH5,2015,371
TLG2,TLH6,2015,294
TLG2,TLI3,2015,661
TLG2,TLI4,2015,1207
TLG2,TLI5,2015,438
TLG2,TLI6,2015,327
TLG2,TLI7,2015,654
TLG2,TLJ1,2015,1320
TLG2,TLJ2,2015,859
TLG2,TLJ3,2015,735
TLG2,TLJ4,2015,597
TLG2,TLK3,2015,525
TLG2,TLK4,2015,839
TLG2,TLK5,2015,719
TLG2,TLK6,2015,834
TLG2,TLK7,2015,755
TLG2,TLL3,2015,1491
TLG2,TLL4,2015,1582
TLG2,TLL5,2015,713
TLG2,TLN0,2015,184
TLG3,S92000003,2015,1307
TLG3,TLC3,2015,412
TLG3,TLC4,2015,1067
TLG3,TLD1,2015,358
TLG3,TLD3,2015,3704
TLG3,TLD4,2015,1428
TLG3,TLD6,2015,1055
TLG3,TLD7,2015,1675
TLG3,TLE1,2015,600
TLG3,TLE2,2015,676
TLG3,TLE3,2015,1643
TLG3,TLE4,2015,2771
TLG3,TLF1,2015,4754
TLG3,TLF2,2015,5641
TLG3,TLF3,2015,807
TLG3,TLG1,2015,15592
TLG3,TLG2,2015,11656
TLG3,TLH2,2015,2456
TLG3,TLH3,2015,1110
TLG3,TLH4,2015,1165
TLG3,TLH5,2015,622
TLG3,TLH6,2015,513
TLG3,TLI3,2015,2616
TLG3,TLI4,2015,4704
TLG3,TLI5,2015,2437
TLG3,TLI6,2015,1590
TLG3,TLI7,2015,3756
TLG3,TLJ1,2015,4012
TLG3,TLJ2,2015,2087
TLG3,TLJ3,2015,1805
TLG3,TLJ4,2015,1106
TLG3,TLK3,2015,838
TLG3,TLK4,2015,1844
TLG3,TLK5,2015,1694
TLG3,TLK6,2015,1800
TLG3,TLK7,2015,1795
TLG3,TLL3,2015,844
TLG3,TLL4,2015,1363
TLG3,TLL5,2015,1456
TLG3,TLN0,2015,335
TLH2,S92000003,2015,1195
TLH2,TLC3,2015,200
TLH2,TLC4,2015,1091
TLH2,TLD1,2015,191
TLH2,TLD3,2015,1490
TLH2,TLD4,2015,626
TLH2,TLD6,2015,479
TLH2,TLD7,2015,717
TLH2,TLE1,2015,447
TLH2,TLE2,2015,648
TLH2,TLE3,2015,897
TLH2,TLE4,2015,1709
TLH2,TLF1,2015,2589
TLH2,TLF2,2015,4680
TLH2,TLF3,2015,1161
TLH2,TLG1,2015,946
TLH2,TLG2,2015,833
TLH2,TLG3,2015,3044
TLH2,TLH3,2015,5571
TLH2,TLH4,2015,3952
TLH2,TLH5,2015,2000
TLH2,TLH6,2015,1241
TLH2,TLI3,2015,2602
TLH2,TLI4,2015,4900
TLH2,TLI5,2015,3292
TLH2,TLI6,2015,1356
TLH2,TLI7,2015,4685
TLH2,TLJ1,2015,7867
TLH2,TLJ2,2015,3381
TLH2,TLJ3,2015,2539
TLH2,TLJ4,2015,1903
TLH2,TLK3,2015,639
TLH2,TLK4,2015,1453
TLH2,TLK5,2015,1170
TLH2,TLK6,2015,1928
TLH2,TLK7,2015,1158
TLH2,TLL3,2015,280
TLH2,TLL4,2015,534
TLH2,TLL5,2015,694
TLH2,TLN0,2015,252
TLH3,S92000003,2015,898
TLH3,TLC3,2015,223
TLH3,TLC4,2015,718
TLH3,TLD1,2015,209
TLH3,TLD3,2015,837
TLH3,TLD4,2015,418
TLH3,TLD6,2015,289
TLH3,TLD7,2015,467
TLH3,TLE1,2015,363
TLH3,TLE2,2015,501
TLH3,TLE3,2015,484
TLH3,TLE4,2015,769
TLH3,TLF1,2015,1363
TLH3,TLF2,2015,1447
TLH3,TLF3,2015,819
TLH3,TLG1,2015,460
TLH3,TLG2,2015,510
TLH3,TLG3,2015,1415
TLH3,TLH2,2015,4738
TLH3,TLH4,2015,2031
TLH3,TLH5,2015,2328
TLH3,TLH6,2015,4977
TLH3,TLI3,2015,1589
TLH3,TLI4,2015,4436
TLH3,TLI5,2015,5683
TLH3,TLI6,2015,1011
TLH3,TLI7,2015,1701
TLH3,TLJ1,2015,1962
TLH3,TLJ2,2015,2793
TLH3,TLJ3,2015,1984
TLH3,TLJ4,2015,3278
TLH3,TLK3,2015,537
TLH3,TLK4,2015,1074
TLH3,TLK5,2015,744
TLH3,TLK6,2015,1090
TLH3,TLK7,2015,710
TLH3,TLL3,2015,211
TLH3,TLL4,2015,461
TLH3,TLL5,2015,463
TLH3,TLN0,2015,208
TLH4,S92000003,2015,905
TLH4,TLC3,2015,185
TLH4,TLC4,2015,770
TLH4,TLD1,2015,135
TLH4,TLD3,2015,752
TLH4,TLD4,2015,390
TLH4,TLD6,2015,215
TLH4,TLD7,2015,363
TLH4,TLE1,2015,317
TLH4,TLE2,2015,539
TLH4,TLE3,2015,696
TLH4,TLE4,2015,1128
TLH4,TLF1,2015,1487
TLH4,TLF2,2015,2469
TLH4,TLF3,2015,3079
TLH4,TLG1,2015,428
TLH4,TLG2,2015,430
TLH4,TLG3,2015,1267
TLH4,TLH2,2015,2526
TLH4,TLH3,2015,1457
TLH4,TLH5,2015,2490
TLH4,TLH6,2015,2493
TLH4,TLI3,2015,2164
TLH4,TLI4,2015,3039
TLH4,TLI5,2015,880
TLH4,TLI6,2015,520
TLH4,TLI7,2015,1230
TLH4,TLJ1,2015,1818
TLH4,TLJ2,2015,1320
TLH4,TLJ3,2015,731
TLH4,TLJ4,2015,775
TLH4,TLK3,2015,260
TLH4,TLK4,2015,586
TLH4,TLK5,2015,607
TLH4,TLK6,2015,610
TLH4,TLK7,2015,469
TLH4,TLL3,2015,132
TLH4,TLL4,2015,242
TLH4,TLL5,2015,327
TLH4,TLN0,2015,138
TLH5,S92000003,2015,632
TLH5,TLC3,2015,125
TLH5,TLC4,2015,458
TLH5,TLD1,2015,102
TLH5,TLD3,2015,522
TLH5,TLD4,2015,273
TLH5,TLD6,2015,135
TLH5,TLD7,2015,247
TLH5,TLE1,2015,351
TLH5,TLE2,2015,409
TLH5,TLE3,2015,439
TLH5,TLE4,2015,578
TLH5,TLF1,2015,844
TLH5,TLF2,2015,913
TLH5,TLF3,2015,1181
TLH5,TLG1,2015,343
TLH5,TLG2,2015,363
TLH5,TLG3,2015,596
TLH5,TLH2,2015,962
TLH5,TLH3,2015,1343
TLH5,TLH4,2015,2117
TLH5,TLH6,2015,3962
TLH5,TLI3,2015,699
TLH5,TLI4,2015,1311
TLH5,TLI5,2015,661
TLH5,TLI6,2015,381
TLH5,TLI7,2015,554
TLH5,TLJ1,2015,956
TLH5,TLJ2,2015,968
TLH5,TLJ3,2015,601
TLH5,TLJ4,2015,694
TLH5,TLK3,2015,175
TLH5,TLK4,2015,412
TLH5,TLK5,2015,315
TLH5,TLK6,2015,345
TLH5,TLK7,2015,353
TLH5,TLL3,2015,138
TLH5,TLL4,2015,165
TLH5,TLL5,2015,169
TLH5,TLN0,2015,97
TLH6,S92000003,2015,419
TLH6,TLC3,2015,114
TLH6,TLC4,2015,368
TLH6,TLD1,2015,85
TLH6,TLD3,2015,373
TLH6,TLD4,2015,180
TLH6,TLD6,2015,157
TLH6,TLD7,2015,205
TLH6,TLE1,2015,203
TLH6,TLE2,2015,307
TLH6,TLE3,2015,295
TLH6,TLE4,2015,356
TLH6,TLF1,2015,561
TLH6,TLF2,2015,648
TLH6,TLF3,2015,458
TLH6,TLG1,2015,253
TLH6,TLG2,2015,223
TLH6,TLG3,2015,558
TLH6,TLH2,2015,687
TLH6,TLH3,2015,2785
TLH6,TLH4,2015,2149
TLH6,TLH5,2015,4566
TLH6,TLI3,2015,591
TLH6,TLI4,2015,1103
TLH6,TLI5,2015,480
TLH6,TLI6,2015,255
TLH6,TLI7,2015,463
TLH6,TLJ1,2015,701
TLH6,TLJ2,2015,821
TLH6,TLJ3,2015,670
TLH6,TLJ4,2015,599
TLH6,TLK3,2015,182
TLH6,TLK4,2015,333
TLH6,TLK5,2015,311
TLH6,TLK6,2015,373
TLH6,TLK7,2015,363
TLH6,TLL3,2015,82
TLH6,TLL4,2015,201
TLH6,TLL5,2015,166
TLH6,TLN0,2015,89
TLI3,S92000003,2015,1336
TLI3,TLC3,2015,128
TLI3,TLC4,2015,772
TLI3,TLD1,2015,129
TLI3,TLD3,2015,1474
TLI3,TLD4,2015,350
TLI3,TLD6,2015,424
TLI3,TLD7,2015,564
TLI3,TLE1,2015,192
TLI3,TLE2,2015,510
TLI3,TLE3,2015,394
TLI3,TLE4,2015,1030
TLI3,TLF1,2015,863
TLI3,TLF2,2015,1052
TLI3,TLF3,2015,275
TLI3,TLG1,2015,665
TLI3,TLG2,2015,427
TLI3,TLG3,2015,1649
TLI3,TLH2,2015,3820
TLI3,TLH3,2015,1603
TLI3,TLH4,2015,1527
TLI3,TLH5,2015,571
TLI3,TLH6,2015,558
TLI3,TLI4,2015,29706
TLI3,TLI5,2015,4979
TLI3,TLI6,2015,11122
TLI3,TLI7,2015,18155
TLI3,TLJ1,2015,5996
TLI3,TLJ2,2015,7667
TLI3,TLJ3,2015,2203
TLI3,TLJ4,2015,2539
TLI3,TLK3,2015,337
TLI3,TLK4,2015,1009
TLI3,TLK5,2015,1794
TLI3,TLK6,2015,1565
TLI3,TLK7,2015,1411
TLI3,TLL3,2015,118
TLI3,TLL4,2015,387
TLI3,TLL5,2015,627
TLI3,TLN0,2015,213
TLI4,S92000003,2015,2239
TLI4,TLC3,2015,432
TLI4,TLC4,2015,1283
TLI4,TLD1,2015,252
TLI4,TLD3,2015,3596
TLI4,TLD4,2015,957
TLI4,TLD6,2015,570
TLI4,TLD7,2015,993
TLI4,TLE1,2015,480
TLI4,TLE2,2015,677
TLI4,TLE3,2015,1067
TLI4,TLE4,2015,2284
TLI4,TLF1,2015,2065
TLI4,TLF2,2015,2685
TLI4,TLF3,2015,492
TLI4,TLG1,2015,952
TLI4,TLG2,2015,815
TLI4,TLG3,2015,4776
TLI4,TLH2,2015,7237
TLI4,TLH3,2015,7804
TLI4,TLH4,2015,2205
TLI4,TLH5,2015,1219
TLI4,TLH6,2015,1087
TLI4,TLI3,2015,22004
TLI4,TLI5,2015,39521
TLI4,TLI6,2015,19048
TLI4,TLI7,2015,14947
TLI4,TLJ1,2015,6236
TLI4,TLJ2,2015,9022
TLI4,TLJ3,2015,3090
TLI4,TLJ4,2015,8331
TLI4,TLK3,2015,676
TLI4,TLK4,2015,1644
TLI4,TLK5,2015,2750
TLI4,TLK6,2015,2046
TLI4,TLK7,2015,1533
TLI4,TLL3,2015,302
TLI4,TLL4,2015,639
TLI4,TLL5,2015,1109
TLI4,TLN0,2015,451
TLI5,S92000003,2015,1015
TLI5,TLC3,2015,318
TLI5,TLC4,2015,658
TLI5,TLD1,2015,102
TLI5,TLD3,2015,1931
TLI5,TLD4,2015,611
TLI5,TLD6,2015,304
TLI5,TLD7,2015,634
TLI5,TLE1,2015,341
TLI5,TLE2,2015,350
TLI5,TLE3,2015,695
TLI5,TLE4,2015,1366
TLI5,TLF1,2015,1681
TLI5,TLF2,2015,2217
TLI5,TLF3,2015,500
TLI5,TLG1,2015,422
TLI5,TLG2,2015,619
TLI5,TLG3,2015,3610
TLI5,TLH2,2015,7544
TLI5,TLH3,2015,16579
TLI5,TLH4,2015,1383
TLI5,TLH5,2015,1250
TLI5,TLH6,2015,1186
TLI5,TLI3,2015,3500
TLI5,TLI4,2015,19660
TLI5,TLI6,2015,4833
TLI5,TLI7,2015,6730
TLI5,TLJ1,2015,2905
TLI5,TLJ2,2015,3735
TLI5,TLJ3,2015,2095
TLI5,TLJ4,2015,10308
TLI5,TLK3,2015,353
TLI5,TLK4,2015,890
TLI5,TLK5,2015,885
TLI5,TLK6,2015,1163
TLI5,TLK7,2015,702
TLI5,TLL3,2015,150
TLI5,TLL4,2015,443
TLI5,TLL5,2015,632
TLI5,TLN0,2015,215
TLI6,S92000003,2015,917
TLI6,TLC3,2015,132
TLI6,TLC4,2015,595
TLI6,TLD1,2015,128
TLI6,TLD3,2015,1058
TLI6,TLD4,2015,322
TLI6,TLD6,2015,282
TLI6,TLD7,2015,490
TLI6,TLE1,2015,204
TLI6,TLE2,2015,343
TLI6,TLE3,2015,458
TLI6,TLE4,2015,800
TLI6,TLF1,2015,1104
TLI6,TLF2,2015,1284
TLI6,TLF3,2015,299
TLI6,TLG1,2015,453
TLI6,TLG2,2015,401
TLI6,TLG3,2015,1971
TLI6,TLH2,2015,1864
TLI6,TLH3,2015,1588
TLI6,TLH4,2015,752
TLI6,TLH5,2015,631
TLI6,TLH6,2015,477
TLI6,TLI3,2015,5579
TLI6,TLI4,2015,9841
TLI6,TLI5,2015,4354
TLI6,TLI7,2015,4240
TLI6,TLJ1,2015,2899
TLI6,TLJ2,2015,15680
TLI6,TLJ3,2015,3086
TLI6,TLJ4,2015,6962
TLI6,TLK3,2015,483
TLI6,TLK4,2015,1061
TLI6,TLK5,2015,1041
TLI6,TLK6,2015,1615
TLI6,TLK7,2015,838
TLI6,TLL3,2015,167
TLI6,TLL4,2015,368
TLI6,TLL5,2015,548
TLI6,TLN0,2015,168
TLI7,S92000003,2015,1532
TLI7,TLC3,2015,352
TLI7,TLC4,2015,1161
TLI7,TLD1,2015,149
TLI7,TLD3,2015,2376
TLI7,TLD4,2015,664
TLI7,TLD6,2015,404
TLI7,TLD7,2015,776
TLI7,TLE1,2015,378
TLI7,TLE2,2015,526
TLI7,TLE3,2015,774
TLI7,TLE4,2015,1730
TLI7,TLF1,2015,2275
TLI7,TLF2,2015,3212
TLI7,TLF3,2015,466
TLI7,TLG1,2015,891
TLI7,TLG2,2015,838
TLI7,TLG3,2015,5067
TLI7,TLH2,2015,14688
TLI7,TLH3,2015,2601
TLI7,TLH4,2015,1581
TLI7,TLH5,2015,875
TLI7,TLH6,2015,624
TLI7,TLI3,2015,11839
TLI7,TLI4,2015,13654
TLI7,TLI5,2015,8146
TLI7,TLI6,2015,5901
TLI7,TLJ1,2015,13745
TLI7,TLJ2,2015,10495
TLI7,TLJ3,2015,4243
TLI7,TLJ4,2015,3034
TLI7,TLK3,2015,540
TLI7,TLK4,2015,1525
TLI7,TLK5,2015,1944
TLI7,TLK6,2015,2310
TLI7,TLK7,2015,1492
TLI7,TLL3,2015,266
TLI7,TLL4,2015,603
TLI7,TLL5,2015,921
TLI7,TLN0,2015,367
TLJ1,S92000003,2015,2134
TLJ1,TLC3,2015,254
TLJ1,TLC4,2015,1580
TLJ1,TLD1,2015,346
TLJ1,TLD3,2015,2239
TLJ1,TLD4,2015,1031
TLJ1,TLD6,2015,856
TLJ1,TLD7,2015,1022
TLJ1,TLE1,2015,523
TLJ1,TLE2,2015,1011
TLJ1,TLE3,2015,1149
TLJ1,TLE4,2015,1924
TLJ1,TLF1,2015,2709
TLJ1,TLF2,2015,6012
TLJ1,TLF3,2015,1121
TLJ1,TLG1,2015,2696
TLJ1,TLG2,2015,1413
TLJ1,TLG3,2015,4941
TLJ1,TLH2,2015,6175
TLJ1,TLH3,2015,1688
TLJ1,TLH4,2015,2346
TLJ1,TLH5,2015,1162
TLJ1,TLH6,2015,925
TLJ1,TLI3,2015,6289
TLJ1,TLI4,2015,7371
TLJ1,TLI5,2015,2004
TLJ1,TLI6,2015,2064
TLJ1,TLI7,2015,5570
TLJ1,TLJ2,2015,8048
TLJ1,TLJ3,2015,8623
TLJ1,TLJ4,2015,2541
TLJ1,TLK3,2015,1399
TLJ1,TLK4,2015,3479
TLJ1,TLK5,2015,3343
TLJ1,TLK6,2015,4440
TLJ1,TLK7,2015,6088
TLJ1,TLL3,2015,474
TLJ1,TLL4,2015,1422
TLJ1,TLL5,2015,1843
TLJ1,TLN0,2015,361
TLJ2,S92000003,2015,2002
TLJ2,TLC3,2015,303
TLJ2,TLC4,2015,1297
TLJ2,TLD1,2015,286
TLJ2,TLD3,2015,1835
TLJ2,TLD4,2015,742
TLJ2,TLD6,2015,597
TLJ2,TLD7,2015,811
TLJ2,TLE1,2015,400
TLJ2,TLE2,2015,742
TLJ2,TLE3,2015,830
TLJ2,TLE4,2015,1543
TLJ2,TLF1,2015,1973
TLJ2,TLF2,2015,2185
TLJ2,TLF3,2015,820
TLJ2,TLG1,2015,1206
TLJ2,TLG2,2015,1122
TLJ2,TLG3,2015,2484
TLJ2,TLH2,2015,2623
TLJ2,TLH3,2015,2240
TLJ2,TLH4,2015,1567
TLJ2,TLH5,2015,1275
TLJ2,TLH6,2015,952
TLJ2,TLI3,2015,5543
TLJ2,TLI4,2015,8037
TLJ2,TLI5,2015,2436
TLJ2,TLI6,2015,7065
TLJ2,TLI7,2015,4943
TLJ2,TLJ1,2015,8314
TLJ2,TLJ3,2015,13687
TLJ2,TLJ4,2015,7297
TLJ2,TLK3,2015,1311
TLJ2,TLK4,2015,3374
TLJ2,TLK5,2015,2768
TLJ2,TLK6,2015,4594
TLJ2,TLK7,2015,2419
TLJ2,TLL3,2015,408
TLJ2,TLL4,2015,1078
TLJ2,TLL5,2015,1350
TLJ2,TLN0,2015,330
TLJ3,S92000003,2015,1616
TLJ3,TLC3,2015,226
TLJ3,TLC4,2015,835
TLJ3,TLD1,2015,264
TLJ3,TLD3,2015,1151
TLJ3,TLD4,2015,593
TLJ3,TLD6,2015,398
TLJ3,TLD7,2015,547
TLJ3,TLE1,2015,293
TLJ3,TLE2,2015,614
TLJ3,TLE3,2015,564
TLJ3,TLE4,2015,889
TLJ3,TLF1,2015,1216
TLJ3,TLF2,2015,1397
TLJ3,TLF3,2015,735
TLJ3,TLG1,2015,1074
TLJ3,TLG2,2015,883
TLJ3,TLG3,2015,1726
TLJ3,TLH2,2015,1849
TLJ3,TLH3,2015,1455
TLJ3,TLH4,2015,938
TLJ3,TLH5,2015,712
TLJ3,TLH6,2015,652
TLJ3,TLI3,2015,2347
TLJ3,TLI4,2015,3708
TLJ3,TLI5,2015,1475
TLJ3,TLI6,2015,2011
TLJ3,TLI7,2015,2501
TLJ3,TLJ1,2015,6822
TLJ3,TLJ2,2015,10461
TLJ3,TLJ4,2015,2191
TLJ3,TLK3,2015,1262
TLJ3,TLK4,2015,2955
TLJ3,TLK5,2015,2563
TLJ3,TLK6,2015,7285
TLJ3,TLK7,2015,4473
TLJ3,TLL3,2015,360
TLJ3,TLL4,2015,953
TLJ3,TLL5,2015,1494
TLJ3,TLN0,2015,239
TLJ4,S92000003,2015,1150
TLJ4,TLC3,2015,156
TLJ4,TLC4,2015,886
TLJ4,TLD1,2015,212
TLJ4,TLD3,2015,1005
TLJ4,TLD4,2015,596
TLJ4,TLD6,2015,260
TLJ4,TLD7,2015,515
TLJ4,TLE1,2015,370
TLJ4,TLE2,2015,526
TLJ4,TLE3,2015,563
TLJ4,TLE4,2015,939
TLJ4,TLF1,2015,1356
TLJ4,TLF2,2015,1358
TLJ4,TLF3,2015,683
TLJ4,TLG1,2015,570
TLJ4,TLG2,2015,616
TLJ4,TLG3,2015,1530
TLJ4,TLH2,2015,1653
TLJ4,TLH3,2015,2804
TLJ4,TLH4,2015,1059
TLJ4,TLH5,2015,1018
TLJ4,TLH6,2015,753
TLJ4,TLI3,2015,2303
TLJ4,TLI4,2015,4888
TLJ4,TLI5,2015,4329
TLJ4,TLI6,2015,2906
TLJ4,TLI7,2015,2133
TLJ4,TLJ1,2015,2802
TLJ4,TLJ2,2015,8234
TLJ4,TLJ3,2015,2886
TLJ4,TLK3,2015,701
TLJ4,TLK4,2015,1409
TLJ4,TLK5,2015,1093
TLJ4,TLK6,2015,1595
TLJ4,TLK7,2015,1055
TLJ4,TLL3,2015,247
TLJ4,TLL4,2015,495
TLJ4,TLL5,2015,684
TLJ4,TLN0,2015,213
TLK3,S92000003,2015,426
TLK3,TLC3,2015,59
TLK3,TLC4,2015,183
TLK3,TLD1,2015,92
TLK3,TLD3,2015,307
TLK3,TLD4,2015,210
TLK3,TLD6,2015,196
TLK3,TLD7,2015,206
TLK3,TLE1,2015,102
TLK3,TLE2,2015,149
TLK3,TLE3,2015,165
TLK3,TLE4,2015,273
TLK3,TLF1,2015,391
TLK3,TLF2,2015,322
TLK3,TLF3,2015,177
TLK3,TLG1,2015,406
TLK3,TLG2,2015,295
TLK3,TLG3,2015,440
TLK3,TLH2,2015,304
TLK3,TLH3,2015,237
TLK3,TLH4,2015,205
TLK3,TLH5,2015,253
TLK3,TLH6,2015,159
TLK3,TLI3,2015,374
TLK3,TLI4,2015,656
TLK3,TLI5,2015,174
TLK3,TLI6,2015,227
TLK3,TLI7,2015,294
TLK3,TLJ1,2015,761
TLK3,TLJ2,2015,937
TLK3,TLJ3,2015,898
TLK3,TLJ4,2015,357
TLK3,TLK4,2015,4494
TLK3,TLK5,2015,1253
TLK3,TLK6,2015,1349
TLK3,TLK7,2015,888
TLK3,TLL3,2015,120
TLK3,TLL4,2015,278
TLK3,TLL5,2015,608
TLK3,TLN0,2015,48
TLK4,S92000003,2015,761
TLK4,TLC3,2015,110
TLK4,TLC4,2015,478
TLK4,TLD1,2015,162
TLK4,TLD3,2015,679
TLK4,TLD4,2015,355
TLK4,TLD6,2015,306
TLK4,TLD7,2015,462
TLK4,TLE1,2015,192
TLK4,TLE2,2015,331
TLK4,TLE3,2015,280
TLK4,TLE4,2015,506
TLK4,TLF1,2015,676
TLK4,TLF2,2015,704
TLK4,TLF3,2015,244
TLK4,TLG1,2015,908
TLK4,TLG2,2015,685
TLK4,TLG3,2015,1221
TLK4,TLH2,2015,798
TLK4,TLH3,2015,599
TLK4,TLH4,2015,449
TLK4,TLH5,2015,410
TLK4,TLH6,2015,288
TLK4,TLI3,2015,1243
TLK4,TLI4,2015,1686
TLK4,TLI5,2015,596
TLK4,TLI6,2015,636
TLK4,TLI7,2015,902
TLK4,TLJ1,2015,2103
TLK4,TLJ2,2015,2385
TLK4,TLJ3,2015,2267
TLK4,TLJ4,2015,883
TLK4,TLK3,2015,4390
TLK4,TLK5,2015,3346
TLK4,TLK6,2015,5323
TLK4,TLK7,2015,2204
TLK4,TLL3,2015,164
TLK4,TLL4,2015,803
TLK4,TLL5,2015,1482
TLK4,TLN0,2015,138
TLK5,S92000003,2015,709
TLK5,TLC3,2015,102
TLK5,TLC4,2015,392
TLK5,TLD1,2015,125
TLK5,TLD3,2015,898
TLK5,TLD4,2015,287
TLK5,TLD6,2015,311
TLK5,TLD7,2015,391
TLK5,TLE1,2015,119
TLK5,TLE2,2015,275
TLK5,TLE3,2015,346
TLK5,TLE4,2015,642
TLK5,TLF1,2015,708
TLK5,TLF2,2015,638
TLK5,TLF3,2015,146
TLK5,TLG1,2015,1060
TLK5,TLG2,2015,484
TLK5,TLG3,2015,1392
TLK5,TLH2,2015,778
TLK5,TLH3,2015,489
TLK5,TLH4,2015,553
TLK5,TLH5,2015,243
TLK5,TLH6,2015,246
TLK5,TLI3,2015,2135
TLK5,TLI4,2015,2823
TLK5,TLI5,2015,724
TLK5,TLI6,2015,798
TLK5,TLI7,2015,1385
TLK5,TLJ1,2015,2767
TLK5,TLJ2,2015,2145
TLK5,TLJ3,2015,1868
TLK5,TLJ4,2015,738
TLK5,TLK3,2015,1022
TLK5,TLK4,2015,2683
TLK5,TLK6,2015,7875
TLK5,TLK7,2015,5723
TLK5,TLL3,2015,183
TLK5,TLL4,2015,944
TLK5,TLL5,2015,2807
TLK5,TLN0,2015,125
TLK6,S92000003,2015,949
TLK6,TLC3,2015,126
TLK6,TLC4,2015,548
TLK6,TLD1,2015,163
TLK6,TLD3,2015,812
TLK6,TLD4,2015,465
TLK6,TLD6,2015,256
TLK6,TLD7,2015,449
TLK6,TLE1,2015,223
TLK6,TLE2,2015,368
TLK6,TLE3,2015,361
TLK6,TLE4,2015,614
TLK6,TLF1,2015,801
TLK6,TLF2,2015,804
TLK6,TLF3,2015,346
TLK6,TLG1,2015,1041
TLK6,TLG2,2015,735
TLK6,TLG3,2015,1273
TLK6,TLH2,2015,1093
TLK6,TLH3,2015,693
TLK6,TLH4,2015,516
TLK6,TLH5,2015,408
TLK6,TLH6,2015,357
TLK6,TLI3,2015,1752
TLK6,TLI4,2015,2289
TLK6,TLI5,2015,721
TLK6,TLI6,2015,1022
TLK6,TLI7,2015,1295
TLK6,TLJ1,2015,3122
TLK6,TLJ2,2015,3365
TLK6,TLJ3,2015,6337
TLK6,TLJ4,2015,1028
TLK6,TLK3,2015,1489
TLK6,TLK4,2015,5411
TLK6,TLK5,2015,5826
TLK6,TLK7,2015,3921
TLK6,TLL3,2015,247
TLK6,TLL4,2015,790
TLK6,TLL5,2015,1864
TLK6,TLN0,2015,145
TLK7,S92000003,2015,917
TLK7,TLC3,2015,157
TLK7,TLC4,2015,555
TLK7,TLD1,2015,204
TLK7,TLD3,2015,700
TLK7,TLD4,2015,415
TLK7,TLD6,2015,324
TLK7,TLD7,2015,373
TLK7,TLE1,2015,217
TLK7,TLE2,2015,547
TLK7,TLE3,2015,362
TLK7,TLE4,2015,608
TLK7,TLF1,2015,816
TLK7,TLF2,2015,947
TLK7,TLF3,2015,377
TLK7,TLG1,2015,2931
TLK7,TLG2,2015,769
TLK7,TLG3,2015,1661
TLK7,TLH2,2015,790
TLK7,TLH3,2015,501
TLK7,TLH4,2015,494
TLK7,TLH5,2015,281
TLK7,TLH6,2015,326
TLK7,TLI3,2015,1481
TLK7,TLI4,2015,1502
TLK7,TLI5,2015,516
TLK7,TLI6,2015,502
TLK7,TLI7,2015,1053
TLK7,TLJ1,2015,3955
TLK7,TLJ2,2015,1931
TLK7,TLJ3,2015,3510
TLK7,TLJ4,2015,658
TLK7,TLK3,2015,1031
TLK7,TLK4,2015,2460
TLK7,TLK5,2015,4552
TLK7,TLK6,2015,4000
TLK7,TLL3,2015,232
TLK7,TLL4,2015,1075
TLK7,TLL5,2015,2417
TLK7,TLN0,2015,173
TLL3,S92000003,2015,439
TLL3,TLC3,2015,99
TLL3,TLC4,2015,327
TLL3,TLD1,2015,160
TLL3,TLD3,2015,2103
TLL3,TLD4,2015,860
TLL3,TLD6,2015,2690
TLL3,TLD7,2015,2466
TLL3,TLE1,2015,149
TLL3,TLE2,2015,273
TLL3,TLE3,2015,242
TLL3,TLE4,2015,587
TLL3,TLF1,2015,555
TLL3,TLF2,2015,322
TLL3,TLF3,2015,130
TLL3,TLG1,2015,380
TLL3,TLG2,2015,1460
TLL3,TLG3,2015,720
TLL3,TLH2,2015,226
TLL3,TLH3,2015,150
TLL3,TLH4,2015,136
TLL3,TLH5,2015,144
TLL3,TLH6,2015,92
TLL3,TLI3,2015,200
TLL3,TLI4,2015,405
TLL3,TLI5,2015,134
TLL3,TLI6,2015,114
TLL3,TLI7,2015,231
TLL3,TLJ1,2015,449
TLL3,TLJ2,2015,344
TLL3,TLJ3,2015,247
TLL3,TLJ4,2015,200
TLL3,TLK3,2015,152
TLL3,TLK4,2015,218
TLL3,TLK5,2015,248
TLL3,TLK6,2015,257
TLL3,TLK7,2015,290
TLL3,TLL4,2015,1140
TLL3,TLL5,2015,990
TLL3,TLN0,2015,102
TLL4,S92000003,2015,588
TLL4,TLC3,2015,86
TLL4,TLC4,2015,281
TLL4,TLD1,2015,120
TLL4,TLD3,2015,697
TLL4,TLD4,2015,312
TLL4,TLD6,2015,419
TLL4,TLD7,2015,461
TLL4,TLE1,2015,130
TLL4,TLE2,2015,163
TLL4,TLE3,2015,240
TLL4,TLE4,2015,373
TLL4,TLF1,2015,480
TLL4,TLF2,2015,547
TLL4,TLF3,2015,159
TLL4,TLG1,2015,1273
TLL4,TLG2,2015,1634
TLL4,TLG3,2015,1136
TLL4,TLH2,2015,390
TLL4,TLH3,2015,318
TLL4,TLH4,2015,262
TLL4,TLH5,2015,210
TLL4,TLH6,2015,161
TLL4,TLI3,2015,532
TLL4,TLI4,2015,786
TLL4,TLI5,2015,315
TLL4,TLI6,2015,282
TLL4,TLI7,2015,499
TLL4,TLJ1,2015,1123
TLL4,TLJ2,2015,824
TLL4,TLJ3,2015,899
TLL4,TLJ4,2015,383
TLL4,TLK3,2015,312
TLL4,TLK4,2015,774
TLL4,TLK5,2015,1432
TLL4,TLK6,2015,762
TLL4,TLK7,2015,1174
TLL4,TLL3,2015,1124
TLL4,TLL5,2015,7763
TLL4,TLN0,2015,96
TLL5,S92000003,2015,715
TLL5,TLC3,2015,111
TLL5,TLC4,2015,398
TLL5,TLD1,2015,75
TLL5,TLD3,2015,943
TLL5,TLD4,2015,364
TLL5,TLD6,2015,317
TLL5,TLD7,2015,526
TLL5,TLE1,2015,173
TLL5,TLE2,2015,239
TLL5,TLE3,2015,423
TLL5,TLE4,2015,568
TLL5,TLF1,2015,709
TLL5,TLF2,2015,733
TLL5,TLF3,2015,214
TLL5,TLG1,2015,1269
TLL5,TLG2,2015,693
TLL5,TLG3,2015,1594
TLL5,TLH2,2015,617
TLL5,TLH3,2015,350
TLL5,TLH4,2015,417
TLL5,TLH5,2015,182
TLL5,TLH6,2015,152
TLL5,TLI3,2015,1100
TLL5,TLI4,2015,1735
TLL5,TLI5,2015,592
TLL5,TLI6,2015,460
TLL5,TLI7,2015,1030
TLL5,TLJ1,2015,1883
TLL5,TLJ2,2015,1243
TLL5,TLJ3,2015,1427
TLL5,TLJ4,2015,489
TLL5,TLK3,2015,602
TLL5,TLK4,2015,1555
TLL5,TLK5,2015,3106
TLL5,TLK6,2015,1777
TLL5,TLK7,2015,2486
TLL5,TLL3,2015,921
TLL5,TLL4,2015,7762
TLL5,TLN0,2015,170
TLN0,S92000003,2015,2418
TLN0,TLC3,2015,70
TLN0,TLC4,2015,561
TLN0,TLD1,2015,92
TLN0,TLD3,2015,636
TLN0,TLD4,2015,262
TLN0,TLD6,2015,157
TLN0,TLD7,2015,1005
TLN0,TLE1,2015,63
TLN0,TLE2,2015,140
TLN0,TLE3,2015,140
TLN0,TLE4,2015,277
TLN0,TLF1,2015,267
TLN0,TLF2,2015,190
TLN0,TLF3,2015,87
TLN0,TLG1,2015,127
TLN0,TLG2,2015,136
TLN0,TLG3,2015,280
TLN0,TLH2,2015,193
TLN0,TLH3,2015,143
TLN0,TLH4,2015,199
TLN0,TLH5,2015,82
TLN0,TLH6,2015,73
TLN0,TLI3,2015,304
TLN0,TLI4,2015,524
TLN0,TLI5,2015,171
TLN0,TLI6,2015,136
TLN0,TLI7,2015,275
TLN0,TLJ1,2015,257
TLN0,TLJ2,2015,296
TLN0,TLJ3,2015,213
TLN0,TLJ4,2015,202
TLN0,TLK3,2015,41
TLN0,TLK4,2015,175
TLN0,TLK5,2015,228
TLN0,TLK6,2015,157
TLN0,TLK7,2015,193
TLN0,TLL3,2015,57
TLN0,TLL4,2015,127
TLN0,TLL5,2015,227
S92000003,TLC3,2016,538
S92000003,TLC4,2016,2816
S92000003,TLD1,2016,1188
S92000003,TLD3,2016,1941
S92000003,TLD4,2016,1350
S92000003,TLD6,2016,611
S92000003,TLD7,2016,877
S92000003,TLE1,2016,461
S92000003,TLE2,2016,1084
S92000003,TLE3,2016,687
S92000003,TLE4,2016,1423
S92000003,TLF1,2016,894
S92000003,TLF2,2016,819
S92000003,TLF3,2016,467
S92000003,TLG1,2016,575
S92000003,TLG2,2016,669
S92000003,TLG3,2016,911
S92000003,TLH2,2016,757
S92000003,TLH3,2016,576
S92000003,TLH4,2016,692
S92000003,TLH5,2016,498
S92000003,TLH6,2016,391
S92000003,TLI3,2016,1600
S92000003,TLI4,2016,2077
S92000003,TLI5,2016,555
S92000003,TLI6,2016,579
S92000003,TLI7,2016,1045
S92000003,TLJ1,2016,1457
S92000003,TLJ2,2016,1582
S92000003,TLJ3,2016,1122
S92000003,TLJ4,2016,701
S92000003,TLK3,2016,351
S92000003,TLK4,2016,750
S92000003,TLK5,2016,676
S92000003,TLK6,2016,778
S92000003,TLK7,2016,772
S92000003,TLL3,2016,325
S92000003,TLL4,2016,444
S92000003,TLL5,2016,531
S92000003,TLN0,2016,1946
TLC3,S92000003,2016,641
TLC3,TLC4,2016,4964
TLC3,TLD1,2016,287
TLC3,TLD3,2016,892
TLC3,TLD4,2016,412
TLC3,TLD6,2016,185
TLC3,TLD7,2016,348
TLC3,TLE1,2016,459
TLC3,TLE2,2016,2005
TLC3,TLE3,2016,448
TLC3,TLE4,2016,1441
TLC3,TLF1,2016,424
TLC3,TLF2,2016,321
TLC3,TLF3,2016,156
TLC3,TLG1,2016,208
TLC3,TLG2,2016,216
TLC3,TLG3,2016,484
TLC3,TLH2,2016,182
TLC3,TLH3,2016,196
TLC3,TLH4,2016,154
TLC3,TLH5,2016,113
TLC3,TLH6,2016,82
TLC3,TLI3,2016,194
TLC3,TLI4,2016,554
TLC3,TLI5,2016,273
TLC3,TLI6,2016,144
TLC3,TLI7,2016,432
TLC3,TLJ1,2016,287
TLC3,TLJ2,2016,306
TLC3,TLJ3,2016,223
TLC3,TLJ4,2016,128
TLC3,TLK3,2016,53
TLC3,TLK4,2016,144
TLC3,TLK5,2016,111
TLC3,TLK6,2016,142
TLC3,TLK7,2016,184
TLC3,TLL3,2016,89
TLC3,TLL4,2016,61
TLC3,TLL5,2016,119
TLC3,TLN0,2016,88
TLC4,S92000003,2016,3148
TLC4,TLC3,2016,4495
TLC4,TLD1,2016,1343
TLC4,TLD3,2016,2248
TLC4,TLD4,2016,1280
TLC4,TLD6,2016,634
TLC4,TLD7,2016,948
TLC4,TLE1,2016,1030
TLC4,TLE2,2016,2503
TLC4,TLE3,2016,1393
TLC4,TLE4,2016,3859
TLC4,TLF1,2016,1388
TLC4,TLF2,2016,943
TLC4,TLF3,2016,602
TLC4,TLG1,2016,511
TLC4,TLG2,2016,585
TLC4,TLG3,2016,1077
TLC4,TLH2,2016,824
TLC4,TLH3,2016,453
TLC4,TLH4,2016,710
TLC4,TLH5,2016,464
TLC4,TLH6,2016,334
TLC4,TLI3,2016,1763
TLC4,TLI4,2016,2169
TLC4,TLI5,2016,548
TLC4,TLI6,2016,550
TLC4,TLI7,2016,1199
TLC4,TLJ1,2016,1477
TLC4,TLJ2,2016,1018
TLC4,TLJ3,2016,750
TLC4,TLJ4,2016,605
TLC4,TLK3,2016,181
TLC4,TLK4,2016,439
TLC4,TLK5,2016,461
TLC4,TLK6,2016,514
TLC4,TLK7,2016,566
TLC4,TLL3,2016,294
TLC4,TLL4,2016,253
TLC4,TLL5,2016,389
TLC4,TLN0,2016,542
TLD1,S92000003,2016,1166
TLD1,TLC3,2016,241
TLD1,TLC4,2016,1542
TLD1,TLD3,2016,1191
TLD1,TLD4,2016,2317
TLD1,TLD6,2016,363
TLD1,TLD7,2016,646
TLD1,TLE1,2016,200
TLD1,TLE2,2016,548
TLD1,TLE3,2016,299
TLD1,TLE4,2016,795
TLD1,TLF1,2016,260
TLD1,TLF2,2016,220
TLD1,TLF3,2016,144
TLD1,TLG1,2016,196
TLD1,TLG2,2016,288
TLD1,TLG3,2016,286
TLD1,TLH2,2016,116
TLD1,TLH3,2016,110
TLD1,TLH4,2016,144
TLD1,TLH5,2016,108
TLD1,TLH6,2016,79
TLD1,TLI3,2016,179
TLD1,TLI4,2016,320
TLD1,TLI5,2016,80
TLD1,TLI6,2016,87
TLD1,TLI7,2016,117
TLD1,TLJ1,2016,272
TLD1,TLJ2,2016,290
TLD1,TLJ3,2016,166
TLD1,TLJ4,2016,144
TLD1,TLK3,2016,126
TLD1,TLK4,2016,139
TLD1,TLK5,2016,124
TLD1,TLK6,2016,159
TLD1,TLK7,2016,179
TLD1,TLL3,2016,171
TLD1,TLL4,2016,103
TLD1,TLL5,2016,105
TLD1,TLN0,2016,65
TLD3,S92000003,2016,2270
TLD3,TLC3,2016,613
TLD3,TLC4,2016,2195
TLD3,TLD1,2016,1258
TLD3,TLD4,2016,12496
TLD3,TLD6,2016,7837
TLD3,TLD7,2016,6259
TLD3,TLE1,2016,1053
TLD3,TLE2,2016,1425
TLD3,TLE3,2016,2766
TLD3,TLE4,2016,7184
TLD3,TLF1,2016,3864
TLD3,TLF2,2016,1516
TLD3,TLF3,2016,581
TLD3,TLG1,2016,874
TLD3,TLG2,2016,2275
TLD3,TLG3,2016,3275
TLD3,TLH2,2016,1226
TLD3,TLH3,2016,582
TLD3,TLH4,2016,839
TLD3,TLH5,2016,505
TLD3,TLH6,2016,412
TLD3,TLI3,2016,2263
TLD3,TLI4,2016,3918
TLD3,TLI5,2016,1346
TLD3,TLI6,2016,825
TLD3,TLI7,2016,2116
TLD3,TLJ1,2016,2151
TLD3,TLJ2,2016,1584
TLD3,TLJ3,2016,1048
TLD3,TLJ4,2016,773
TLD3,TLK3,2016,541
TLD3,TLK4,2016,846
TLD3,TLK5,2016,968
TLD3,TLK6,2016,808
TLD3,TLK7,2016,704
TLD3,TLL3,2016,2419
TLD3,TLL4,2016,644
TLD3,TLL5,2016,889
TLD3,TLN0,2016,583
TLD4,S92000003,2016,1609
TLD4,TLC3,2016,459
TLD4,TLC4,2016,1458
TLD4,TLD1,2016,2315
TLD4,TLD3,2016,10762
TLD4,TLD6,2016,1931
TLD4,TLD7,2016,5381
TLD4,TLE1,2016,491
TLD4,TLE2,2016,1522
TLD4,TLE3,2016,1056
TLD4,TLE4,2016,3762
TLD4,TLF1,2016,1192
TLD4,TLF2,2016,863
TLD4,TLF3,2016,371
TLD4,TLG1,2016,515
TLD4,TLG2,2016,1176
TLD4,TLG3,2016,1445
TLD4,TLH2,2016,605
TLD4,TLH3,2016,360
TLD4,TLH4,2016,444
TLD4,TLH5,2016,301
TLD4,TLH6,2016,182
TLD4,TLI3,2016,772
TLD4,TLI4,2016,1302
TLD4,TLI5,2016,527
TLD4,TLI6,2016,332
TLD4,TLI7,2016,591
TLD4,TLJ1,2016,965
TLD4,TLJ2,2016,729
TLD4,TLJ3,2016,669
TLD4,TLJ4,2016,475
TLD4,TLK3,2016,274
TLD4,TLK4,2016,413
TLD4,TLK5,2016,404
TLD4,TLK6,2016,537
TLD4,TLK7,2016,539
TLD4,TLL3,2016,813
TLD4,TLL4,2016,336
TLD4,TLL5,2016,416
TLD4,TLN0,2016,297
TLD6,S92000003,2016,705
TLD6,TLC3,2016,151
TLD6,TLC4,2016,752
TLD6,TLD1,2016,308
TLD6,TLD3,2016,5272
TLD6,TLD4,2016,1616
TLD6,TLD7,2016,4516
TLD6,TLE1,2016,299
TLD6,TLE2,2016,488
TLD6,TLE3,2016,861
TLD6,TLE4,2016,1604
TLD6,TLF1,2016,1287
TLD6,TLF2,2016,551
TLD6,TLF3,2016,211
TLD6,TLG1,2016,522
TLD6,TLG2,2016,2886
TLD6,TLG3,2016,1091
TLD6,TLH2,2016,399
TLD6,TLH3,2016,271
TLD6,TLH4,2016,468
TLD6,TLH5,2016,166
TLD6,TLH6,2016,202
TLD6,TLI3,2016,528
TLD6,TLI4,2016,761
TLD6,TLI5,2016,212
TLD6,TLI6,2016,170
TLD6,TLI7,2016,373
TLD6,TLJ1,2016,667
TLD6,TLJ2,2016,578
TLD6,TLJ3,2016,363
TLD6,TLJ4,2016,220
TLD6,TLK3,2016,271
TLD6,TLK4,2016,416
TLD6,TLK5,2016,467
TLD6,TLK6,2016,321
TLD6,TLK7,2016,396
TLD6,TLL3,2016,2862
TLD6,TLL4,2016,309
TLD6,TLL5,2016,351
TLD6,TLN0,2016,123
TLD7,S92000003,2016,1082
TLD7,TLC3,2016,323
TLD7,TLC4,2016,891
TLD7,TLD1,2016,599
TLD7,TLD3,2016,6162
TLD7,TLD4,2016,5028
TLD7,TLD6,2016,4769
TLD7,TLE1,2016,420
TLD7,TLE2,2016,535
TLD7,TLE3,2016,947
TLD7,TLE4,2016,2246
TLD7,TLF1,2016,1083
TLD7,TLF2,2016,710
TLD7,TLF3,2016,273
TLD7,TLG1,2016,500
TLD7,TLG2,2016,1152
TLD7,TLG3,2016,1377
TLD7,TLH2,2016,501
TLD7,TLH3,2016,351
TLD7,TLH4,2016,310
TLD7,TLH5,2016,211
TLD7,TLH6,2016,178
TLD7,TLI3,2016,887
TLD7,TLI4,2016,1301
TLD7,TLI5,2016,442
TLD7,TLI6,2016,323
TLD7,TLI7,2016,658
TLD7,TLJ1,2016,825
TLD7,TLJ2,2016,694
TLD7,TLJ3,2016,493
TLD7,TLJ4,2016,281
TLD7,TLK3,2016,266
TLD7,TLK4,2016,496
TLD7,TLK5,2016,413
TLD7,TLK6,2016,408
TLD7,TLK7,2016,363
TLD7,TLL3,2016,2211
TLD7,TLL4,2016,383
TLD7,TLL5,2016,403
TLD7,TLN0,2016,731
TLE1,S92000003,2016,663
TLE1,TLC3,2016,401
TLE1,TLC4,2016,1101
TLE1,TLD1,2016,198
TLE1,TLD3,2016,1232
TLE1,TLD4,2016,565
TLE1,TLD6,2016,361
TLE1,TLD7,2016,471
TLE1,TLE2,2016,2524
TLE1,TLE3,2016,2166
TLE1,TLE4,2016,3072
TLE1,TLF1,2016,1373
TLE1,TLF2,2016,634
TLE1,TLF3,2016,2763
TLE1,TLG1,2016,276
TLE1,TLG2,2016,370
TLE1,TLG3,2016,634
TLE1,TLH2,2016,356
TLE1,TLH3,2016,266
TLE1,TLH4,2016,270
TLE1,TLH5,2016,305
TLE1,TLH6,2016,155
TLE1,TLI3,2016,422
TLE1,TLI4,2016,664
TLE1,TLI5,2016,289
TLE1,TLI6,2016,154
TLE1,TLI7,2016,383
TLE1,TLJ1,2016,511
TLE1,TLJ2,2016,346
TLE1,TLJ3,2016,285
TLE1,TLJ4,2016,254
TLE1,TLK3,2016,126
TLE1,TLK4,2016,254
TLE1,TLK5,2016,115
TLE1,TLK6,2016,241
TLE1,TLK7,2016,244
TLE1,TLL3,2016,155
TLE1,TLL4,2016,139
TLE1,TLL5,2016,164
TLE1,TLN0,2016,106
TLE2,S92000003,2016,1227
TLE2,TLC3,2016,2178
TLE2,TLC4,2016,2844
TLE2,TLD1,2016,579
TLE2,TLD3,2016,1440
TLE2,TLD4,2016,1351
TLE2,TLD6,2016,440
TLE2,TLD7,2016,630
TLE2,TLE1,2016,2994
TLE2,TLE3,2016,1676
TLE2,TLE4,2016,5991
TLE2,TLF1,2016,1129
TLE2,TLF2,2016,635
TLE2,TLF3,2016,517
TLE2,TLG1,2016,473
TLE2,TLG2,2016,545
TLE2,TLG3,2016,649
TLE2,TLH2,2016,470
TLE2,TLH3,2016,374
TLE2,TLH4,2016,503
TLE2,TLH5,2016,325
TLE2,TLH6,2016,241
TLE2,TLI3,2016,869
TLE2,TLI4,2016,1010
TLE2,TLI5,2016,276
TLE2,TLI6,2016,260
TLE2,TLI7,2016,441
TLE2,TLJ1,2016,878
TLE2,TLJ2,2016,702
TLE2,TLJ3,2016,743
TLE2,TLJ4,2016,378
TLE2,TLK3,2016,153
TLE2,TLK4,2016,444
TLE2,TLK5,2016,409
TLE2,TLK6,2016,330
TLE2,TLK7,2016,536
TLE2,TLL3,2016,235
TLE2,TLL4,2016,162
TLE2,TLL5,2016,215
TLE2,TLN0,2016,141
TLE3,S92000003,2016,809
TLE3,TLC3,2016,415
TLE3,TLC4,2016,1455
TLE3,TLD1,2016,307
TLE3,TLD3,2016,3288
TLE3,TLD4,2016,1050
TLE3,TLD6,2016,835
TLE3,TLD7,2016,951
TLE3,TLE1,2016,2219
TLE3,TLE2,2016,1590
TLE3,TLE4,2016,5754
TLE3,TLF1,2016,6771
TLE3,TLF2,2016,1508
TLE3,TLF3,2016,1337
TLE3,TLG1,2016,652
TLE3,TLG2,2016,858
TLE3,TLG3,2016,1661
TLE3,TLH2,2016,688
TLE3,TLH3,2016,388
TLE3,TLH4,2016,626
TLE3,TLH5,2016,425
TLE3,TLH6,2016,266
TLE3,TLI3,2016,667
TLE3,TLI4,2016,1495
TLE3,TLI5,2016,525
TLE3,TLI6,2016,392
TLE3,TLI7,2016,795
TLE3,TLJ1,2016,1060
TLE3,TLJ2,2016,696
TLE3,TLJ3,2016,538
TLE3,TLJ4,2016,443
TLE3,TLK3,2016,276
TLE3,TLK4,2016,286
TLE3,TLK5,2016,463
TLE3,TLK6,2016,337
TLE3,TLK7,2016,422
TLE3,TLL3,2016,265
TLE3,TLL4,2016,232
TLE3,TLL5,2016,427
TLE3,TLN0,2016,107
TLE4,S92000003,2016,1777
TLE4,TLC3,2016,1280
TLE4,TLC4,2016,3742
TLE4,TLD1,2016,785
TLE4,TLD3,2016,7512
TLE4,TLD4,2016,3591
TLE4,TLD6,2016,1699
TLE4,TLD7,2016,2425
TLE4,TLE1,2016,3712
TLE4,TLE2,2016,7383
TLE4,TLE3,2016,5799
TLE4,TLF1,2016,3200
TLE4,TLF2,2016,2034
TLE4,TLF3,2016,1157
TLE4,TLG1,2016,826
TLE4,TLG2,2016,1135
TLE4,TLG3,2016,2945
TLE4,TLH2,2016,1447
TLE4,TLH3,2016,569
TLE4,TLH4,2016,1081
TLE4,TLH5,2016,473
TLE4,TLH6,2016,359
TLE4,TLI3,2016,1996
TLE4,TLI4,2016,3082
TLE4,TLI5,2016,1174
TLE4,TLI6,2016,775
TLE4,TLI7,2016,1824
TLE4,TLJ1,2016,2058
TLE4,TLJ2,2016,1398
TLE4,TLJ3,2016,942
TLE4,TLJ4,2016,818
TLE4,TLK3,2016,427
TLE4,TLK4,2016,594
TLE4,TLK5,2016,719
TLE4,TLK6,2016,671
TLE4,TLK7,2016,809
TLE4,TLL3,2016,596
TLE4,TLL4,2016,384
TLE4,TLL5,2016,609
TLE4,TLN0,2016,316
TLF1,S92000003,2016,1264
TLF1,TLC3,2016,370
TLF1,TLC4,2016,1538
TLF1,TLD1,2016,303
TLF1,TLD3,2016,3740
TLF1,TLD4,2016,1038
TLF1,TLD6,2016,1189
TLF1,TLD7,2016,1275
TLF1,TLE1,2016,1398
TLF1,TLE2,2016,1209
TLF1,TLE3,2016,5873
TLF1,TLE4,2016,3057
TLF1,TLF2,2016,5794
TLF1,TLF3,2016,4052
TLF1,TLG1,2016,1456
TLF1,TLG2,2016,3812
TLF1,TLG3,2016,4342
TLF1,TLH2,2016,2008
TLF1,TLH3,2016,845
TLF1,TLH4,2016,1363
TLF1,TLH5,2016,781
TLF1,TLH6,2016,455
TLF1,TLI3,2016,1587
TLF1,TLI4,2016,2748
TLF1,TLI5,2016,1041
TLF1,TLI6,2016,851
TLF1,TLI7,2016,1889
TLF1,TLJ1,2016,2234
TLF1,TLJ2,2016,1473
TLF1,TLJ3,2016,1078
TLF1,TLJ4,2016,861
TLF1,TLK3,2016,613
TLF1,TLK4,2016,845
TLF1,TLK5,2016,806
TLF1,TLK6,2016,875
TLF1,TLK7,2016,828
TLF1,TLL3,2016,516
TLF1,TLL4,2016,445
TLF1,TLL5,2016,708
TLF1,TLN0,2016,234
TLF2,S92000003,2016,1109
TLF2,TLC3,2016,367
TLF2,TLC4,2016,1174
TLF2,TLD1,2016,246
TLF2,TLD3,2016,1764
TLF2,TLD4,2016,843
TLF2,TLD6,2016,637
TLF2,TLD7,2016,888
TLF2,TLE1,2016,680
TLF2,TLE2,2016,771
TLF2,TLE3,2016,1664
TLF2,TLE4,2016,2078
TLF2,TLF1,2016,5910
TLF2,TLF3,2016,2435
TLF2,TLG1,2016,2683
TLF2,TLG2,2016,1782
TLF2,TLG3,2016,5110
TLF2,TLH2,2016,2681
TLF2,TLH3,2016,975
TLF2,TLH4,2016,2229
TLF2,TLH5,2016,1196
TLF2,TLH6,2016,658
TLF2,TLI3,2016,1492
TLF2,TLI4,2016,2686
TLF2,TLI5,2016,1473
TLF2,TLI6,2016,953
TLF2,TLI7,2016,1873
TLF2,TLJ1,2016,4295
TLF2,TLJ2,2016,2009
TLF2,TLJ3,2016,1419
TLF2,TLJ4,2016,1052
TLF2,TLK3,2016,592
TLF2,TLK4,2016,1086
TLF2,TLK5,2016,992
TLF2,TLK6,2016,1070
TLF2,TLK7,2016,1012
TLF2,TLL3,2016,387
TLF2,TLL4,2016,478
TLF2,TLL5,2016,722
TLF2,TLN0,2016,238
TLF3,S92000003,2016,573
TLF3,TLC3,2016,188
TLF3,TLC4,2016,713
TLF3,TLD1,2016,128
TLF3,TLD3,2016,640
TLF3,TLD4,2016,299
TLF3,TLD6,2016,213
TLF3,TLD7,2016,382
TLF3,TLE1,2016,2459
TLF3,TLE2,2016,696
TLF3,TLE3,2016,1514
TLF3,TLE4,2016,1194
TLF3,TLF1,2016,4327
TLF3,TLF2,2016,1951
TLF3,TLG1,2016,445
TLF3,TLG2,2016,483
TLF3,TLG3,2016,857
TLF3,TLH2,2016,659
TLF3,TLH3,2016,416
TLF3,TLH4,2016,2109
TLF3,TLH5,2016,1107
TLF3,TLH6,2016,361
TLF3,TLI3,2016,333
TLF3,TLI4,2016,650
TLF3,TLI5,2016,274
TLF3,TLI6,2016,153
TLF3,TLI7,2016,299
TLF3,TLJ1,2016,700
TLF3,TLJ2,2016,544
TLF3,TLJ3,2016,577
TLF3,TLJ4,2016,385
TLF3,TLK3,2016,206
TLF3,TLK4,2016,292
TLF3,TLK5,2016,189
TLF3,TLK6,2016,362
TLF3,TLK7,2016,357
TLF3,TLL3,2016,138
TLF3,TLL4,2016,155
TLF3,TLL5,2016,148
TLF3,TLN0,2016,82
TLG1,S92000003,2016,757
TLG1,TLC3,2016,200
TLG1,TLC4,2016,591
TLG1,TLD1,2016,201
TLG1,TLD3,2016,1134
TLG1,TLD4,2016,605
TLG1,TLD6,2016,596
TLG1,TLD7,2016,656
TLG1,TLE1,2016,283
TLG1,TLE2,2016,497
TLG1,TLE3,2016,738
TLG1,TLE4,2016,897
TLG1,TLF1,2016,1729
TLG1,TLF2,2016,3326
TLG1,TLF3,2016,447
TLG1,TLG2,2016,2894
TLG1,TLG3,2016,9418
TLG1,TLH2,2016,724
TLG1,TLH3,2016,392
TLG1,TLH4,2016,511
TLG1,TLH5,2016,369
TLG1,TLH6,2016,263
TLG1,TLI3,2016,990
TLG1,TLI4,2016,1349
TLG1,TLI5,2016,379
TLG1,TLI6,2016,317
TLG1,TLI7,2016,654
TLG1,TLJ1,2016,2178
TLG1,TLJ2,2016,1035
TLG1,TLJ3,2016,1000
TLG1,TLJ4,2016,409
TLG1,TLK3,2016,692
TLG1,TLK4,2016,1362
TLG1,TLK5,2016,1578
TLG1,TLK6,2016,1235
TLG1,TLK7,2016,3008
TLG1,TLL3,2016,455
TLG1,TLL4,2016,1380
TLG1,TLL5,2016,1374
TLG1,TLN0,2016,127
TLG2,S92000003,2016,766
TLG2,TLC3,2016,201
TLG2,TLC4,2016,626
TLG2,TLD1,2016,265
TLG2,TLD3,2016,2647
TLG2,TLD4,2016,1097
TLG2,TLD6,2016,3097
TLG2,TLD7,2016,1428
TLG2,TLE1,2016,441
TLG2,TLE2,2016,541
TLG2,TLE3,2016,953
TLG2,TLE4,2016,1233
TLG2,TLF1,2016,4506
TLG2,TLF2,2016,1827
TLG2,TLF3,2016,600
TLG2,TLG1,2016,2895
TLG2,TLG3,2016,7930
TLG2,TLH2,2016,563
TLG2,TLH3,2016,470
TLG2,TLH4,2016,463
TLG2,TLH5,2016,354
TLG2,TLH6,2016,281
TLG2,TLI3,2016,609
TLG2,TLI4,2016,1008
TLG2,TLI5,2016,434
TLG2,TLI6,2016,300
TLG2,TLI7,2016,677
TLG2,TLJ1,2016,1171
TLG2,TLJ2,2016,909
TLG2,TLJ3,2016,681
TLG2,TLJ4,2016,506
TLG2,TLK3,2016,477
TLG2,TLK4,2016,817
TLG2,TLK5,2016,636
TLG2,TLK6,2016,780
TLG2,TLK7,2016,730
TLG2,TLL3,2016,1435
TLG2,TLL4,2016,1469
TLG2,TLL5,2016,791
TLG2,TLN0,2016,194
TLG3,S92000003,2016,1278
TLG3,TLC3,2016,365
TLG3,TLC4,2016,1056
TLG3,TLD1,2016,341
TLG3,TLD3,2016,3570
TLG3,TLD4,2016,1497
TLG3,TLD6,2016,997
TLG3,TLD7,2016,1633
TLG3,TLE1,2016,661
TLG3,TLE2,2016,613
TLG3,TLE3,2016,1700
TLG3,TLE4,2016,2800
TLG3,TLF1,2016,4505
TLG3,TLF2,2016,5467
TLG3,TLF3,2016,861
TLG3,TLG1,2016,16224
TLG3,TLG2,2016,11772
TLG3,TLH2,2016,2396
TLG3,TLH3,2016,942
TLG3,TLH4,2016,1075
TLG3,TLH5,2016,621
TLG3,TLH6,2016,458
TLG3,TLI3,2016,2232
TLG3,TLI4,2016,4653
TLG3,TLI5,2016,2407
TLG3,TLI6,2016,1340
TLG3,TLI7,2016,3600
TLG3,TLJ1,2016,3883
TLG3,TLJ2,2016,2241
TLG3,TLJ3,2016,1668
TLG3,TLJ4,2016,1127
TLG3,TLK3,2016,859
TLG3,TLK4,2016,1913
TLG3,TLK5,2016,1595
TLG3,TLK6,2016,1823
TLG3,TLK7,2016,1820
TLG3,TLL3,2016,849
TLG3,TLL4,2016,1262
TLG3,TLL5,2016,1525
TLG3,TLN0,2016,349
TLH2,S92000003,2016,1157
TLH2,TLC3,2016,197
TLH2,TLC4,2016,1051
TLH2,TLD1,2016,168
TLH2,TLD3,2016,1501
TLH2,TLD4,2016,706
TLH2,TLD6,2016,564
TLH2,TLD7,2016,729
TLH2,TLE1,2016,500
TLH2,TLE2,2016,608
TLH2,TLE3,2016,1011
TLH2,TLE4,2016,1841
TLH2,TLF1,2016,2695
TLH2,TLF2,2016,4734
TLH2,TLF3,2016,1242
TLH2,TLG1,2016,951
TLH2,TLG2,2016,858
TLH2,TLG3,2016,3029
TLH2,TLH3,2016,5436
TLH2,TLH4,2016,3719
TLH2,TLH5,2016,1994
TLH2,TLH6,2016,1204
TLH2,TLI3,2016,2346
TLH2,TLI4,2016,4761
TLH2,TLI5,2016,3049
TLH2,TLI6,2016,1339
TLH2,TLI7,2016,4782
TLH2,TLJ1,2016,7749
TLH2,TLJ2,2016,3394
TLH2,TLJ3,2016,2471
TLH2,TLJ4,2016,1658
TLH2,TLK3,2016,618
TLH2,TLK4,2016,1476
TLH2,TLK5,2016,1101
TLH2,TLK6,2016,1903
TLH2,TLK7,2016,1243
TLH2,TLL3,2016,291
TLH2,TLL4,2016,536
TLH2,TLL5,2016,685
TLH2,TLN0,2016,254
TLH3,S92000003,2016,872
TLH3,TLC3,2016,223
TLH3,TLC4,2016,697
TLH3,TLD1,2016,196
TLH3,TLD3,2016,848
TLH3,TLD4,2016,469
TLH3,TLD6,2016,302
TLH3,TLD7,2016,481
TLH3,TLE1,2016,367
TLH3,TLE2,2016,513
TLH3,TLE3,2016,559
TLH3,TLE4,2016,782
TLH3,TLF1,2016,1322
TLH3,TLF2,2016,1336
TLH3,TLF3,2016,862
TLH3,TLG1,2016,508
TLH3,TLG2,2016,578
TLH3,TLG3,2016,1481
TLH3,TLH2,2016,4564
TLH3,TLH4,2016,1981
TLH3,TLH5,2016,2489
TLH3,TLH6,2016,4996
TLH3,TLI3,2016,1485
TLH3,TLI4,2016,3958
TLH3,TLI5,2016,5329
TLH3,TLI6,2016,946
TLH3,TLI7,2016,1448
TLH3,TLJ1,2016,1907
TLH3,TLJ2,2016,2701
TLH3,TLJ3,2016,1991
TLH3,TLJ4,2016,3067
TLH3,TLK3,2016,554
TLH3,TLK4,2016,992
TLH3,TLK5,2016,775
TLH3,TLK6,2016,1103
TLH3,TLK7,2016,767
TLH3,TLL3,2016,254
TLH3,TLL4,2016,439
TLH3,TLL5,2016,495
TLH3,TLN0,2016,212
TLH4,S92000003,2016,938
TLH4,TLC3,2016,179
TLH4,TLC4,2016,722
TLH4,TLD1,2016,146
TLH4,TLD3,2016,877
TLH4,TLD4,2016,423
TLH4,TLD6,2016,364
TLH4,TLD7,2016,350
TLH4,TLE1,2016,347
TLH4,TLE2,2016,529
TLH4,TLE3,2016,651
TLH4,TLE4,2016,1149
TLH4,TLF1,2016,1620
TLH4,TLF2,2016,2618
TLH4,TLF3,2016,3006
TLH4,TLG1,2016,499
TLH4,TLG2,2016,484
TLH4,TLG3,2016,1273
TLH4,TLH2,2016,2545
TLH4,TLH3,2016,1522
TLH4,TLH5,2016,2621
TLH4,TLH6,2016,2554
TLH4,TLI3,2016,2021
TLH4,TLI4,2016,3122
TLH4,TLI5,2016,829
TLH4,TLI6,2016,535
TLH4,TLI7,2016,1269
TLH4,TLJ1,2016,1916
TLH4,TLJ2,2016,1385
TLH4,TLJ3,2016,810
TLH4,TLJ4,2016,830
TLH4,TLK3,2016,292
TLH4,TLK4,2016,631
TLH4,TLK5,2016,607
TLH4,TLK6,2016,598
TLH4,TLK7,2016,589
TLH4,TLL3,2016,115
TLH4,TLL4,2016,250
TLH4,TLL5,2016,386
TLH4,TLN0,2016,144
TLH5,S92000003,2016,630
TLH5,TLC3,2016,102
TLH5,TLC4,2016,558
TLH5,TLD1,2016,85
TLH5,TLD3,2016,557
TLH5,TLD4,2016,264
TLH5,TLD6,2016,176
TLH5,TLD7,2016,245
TLH5,TLE1,2016,296
TLH5,TLE2,2016,427
TLH5,TLE3,2016,461
TLH5,TLE4,2016,582
TLH5,TLF1,2016,894
TLH5,TLF2,2016,956
TLH5,TLF3,2016,1160
TLH5,TLG1,2016,287
TLH5,TLG2,2016,388
TLH5,TLG3,2016,640
TLH5,TLH2,2016,848
TLH5,TLH3,2016,1178
TLH5,TLH4,2016,2054
TLH5,TLH6,2016,4010
TLH5,TLI3,2016,641
TLH5,TLI4,2016,1247
TLH5,TLI5,2016,575
TLH5,TLI6,2016,327
TLH5,TLI7,2016,504
TLH5,TLJ1,2016,838
TLH5,TLJ2,2016,890
TLH5,TLJ3,2016,596
TLH5,TLJ4,2016,557
TLH5,TLK3,2016,214
TLH5,TLK4,2016,425
TLH5,TLK5,2016,298
TLH5,TLK6,2016,352
TLH5,TLK7,2016,307
TLH5,TLL3,2016,113
TLH5,TLL4,2016,175
TLH5,TLL5,2016,186
TLH5,TLN0,2016,102
TLH6,S92000003,2016,415
TLH6,TLC3,2016,140
TLH6,TLC4,2016,360
TLH6,TLD1,2016,96
TLH6,TLD3,2016,375
TLH6,TLD4,2016,245
TLH6,TLD6,2016,147
TLH6,TLD7,2016,223
TLH6,TLE1,2016,219
TLH6,TLE2,2016,314
TLH6,TLE3,2016,246
TLH6,TLE4,2016,410
TLH6,TLF1,2016,657
TLH6,TLF2,2016,698
TLH6,TLF3,2016,550
TLH6,TLG1,2016,239
TLH6,TLG2,2016,282
TLH6,TLG3,2016,572
TLH6,TLH2,2016,631
TLH6,TLH3,2016,2629
TLH6,TLH4,2016,2071
TLH6,TLH5,2016,4863
TLH6,TLI3,2016,591
TLH6,TLI4,2016,1126
TLH6,TLI5,2016,503
TLH6,TLI6,2016,306
TLH6,TLI7,2016,498
TLH6,TLJ1,2016,805
TLH6,TLJ2,2016,810
TLH6,TLJ3,2016,649
TLH6,TLJ4,2016,619
TLH6,TLK3,2016,200
TLH6,TLK4,2016,336
TLH6,TLK5,2016,341
TLH6,TLK6,2016,450
TLH6,TLK7,2016,356
TLH6,TLL3,2016,103
TLH6,TLL4,2016,232
TLH6,TLL5,2016,210
TLH6,TLN0,2016,95
TLI3,S92000003,2016,1297
TLI3,TLC3,2016,170
TLI3,TLC4,2016,865
TLI3,TLD1,2016,147
TLI3,TLD3,2016,1758
TLI3,TLD4,2016,507
TLI3,TLD6,2016,369
TLI3,TLD7,2016,599
TLI3,TLE1,2016,294
TLI3,TLE2,2016,619
TLI3,TLE3,2016,436
TLI3,TLE4,2016,1132
TLI3,TLF1,2016,994
TLI3,TLF2,2016,1153
TLI3,TLF3,2016,277
TLI3,TLG1,2016,772
TLI3,TLG2,2016,443
TLI3,TLG3,2016,1843
TLI3,TLH2,2016,3776
TLI3,TLH3,2016,1672
TLI3,TLH4,2016,1694
TLI3,TLH5,2016,604
TLI3,TLH6,2016,603
TLI3,TLI4,2016,30231
TLI3,TLI5,2016,5297
TLI3,TLI6,2016,11067
TLI3,TLI7,2016,18391
TLI3,TLJ1,2016,6483
TLI3,TLJ2,2016,7757
TLI3,TLJ3,2016,2361
TLI3,TLJ4,2016,2745
TLI3,TLK3,2016,440
TLI3,TLK4,2016,1065
TLI3,TLK5,2016,1999
TLI3,TLK6,2016,1612
TLI3,TLK7,2016,1488
TLI3,TLL3,2016,138
TLI3,TLL4,2016,350
TLI3,TLL5,2016,743
TLI3,TLN0,2016,217
TLI4,S92000003,2016,2155
TLI4,TLC3,2016,408
TLI4,TLC4,2016,1355
TLI4,TLD1,2016,291
TLI4,TLD3,2016,3684
TLI4,TLD4,2016,906
TLI4,TLD6,2016,568
TLI4,TLD7,2016,1167
TLI4,TLE1,2016,589
TLI4,TLE2,2016,634
TLI4,TLE3,2016,1046
TLI4,TLE4,2016,2388
TLI4,TLF1,2016,2112
TLI4,TLF2,2016,2921
TLI4,TLF3,2016,550
TLI4,TLG1,2016,962
TLI4,TLG2,2016,994
TLI4,TLG3,2016,4812
TLI4,TLH2,2016,7421
TLI4,TLH3,2016,7962
TLI4,TLH4,2016,2351
TLI4,TLH5,2016,1250
TLI4,TLH6,2016,1238
TLI4,TLI3,2016,21500
TLI4,TLI5,2016,38796
TLI4,TLI6,2016,19044
TLI4,TLI7,2016,15155
TLI4,TLJ1,2016,6236
TLI4,TLJ2,2016,9239
TLI4,TLJ3,2016,3321
TLI4,TLJ4,2016,8415
TLI4,TLK3,2016,644
TLI4,TLK4,2016,1491
TLI4,TLK5,2016,2748
TLI4,TLK6,2016,2051
TLI4,TLK7,2016,1568
TLI4,TLL3,2016,308
TLI4,TLL4,2016,717
TLI4,TLL5,2016,1206
TLI4,TLN0,2016,460
TLI5,S92000003,2016,978
TLI5,TLC3,2016,289
TLI5,TLC4,2016,702
TLI5,TLD1,2016,156
TLI5,TLD3,2016,2022
TLI5,TLD4,2016,635
TLI5,TLD6,2016,318
TLI5,TLD7,2016,635
TLI5,TLE1,2016,390
TLI5,TLE2,2016,364
TLI5,TLE3,2016,772
TLI5,TLE4,2016,1502
TLI5,TLF1,2016,1602
TLI5,TLF2,2016,2279
TLI5,TLF3,2016,542
TLI5,TLG1,2016,554
TLI5,TLG2,2016,638
TLI5,TLG3,2016,3678
TLI5,TLH2,2016,7416
TLI5,TLH3,2016,16853
TLI5,TLH4,2016,1273
TLI5,TLH5,2016,1288
TLI5,TLH6,2016,1205
TLI5,TLI3,2016,3321
TLI5,TLI4,2016,19717
TLI5,TLI6,2016,4590
TLI5,TLI7,2016,6993
TLI5,TLJ1,2016,2866
TLI5,TLJ2,2016,3732
TLI5,TLJ3,2016,1946
TLI5,TLJ4,2016,10013
TLI5,TLK3,2016,346
TLI5,TLK4,2016,982
TLI5,TLK5,2016,889
TLI5,TLK6,2016,1246
TLI5,TLK7,2016,765
TLI5,TLL3,2016,179
TLI5,TLL4,2016,483
TLI5,TLL5,2016,628
TLI5,TLN0,2016,218
TLI6,S92000003,2016,887
TLI6,TLC3,2016,159
TLI6,TLC4,2016,698
TLI6,TLD1,2016,108
TLI6,TLD3,2016,1197
TLI6,TLD4,2016,380
TLI6,TLD6,2016,336
TLI6,TLD7,2016,507
TLI6,TLE1,2016,242
TLI6,TLE2,2016,378
TLI6,TLE3,2016,559
TLI6,TLE4,2016,903
TLI6,TLF1,2016,1153
TLI6,TLF2,2016,1406
TLI6,TLF3,2016,323
TLI6,TLG1,2016,506
TLI6,TLG2,2016,518
TLI6,TLG3,2016,2132
TLI6,TLH2,2016,1914
TLI6,TLH3,2016,1669
TLI6,TLH4,2016,835
TLI6,TLH5,2016,660
TLI6,TLH6,2016,504
TLI6,TLI3,2016,5476
TLI6,TLI4,2016,9282
TLI6,TLI5,2016,4143
TLI6,TLI7,2016,4285
TLI6,TLJ1,2016,2969
TLI6,TLJ2,2016,15991
TLI6,TLJ3,2016,3190
TLI6,TLJ4,2016,7045
TLI6,TLK3,2016,501
TLI6,TLK4,2016,1131
TLI6,TLK5,2016,1025
TLI6,TLK6,2016,1750
TLI6,TLK7,2016,904
TLI6,TLL3,2016,135
TLI6,TLL4,2016,407
TLI6,TLL5,2016,534
TLI6,TLN0,2016,172
TLI7,S92000003,2016,1472
TLI7,TLC3,2016,306
TLI7,TLC4,2016,1146
TLI7,TLD1,2016,155
TLI7,TLD3,2016,2505
TLI7,TLD4,2016,656
TLI7,TLD6,2016,466
TLI7,TLD7,2016,833
TLI7,TLE1,2016,447
TLI7,TLE2,2016,572
TLI7,TLE3,2016,845
TLI7,TLE4,2016,1813
TLI7,TLF1,2016,2298
TLI7,TLF2,2016,3401
TLI7,TLF3,2016,447
TLI7,TLG1,2016,1087
TLI7,TLG2,2016,959
TLI7,TLG3,2016,5358
TLI7,TLH2,2016,14654
TLI7,TLH3,2016,2539
TLI7,TLH4,2016,1569
TLI7,TLH5,2016,1046
TLI7,TLH6,2016,646
TLI7,TLI3,2016,11100
TLI7,TLI4,2016,13222
TLI7,TLI5,2016,7787
TLI7,TLI6,2016,5854
TLI7,TLJ1,2016,13715
TLI7,TLJ2,2016,10830
TLI7,TLJ3,2016,4272
TLI7,TLJ4,2016,3165
TLI7,TLK3,2016,545
TLI7,TLK4,2016,1408
TLI7,TLK5,2016,1822
TLI7,TLK6,2016,2568
TLI7,TLK7,2016,1590
TLI7,TLL3,2016,263
TLI7,TLL4,2016,676
TLI7,TLL5,2016,1036
TLI7,TLN0,2016,370
TLJ1,S92000003,2016,2089
TLJ1,TLC3,2016,365
TLJ1,TLC4,2016,1598
TLJ1,TLD1,2016,351
TLJ1,TLD3,2016,2411
TLJ1,TLD4,2016,1084
TLJ1,TLD6,2016,830
TLJ1,TLD7,2016,1031
TLJ1,TLE1,2016,633
TLJ1,TLE2,2016,1064
TLJ1,TLE3,2016,1145
TLJ1,TLE4,2016,2155
TLJ1,TLF1,2016,2894
TLJ1,TLF2,2016,6430
TLJ1,TLF3,2016,1077
TLJ1,TLG1,2016,2859
TLJ1,TLG2,2016,1522
TLJ1,TLG3,2016,4901
TLJ1,TLH2,2016,5988
TLJ1,TLH3,2016,1772
TLJ1,TLH4,2016,2248
TLJ1,TLH5,2016,1241
TLJ1,TLH6,2016,846
TLJ1,TLI3,2016,6152
TLJ1,TLI4,2016,7364
TLJ1,TLI5,2016,2050
TLJ1,TLI6,2016,2074
TLJ1,TLI7,2016,5447
TLJ1,TLJ2,2016,8297
TLJ1,TLJ3,2016,8775
TLJ1,TLJ4,2016,2674
TLJ1,TLK3,2016,1379
TLJ1,TLK4,2016,3510
TLJ1,TLK5,2016,3725
TLJ1,TLK6,2016,4431
TLJ1,TLK7,2016,6313
TLJ1,TLL3,2016,507
TLJ1,TLL4,2016,1469
TLJ1,TLL5,2016,2126
TLJ1,TLN0,2016,376
TLJ2,S92000003,2016,1957
TLJ2,TLC3,2016,328
TLJ2,TLC4,2016,1341
TLJ2,TLD1,2016,283
TLJ2,TLD3,2016,2116
TLJ2,TLD4,2016,772
TLJ2,TLD6,2016,635
TLJ2,TLD7,2016,860
TLJ2,TLE1,2016,538
TLJ2,TLE2,2016,713
TLJ2,TLE3,2016,851
TLJ2,TLE4,2016,1518
TLJ2,TLF1,2016,1965
TLJ2,TLF2,2016,2234
TLJ2,TLF3,2016,817
TLJ2,TLG1,2016,1281
TLJ2,TLG2,2016,1182
TLJ2,TLG3,2016,2557
TLJ2,TLH2,2016,2615
TLJ2,TLH3,2016,2292
TLJ2,TLH4,2016,1500
TLJ2,TLH5,2016,1313
TLJ2,TLH6,2016,960
TLJ2,TLI3,2016,5389
TLJ2,TLI4,2016,7816
TLJ2,TLI5,2016,2454
TLJ2,TLI6,2016,6663
TLJ2,TLI7,2016,5124
TLJ2,TLJ1,2016,8515
TLJ2,TLJ3,2016,13505
TLJ2,TLJ4,2016,7509
TLJ2,TLK3,2016,1336
TLJ2,TLK4,2016,3682
TLJ2,TLK5,2016,2863
TLJ2,TLK6,2016,4856
TLJ2,TLK7,2016,2496
TLJ2,TLL3,2016,433
TLJ2,TLL4,2016,1065
TLJ2,TLL5,2016,1387
TLJ2,TLN0,2016,343
TLJ3,S92000003,2016,1589
TLJ3,TLC3,2016,279
TLJ3,TLC4,2016,844
TLJ3,TLD1,2016,245
TLJ3,TLD3,2016,1117
TLJ3,TLD4,2016,732
TLJ3,TLD6,2016,400
TLJ3,TLD7,2016,463
TLJ3,TLE1,2016,301
TLJ3,TLE2,2016,593
TLJ3,TLE3,2016,492
TLJ3,TLE4,2016,937
TLJ3,TLF1,2016,1180
TLJ3,TLF2,2016,1405
TLJ3,TLF3,2016,713
TLJ3,TLG1,2016,1116
TLJ3,TLG2,2016,820
TLJ3,TLG3,2016,1856
TLJ3,TLH2,2016,1916
TLJ3,TLH3,2016,1513
TLJ3,TLH4,2016,864
TLJ3,TLH5,2016,755
TLJ3,TLH6,2016,757
TLJ3,TLI3,2016,2214
TLJ3,TLI4,2016,3443
TLJ3,TLI5,2016,1429
TLJ3,TLI6,2016,1981
TLJ3,TLI7,2016,2589
TLJ3,TLJ1,2016,6813
TLJ3,TLJ2,2016,10089
TLJ3,TLJ4,2016,2238
TLJ3,TLK3,2016,1196
TLJ3,TLK4,2016,2882
TLJ3,TLK5,2016,2545
TLJ3,TLK6,2016,7304
TLJ3,TLK7,2016,4422
TLJ3,TLL3,2016,327
TLJ3,TLL4,2016,1157
TLJ3,TLL5,2016,1660
TLJ3,TLN0,2016,252
TLJ4,S92000003,2016,1129
TLJ4,TLC3,2016,174
TLJ4,TLC4,2016,907
TLJ4,TLD1,2016,218
TLJ4,TLD3,2016,919
TLJ4,TLD4,2016,626
TLJ4,TLD6,2016,265
TLJ4,TLD7,2016,538
TLJ4,TLE1,2016,379
TLJ4,TLE2,2016,566
TLJ4,TLE3,2016,720
TLJ4,TLE4,2016,1041
TLJ4,TLF1,2016,1278
TLJ4,TLF2,2016,1440
TLJ4,TLF3,2016,735
TLJ4,TLG1,2016,574
TLJ4,TLG2,2016,794
TLJ4,TLG3,2016,1532
TLJ4,TLH2,2016,1464
TLJ4,TLH3,2016,2844
TLJ4,TLH4,2016,1152
TLJ4,TLH5,2016,1048
TLJ4,TLH6,2016,782
TLJ4,TLI3,2016,1983
TLJ4,TLI4,2016,4269
TLJ4,TLI5,2016,3928
TLJ4,TLI6,2016,2633
TLJ4,TLI7,2016,2017
TLJ4,TLJ1,2016,2991
TLJ4,TLJ2,2016,8156
TLJ4,TLJ3,2016,2697
TLJ4,TLK3,2016,724
TLJ4,TLK4,2016,1431
TLJ4,TLK5,2016,1177
TLJ4,TLK6,2016,1640
TLJ4,TLK7,2016,1112
TLJ4,TLL3,2016,277
TLJ4,TLL4,2016,533
TLJ4,TLL5,2016,666
TLJ4,TLN0,2016,222
TLK3,S92000003,2016,424
TLK3,TLC3,2016,79
TLK3,TLC4,2016,297
TLK3,TLD1,2016,88
TLK3,TLD3,2016,316
TLK3,TLD4,2016,239
TLK3,TLD6,2016,182
TLK3,TLD7,2016,211
TLK3,TLE1,2016,96
TLK3,TLE2,2016,154
TLK3,TLE3,2016,240
TLK3,TLE4,2016,278
TLK3,TLF1,2016,389
TLK3,TLF2,2016,346
TLK3,TLF3,2016,181
TLK3,TLG1,2016,430
TLK3,TLG2,2016,296
TLK3,TLG3,2016,451
TLK3,TLH2,2016,240
TLK3,TLH3,2016,236
TLK3,TLH4,2016,224
TLK3,TLH5,2016,192
TLK3,TLH6,2016,165
TLK3,TLI3,2016,352
TLK3,TLI4,2016,678
TLK3,TLI5,2016,171
TLK3,TLI6,2016,201
TLK3,TLI7,2016,291
TLK3,TLJ1,2016,757
TLK3,TLJ2,2016,889
TLK3,TLJ3,2016,918
TLK3,TLJ4,2016,372
TLK3,TLK4,2016,4822
TLK3,TLK5,2016,1178
TLK3,TLK6,2016,1423
TLK3,TLK7,2016,905
TLK3,TLL3,2016,130
TLK3,TLL4,2016,326
TLK3,TLL5,2016,703
TLK3,TLN0,2016,51
TLK4,S92000003,2016,763
TLK4,TLC3,2016,147
TLK4,TLC4,2016,537
TLK4,TLD1,2016,145
TLK4,TLD3,2016,737
TLK4,TLD4,2016,415
TLK4,TLD6,2016,297
TLK4,TLD7,2016,398
TLK4,TLE1,2016,187
TLK4,TLE2,2016,329
TLK4,TLE3,2016,300
TLK4,TLE4,2016,547
TLK4,TLF1,2016,640
TLK4,TLF2,2016,797
TLK4,TLF3,2016,276
TLK4,TLG1,2016,937
TLK4,TLG2,2016,706
TLK4,TLG3,2016,1275
TLK4,TLH2,2016,749
TLK4,TLH3,2016,573
TLK4,TLH4,2016,430
TLK4,TLH5,2016,471
TLK4,TLH6,2016,304
TLK4,TLI3,2016,1188
TLK4,TLI4,2016,1744
TLK4,TLI5,2016,517
TLK4,TLI6,2016,604
TLK4,TLI7,2016,975
TLK4,TLJ1,2016,2120
TLK4,TLJ2,2016,2282
TLK4,TLJ3,2016,2400
TLK4,TLJ4,2016,867
TLK4,TLK3,2016,4524
TLK4,TLK5,2016,3263
TLK4,TLK6,2016,5231
TLK4,TLK7,2016,2135
TLK4,TLL3,2016,141
TLK4,TLL4,2016,941
TLK4,TLL5,2016,1642
TLK4,TLN0,2016,147
TLK5,S92000003,2016,681
TLK5,TLC3,2016,63
TLK5,TLC4,2016,355
TLK5,TLD1,2016,120
TLK5,TLD3,2016,926
TLK5,TLD4,2016,301
TLK5,TLD6,2016,310
TLK5,TLD7,2016,402
TLK5,TLE1,2016,125
TLK5,TLE2,2016,273
TLK5,TLE3,2016,361
TLK5,TLE4,2016,581
TLK5,TLF1,2016,764
TLK5,TLF2,2016,636
TLK5,TLF3,2016,181
TLK5,TLG1,2016,1038
TLK5,TLG2,2016,537
TLK5,TLG3,2016,1502
TLK5,TLH2,2016,835
TLK5,TLH3,2016,515
TLK5,TLH4,2016,523
TLK5,TLH5,2016,225
TLK5,TLH6,2016,230
TLK5,TLI3,2016,2094
TLK5,TLI4,2016,2643
TLK5,TLI5,2016,701
TLK5,TLI6,2016,664
TLK5,TLI7,2016,1371
TLK5,TLJ1,2016,2563
TLK5,TLJ2,2016,1891
TLK5,TLJ3,2016,1765
TLK5,TLJ4,2016,735
TLK5,TLK3,2016,975
TLK5,TLK4,2016,2631
TLK5,TLK6,2016,7591
TLK5,TLK7,2016,5321
TLK5,TLL3,2016,184
TLK5,TLL4,2016,1039
TLK5,TLL5,2016,2856
TLK5,TLN0,2016,127
TLK6,S92000003,2016,933
TLK6,TLC3,2016,130
TLK6,TLC4,2016,578
TLK6,TLD1,2016,170
TLK6,TLD3,2016,800
TLK6,TLD4,2016,440
TLK6,TLD6,2016,293
TLK6,TLD7,2016,465
TLK6,TLE1,2016,237
TLK6,TLE2,2016,384
TLK6,TLE3,2016,421
TLK6,TLE4,2016,604
TLK6,TLF1,2016,896
TLK6,TLF2,2016,809
TLK6,TLF3,2016,366
TLK6,TLG1,2016,1010
TLK6,TLG2,2016,778
TLK6,TLG3,2016,1267
TLK6,TLH2,2016,1012
TLK6,TLH3,2016,744
TLK6,TLH4,2016,579
TLK6,TLH5,2016,369
TLK6,TLH6,2016,309
TLK6,TLI3,2016,1612
TLK6,TLI4,2016,2079
TLK6,TLI5,2016,703
TLK6,TLI6,2016,914
TLK6,TLI7,2016,1217
TLK6,TLJ1,2016,2783
TLK6,TLJ2,2016,3091
TLK6,TLJ3,2016,6333
TLK6,TLJ4,2016,1000
TLK6,TLK3,2016,1519
TLK6,TLK4,2016,5762
TLK6,TLK5,2016,5445
TLK6,TLK7,2016,3745
TLK6,TLL3,2016,266
TLK6,TLL4,2016,821
TLK6,TLL5,2016,1851
TLK6,TLN0,2016,150
TLK7,S92000003,2016,953
TLK7,TLC3,2016,167
TLK7,TLC4,2016,637
TLK7,TLD1,2016,214
TLK7,TLD3,2016,684
TLK7,TLD4,2016,427
TLK7,TLD6,2016,306
TLK7,TLD7,2016,410
TLK7,TLE1,2016,268
TLK7,TLE2,2016,579
TLK7,TLE3,2016,415
TLK7,TLE4,2016,750
TLK7,TLF1,2016,832
TLK7,TLF2,2016,886
TLK7,TLF3,2016,351
TLK7,TLG1,2016,3044
TLK7,TLG2,2016,769
TLK7,TLG3,2016,1748
TLK7,TLH2,2016,699
TLK7,TLH3,2016,443
TLK7,TLH4,2016,472
TLK7,TLH5,2016,322
TLK7,TLH6,2016,324
TLK7,TLI3,2016,1373
TLK7,TLI4,2016,1514
TLK7,TLI5,2016,482
TLK7,TLI6,2016,466
TLK7,TLI7,2016,949
TLK7,TLJ1,2016,3886
TLK7,TLJ2,2016,1802
TLK7,TLJ3,2016,3504
TLK7,TLJ4,2016,726
TLK7,TLK3,2016,1199
TLK7,TLK4,2016,2670
TLK7,TLK5,2016,4208
TLK7,TLK6,2016,4006
TLK7,TLL3,2016,254
TLK7,TLL4,2016,1289
TLK7,TLL5,2016,2522
TLK7,TLN0,2016,183
TLL3,S92000003,2016,433
TLL3,TLC3,2016,97
TLL3,TLC4,2016,377
TLL3,TLD1,2016,152
TLL3,TLD3,2016,2095
TLL3,TLD4,2016,908
TLL3,TLD6,2016,2978
TLL3,TLD7,2016,2447
TLL3,TLE1,2016,176
TLL3,TLE2,2016,268
TLL3,TLE3,2016,292
TLL3,TLE4,2016,589
TLL3,TLF1,2016,553
TLL3,TLF2,2016,440
TLL3,TLF3,2016,146
TLL3,TLG1,2016,385
TLL3,TLG2,2016,1464
TLL3,TLG3,2016,711
TLL3,TLH2,2016,241
TLL3,TLH3,2016,177
TLL3,TLH4,2016,137
TLL3,TLH5,2016,139
TLL3,TLH6,2016,84
TLL3,TLI3,2016,208
TLL3,TLI4,2016,397
TLL3,TLI5,2016,145
TLL3,TLI6,2016,91
TLL3,TLI7,2016,260
TLL3,TLJ1,2016,446
TLL3,TLJ2,2016,397
TLL3,TLJ3,2016,261
TLL3,TLJ4,2016,218
TLL3,TLK3,2016,169
TLL3,TLK4,2016,213
TLL3,TLK5,2016,272
TLL3,TLK6,2016,262
TLL3,TLK7,2016,243
TLL3,TLL4,2016,1103
TLL3,TLL5,2016,1060
TLL3,TLN0,2016,108
TLL4,S92000003,2016,578
TLL4,TLC3,2016,117
TLL4,TLC4,2016,277
TLL4,TLD1,2016,133
TLL4,TLD3,2016,663
TLL4,TLD4,2016,335
TLL4,TLD6,2016,399
TLL4,TLD7,2016,520
TLL4,TLE1,2016,109
TLL4,TLE2,2016,212
TLL4,TLE3,2016,240
TLL4,TLE4,2016,323
TLL4,TLF1,2016,519
TLL4,TLF2,2016,456
TLL4,TLF3,2016,146
TLL4,TLG1,2016,1330
TLL4,TLG2,2016,1810
TLL4,TLG3,2016,1185
TLL4,TLH2,2016,326
TLL4,TLH3,2016,293
TLL4,TLH4,2016,265
TLL4,TLH5,2016,212
TLL4,TLH6,2016,164
TLL4,TLI3,2016,472
TLL4,TLI4,2016,822
TLL4,TLI5,2016,335
TLL4,TLI6,2016,241
TLL4,TLI7,2016,508
TLL4,TLJ1,2016,1169
TLL4,TLJ2,2016,742
TLL4,TLJ3,2016,797
TLL4,TLJ4,2016,311
TLL4,TLK3,2016,256
TLL4,TLK4,2016,839
TLL4,TLK5,2016,1278
TLL4,TLK6,2016,728
TLL4,TLK7,2016,1094
TLL4,TLL3,2016,1207
TLL4,TLL5,2016,7717
TLL4,TLN0,2016,102
TLL5,S92000003,2016,704
TLL5,TLC3,2016,124
TLL5,TLC4,2016,399
TLL5,TLD1,2016,70
TLL5,TLD3,2016,882
TLL5,TLD4,2016,369
TLL5,TLD6,2016,393
TLL5,TLD7,2016,478
TLL5,TLE1,2016,171
TLL5,TLE2,2016,233
TLL5,TLE3,2016,408
TLL5,TLE4,2016,600
TLL5,TLF1,2016,658
TLL5,TLF2,2016,668
TLL5,TLF3,2016,168
TLL5,TLG1,2016,1197
TLL5,TLG2,2016,627
TLL5,TLG3,2016,1559
TLL5,TLH2,2016,588
TLL5,TLH3,2016,382
TLL5,TLH4,2016,338
TLL5,TLH5,2016,191
TLL5,TLH6,2016,163
TLL5,TLI3,2016,1069
TLL5,TLI4,2016,1756
TLL5,TLI5,2016,497
TLL5,TLI6,2016,433
TLL5,TLI7,2016,1148
TLL5,TLJ1,2016,1879
TLL5,TLJ2,2016,1207
TLL5,TLJ3,2016,1423
TLL5,TLJ4,2016,451
TLL5,TLK3,2016,624
TLL5,TLK4,2016,1457
TLL5,TLK5,2016,2876
TLL5,TLK6,2016,1603
TLL5,TLK7,2016,2420
TLL5,TLL3,2016,926
TLL5,TLL4,2016,7679
TLL5,TLN0,2016,184
TLN0,S92000003,2016,2424
TLN0,TLC3,2016,70
TLN0,TLC4,2016,528
TLN0,TLD1,2016,92
TLN0,TLD3,2016,623
TLN0,TLD4,2016,261
TLN0,TLD6,2016,155
TLN0,TLD7,2016,1008
TLN0,TLE1,2016,61
TLN0,TLE2,2016,134
TLN0,TLE3,2016,138
TLN0,TLE4,2016,273
TLN0,TLF1,2016,242
TLN0,TLF2,2016,179
TLN0,TLF3,2016,82
TLN0,TLG1,2016,125
TLN0,TLG2,2016,136
TLN0,TLG3,2016,261
TLN0,TLH2,2016,182
TLN0,TLH3,2016,138
TLN0,TLH4,2016,200
TLN0,TLH5,2016,74
TLN0,TLH6,2016,70
TLN0,TLI3,2016,277
TLN0,TLI4,2016,461
TLN0,TLI5,2016,157
TLN0,TLI6,2016,128
TLN0,TLI7,2016,240
TLN0,TLJ1,2016,234
TLN0,TLJ2,2016,269
TLN0,TLJ3,2016,202
TLN0,TLJ4,2016,179
TLN0,TLK3,2016,42
TLN0,TLK4,2016,172
TLN0,TLK5,2016,205
TLN0,TLK6,2016,140
TLN0,TLK7,2016,173
TLN0,TLL3,2016,55
TLN0,TLL4,2016,127
TLN0,TLL5,2016,216
S92000003,TLC3,2017,468
S92000003,TLC4,2017,2684
S92000003,TLD1,2017,1033
S92000003,TLD3,2017,1685
S92000003,TLD4,2017,1114
S92000003,TLD6,2017,553
S92000003,TLD7,2017,822
S92000003,TLE1,2017,451
S92000003,TLE2,2017,942
S92000003,TLE3,2017,626
S92000003,TLE4,2017,1270
S92000003,TLF1,2017,1076
S92000003,TLF2,2017,827
S92000003,TLF3,2017,447
S92000003,TLG1,2017,615
S92000003,TLG2,2017,699
S92000003,TLG3,2017,1028
S92000003,TLH2,2017,671
S92000003,TLH3,2017,538
S92000003,TLH4,2017,711
S92000003,TLH5,2017,469
S92000003,TLH6,2017,370
S92000003,TLI3,2017,1516
S92000003,TLI4,2017,2474
S92000003,TLI5,2017,705
S92000003,TLI6,2017,545
S92000003,TLI7,2017,1103
S92000003,TLJ1,2017,1687
S92000003,TLJ2,2017,1495
S92000003,TLJ3,2017,1109
S92000003,TLJ4,2017,636
S92000003,TLK3,2017,304
S92000003,TLK4,2017,749
S92000003,TLK5,2017,749
S92000003,TLK6,2017,826
S92000003,TLK7,2017,864
S92000003,TLL3,2017,353
S92000003,TLL4,2017,353
S92000003,TLL5,2017,567
S92000003,TLN0,2017,1981
TLC3,S92000003,2017,511
TLC3,TLC4,2017,6285
TLC3,TLD1,2017,303
TLC3,TLD3,2017,857
TLC3,TLD4,2017,349
TLC3,TLD6,2017,212
TLC3,TLD7,2017,339
TLC3,TLE1,2017,440
TLC3,TLE2,2017,2743
TLC3,TLE3,2017,548
TLC3,TLE4,2017,1593
TLC3,TLF1,2017,622
TLC3,TLF2,2017,357
TLC3,TLF3,2017,249
TLC3,TLG1,2017,165
TLC3,TLG2,2017,211
TLC3,TLG3,2017,526
TLC3,TLH2,2017,220
TLC3,TLH3,2017,111
TLC3,TLH4,2017,196
TLC3,TLH5,2017,158
TLC3,TLH6,2017,84
TLC3,TLI3,2017,279
TLC3,TLI4,2017,445
TLC3,TLI5,2017,192
TLC3,TLI6,2017,153
TLC3,TLI7,2017,362
TLC3,TLJ1,2017,367
TLC3,TLJ2,2017,338
TLC3,TLJ3,2017,239
TLC3,TLJ4,2017,164
TLC3,TLK3,2017,43
TLC3,TLK4,2017,141
TLC3,TLK5,2017,139
TLC3,TLK6,2017,129
TLC3,TLK7,2017,162
TLC3,TLL3,2017,68
TLC3,TLL4,2017,72
TLC3,TLL5,2017,129
TLC3,TLN0,2017,68
TLC4,S92000003,2017,2936
TLC4,TLC3,2017,5559
TLC4,TLD1,2017,1527
TLC4,TLD3,2017,2510
TLC4,TLD4,2017,1322
TLC4,TLD6,2017,752
TLC4,TLD7,2017,1206
TLC4,TLE1,2017,1078
TLC4,TLE2,2017,3179
TLC4,TLE3,2017,1451
TLC4,TLE4,2017,4380
TLC4,TLF1,2017,1715
TLC4,TLF2,2017,1218
TLC4,TLF3,2017,726
TLC4,TLG1,2017,561
TLC4,TLG2,2017,585
TLC4,TLG3,2017,1099
TLC4,TLH2,2017,858
TLC4,TLH3,2017,579
TLC4,TLH4,2017,900
TLC4,TLH5,2017,433
TLC4,TLH6,2017,377
TLC4,TLI3,2017,1553
TLC4,TLI4,2017,2382
TLC4,TLI5,2017,598
TLC4,TLI6,2017,589
TLC4,TLI7,2017,1261
TLC4,TLJ1,2017,1520
TLC4,TLJ2,2017,1390
TLC4,TLJ3,2017,775
TLC4,TLJ4,2017,688
TLC4,TLK3,2017,245
TLC4,TLK4,2017,491
TLC4,TLK5,2017,564
TLC4,TLK6,2017,566
TLC4,TLK7,2017,656
TLC4,TLL3,2017,233
TLC4,TLL4,2017,201
TLC4,TLL5,2017,333
TLC4,TLN0,2017,442
TLD1,S92000003,2017,1168
TLD1,TLC3,2017,288
TLD1,TLC4,2017,1640
TLD1,TLD3,2017,1230
TLD1,TLD4,2017,2251
TLD1,TLD6,2017,423
TLD1,TLD7,2017,596
TLD1,TLE1,2017,179
TLD1,TLE2,2017,612
TLD1,TLE3,2017,254
TLD1,TLE4,2017,740
TLD1,TLF1,2017,309
TLD1,TLF2,2017,241
TLD1,TLF3,2017,134
TLD1,TLG1,2017,137
TLD1,TLG2,2017,251
TLD1,TLG3,2017,237
TLD1,TLH2,2017,125
TLD1,TLH3,2017,108
TLD1,TLH4,2017,126
TLD1,TLH5,2017,103
TLD1,TLH6,2017,68
TLD1,TLI3,2017,140
TLD1,TLI4,2017,227
TLD1,TLI5,2017,77
TLD1,TLI6,2017,56
TLD1,TLI7,2017,129
TLD1,TLJ1,2017,315
TLD1,TLJ2,2017,232
TLD1,TLJ3,2017,149
TLD1,TLJ4,2017,122
TLD1,TLK3,2017,98
TLD1,TLK4,2017,185
TLD1,TLK5,2017,138
TLD1,TLK6,2017,155
TLD1,TLK7,2017,126
TLD1,TLL3,2017,133
TLD1,TLL4,2017,100
TLD1,TLL5,2017,67
TLD1,TLN0,2017,62
TLD3,S92000003,2017,2073
TLD3,TLC3,2017,691
TLD3,TLC4,2017,2462
TLD3,TLD1,2017,1262
TLD3,TLD4,2017,13754
TLD3,TLD6,2017,9472
TLD3,TLD7,2017,6654
TLD3,TLE1,2017,1077
TLD3,TLE2,2017,1617
TLD3,TLE3,2017,2982
TLD3,TLE4,2017,7789
TLD3,TLF1,2017,4463
TLD3,TLF2,2017,1777
TLD3,TLF3,2017,702
TLD3,TLG1,2017,852
TLD3,TLG2,2017,2114
TLD3,TLG3,2017,3545
TLD3,TLH2,2017,1177
TLD3,TLH3,2017,698
TLD3,TLH4,2017,883
TLD3,TLH5,2017,488
TLD3,TLH6,2017,368
TLD3,TLI3,2017,1826
TLD3,TLI4,2017,3460
TLD3,TLI5,2017,1157
TLD3,TLI6,2017,888
TLD3,TLI7,2017,2207
TLD3,TLJ1,2017,1904
TLD3,TLJ2,2017,1748
TLD3,TLJ3,2017,1001
TLD3,TLJ4,2017,575
TLD3,TLK3,2017,572
TLD3,TLK4,2017,1088
TLD3,TLK5,2017,967
TLD3,TLK6,2017,827
TLD3,TLK7,2017,798
TLD3,TLL3,2017,2282
TLD3,TLL4,2017,584
TLD3,TLL5,2017,706
TLD3,TLN0,2017,515
TLD4,S92000003,2017,1513
TLD4,TLC3,2017,437
TLD4,TLC4,2017,1595
TLD4,TLD1,2017,2132
TLD4,TLD3,2017,11024
TLD4,TLD6,2017,1875
TLD4,TLD7,2017,5177
TLD4,TLE1,2017,517
TLD4,TLE2,2017,1582
TLD4,TLE3,2017,1026
TLD4,TLE4,2017,3818
TLD4,TLF1,2017,1207
TLD4,TLF2,2017,1004
TLD4,TLF3,2017,464
TLD4,TLG1,2017,564
TLD4,TLG2,2017,1045
TLD4,TLG3,2017,1390
TLD4,TLH2,2017,670
TLD4,TLH3,2017,306
TLD4,TLH4,2017,390
TLD4,TLH5,2017,298
TLD4,TLH6,2017,186
TLD4,TLI3,2017,604
TLD4,TLI4,2017,1075
TLD4,TLI5,2017,439
TLD4,TLI6,2017,324
TLD4,TLI7,2017,674
TLD4,TLJ1,2017,793
TLD4,TLJ2,2017,687
TLD4,TLJ3,2017,591
TLD4,TLJ4,2017,434
TLD4,TLK3,2017,310
TLD4,TLK4,2017,606
TLD4,TLK5,2017,401
TLD4,TLK6,2017,508
TLD4,TLK7,2017,478
TLD4,TLL3,2017,783
TLD4,TLL4,2017,364
TLD4,TLL5,2017,378
TLD4,TLN0,2017,239
TLD6,S92000003,2017,697
TLD6,TLC3,2017,151
TLD6,TLC4,2017,800
TLD6,TLD1,2017,391
TLD6,TLD3,2017,6211
TLD6,TLD4,2017,1772
TLD6,TLD7,2017,5605
TLD6,TLE1,2017,308
TLD6,TLE2,2017,541
TLD6,TLE3,2017,1078
TLD6,TLE4,2017,1599
TLD6,TLF1,2017,1458
TLD6,TLF2,2017,665
TLD6,TLF3,2017,255
TLD6,TLG1,2017,434
TLD6,TLG2,2017,2942
TLD6,TLG3,2017,1084
TLD6,TLH2,2017,342
TLD6,TLH3,2017,255
TLD6,TLH4,2017,310
TLD6,TLH5,2017,189
TLD6,TLH6,2017,137
TLD6,TLI3,2017,417
TLD6,TLI4,2017,717
TLD6,TLI5,2017,198
TLD6,TLI6,2017,176
TLD6,TLI7,2017,365
TLD6,TLJ1,2017,747
TLD6,TLJ2,2017,593
TLD6,TLJ3,2017,435
TLD6,TLJ4,2017,187
TLD6,TLK3,2017,252
TLD6,TLK4,2017,460
TLD6,TLK5,2017,422
TLD6,TLK6,2017,417
TLD6,TLK7,2017,392
TLD6,TLL3,2017,2816
TLD6,TLL4,2017,336
TLD6,TLL5,2017,262
TLD6,TLN0,2017,169
TLD7,S92000003,2017,950
TLD7,TLC3,2017,308
TLD7,TLC4,2017,1069
TLD7,TLD1,2017,587
TLD7,TLD3,2017,6341
TLD7,TLD4,2017,5489
TLD7,TLD6,2017,5825
TLD7,TLE1,2017,421
TLD7,TLE2,2017,682
TLD7,TLE3,2017,1074
TLD7,TLE4,2017,2298
TLD7,TLF1,2017,1285
TLD7,TLF2,2017,870
TLD7,TLF3,2017,286
TLD7,TLG1,2017,622
TLD7,TLG2,2017,1212
TLD7,TLG3,2017,1584
TLD7,TLH2,2017,595
TLD7,TLH3,2017,354
TLD7,TLH4,2017,387
TLD7,TLH5,2017,271
TLD7,TLH6,2017,196
TLD7,TLI3,2017,808
TLD7,TLI4,2017,1333
TLD7,TLI5,2017,409
TLD7,TLI6,2017,346
TLD7,TLI7,2017,760
TLD7,TLJ1,2017,902
TLD7,TLJ2,2017,685
TLD7,TLJ3,2017,505
TLD7,TLJ4,2017,340
TLD7,TLK3,2017,200
TLD7,TLK4,2017,477
TLD7,TLK5,2017,513
TLD7,TLK6,2017,426
TLD7,TLK7,2017,488
TLD7,TLL3,2017,2042
TLD7,TLL4,2017,343
TLD7,TLL5,2017,378
TLD7,TLN0,2017,687
TLE1,S92000003,2017,564
TLE1,TLC3,2017,446
TLE1,TLC4,2017,1487
TLE1,TLD1,2017,215
TLE1,TLD3,2017,1404
TLE1,TLD4,2017,587
TLE1,TLD6,2017,301
TLE1,TLD7,2017,494
TLE1,TLE2,2017,3353
TLE1,TLE3,2017,2802
TLE1,TLE4,2017,3669
TLE1,TLF1,2017,1634
TLE1,TLF2,2017,772
TLE1,TLF3,2017,3200
TLE1,TLG1,2017,286
TLE1,TLG2,2017,460
TLE1,TLG3,2017,732
TLE1,TLH2,2017,317
TLE1,TLH3,2017,246
TLE1,TLH4,2017,385
TLE1,TLH5,2017,379
TLE1,TLH6,2017,203
TLE1,TLI3,2017,322
TLE1,TLI4,2017,605
TLE1,TLI5,2017,288
TLE1,TLI6,2017,188
TLE1,TLI7,2017,402
TLE1,TLJ1,2017,569
TLE1,TLJ2,2017,456
TLE1,TLJ3,2017,302
TLE1,TLJ4,2017,276
TLE1,TLK3,2017,153
TLE1,TLK4,2017,259
TLE1,TLK5,2017,139
TLE1,TLK6,2017,230
TLE1,TLK7,2017,266
TLE1,TLL3,2017,147
TLE1,TLL4,2017,143
TLE1,TLL5,2017,153
TLE1,TLN0,2017,93
TLE2,S92000003,2017,1371
TLE2,TLC3,2017,2963
TLE2,TLC4,2017,3558
TLE2,TLD1,2017,614
TLE2,TLD3,2017,1732
TLE2,TLD4,2017,1514
TLE2,TLD6,2017,623
TLE2,TLD7,2017,808
TLE2,TLE1,2017,3668
TLE2,TLE3,2017,2126
TLE2,TLE4,2017,7370
TLE2,TLF1,2017,1568
TLE2,TLF2,2017,946
TLE2,TLF3,2017,738
TLE2,TLG1,2017,506
TLE2,TLG2,2017,664
TLE2,TLG3,2017,704
TLE2,TLH2,2017,522
TLE2,TLH3,2017,489
TLE2,TLH4,2017,630
TLE2,TLH5,2017,382
TLE2,TLH6,2017,271
TLE2,TLI3,2017,879
TLE2,TLI4,2017,1218
TLE2,TLI5,2017,346
TLE2,TLI6,2017,286
TLE2,TLI7,2017,545
TLE2,TLJ1,2017,976
TLE2,TLJ2,2017,833
TLE2,TLJ3,2017,551
TLE2,TLJ4,2017,405
TLE2,TLK3,2017,211
TLE2,TLK4,2017,468
TLE2,TLK5,2017,498
TLE2,TLK6,2017,443
TLE2,TLK7,2017,574
TLE2,TLL3,2017,214
TLE2,TLL4,2017,178
TLE2,TLL5,2017,201
TLE2,TLN0,2017,154
TLE3,S92000003,2017,788
TLE3,TLC3,2017,547
TLE3,TLC4,2017,1809
TLE3,TLD1,2017,261
TLE3,TLD3,2017,3302
TLE3,TLD4,2017,960
TLE3,TLD6,2017,976
TLE3,TLD7,2017,1148
TLE3,TLE1,2017,2765
TLE3,TLE2,2017,2161
TLE3,TLE4,2017,7174
TLE3,TLF1,2017,8716
TLE3,TLF2,2017,1771
TLE3,TLF3,2017,2745
TLE3,TLG1,2017,632
TLE3,TLG2,2017,915
TLE3,TLG3,2017,1807
TLE3,TLH2,2017,826
TLE3,TLH3,2017,480
TLE3,TLH4,2017,852
TLE3,TLH5,2017,544
TLE3,TLH6,2017,253
TLE3,TLI3,2017,707
TLE3,TLI4,2017,1506
TLE3,TLI5,2017,596
TLE3,TLI6,2017,402
TLE3,TLI7,2017,895
TLE3,TLJ1,2017,1077
TLE3,TLJ2,2017,762
TLE3,TLJ3,2017,482
TLE3,TLJ4,2017,372
TLE3,TLK3,2017,308
TLE3,TLK4,2017,457
TLE3,TLK5,2017,507
TLE3,TLK6,2017,408
TLE3,TLK7,2017,487
TLE3,TLL3,2017,262
TLE3,TLL4,2017,230
TLE3,TLL5,2017,365
TLE3,TLN0,2017,88
TLE4,S92000003,2017,1686
TLE4,TLC3,2017,1532
TLE4,TLC4,2017,4595
TLE4,TLD1,2017,778
TLE4,TLD3,2017,7889
TLE4,TLD4,2017,4169
TLE4,TLD6,2017,1614
TLE4,TLD7,2017,2535
TLE4,TLE1,2017,3975
TLE4,TLE2,2017,9601
TLE4,TLE3,2017,7073
TLE4,TLF1,2017,3808
TLE4,TLF2,2017,2160
TLE4,TLF3,2017,1449
TLE4,TLG1,2017,914
TLE4,TLG2,2017,1325
TLE4,TLG3,2017,3200
TLE4,TLH2,2017,1398
TLE4,TLH3,2017,758
TLE4,TLH4,2017,1195
TLE4,TLH5,2017,725
TLE4,TLH6,2017,443
TLE4,TLI3,2017,1676
TLE4,TLI4,2017,3123
TLE4,TLI5,2017,1019
TLE4,TLI6,2017,919
TLE4,TLI7,2017,1999
TLE4,TLJ1,2017,2091
TLE4,TLJ2,2017,1616
TLE4,TLJ3,2017,912
TLE4,TLJ4,2017,779
TLE4,TLK3,2017,417
TLE4,TLK4,2017,772
TLE4,TLK5,2017,812
TLE4,TLK6,2017,735
TLE4,TLK7,2017,785
TLE4,TLL3,2017,555
TLE4,TLL4,2017,398
TLE4,TLL5,2017,571
TLE4,TLN0,2017,273
TLF1,S92000003,2017,1327
TLF1,TLC3,2017,483
TLF1,TLC4,2017,2017
TLF1,TLD1,2017,394
TLF1,TLD3,2017,4183
TLF1,TLD4,2017,1167
TLF1,TLD6,2017,1362
TLF1,TLD7,2017,1414
TLF1,TLE1,2017,1701
TLF1,TLE2,2017,1677
TLF1,TLE3,2017,7282
TLF1,TLE4,2017,3879
TLF1,TLF2,2017,7835
TLF1,TLF3,2017,5845
TLF1,TLG1,2017,1797
TLF1,TLG2,2017,4696
TLF1,TLG3,2017,4993
TLF1,TLH2,2017,2235
TLF1,TLH3,2017,1093
TLF1,TLH4,2017,1510
TLF1,TLH5,2017,1265
TLF1,TLH6,2017,659
TLF1,TLI3,2017,1475
TLF1,TLI4,2017,2696
TLF1,TLI5,2017,1271
TLF1,TLI6,2017,895
TLF1,TLI7,2017,2133
TLF1,TLJ1,2017,2490
TLF1,TLJ2,2017,1854
TLF1,TLJ3,2017,1180
TLF1,TLJ4,2017,969
TLF1,TLK3,2017,702
TLF1,TLK4,2017,1202
TLF1,TLK5,2017,1088
TLF1,TLK6,2017,993
TLF1,TLK7,2017,1036
TLF1,TLL3,2017,571
TLF1,TLL4,2017,502
TLF1,TLL5,2017,690
TLF1,TLN0,2017,210
TLF2,S92000003,2017,1197
TLF2,TLC3,2017,387
TLF2,TLC4,2017,1552
TLF2,TLD1,2017,292
TLF2,TLD3,2017,1913
TLF2,TLD4,2017,956
TLF2,TLD6,2017,694
TLF2,TLD7,2017,943
TLF2,TLE1,2017,772
TLF2,TLE2,2017,1066
TLF2,TLE3,2017,1963
TLF2,TLE4,2017,2105
TLF2,TLF1,2017,8629
TLF2,TLF3,2017,3516
TLF2,TLG1,2017,3645
TLF2,TLG2,2017,1987
TLF2,TLG3,2017,6319
TLF2,TLH2,2017,3444
TLF2,TLH3,2017,1281
TLF2,TLH4,2017,2446
TLF2,TLH5,2017,1638
TLF2,TLH6,2017,775
TLF2,TLI3,2017,1614
TLF2,TLI4,2017,3237
TLF2,TLI5,2017,1562
TLF2,TLI6,2017,1009
TLF2,TLI7,2017,2399
TLF2,TLJ1,2017,5318
TLF2,TLJ2,2017,2254
TLF2,TLJ3,2017,1574
TLF2,TLJ4,2017,1152
TLF2,TLK3,2017,826
TLF2,TLK4,2017,1475
TLF2,TLK5,2017,1167
TLF2,TLK6,2017,1489
TLF2,TLK7,2017,1348
TLF2,TLL3,2017,495
TLF2,TLL4,2017,616
TLF2,TLL5,2017,710
TLF2,TLN0,2017,211
TLF3,S92000003,2017,582
TLF3,TLC3,2017,231
TLF3,TLC4,2017,1075
TLF3,TLD1,2017,141
TLF3,TLD3,2017,755
TLF3,TLD4,2017,477
TLF3,TLD6,2017,286
TLF3,TLD7,2017,395
TLF3,TLE1,2017,3142
TLF3,TLE2,2017,950
TLF3,TLE3,2017,2717
TLF3,TLE4,2017,1717
TLF3,TLF1,2017,5773
TLF3,TLF2,2017,3040
TLF3,TLG1,2017,560
TLF3,TLG2,2017,710
TLF3,TLG3,2017,966
TLF3,TLH2,2017,779
TLF3,TLH3,2017,525
TLF3,TLH4,2017,2283
TLF3,TLH5,2017,1399
TLF3,TLH6,2017,449
TLF3,TLI3,2017,386
TLF3,TLI4,2017,743
TLF3,TLI5,2017,282
TLF3,TLI6,2017,179
TLF3,TLI7,2017,402
TLF3,TLJ1,2017,855
TLF3,TLJ2,2017,691
TLF3,TLJ3,2017,523
TLF3,TLJ4,2017,455
TLF3,TLK3,2017,288
TLF3,TLK4,2017,409
TLF3,TLK5,2017,248
TLF3,TLK6,2017,355
TLF3,TLK7,2017,424
TLF3,TLL3,2017,169
TLF3,TLL4,2017,175
TLF3,TLL5,2017,171
TLF3,TLN0,2017,105
TLG1,S92000003,2017,798
TLG1,TLC3,2017,171
TLG1,TLC4,2017,679
TLG1,TLD1,2017,213
TLG1,TLD3,2017,994
TLG1,TLD4,2017,579
TLG1,TLD6,2017,469
TLG1,TLD7,2017,750
TLG1,TLE1,2017,310
TLG1,TLE2,2017,565
TLG1,TLE3,2017,716
TLG1,TLE4,2017,936
TLG1,TLF1,2017,2196
TLG1,TLF2,2017,4463
TLG1,TLF3,2017,644
TLG1,TLG2,2017,3448
TLG1,TLG3,2017,11348
TLG1,TLH2,2017,657
TLG1,TLH3,2017,449
TLG1,TLH4,2017,546
TLG1,TLH5,2017,530
TLG1,TLH6,2017,299
TLG1,TLI3,2017,941
TLG1,TLI4,2017,1470
TLG1,TLI5,2017,457
TLG1,TLI6,2017,397
TLG1,TLI7,2017,806
TLG1,TLJ1,2017,2287
TLG1,TLJ2,2017,1214
TLG1,TLJ3,2017,1163
TLG1,TLJ4,2017,481
TLG1,TLK3,2017,827
TLG1,TLK4,2017,1931
TLG1,TLK5,2017,1659
TLG1,TLK6,2017,1393
TLG1,TLK7,2017,3655
TLG1,TLL3,2017,458
TLG1,TLL4,2017,1426
TLG1,TLL5,2017,1509
TLG1,TLN0,2017,129
TLG2,S92000003,2017,827
TLG2,TLC3,2017,242
TLG2,TLC4,2017,701
TLG2,TLD1,2017,267
TLG2,TLD3,2017,2419
TLG2,TLD4,2017,1093
TLG2,TLD6,2017,3538
TLG2,TLD7,2017,1627
TLG2,TLE1,2017,409
TLG2,TLE2,2017,745
TLG2,TLE3,2017,992
TLG2,TLE4,2017,1203
TLG2,TLF1,2017,5160
TLG2,TLF2,2017,2176
TLG2,TLF3,2017,697
TLG2,TLG1,2017,3739
TLG2,TLG3,2017,9150
TLG2,TLH2,2017,705
TLG2,TLH3,2017,381
TLG2,TLH4,2017,490
TLG2,TLH5,2017,489
TLG2,TLH6,2017,274
TLG2,TLI3,2017,595
TLG2,TLI4,2017,1064
TLG2,TLI5,2017,394
TLG2,TLI6,2017,339
TLG2,TLI7,2017,666
TLG2,TLJ1,2017,1329
TLG2,TLJ2,2017,918
TLG2,TLJ3,2017,765
TLG2,TLJ4,2017,450
TLG2,TLK3,2017,686
TLG2,TLK4,2017,1233
TLG2,TLK5,2017,720
TLG2,TLK6,2017,801
TLG2,TLK7,2017,964
TLG2,TLL3,2017,1488
TLG2,TLL4,2017,1492
TLG2,TLL5,2017,655
TLG2,TLN0,2017,177
TLG3,S92000003,2017,1288
TLG3,TLC3,2017,484
TLG3,TLC4,2017,1290
TLG3,TLD1,2017,297
TLG3,TLD3,2017,3633
TLG3,TLD4,2017,1641
TLG3,TLD6,2017,1166
TLG3,TLD7,2017,1839
TLG3,TLE1,2017,710
TLG3,TLE2,2017,765
TLG3,TLE3,2017,1799
TLG3,TLE4,2017,3001
TLG3,TLF1,2017,5544
TLG3,TLF2,2017,6519
TLG3,TLF3,2017,1088
TLG3,TLG1,2017,19450
TLG3,TLG2,2017,14694
TLG3,TLH2,2017,2573
TLG3,TLH3,2017,1126
TLG3,TLH4,2017,1332
TLG3,TLH5,2017,772
TLG3,TLH6,2017,611
TLG3,TLI3,2017,2257
TLG3,TLI4,2017,4661
TLG3,TLI5,2017,2370
TLG3,TLI6,2017,1450
TLG3,TLI7,2017,3921
TLG3,TLJ1,2017,4240
TLG3,TLJ2,2017,2287
TLG3,TLJ3,2017,1870
TLG3,TLJ4,2017,1041
TLG3,TLK3,2017,944
TLG3,TLK4,2017,2429
TLG3,TLK5,2017,1745
TLG3,TLK6,2017,1866
TLG3,TLK7,2017,1963
TLG3,TLL3,2017,861
TLG3,TLL4,2017,1268
TLG3,TLL5,2017,1505
TLG3,TLN0,2017,310
TLH2,S92000003,2017,1213
TLH2,TLC3,2017,276
TLH2,TLC4,2017,1389
TLH2,TLD1,2017,297
TLH2,TLD3,2017,1671
TLH2,TLD4,2017,731
TLH2,TLD6,2017,574
TLH2,TLD7,2017,870
TLH2,TLE1,2017,656
TLH2,TLE2,2017,900
TLH2,TLE3,2017,1194
TLH2,TLE4,2017,1906
TLH2,TLF1,2017,3634
TLH2,TLF2,2017,6578
TLH2,TLF3,2017,1813
TLH2,TLG1,2017,1272
TLH2,TLG2,2017,1131
TLH2,TLG3,2017,3749
TLH2,TLH3,2017,5926
TLH2,TLH4,2017,5191
TLH2,TLH5,2017,3015
TLH2,TLH6,2017,1704
TLH2,TLI3,2017,2460
TLH2,TLI4,2017,4895
TLH2,TLI5,2017,3545
TLH2,TLI6,2017,1390
TLH2,TLI7,2017,6100
TLH2,TLJ1,2017,9979
TLH2,TLJ2,2017,3796
TLH2,TLJ3,2017,2904
TLH2,TLJ4,2017,2076
TLH2,TLK3,2017,860
TLH2,TLK4,2017,2044
TLH2,TLK5,2017,1416
TLH2,TLK6,2017,2400
TLH2,TLK7,2017,1218
TLH2,TLL3,2017,274
TLH2,TLL4,2017,612
TLH2,TLL5,2017,723
TLH2,TLN0,2017,264
TLH3,S92000003,2017,876
TLH3,TLC3,2017,223
TLH3,TLC4,2017,943
TLH3,TLD1,2017,200
TLH3,TLD3,2017,859
TLH3,TLD4,2017,531
TLH3,TLD6,2017,368
TLH3,TLD7,2017,572
TLH3,TLE1,2017,505
TLH3,TLE2,2017,689
TLH3,TLE3,2017,565
TLH3,TLE4,2017,1024
TLH3,TLF1,2017,1816
TLH3,TLF2,2017,1984
TLH3,TLF3,2017,1142
TLH3,TLG1,2017,648
TLH3,TLG2,2017,692
TLH3,TLG3,2017,1542
TLH3,TLH2,2017,5022
TLH3,TLH4,2017,2454
TLH3,TLH5,2017,3225
TLH3,TLH6,2017,6364
TLH3,TLI3,2017,1558
TLH3,TLI4,2017,4759
TLH3,TLI5,2017,6609
TLH3,TLI6,2017,1119
TLH3,TLI7,2017,1849
TLH3,TLJ1,2017,2114
TLH3,TLJ2,2017,3145
TLH3,TLJ3,2017,2099
TLH3,TLJ4,2017,3396
TLH3,TLK3,2017,797
TLH3,TLK4,2017,1385
TLH3,TLK5,2017,920
TLH3,TLK6,2017,1405
TLH3,TLK7,2017,829
TLH3,TLL3,2017,294
TLH3,TLL4,2017,535
TLH3,TLL5,2017,477
TLH3,TLN0,2017,215
TLH4,S92000003,2017,981
TLH4,TLC3,2017,261
TLH4,TLC4,2017,989
TLH4,TLD1,2017,175
TLH4,TLD3,2017,947
TLH4,TLD4,2017,392
TLH4,TLD6,2017,290
TLH4,TLD7,2017,481
TLH4,TLE1,2017,436
TLH4,TLE2,2017,701
TLH4,TLE3,2017,891
TLH4,TLE4,2017,1378
TLH4,TLF1,2017,1937
TLH4,TLF2,2017,3113
TLH4,TLF3,2017,3819
TLH4,TLG1,2017,596
TLH4,TLG2,2017,641
TLH4,TLG3,2017,1372
TLH4,TLH2,2017,2935
TLH4,TLH3,2017,1674
TLH4,TLH5,2017,3807
TLH4,TLH6,2017,3258
TLH4,TLI3,2017,1711
TLH4,TLI4,2017,3008
TLH4,TLI5,2017,861
TLH4,TLI6,2017,646
TLH4,TLI7,2017,1280
TLH4,TLJ1,2017,2043
TLH4,TLJ2,2017,1657
TLH4,TLJ3,2017,937
TLH4,TLJ4,2017,805
TLH4,TLK3,2017,337
TLH4,TLK4,2017,743
TLH4,TLK5,2017,862
TLH4,TLK6,2017,694
TLH4,TLK7,2017,668
TLH4,TLL3,2017,162
TLH4,TLL4,2017,242
TLH4,TLL5,2017,355
TLH4,TLN0,2017,187
TLH5,S92000003,2017,639
TLH5,TLC3,2017,136
TLH5,TLC4,2017,680
TLH5,TLD1,2017,96
TLH5,TLD3,2017,643
TLH5,TLD4,2017,352
TLH5,TLD6,2017,220
TLH5,TLD7,2017,242
TLH5,TLE1,2017,347
TLH5,TLE2,2017,514
TLH5,TLE3,2017,583
TLH5,TLE4,2017,786
TLH5,TLF1,2017,1381
TLH5,TLF2,2017,1507
TLH5,TLF3,2017,1660
TLH5,TLG1,2017,418
TLH5,TLG2,2017,426
TLH5,TLG3,2017,886
TLH5,TLH2,2017,1270
TLH5,TLH3,2017,1521
TLH5,TLH4,2017,2944
TLH5,TLH6,2017,5003
TLH5,TLI3,2017,676
TLH5,TLI4,2017,1440
TLH5,TLI5,2017,769
TLH5,TLI6,2017,428
TLH5,TLI7,2017,680
TLH5,TLJ1,2017,1079
TLH5,TLJ2,2017,1394
TLH5,TLJ3,2017,637
TLH5,TLJ4,2017,793
TLH5,TLK3,2017,242
TLH5,TLK4,2017,495
TLH5,TLK5,2017,452
TLH5,TLK6,2017,518
TLH5,TLK7,2017,414
TLH5,TLL3,2017,146
TLH5,TLL4,2017,204
TLH5,TLL5,2017,191
TLH5,TLN0,2017,92
TLH6,S92000003,2017,441
TLH6,TLC3,2017,117
TLH6,TLC4,2017,423
TLH6,TLD1,2017,91
TLH6,TLD3,2017,421
TLH6,TLD4,2017,268
TLH6,TLD6,2017,195
TLH6,TLD7,2017,205
TLH6,TLE1,2017,240
TLH6,TLE2,2017,431
TLH6,TLE3,2017,397
TLH6,TLE4,2017,515
TLH6,TLF1,2017,898
TLH6,TLF2,2017,868
TLH6,TLF3,2017,705
TLH6,TLG1,2017,295
TLH6,TLG2,2017,345
TLH6,TLG3,2017,638
TLH6,TLH2,2017,818
TLH6,TLH3,2017,3372
TLH6,TLH4,2017,2584
TLH6,TLH5,2017,6028
TLH6,TLI3,2017,600
TLH6,TLI4,2017,1178
TLH6,TLI5,2017,562
TLH6,TLI6,2017,289
TLH6,TLI7,2017,501
TLH6,TLJ1,2017,829
TLH6,TLJ2,2017,1069
TLH6,TLJ3,2017,735
TLH6,TLJ4,2017,687
TLH6,TLK3,2017,249
TLH6,TLK4,2017,484
TLH6,TLK5,2017,386
TLH6,TLK6,2017,460
TLH6,TLK7,2017,397
TLH6,TLL3,2017,131
TLH6,TLL4,2017,209
TLH6,TLL5,2017,178
TLH6,TLN0,2017,70
TLI3,S92000003,2017,1496
TLI3,TLC3,2017,177
TLI3,TLC4,2017,879
TLI3,TLD1,2017,113
TLI3,TLD3,2017,1446
TLI3,TLD4,2017,367
TLI3,TLD6,2017,392
TLI3,TLD7,2017,560
TLI3,TLE1,2017,248
TLI3,TLE2,2017,625
TLI3,TLE3,2017,454
TLI3,TLE4,2017,1071
TLI3,TLF1,2017,1017
TLI3,TLF2,2017,1206
TLI3,TLF3,2017,264
TLI3,TLG1,2017,717
TLI3,TLG2,2017,460
TLI3,TLG3,2017,1646
TLI3,TLH2,2017,3302
TLI3,TLH3,2017,1616
TLI3,TLH4,2017,1421
TLI3,TLH5,2017,665
TLI3,TLH6,2017,654
TLI3,TLI4,2017,27405
TLI3,TLI5,2017,5004
TLI3,TLI6,2017,11931
TLI3,TLI7,2017,20097
TLI3,TLJ1,2017,5505
TLI3,TLJ2,2017,7476
TLI3,TLJ3,2017,2379
TLI3,TLJ4,2017,2269
TLI3,TLK3,2017,348
TLI3,TLK4,2017,1140
TLI3,TLK5,2017,1787
TLI3,TLK6,2017,1593
TLI3,TLK7,2017,1604
TLI3,TLL3,2017,124
TLI3,TLL4,2017,280
TLI3,TLL5,2017,589
TLI3,TLN0,2017,263
TLI4,S92000003,2017,2691
TLI4,TLC3,2017,358
TLI4,TLC4,2017,1465
TLI4,TLD1,2017,282
TLI4,TLD3,2017,3562
TLI4,TLD4,2017,917
TLI4,TLD6,2017,672
TLI4,TLD7,2017,1328
TLI4,TLE1,2017,557
TLI4,TLE2,2017,870
TLI4,TLE3,2017,1155
TLI4,TLE4,2017,2717
TLI4,TLF1,2017,2371
TLI4,TLF2,2017,3566
TLI4,TLF3,2017,637
TLI4,TLG1,2017,1161
TLI4,TLG2,2017,988
TLI4,TLG3,2017,5056
TLI4,TLH2,2017,7259
TLI4,TLH3,2017,8946
TLI4,TLH4,2017,2431
TLI4,TLH5,2017,1444
TLI4,TLH6,2017,1381
TLI4,TLI3,2017,22687
TLI4,TLI5,2017,44522
TLI4,TLI6,2017,20543
TLI4,TLI7,2017,16236
TLI4,TLJ1,2017,5529
TLI4,TLJ2,2017,9062
TLI4,TLJ3,2017,3239
TLI4,TLJ4,2017,8685
TLI4,TLK3,2017,668
TLI4,TLK4,2017,1782
TLI4,TLK5,2017,3021
TLI4,TLK6,2017,2491
TLI4,TLK7,2017,1930
TLI4,TLL3,2017,230
TLI4,TLL4,2017,590
TLI4,TLL5,2017,1109
TLI4,TLN0,2017,481
TLI5,S92000003,2017,1143
TLI5,TLC3,2017,271
TLI5,TLC4,2017,876
TLI5,TLD1,2017,143
TLI5,TLD3,2017,2187
TLI5,TLD4,2017,607
TLI5,TLD6,2017,352
TLI5,TLD7,2017,763
TLI5,TLE1,2017,460
TLI5,TLE2,2017,438
TLI5,TLE3,2017,858
TLI5,TLE4,2017,1507
TLI5,TLF1,2017,1973
TLI5,TLF2,2017,3036
TLI5,TLF3,2017,629
TLI5,TLG1,2017,627
TLI5,TLG2,2017,706
TLI5,TLG3,2017,4250
TLI5,TLH2,2017,8322
TLI5,TLH3,2017,20583
TLI5,TLH4,2017,1713
TLI5,TLH5,2017,1633
TLI5,TLH6,2017,1345
TLI5,TLI3,2017,3744
TLI5,TLI4,2017,24994
TLI5,TLI6,2017,5432
TLI5,TLI7,2017,8438
TLI5,TLJ1,2017,3080
TLI5,TLJ2,2017,4308
TLI5,TLJ3,2017,2128
TLI5,TLJ4,2017,12594
TLI5,TLK3,2017,493
TLI5,TLK4,2017,1088
TLI5,TLK5,2017,1042
TLI5,TLK6,2017,1350
TLI5,TLK7,2017,818
TLI5,TLL3,2017,159
TLI5,TLL4,2017,398
TLI5,TLL5,2017,632
TLI5,TLN0,2017,243
TLI6,S92000003,2017,926
TLI6,TLC3,2017,137
TLI6,TLC4,2017,745
TLI6,TLD1,2017,103
TLI6,TLD3,2017,1086
TLI6,TLD4,2017,413
TLI6,TLD6,2017,292
TLI6,TLD7,2017,617
TLI6,TLE1,2017,295
TLI6,TLE2,2017,495
TLI6,TLE3,2017,537
TLI6,TLE4,2017,979
TLI6,TLF1,2017,1326
TLI6,TLF2,2017,1648
TLI6,TLF3,2017,370
TLI6,TLG1,2017,555
TLI6,TLG2,2017,552
TLI6,TLG3,2017,2111
TLI6,TLH2,2017,1829
TLI6,TLH3,2017,1690
TLI6,TLH4,2017,920
TLI6,TLH5,2017,803
TLI6,TLH6,2017,488
TLI6,TLI3,2017,6808
TLI6,TLI4,2017,11478
TLI6,TLI5,2017,4431
TLI6,TLI7,2017,4656
TLI6,TLJ1,2017,2722
TLI6,TLJ2,2017,18779
TLI6,TLJ3,2017,3542
TLI6,TLJ4,2017,8091
TLI6,TLK3,2017,509
TLI6,TLK4,2017,1317
TLI6,TLK5,2017,1159
TLI6,TLK6,2017,1919
TLI6,TLK7,2017,950
TLI6,TLL3,2017,148
TLI6,TLL4,2017,326
TLI6,TLL5,2017,591
TLI6,TLN0,2017,173
TLI7,S92000003,2017,1655
TLI7,TLC3,2017,296
TLI7,TLC4,2017,1261
TLI7,TLD1,2017,165
TLI7,TLD3,2017,2625
TLI7,TLD4,2017,706
TLI7,TLD6,2017,512
TLI7,TLD7,2017,1089
TLI7,TLE1,2017,490
TLI7,TLE2,2017,778
TLI7,TLE3,2017,942
TLI7,TLE4,2017,1977
TLI7,TLF1,2017,2684
TLI7,TLF2,2017,4291
TLI7,TLF3,2017,644
TLI7,TLG1,2017,1169
TLI7,TLG2,2017,977
TLI7,TLG3,2017,6036
TLI7,TLH2,2017,16233
TLI7,TLH3,2017,3065
TLI7,TLH4,2017,1830
TLI7,TLH5,2017,1168
TLI7,TLH6,2017,727
TLI7,TLI3,2017,14213
TLI7,TLI4,2017,14226
TLI7,TLI5,2017,8371
TLI7,TLI6,2017,6293
TLI7,TLJ1,2017,15548
TLI7,TLJ2,2017,11995
TLI7,TLJ3,2017,4611
TLI7,TLJ4,2017,3080
TLI7,TLK3,2017,579
TLI7,TLK4,2017,1759
TLI7,TLK5,2017,2093
TLI7,TLK6,2017,2695
TLI7,TLK7,2017,1917
TLI7,TLL3,2017,241
TLI7,TLL4,2017,647
TLI7,TLL5,2017,993
TLI7,TLN0,2017,414
TLJ1,S92000003,2017,2355
TLJ1,TLC3,2017,368
TLJ1,TLC4,2017,1905
TLJ1,TLD1,2017,378
TLJ1,TLD3,2017,2284
TLJ1,TLD4,2017,1209
TLJ1,TLD6,2017,862
TLJ1,TLD7,2017,1211
TLJ1,TLE1,2017,691
TLJ1,TLE2,2017,1372
TLJ1,TLE3,2017,1286
TLJ1,TLE4,2017,2209
TLJ1,TLF1,2017,3367
TLJ1,TLF2,2017,9011
TLJ1,TLF3,2017,1299
TLJ1,TLG1,2017,3345
TLJ1,TLG2,2017,1772
TLJ1,TLG3,2017,5122
TLJ1,TLH2,2017,7030
TLJ1,TLH3,2017,1881
TLJ1,TLH4,2017,2228
TLJ1,TLH5,2017,1591
TLJ1,TLH6,2017,982
TLJ1,TLI3,2017,5185
TLJ1,TLI4,2017,6305
TLJ1,TLI5,2017,1970
TLJ1,TLI6,2017,2006
TLJ1,TLI7,2017,6335
TLJ1,TLJ2,2017,8570
TLJ1,TLJ3,2017,9938
TLJ1,TLJ4,2017,2266
TLJ1,TLK3,2017,1676
TLJ1,TLK4,2017,4163
TLJ1,TLK5,2017,3788
TLJ1,TLK6,2017,5129
TLJ1,TLK7,2017,7274
TLJ1,TLL3,2017,508
TLJ1,TLL4,2017,1498
TLJ1,TLL5,2017,1892
TLJ1,TLN0,2017,411
TLJ2,S92000003,2017,2091
TLJ2,TLC3,2017,363
TLJ2,TLC4,2017,1751
TLJ2,TLD1,2017,259
TLJ2,TLD3,2017,1932
TLJ2,TLD4,2017,873
TLJ2,TLD6,2017,725
TLJ2,TLD7,2017,1036
TLJ2,TLE1,2017,579
TLJ2,TLE2,2017,1158
TLJ2,TLE3,2017,1044
TLJ2,TLE4,2017,1880
TLJ2,TLF1,2017,2736
TLJ2,TLF2,2017,2814
TLJ2,TLF3,2017,1117
TLJ2,TLG1,2017,1575
TLJ2,TLG2,2017,1347
TLJ2,TLG3,2017,2879
TLJ2,TLH2,2017,2891
TLJ2,TLH3,2017,2717
TLJ2,TLH4,2017,1879
TLJ2,TLH5,2017,1844
TLJ2,TLH6,2017,1281
TLJ2,TLI3,2017,5270
TLJ2,TLI4,2017,7964
TLJ2,TLI5,2017,2826
TLJ2,TLI6,2017,8136
TLJ2,TLI7,2017,5993
TLJ2,TLJ1,2017,8963
TLJ2,TLJ3,2017,16451
TLJ2,TLJ4,2017,7827
TLJ2,TLK3,2017,1859
TLJ2,TLK4,2017,4140
TLJ2,TLK5,2017,3439
TLJ2,TLK6,2017,5848
TLJ2,TLK7,2017,3209
TLJ2,TLL3,2017,408
TLJ2,TLL4,2017,1264
TLJ2,TLL5,2017,1640
TLJ2,TLN0,2017,387
TLJ3,S92000003,2017,1588
TLJ3,TLC3,2017,211
TLJ3,TLC4,2017,987
TLJ3,TLD1,2017,294
TLJ3,TLD3,2017,1202
TLJ3,TLD4,2017,587
TLJ3,TLD6,2017,465
TLJ3,TLD7,2017,680
TLJ3,TLE1,2017,484
TLJ3,TLE2,2017,710
TLJ3,TLE3,2017,618
TLJ3,TLE4,2017,942
TLJ3,TLF1,2017,1434
TLJ3,TLF2,2017,1611
TLJ3,TLF3,2017,776
TLJ3,TLG1,2017,1301
TLJ3,TLG2,2017,1032
TLJ3,TLG3,2017,1961
TLJ3,TLH2,2017,1882
TLJ3,TLH3,2017,1623
TLJ3,TLH4,2017,1095
TLJ3,TLH5,2017,786
TLJ3,TLH6,2017,791
TLJ3,TLI3,2017,2203
TLJ3,TLI4,2017,3402
TLJ3,TLI5,2017,1436
TLJ3,TLI6,2017,1980
TLJ3,TLI7,2017,2679
TLJ3,TLJ1,2017,7319
TLJ3,TLJ2,2017,12474
TLJ3,TLJ4,2017,2226
TLJ3,TLK3,2017,1487
TLJ3,TLK4,2017,3490
TLJ3,TLK5,2017,2681
TLJ3,TLK6,2017,8130
TLJ3,TLK7,2017,5184
TLJ3,TLL3,2017,319
TLJ3,TLL4,2017,1006
TLJ3,TLL5,2017,1543
TLJ3,TLN0,2017,298
TLJ4,S92000003,2017,1163
TLJ4,TLC3,2017,284
TLJ4,TLC4,2017,1043
TLJ4,TLD1,2017,234
TLJ4,TLD3,2017,938
TLJ4,TLD4,2017,563
TLJ4,TLD6,2017,345
TLJ4,TLD7,2017,529
TLJ4,TLE1,2017,409
TLJ4,TLE2,2017,639
TLJ4,TLE3,2017,681
TLJ4,TLE4,2017,906
TLJ4,TLF1,2017,1548
TLJ4,TLF2,2017,1759
TLJ4,TLF3,2017,856
TLJ4,TLG1,2017,722
TLJ4,TLG2,2017,714
TLJ4,TLG3,2017,1540
TLJ4,TLH2,2017,1739
TLJ4,TLH3,2017,2963
TLJ4,TLH4,2017,1142
TLJ4,TLH5,2017,1486
TLJ4,TLH6,2017,1074
TLJ4,TLI3,2017,1836
TLJ4,TLI4,2017,4400
TLJ4,TLI5,2017,4553
TLJ4,TLI6,2017,2941
TLJ4,TLI7,2017,2000
TLJ4,TLJ1,2017,2415
TLJ4,TLJ2,2017,8707
TLJ4,TLJ3,2017,2789
TLJ4,TLK3,2017,892
TLJ4,TLK4,2017,1659
TLJ4,TLK5,2017,1037
TLJ4,TLK6,2017,1806
TLJ4,TLK7,2017,1178
TLJ4,TLL3,2017,239
TLJ4,TLL4,2017,642
TLJ4,TLL5,2017,623
TLJ4,TLN0,2017,241
TLK3,S92000003,2017,433
TLK3,TLC3,2017,63
TLK3,TLC4,2017,232
TLK3,TLD1,2017,93
TLK3,TLD3,2017,335
TLK3,TLD4,2017,197
TLK3,TLD6,2017,160
TLK3,TLD7,2017,182
TLK3,TLE1,2017,113
TLK3,TLE2,2017,208
TLK3,TLE3,2017,198
TLK3,TLE4,2017,295
TLK3,TLF1,2017,476
TLK3,TLF2,2017,386
TLK3,TLF3,2017,192
TLK3,TLG1,2017,496
TLK3,TLG2,2017,391
TLK3,TLG3,2017,600
TLK3,TLH2,2017,286
TLK3,TLH3,2017,334
TLK3,TLH4,2017,211
TLK3,TLH5,2017,218
TLK3,TLH6,2017,138
TLK3,TLI3,2017,348
TLK3,TLI4,2017,621
TLK3,TLI5,2017,207
TLK3,TLI6,2017,192
TLK3,TLI7,2017,332
TLK3,TLJ1,2017,769
TLK3,TLJ2,2017,968
TLK3,TLJ3,2017,975
TLK3,TLJ4,2017,340
TLK3,TLK4,2017,5322
TLK3,TLK5,2017,1325
TLK3,TLK6,2017,1422
TLK3,TLK7,2017,1006
TLK3,TLL3,2017,115
TLK3,TLL4,2017,340
TLK3,TLL5,2017,591
TLK3,TLN0,2017,62
TLK4,S92000003,2017,824
TLK4,TLC3,2017,124
TLK4,TLC4,2017,624
TLK4,TLD1,2017,185
TLK4,TLD3,2017,771
TLK4,TLD4,2017,431
TLK4,TLD6,2017,372
TLK4,TLD7,2017,494
TLK4,TLE1,2017,234
TLK4,TLE2,2017,368
TLK4,TLE3,2017,428
TLK4,TLE4,2017,635
TLK4,TLF1,2017,960
TLK4,TLF2,2017,1085
TLK4,TLF3,2017,333
TLK4,TLG1,2017,1310
TLK4,TLG2,2017,810
TLK4,TLG3,2017,1828
TLK4,TLH2,2017,914
TLK4,TLH3,2017,777
TLK4,TLH4,2017,532
TLK4,TLH5,2017,371
TLK4,TLH6,2017,376
TLK4,TLI3,2017,1238
TLK4,TLI4,2017,1883
TLK4,TLI5,2017,629
TLK4,TLI6,2017,771
TLK4,TLI7,2017,1159
TLK4,TLJ1,2017,2524
TLK4,TLJ2,2017,2775
TLK4,TLJ3,2017,2520
TLK4,TLJ4,2017,945
TLK4,TLK3,2017,4954
TLK4,TLK5,2017,4140
TLK4,TLK6,2017,5937
TLK4,TLK7,2017,2628
TLK4,TLL3,2017,229
TLK4,TLL4,2017,702
TLK4,TLL5,2017,1694
TLK4,TLN0,2017,152
TLK5,S92000003,2017,722
TLK5,TLC3,2017,87
TLK5,TLC4,2017,491
TLK5,TLD1,2017,122
TLK5,TLD3,2017,1054
TLK5,TLD4,2017,368
TLK5,TLD6,2017,336
TLK5,TLD7,2017,426
TLK5,TLE1,2017,171
TLK5,TLE2,2017,394
TLK5,TLE3,2017,453
TLK5,TLE4,2017,664
TLK5,TLF1,2017,945
TLK5,TLF2,2017,919
TLK5,TLF3,2017,208
TLK5,TLG1,2017,1295
TLK5,TLG2,2017,553
TLK5,TLG3,2017,1575
TLK5,TLH2,2017,942
TLK5,TLH3,2017,604
TLK5,TLH4,2017,659
TLK5,TLH5,2017,384
TLK5,TLH6,2017,313
TLK5,TLI3,2017,1930
TLK5,TLI4,2017,2773
TLK5,TLI5,2017,790
TLK5,TLI6,2017,790
TLK5,TLI7,2017,1479
TLK5,TLJ1,2017,2757
TLK5,TLJ2,2017,2578
TLK5,TLJ3,2017,2003
TLK5,TLJ4,2017,673
TLK5,TLK3,2017,1306
TLK5,TLK4,2017,3646
TLK5,TLK6,2017,8700
TLK5,TLK7,2017,7012
TLK5,TLL3,2017,167
TLK5,TLL4,2017,1114
TLK5,TLL5,2017,3889
TLK5,TLN0,2017,181
TLK6,S92000003,2017,1014
TLK6,TLC3,2017,135
TLK6,TLC4,2017,677
TLK6,TLD1,2017,194
TLK6,TLD3,2017,886
TLK6,TLD4,2017,503
TLK6,TLD6,2017,380
TLK6,TLD7,2017,487
TLK6,TLE1,2017,288
TLK6,TLE2,2017,541
TLK6,TLE3,2017,443
TLK6,TLE4,2017,678
TLK6,TLF1,2017,1073
TLK6,TLF2,2017,1190
TLK6,TLF3,2017,454
TLK6,TLG1,2017,1242
TLK6,TLG2,2017,875
TLK6,TLG3,2017,1628
TLK6,TLH2,2017,1292
TLK6,TLH3,2017,828
TLK6,TLH4,2017,608
TLK6,TLH5,2017,532
TLK6,TLH6,2017,360
TLK6,TLI3,2017,1636
TLK6,TLI4,2017,2305
TLK6,TLI5,2017,798
TLK6,TLI6,2017,1006
TLK6,TLI7,2017,1494
TLK6,TLJ1,2017,3213
TLK6,TLJ2,2017,4083
TLK6,TLJ3,2017,7154
TLK6,TLJ4,2017,1035
TLK6,TLK3,2017,1769
TLK6,TLK4,2017,6888
TLK6,TLK5,2017,6484
TLK6,TLK7,2017,5183
TLK6,TLL3,2017,222
TLK6,TLL4,2017,1000
TLK6,TLL5,2017,2248
TLK6,TLN0,2017,156
TLK7,S92000003,2017,1085
TLK7,TLC3,2017,201
TLK7,TLC4,2017,646
TLK7,TLD1,2017,227
TLK7,TLD3,2017,839
TLK7,TLD4,2017,477
TLK7,TLD6,2017,381
TLK7,TLD7,2017,581
TLK7,TLE1,2017,300
TLK7,TLE2,2017,656
TLK7,TLE3,2017,487
TLK7,TLE4,2017,765
TLK7,TLF1,2017,1098
TLK7,TLF2,2017,1276
TLK7,TLF3,2017,373
TLK7,TLG1,2017,3882
TLK7,TLG2,2017,1006
TLK7,TLG3,2017,1962
TLK7,TLH2,2017,681
TLK7,TLH3,2017,478
TLK7,TLH4,2017,614
TLK7,TLH5,2017,478
TLK7,TLH6,2017,346
TLK7,TLI3,2017,1312
TLK7,TLI4,2017,1755
TLK7,TLI5,2017,472
TLK7,TLI6,2017,526
TLK7,TLI7,2017,988
TLK7,TLJ1,2017,4371
TLK7,TLJ2,2017,2074
TLK7,TLJ3,2017,3757
TLK7,TLJ4,2017,719
TLK7,TLK3,2017,1350
TLK7,TLK4,2017,3512
TLK7,TLK5,2017,5480
TLK7,TLK6,2017,5038
TLK7,TLL3,2017,244
TLK7,TLL4,2017,1400
TLK7,TLL5,2017,2627
TLK7,TLN0,2017,187
TLL3,S92000003,2017,415
TLL3,TLC3,2017,65
TLL3,TLC4,2017,326
TLL3,TLD1,2017,144
TLL3,TLD3,2017,1937
TLL3,TLD4,2017,858
TLL3,TLD6,2017,2857
TLL3,TLD7,2017,2342
TLL3,TLE1,2017,120
TLL3,TLE2,2017,257
TLL3,TLE3,2017,266
TLL3,TLE4,2017,546
TLL3,TLF1,2017,557
TLL3,TLF2,2017,368
TLL3,TLF3,2017,148
TLL3,TLG1,2017,343
TLL3,TLG2,2017,1539
TLL3,TLG3,2017,670
TLL3,TLH2,2017,198
TLL3,TLH3,2017,148
TLL3,TLH4,2017,142
TLL3,TLH5,2017,136
TLL3,TLH6,2017,86
TLL3,TLI3,2017,205
TLL3,TLI4,2017,319
TLL3,TLI5,2017,120
TLL3,TLI6,2017,111
TLL3,TLI7,2017,178
TLL3,TLJ1,2017,385
TLL3,TLJ2,2017,310
TLL3,TLJ3,2017,242
TLL3,TLJ4,2017,168
TLL3,TLK3,2017,117
TLL3,TLK4,2017,264
TLL3,TLK5,2017,279
TLL3,TLK6,2017,288
TLL3,TLK7,2017,280
TLL3,TLL4,2017,902
TLL3,TLL5,2017,926
TLL3,TLN0,2017,79
TLL4,S92000003,2017,501
TLL4,TLC3,2017,68
TLL4,TLC4,2017,264
TLL4,TLD1,2017,80
TLL4,TLD3,2017,611
TLL4,TLD4,2017,273
TLL4,TLD6,2017,341
TLL4,TLD7,2017,487
TLL4,TLE1,2017,118
TLL4,TLE2,2017,235
TLL4,TLE3,2017,229
TLL4,TLE4,2017,317
TLL4,TLF1,2017,457
TLL4,TLF2,2017,576
TLL4,TLF3,2017,167
TLL4,TLG1,2017,1263
TLL4,TLG2,2017,1601
TLL4,TLG3,2017,1093
TLL4,TLH2,2017,396
TLL4,TLH3,2017,367
TLL4,TLH4,2017,260
TLL4,TLH5,2017,180
TLL4,TLH6,2017,175
TLL4,TLI3,2017,367
TLL4,TLI4,2017,694
TLL4,TLI5,2017,285
TLL4,TLI6,2017,250
TLL4,TLI7,2017,537
TLL4,TLJ1,2017,1002
TLL4,TLJ2,2017,885
TLL4,TLJ3,2017,742
TLL4,TLJ4,2017,302
TLL4,TLK3,2017,281
TLL4,TLK4,2017,891
TLL4,TLK5,2017,1279
TLL4,TLK6,2017,834
TLL4,TLK7,2017,1191
TLL4,TLL3,2017,937
TLL4,TLL5,2017,7073
TLL4,TLN0,2017,88
TLL5,S92000003,2017,678
TLL5,TLC3,2017,120
TLL5,TLC4,2017,373
TLL5,TLD1,2017,76
TLL5,TLD3,2017,786
TLL5,TLD4,2017,358
TLL5,TLD6,2017,317
TLL5,TLD7,2017,548
TLL5,TLE1,2017,158
TLL5,TLE2,2017,223
TLL5,TLE3,2017,333
TLL5,TLE4,2017,484
TLL5,TLF1,2017,695
TLL5,TLF2,2017,722
TLL5,TLF3,2017,199
TLL5,TLG1,2017,1336
TLL5,TLG2,2017,646
TLL5,TLG3,2017,1577
TLL5,TLH2,2017,501
TLL5,TLH3,2017,346
TLL5,TLH4,2017,340
TLL5,TLH5,2017,233
TLL5,TLH6,2017,174
TLL5,TLI3,2017,799
TLL5,TLI4,2017,1338
TLL5,TLI5,2017,393
TLL5,TLI6,2017,414
TLL5,TLI7,2017,847
TLL5,TLJ1,2017,1551
TLL5,TLJ2,2017,1206
TLL5,TLJ3,2017,1297
TLL5,TLJ4,2017,406
TLL5,TLK3,2017,650
TLL5,TLK4,2017,1847
TLL5,TLK5,2017,2855
TLL5,TLK6,2017,1655
TLL5,TLK7,2017,2390
TLL5,TLL3,2017,711
TLL5,TLL4,2017,6589
TLL5,TLN0,2017,164
TLN0,S92000003,2017,2353
TLN0,TLC3,2017,93
TLN0,TLC4,2017,580
TLN0,TLD1,2017,75
TLN0,TLD3,2017,593
TLN0,TLD4,2017,261
TLN0,TLD6,2017,139
TLN0,TLD7,2017,752
TLN0,TLE1,2017,57
TLN0,TLE2,2017,104
TLN0,TLE3,2017,104
TLN0,TLE4,2017,288
TLN0,TLF1,2017,216
TLN0,TLF2,2017,176
TLN0,TLF3,2017,53
TLN0,TLG1,2017,117
TLN0,TLG2,2017,174
TLN0,TLG3,2017,231
TLN0,TLH2,2017,173
TLN0,TLH3,2017,113
TLN0,TLH4,2017,126
TLN0,TLH5,2017,91
TLN0,TLH6,2017,42
TLN0,TLI3,2017,262
TLN0,TLI4,2017,463
TLN0,TLI5,2017,145
TLN0,TLI6,2017,120
TLN0,TLI7,2017,267
TLN0,TLJ1,2017,261
TLN0,TLJ2,2017,319
TLN0,TLJ3,2017,195
TLN0,TLJ4,2017,178
TLN0,TLK3,2017,52
TLN0,TLK4,2017,136
TLN0,TLK5,2017,213
TLN0,TLK6,2017,120
TLN0,TLK7,2017,140
TLN0,TLL3,2017,87
TLN0,TLL4,2017,106
TLN0,TLL5,2017,165
S92000003,TLC3,2018,408
S92000003,TLC4,2018,2895
S92000003,TLD1,2018,1150
S92000003,TLD3,2018,1731
S92000003,TLD4,2018,1073
S92000003,TLD6,2018,524
S92000003,TLD7,2018,872
S92000003,TLE1,2018,441
S92000003,TLE2,2018,981
S92000003,TLE3,2018,622
S92000003,TLE4,2018,1205
S92000003,TLF1,2018,1009
S92000003,TLF2,2018,771
S92000003,TLF3,2018,442
S92000003,TLG1,2018,602
S92000003,TLG2,2018,642
S92000003,TLG3,2018,1080
S92000003,TLH2,2018,729
S92000003,TLH3,2018,607
S92000003,TLH4,2018,705
S92000003,TLH5,2018,450
S92000003,TLH6,2018,350
S92000003,TLI3,2018,1713
S92000003,TLI4,2018,2852
S92000003,TLI5,2018,710
S92000003,TLI6,2018,597
S92000003,TLI7,2018,1280
S92000003,TLJ1,2018,1647
S92000003,TLJ2,2018,1537
S92000003,TLJ3,2018,1048
S92000003,TLJ4,2018,722
S92000003,TLK3,2018,310
S92000003,TLK4,2018,642
S92000003,TLK5,2018,723
S92000003,TLK6,2018,787
S92000003,TLK7,2018,698
S92000003,TLL3,2018,338
S92000003,TLL4,2018,389
S92000003,TLL5,2018,584
S92000003,TLN0,2018,1801
TLC3,S92000003,2018,541
TLC3,TLC4,2018,6902
TLC3,TLD1,2018,342
TLC3,TLD3,2018,905
TLC3,TLD4,2018,390
TLC3,TLD6,2018,183
TLC3,TLD7,2018,402
TLC3,TLE1,2018,428
TLC3,TLE2,2018,2626
TLC3,TLE3,2018,591
TLC3,TLE4,2018,1547
TLC3,TLF1,2018,611
TLC3,TLF2,2018,346
TLC3,TLF3,2018,228
TLC3,TLG1,2018,174
TLC3,TLG2,2018,185
TLC3,TLG3,2018,485
TLC3,TLH2,2018,185
TLC3,TLH3,2018,152
TLC3,TLH4,2018,181
TLC3,TLH5,2018,133
TLC3,TLH6,2018,88
TLC3,TLI3,2018,247
TLC3,TLI4,2018,463
TLC3,TLI5,2018,215
TLC3,TLI6,2018,176
TLC3,TLI7,2018,348
TLC3,TLJ1,2018,342
TLC3,TLJ2,2018,320
TLC3,TLJ3,2018,218
TLC3,TLJ4,2018,155
TLC3,TLK3,2018,70
TLC3,TLK4,2018,139
TLC3,TLK5,2018,103
TLC3,TLK6,2018,182
TLC3,TLK7,2018,166
TLC3,TLL3,2018,87
TLC3,TLL4,2018,66
TLC3,TLL5,2018,118
TLC3,TLN0,2018,55
TLC4,S92000003,2018,2786
TLC4,TLC3,2018,5439
TLC4,TLD1,2018,1514
TLC4,TLD3,2018,2674
TLC4,TLD4,2018,1274
TLC4,TLD6,2018,782
TLC4,TLD7,2018,1169
TLC4,TLE1,2018,1057
TLC4,TLE2,2018,3366
TLC4,TLE3,2018,1519
TLC4,TLE4,2018,4402
TLC4,TLF1,2018,1643
TLC4,TLF2,2018,1081
TLC4,TLF3,2018,782
TLC4,TLG1,2018,531
TLC4,TLG2,2018,633
TLC4,TLG3,2018,1173
TLC4,TLH2,2018,942
TLC4,TLH3,2018,624
TLC4,TLH4,2018,949
TLC4,TLH5,2018,455
TLC4,TLH6,2018,389
TLC4,TLI3,2018,1798
TLC4,TLI4,2018,2363
TLC4,TLI5,2018,611
TLC4,TLI6,2018,585
TLC4,TLI7,2018,1311
TLC4,TLJ1,2018,1499
TLC4,TLJ2,2018,1367
TLC4,TLJ3,2018,784
TLC4,TLJ4,2018,581
TLC4,TLK3,2018,214
TLC4,TLK4,2018,523
TLC4,TLK5,2018,701
TLC4,TLK6,2018,486
TLC4,TLK7,2018,545
TLC4,TLL3,2018,229
TLC4,TLL4,2018,201
TLC4,TLL5,2018,323
TLC4,TLN0,2018,437
TLD1,S92000003,2018,1114
TLD1,TLC3,2018,235
TLD1,TLC4,2018,1735
TLD1,TLD3,2018,1015
TLD1,TLD4,2018,2156
TLD1,TLD6,2018,343
TLD1,TLD7,2018,598
TLD1,TLE1,2018,167
TLD1,TLE2,2018,578
TLD1,TLE3,2018,211
TLD1,TLE4,2018,693
TLD1,TLF1,2018,344
TLD1,TLF2,2018,247
TLD1,TLF3,2018,124
TLD1,TLG1,2018,171
TLD1,TLG2,2018,252
TLD1,TLG3,2018,227
TLD1,TLH2,2018,124
TLD1,TLH3,2018,102
TLD1,TLH4,2018,125
TLD1,TLH5,2018,110
TLD1,TLH6,2018,93
TLD1,TLI3,2018,144
TLD1,TLI4,2018,251
TLD1,TLI5,2018,80
TLD1,TLI6,2018,51
TLD1,TLI7,2018,142
TLD1,TLJ1,2018,242
TLD1,TLJ2,2018,196
TLD1,TLJ3,2018,162
TLD1,TLJ4,2018,92
TLD1,TLK3,2018,101
TLD1,TLK4,2018,158
TLD1,TLK5,2018,105
TLD1,TLK6,2018,186
TLD1,TLK7,2018,176
TLD1,TLL3,2018,158
TLD1,TLL4,2018,66
TLD1,TLL5,2018,83
TLD1,TLN0,2018,67
TLD3,S92000003,2018,2096
TLD3,TLC3,2018,616
TLD3,TLC4,2018,2539
TLD3,TLD1,2018,1220
TLD3,TLD4,2018,13564
TLD3,TLD6,2018,9684
TLD3,TLD7,2018,7079
TLD3,TLE1,2018,1132
TLD3,TLE2,2018,1677
TLD3,TLE3,2018,3003
TLD3,TLE4,2018,7567
TLD3,TLF1,2018,4425
TLD3,TLF2,2018,1598
TLD3,TLF3,2018,756
TLD3,TLG1,2018,968
TLD3,TLG2,2018,2090
TLD3,TLG3,2018,3414
TLD3,TLH2,2018,1241
TLD3,TLH3,2018,639
TLD3,TLH4,2018,860
TLD3,TLH5,2018,526
TLD3,TLH6,2018,361
TLD3,TLI3,2018,1864
TLD3,TLI4,2018,3618
TLD3,TLI5,2018,1355
TLD3,TLI6,2018,824
TLD3,TLI7,2018,2198
TLD3,TLJ1,2018,1905
TLD3,TLJ2,2018,1618
TLD3,TLJ3,2018,927
TLD3,TLJ4,2018,655
TLD3,TLK3,2018,557
TLD3,TLK4,2018,1020
TLD3,TLK5,2018,1083
TLD3,TLK6,2018,845
TLD3,TLK7,2018,824
TLD3,TLL3,2018,2112
TLD3,TLL4,2018,515
TLD3,TLL5,2018,699
TLD3,TLN0,2018,533
TLD4,S92000003,2018,1456
TLD4,TLC3,2018,358
TLD4,TLC4,2018,1693
TLD4,TLD1,2018,2026
TLD4,TLD3,2018,10704
TLD4,TLD6,2018,1790
TLD4,TLD7,2018,5076
TLD4,TLE1,2018,531
TLD4,TLE2,2018,1493
TLD4,TLE3,2018,1070
TLD4,TLE4,2018,3887
TLD4,TLF1,2018,1257
TLD4,TLF2,2018,983
TLD4,TLF3,2018,405
TLD4,TLG1,2018,506
TLD4,TLG2,2018,1103
TLD4,TLG3,2018,1521
TLD4,TLH2,2018,416
TLD4,TLH3,2018,380
TLD4,TLH4,2018,389
TLD4,TLH5,2018,256
TLD4,TLH6,2018,214
TLD4,TLI3,2018,606
TLD4,TLI4,2018,1092
TLD4,TLI5,2018,372
TLD4,TLI6,2018,290
TLD4,TLI7,2018,667
TLD4,TLJ1,2018,928
TLD4,TLJ2,2018,755
TLD4,TLJ3,2018,535
TLD4,TLJ4,2018,327
TLD4,TLK3,2018,245
TLD4,TLK4,2018,532
TLD4,TLK5,2018,381
TLD4,TLK6,2018,501
TLD4,TLK7,2018,436
TLD4,TLL3,2018,756
TLD4,TLL4,2018,277
TLD4,TLL5,2018,323
TLD4,TLN0,2018,243
TLD6,S92000003,2018,658
TLD6,TLC3,2018,146
TLD6,TLC4,2018,829
TLD6,TLD1,2018,404
TLD6,TLD3,2018,6275
TLD6,TLD4,2018,1757
TLD6,TLD7,2018,5906
TLD6,TLE1,2018,263
TLD6,TLE2,2018,713
TLD6,TLE3,2018,1066
TLD6,TLE4,2018,1632
TLD6,TLF1,2018,1380
TLD6,TLF2,2018,664
TLD6,TLF3,2018,271
TLD6,TLG1,2018,497
TLD6,TLG2,2018,2865
TLD6,TLG3,2018,1105
TLD6,TLH2,2018,323
TLD6,TLH3,2018,206
TLD6,TLH4,2018,306
TLD6,TLH5,2018,203
TLD6,TLH6,2018,120
TLD6,TLI3,2018,480
TLD6,TLI4,2018,750
TLD6,TLI5,2018,220
TLD6,TLI6,2018,168
TLD6,TLI7,2018,367
TLD6,TLJ1,2018,703
TLD6,TLJ2,2018,614
TLD6,TLJ3,2018,390
TLD6,TLJ4,2018,200
TLD6,TLK3,2018,260
TLD6,TLK4,2018,419
TLD6,TLK5,2018,469
TLD6,TLK6,2018,353
TLD6,TLK7,2018,438
TLD6,TLL3,2018,2691
TLD6,TLL4,2018,329
TLD6,TLL5,2018,272
TLD6,TLN0,2018,127
TLD7,S92000003,2018,964
TLD7,TLC3,2018,299
TLD7,TLC4,2018,1102
TLD7,TLD1,2018,617
TLD7,TLD3,2018,6620
TLD7,TLD4,2018,5404
TLD7,TLD6,2018,5771
TLD7,TLE1,2018,482
TLD7,TLE2,2018,795
TLD7,TLE3,2018,1086
TLD7,TLE4,2018,2282
TLD7,TLF1,2018,1350
TLD7,TLF2,2018,791
TLD7,TLF3,2018,280
TLD7,TLG1,2018,544
TLD7,TLG2,2018,1293
TLD7,TLG3,2018,1647
TLD7,TLH2,2018,582
TLD7,TLH3,2018,339
TLD7,TLH4,2018,332
TLD7,TLH5,2018,274
TLD7,TLH6,2018,179
TLD7,TLI3,2018,803
TLD7,TLI4,2018,1423
TLD7,TLI5,2018,472
TLD7,TLI6,2018,367
TLD7,TLI7,2018,747
TLD7,TLJ1,2018,923
TLD7,TLJ2,2018,792
TLD7,TLJ3,2018,464
TLD7,TLJ4,2018,332
TLD7,TLK3,2018,233
TLD7,TLK4,2018,429
TLD7,TLK5,2018,467
TLD7,TLK6,2018,475
TLD7,TLK7,2018,470
TLD7,TLL3,2018,2085
TLD7,TLL4,2018,375
TLD7,TLL5,2018,388
TLD7,TLN0,2018,707
TLE1,S92000003,2018,613
TLE1,TLC3,2018,404
TLE1,TLC4,2018,1420
TLE1,TLD1,2018,185
TLE1,TLD3,2018,1361
TLE1,TLD4,2018,572
TLE1,TLD6,2018,354
TLE1,TLD7,2018,503
TLE1,TLE2,2018,3327
TLE1,TLE3,2018,2704
TLE1,TLE4,2018,3682
TLE1,TLF1,2018,1673
TLE1,TLF2,2018,724
TLE1,TLF3,2018,3041
TLE1,TLG1,2018,293
TLE1,TLG2,2018,411
TLE1,TLG3,2018,802
TLE1,TLH2,2018,350
TLE1,TLH3,2018,298
TLE1,TLH4,2018,349
TLE1,TLH5,2018,295
TLE1,TLH6,2018,180
TLE1,TLI3,2018,325
TLE1,TLI4,2018,640
TLE1,TLI5,2018,320
TLE1,TLI6,2018,229
TLE1,TLI7,2018,453
TLE1,TLJ1,2018,546
TLE1,TLJ2,2018,452
TLE1,TLJ3,2018,277
TLE1,TLJ4,2018,247
TLE1,TLK3,2018,177
TLE1,TLK4,2018,257
TLE1,TLK5,2018,169
TLE1,TLK6,2018,229
TLE1,TLK7,2018,292
TLE1,TLL3,2018,164
TLE1,TLL4,2018,133
TLE1,TLL5,2018,156
TLE1,TLN0,2018,59
TLE2,S92000003,2018,1431
TLE2,TLC3,2018,2863
TLE2,TLC4,2018,3809
TLE2,TLD1,2018,627
TLE2,TLD3,2018,1750
TLE2,TLD4,2018,1480
TLE2,TLD6,2018,518
TLE2,TLD7,2018,806
TLE2,TLE1,2018,3639
TLE2,TLE3,2018,2131
TLE2,TLE4,2018,7177
TLE2,TLF1,2018,1618
TLE2,TLF2,2018,759
TLE2,TLF3,2018,711
TLE2,TLG1,2018,467
TLE2,TLG2,2018,559
TLE2,TLG3,2018,750
TLE2,TLH2,2018,550
TLE2,TLH3,2018,399
TLE2,TLH4,2018,620
TLE2,TLH5,2018,420
TLE2,TLH6,2018,290
TLE2,TLI3,2018,811
TLE2,TLI4,2018,1191
TLE2,TLI5,2018,308
TLE2,TLI6,2018,293
TLE2,TLI7,2018,581
TLE2,TLJ1,2018,1134
TLE2,TLJ2,2018,849
TLE2,TLJ3,2018,523
TLE2,TLJ4,2018,396
TLE2,TLK3,2018,194
TLE2,TLK4,2018,403
TLE2,TLK5,2018,508
TLE2,TLK6,2018,398
TLE2,TLK7,2018,625
TLE2,TLL3,2018,208
TLE2,TLL4,2018,174
TLE2,TLL5,2018,229
TLE2,TLN0,2018,135
TLE3,S92000003,2018,831
TLE3,TLC3,2018,550
TLE3,TLC4,2018,1663
TLE3,TLD1,2018,301
TLE3,TLD3,2018,3429
TLE3,TLD4,2018,1000
TLE3,TLD6,2018,940
TLE3,TLD7,2018,1194
TLE3,TLE1,2018,2572
TLE3,TLE2,2018,2078
TLE3,TLE4,2018,6999
TLE3,TLF1,2018,8570
TLE3,TLF2,2018,1722
TLE3,TLF3,2018,2503
TLE3,TLG1,2018,727
TLE3,TLG2,2018,889
TLE3,TLG3,2018,1847
TLE3,TLH2,2018,806
TLE3,TLH3,2018,406
TLE3,TLH4,2018,815
TLE3,TLH5,2018,478
TLE3,TLH6,2018,346
TLE3,TLI3,2018,704
TLE3,TLI4,2018,1456
TLE3,TLI5,2018,567
TLE3,TLI6,2018,360
TLE3,TLI7,2018,789
TLE3,TLJ1,2018,1181
TLE3,TLJ2,2018,750
TLE3,TLJ3,2018,505
TLE3,TLJ4,2018,390
TLE3,TLK3,2018,292
TLE3,TLK4,2018,451
TLE3,TLK5,2018,485
TLE3,TLK6,2018,359
TLE3,TLK7,2018,471
TLE3,TLL3,2018,274
TLE3,TLL4,2018,189
TLE3,TLL5,2018,333
TLE3,TLN0,2018,106
TLE4,S92000003,2018,1784
TLE4,TLC3,2018,1513
TLE4,TLC4,2018,4778
TLE4,TLD1,2018,845
TLE4,TLD3,2018,7912
TLE4,TLD4,2018,3940
TLE4,TLD6,2018,1657
TLE4,TLD7,2018,2720
TLE4,TLE1,2018,3898
TLE4,TLE2,2018,9615
TLE4,TLE3,2018,7578
TLE4,TLF1,2018,3957
TLE4,TLF2,2018,2197
TLE4,TLF3,2018,1461
TLE4,TLG1,2018,934
TLE4,TLG2,2018,1326
TLE4,TLG3,2018,3126
TLE4,TLH2,2018,1554
TLE4,TLH3,2018,785
TLE4,TLH4,2018,1149
TLE4,TLH5,2018,644
TLE4,TLH6,2018,538
TLE4,TLI3,2018,1690
TLE4,TLI4,2018,3095
TLE4,TLI5,2018,1140
TLE4,TLI6,2018,871
TLE4,TLI7,2018,2109
TLE4,TLJ1,2018,2024
TLE4,TLJ2,2018,1673
TLE4,TLJ3,2018,904
TLE4,TLJ4,2018,768
TLE4,TLK3,2018,389
TLE4,TLK4,2018,740
TLE4,TLK5,2018,784
TLE4,TLK6,2018,686
TLE4,TLK7,2018,777
TLE4,TLL3,2018,550
TLE4,TLL4,2018,343
TLE4,TLL5,2018,525
TLE4,TLN0,2018,301
TLF1,S92000003,2018,1350
TLF1,TLC3,2018,470
TLF1,TLC4,2018,2056
TLF1,TLD1,2018,351
TLF1,TLD3,2018,4148
TLF1,TLD4,2018,1174
TLF1,TLD6,2018,1424
TLF1,TLD7,2018,1500
TLF1,TLE1,2018,1537
TLF1,TLE2,2018,1700
TLF1,TLE3,2018,7674
TLF1,TLE4,2018,4061
TLF1,TLF2,2018,7626
TLF1,TLF3,2018,5482
TLF1,TLG1,2018,1678
TLF1,TLG2,2018,4718
TLF1,TLG3,2018,5000
TLF1,TLH2,2018,2307
TLF1,TLH3,2018,1194
TLF1,TLH4,2018,1479
TLF1,TLH5,2018,1208
TLF1,TLH6,2018,631
TLF1,TLI3,2018,1601
TLF1,TLI4,2018,2733
TLF1,TLI5,2018,1216
TLF1,TLI6,2018,955
TLF1,TLI7,2018,2146
TLF1,TLJ1,2018,2546
TLF1,TLJ2,2018,1965
TLF1,TLJ3,2018,1193
TLF1,TLJ4,2018,949
TLF1,TLK3,2018,652
TLF1,TLK4,2018,1100
TLF1,TLK5,2018,1071
TLF1,TLK6,2018,984
TLF1,TLK7,2018,983
TLF1,TLL3,2018,547
TLF1,TLL4,2018,404
TLF1,TLL5,2018,649
TLF1,TLN0,2018,214
TLF2,S92000003,2018,1246
TLF2,TLC3,2018,378
TLF2,TLC4,2018,1373
TLF2,TLD1,2018,306
TLF2,TLD3,2018,2014
TLF2,TLD4,2018,976
TLF2,TLD6,2018,708
TLF2,TLD7,2018,1051
TLF2,TLE1,2018,785
TLF2,TLE2,2018,1112
TLF2,TLE3,2018,2103
TLF2,TLE4,2018,2126
TLF2,TLF1,2018,8437
TLF2,TLF3,2018,3514
TLF2,TLG1,2018,3878
TLF2,TLG2,2018,2068
TLF2,TLG3,2018,6187
TLF2,TLH2,2018,3313
TLF2,TLH3,2018,1331
TLF2,TLH4,2018,2439
TLF2,TLH5,2018,1807
TLF2,TLH6,2018,851
TLF2,TLI3,2018,1476
TLF2,TLI4,2018,3315
TLF2,TLI5,2018,1732
TLF2,TLI6,2018,1102
TLF2,TLI7,2018,2386
TLF2,TLJ1,2018,5418
TLF2,TLJ2,2018,2213
TLF2,TLJ3,2018,1625
TLF2,TLJ4,2018,1071
TLF2,TLK3,2018,753
TLF2,TLK4,2018,1532
TLF2,TLK5,2018,1192
TLF2,TLK6,2018,1467
TLF2,TLK7,2018,1183
TLF2,TLL3,2018,448
TLF2,TLL4,2018,653
TLF2,TLL5,2018,763
TLF2,TLN0,2018,229
TLF3,S92000003,2018,547
TLF3,TLC3,2018,214
TLF3,TLC4,2018,1006
TLF3,TLD1,2018,187
TLF3,TLD3,2018,724
TLF3,TLD4,2018,506
TLF3,TLD6,2018,267
TLF3,TLD7,2018,391
TLF3,TLE1,2018,2964
TLF3,TLE2,2018,880
TLF3,TLE3,2018,2662
TLF3,TLE4,2018,1587
TLF3,TLF1,2018,5459
TLF3,TLF2,2018,2891
TLF3,TLG1,2018,528
TLF3,TLG2,2018,571
TLF3,TLG3,2018,944
TLF3,TLH2,2018,751
TLF3,TLH3,2018,503
TLF3,TLH4,2018,2499
TLF3,TLH5,2018,1378
TLF3,TLH6,2018,472
TLF3,TLI3,2018,377
TLF3,TLI4,2018,702
TLF3,TLI5,2018,317
TLF3,TLI6,2018,216
TLF3,TLI7,2018,418
TLF3,TLJ1,2018,882
TLF3,TLJ2,2018,701
TLF3,TLJ3,2018,547
TLF3,TLJ4,2018,390
TLF3,TLK3,2018,255
TLF3,TLK4,2018,382
TLF3,TLK5,2018,252
TLF3,TLK6,2018,393
TLF3,TLK7,2018,407
TLF3,TLL3,2018,165
TLF3,TLL4,2018,167
TLF3,TLL5,2018,158
TLF3,TLN0,2018,81
TLG1,S92000003,2018,770
TLG1,TLC3,2018,166
TLG1,TLC4,2018,769
TLG1,TLD1,2018,166
TLG1,TLD3,2018,1033
TLG1,TLD4,2018,534
TLG1,TLD6,2018,504
TLG1,TLD7,2018,759
TLG1,TLE1,2018,250
TLG1,TLE2,2018,548
TLG1,TLE3,2018,767
TLG1,TLE4,2018,1032
TLG1,TLF1,2018,2007
TLG1,TLF2,2018,4432
TLG1,TLF3,2018,632
TLG1,TLG2,2018,3541
TLG1,TLG3,2018,11057
TLG1,TLH2,2018,697
TLG1,TLH3,2018,430
TLG1,TLH4,2018,487
TLG1,TLH5,2018,453
TLG1,TLH6,2018,279
TLG1,TLI3,2018,1012
TLG1,TLI4,2018,1418
TLG1,TLI5,2018,419
TLG1,TLI6,2018,369
TLG1,TLI7,2018,820
TLG1,TLJ1,2018,2302
TLG1,TLJ2,2018,1269
TLG1,TLJ3,2018,1160
TLG1,TLJ4,2018,471
TLG1,TLK3,2018,810
TLG1,TLK4,2018,1745
TLG1,TLK5,2018,1660
TLG1,TLK6,2018,1425
TLG1,TLK7,2018,3679
TLG1,TLL3,2018,419
TLG1,TLL4,2018,1395
TLG1,TLL5,2018,1593
TLG1,TLN0,2018,99
TLG2,S92000003,2018,804
TLG2,TLC3,2018,227
TLG2,TLC4,2018,745
TLG2,TLD1,2018,257
TLG2,TLD3,2018,2336
TLG2,TLD4,2018,1088
TLG2,TLD6,2018,3587
TLG2,TLD7,2018,1603
TLG2,TLE1,2018,390
TLG2,TLE2,2018,671
TLG2,TLE3,2018,932
TLG2,TLE4,2018,1308
TLG2,TLF1,2018,5119
TLG2,TLF2,2018,2090
TLG2,TLF3,2018,672
TLG2,TLG1,2018,3485
TLG2,TLG3,2018,8207
TLG2,TLH2,2018,577
TLG2,TLH3,2018,478
TLG2,TLH4,2018,528
TLG2,TLH5,2018,494
TLG2,TLH6,2018,292
TLG2,TLI3,2018,496
TLG2,TLI4,2018,1048
TLG2,TLI5,2018,384
TLG2,TLI6,2018,253
TLG2,TLI7,2018,665
TLG2,TLJ1,2018,1287
TLG2,TLJ2,2018,996
TLG2,TLJ3,2018,774
TLG2,TLJ4,2018,443
TLG2,TLK3,2018,596
TLG2,TLK4,2018,1097
TLG2,TLK5,2018,742
TLG2,TLK6,2018,832
TLG2,TLK7,2018,964
TLG2,TLL3,2018,1426
TLG2,TLL4,2018,1515
TLG2,TLL5,2018,682
TLG2,TLN0,2018,166
TLG3,S92000003,2018,1330
TLG3,TLC3,2018,383
TLG3,TLC4,2018,1333
TLG3,TLD1,2018,323
TLG3,TLD3,2018,3848
TLG3,TLD4,2018,1529
TLG3,TLD6,2018,1178
TLG3,TLD7,2018,1922
TLG3,TLE1,2018,717
TLG3,TLE2,2018,839
TLG3,TLE3,2018,1771
TLG3,TLE4,2018,3059
TLG3,TLF1,2018,5718
TLG3,TLF2,2018,6497
TLG3,TLF3,2018,1022
TLG3,TLG1,2018,21074
TLG3,TLG2,2018,14969
TLG3,TLH2,2018,2526
TLG3,TLH3,2018,1209
TLG3,TLH4,2018,1355
TLG3,TLH5,2018,760
TLG3,TLH6,2018,544
TLG3,TLI3,2018,2148
TLG3,TLI4,2018,4701
TLG3,TLI5,2018,2466
TLG3,TLI6,2018,1477
TLG3,TLI7,2018,3921
TLG3,TLJ1,2018,4304
TLG3,TLJ2,2018,2442
TLG3,TLJ3,2018,1827
TLG3,TLJ4,2018,1068
TLG3,TLK3,2018,928
TLG3,TLK4,2018,2341
TLG3,TLK5,2018,1708
TLG3,TLK6,2018,1956
TLG3,TLK7,2018,2036
TLG3,TLL3,2018,915
TLG3,TLL4,2018,1263
TLG3,TLL5,2018,1501
TLG3,TLN0,2018,311
TLH2,S92000003,2018,1263
TLH2,TLC3,2018,269
TLH2,TLC4,2018,1283
TLH2,TLD1,2018,261
TLH2,TLD3,2018,1556
TLH2,TLD4,2018,687
TLH2,TLD6,2018,618
TLH2,TLD7,2018,964
TLH2,TLE1,2018,557
TLH2,TLE2,2018,830
TLH2,TLE3,2018,1192
TLH2,TLE4,2018,1937
TLH2,TLF1,2018,3434
TLH2,TLF2,2018,5988
TLH2,TLF3,2018,1762
TLH2,TLG1,2018,1093
TLH2,TLG2,2018,1091
TLH2,TLG3,2018,3389
TLH2,TLH3,2018,5907
TLH2,TLH4,2018,4867
TLH2,TLH5,2018,2889
TLH2,TLH6,2018,1489
TLH2,TLI3,2018,2428
TLH2,TLI4,2018,5061
TLH2,TLI5,2018,3443
TLH2,TLI6,2018,1242
TLH2,TLI7,2018,6007
TLH2,TLJ1,2018,9558
TLH2,TLJ2,2018,3747
TLH2,TLJ3,2018,2774
TLH2,TLJ4,2018,1922
TLH2,TLK3,2018,829
TLH2,TLK4,2018,1935
TLH2,TLK5,2018,1421
TLH2,TLK6,2018,2406
TLH2,TLK7,2018,1233
TLH2,TLL3,2018,276
TLH2,TLL4,2018,618
TLH2,TLL5,2018,705
TLH2,TLN0,2018,223
TLH3,S92000003,2018,940
TLH3,TLC3,2018,246
TLH3,TLC4,2018,950
TLH3,TLD1,2018,212
TLH3,TLD3,2018,911
TLH3,TLD4,2018,539
TLH3,TLD6,2018,291
TLH3,TLD7,2018,589
TLH3,TLE1,2018,504
TLH3,TLE2,2018,609
TLH3,TLE3,2018,780
TLH3,TLE4,2018,1048
TLH3,TLF1,2018,1923
TLH3,TLF2,2018,1921
TLH3,TLF3,2018,1297
TLH3,TLG1,2018,686
TLH3,TLG2,2018,695
TLH3,TLG3,2018,1674
TLH3,TLH2,2018,4774
TLH3,TLH4,2018,2331
TLH3,TLH5,2018,3402
TLH3,TLH6,2018,6177
TLH3,TLI3,2018,1462
TLH3,TLI4,2018,4670
TLH3,TLI5,2018,6283
TLH3,TLI6,2018,1109
TLH3,TLI7,2018,2044
TLH3,TLJ1,2018,2224
TLH3,TLJ2,2018,3191
TLH3,TLJ3,2018,1977
TLH3,TLJ4,2018,3488
TLH3,TLK3,2018,796
TLH3,TLK4,2018,1312
TLH3,TLK5,2018,840
TLH3,TLK6,2018,1358
TLH3,TLK7,2018,789
TLH3,TLL3,2018,240
TLH3,TLL4,2018,467
TLH3,TLL5,2018,577
TLH3,TLN0,2018,206
TLH4,S92000003,2018,894
TLH4,TLC3,2018,214
TLH4,TLC4,2018,1042
TLH4,TLD1,2018,133
TLH4,TLD3,2018,955
TLH4,TLD4,2018,429
TLH4,TLD6,2018,298
TLH4,TLD7,2018,454
TLH4,TLE1,2018,435
TLH4,TLE2,2018,766
TLH4,TLE3,2018,864
TLH4,TLE4,2018,1337
TLH4,TLF1,2018,1884
TLH4,TLF2,2018,2911
TLH4,TLF3,2018,4010
TLH4,TLG1,2018,551
TLH4,TLG2,2018,497
TLH4,TLG3,2018,1409
TLH4,TLH2,2018,2911
TLH4,TLH3,2018,1646
TLH4,TLH5,2018,3710
TLH4,TLH6,2018,2991
TLH4,TLI3,2018,1740
TLH4,TLI4,2018,3105
TLH4,TLI5,2018,918
TLH4,TLI6,2018,614
TLH4,TLI7,2018,1314
TLH4,TLJ1,2018,2128
TLH4,TLJ2,2018,1550
TLH4,TLJ3,2018,853
TLH4,TLJ4,2018,699
TLH4,TLK3,2018,328
TLH4,TLK4,2018,698
TLH4,TLK5,2018,733
TLH4,TLK6,2018,571
TLH4,TLK7,2018,597
TLH4,TLL3,2018,157
TLH4,TLL4,2018,273
TLH4,TLL5,2018,377
TLH4,TLN0,2018,167
TLH5,S92000003,2018,581
TLH5,TLC3,2018,144
TLH5,TLC4,2018,682
TLH5,TLD1,2018,116
TLH5,TLD3,2018,546
TLH5,TLD4,2018,370
TLH5,TLD6,2018,227
TLH5,TLD7,2018,295
TLH5,TLE1,2018,354
TLH5,TLE2,2018,551
TLH5,TLE3,2018,665
TLH5,TLE4,2018,684
TLH5,TLF1,2018,1427
TLH5,TLF2,2018,1514
TLH5,TLF3,2018,1723
TLH5,TLG1,2018,492
TLH5,TLG2,2018,511
TLH5,TLG3,2018,798
TLH5,TLH2,2018,1188
TLH5,TLH3,2018,1584
TLH5,TLH4,2018,2913
TLH5,TLH6,2018,4919
TLH5,TLI3,2018,685
TLH5,TLI4,2018,1474
TLH5,TLI5,2018,748
TLH5,TLI6,2018,387
TLH5,TLI7,2018,697
TLH5,TLJ1,2018,1135
TLH5,TLJ2,2018,1281
TLH5,TLJ3,2018,733
TLH5,TLJ4,2018,757
TLH5,TLK3,2018,215
TLH5,TLK4,2018,505
TLH5,TLK5,2018,478
TLH5,TLK6,2018,537
TLH5,TLK7,2018,434
TLH5,TLL3,2018,172
TLH5,TLL4,2018,167
TLH5,TLL5,2018,245
TLH5,TLN0,2018,93
TLH6,S92000003,2018,436
TLH6,TLC3,2018,123
TLH6,TLC4,2018,508
TLH6,TLD1,2018,87
TLH6,TLD3,2018,473
TLH6,TLD4,2018,218
TLH6,TLD6,2018,160
TLH6,TLD7,2018,265
TLH6,TLE1,2018,258
TLH6,TLE2,2018,379
TLH6,TLE3,2018,447
TLH6,TLE4,2018,568
TLH6,TLF1,2018,890
TLH6,TLF2,2018,880
TLH6,TLF3,2018,703
TLH6,TLG1,2018,249
TLH6,TLG2,2018,350
TLH6,TLG3,2018,503
TLH6,TLH2,2018,771
TLH6,TLH3,2018,3444
TLH6,TLH4,2018,2655
TLH6,TLH5,2018,5876
TLH6,TLI3,2018,605
TLH6,TLI4,2018,1346
TLH6,TLI5,2018,623
TLH6,TLI6,2018,295
TLH6,TLI7,2018,507
TLH6,TLJ1,2018,875
TLH6,TLJ2,2018,976
TLH6,TLJ3,2018,749
TLH6,TLJ4,2018,662
TLH6,TLK3,2018,226
TLH6,TLK4,2018,392
TLH6,TLK5,2018,405
TLH6,TLK6,2018,453
TLH6,TLK7,2018,414
TLH6,TLL3,2018,88
TLH6,TLL4,2018,155
TLH6,TLL5,2018,217
TLH6,TLN0,2018,56
TLI3,S92000003,2018,1485
TLI3,TLC3,2018,133
TLI3,TLC4,2018,1007
TLI3,TLD1,2018,130
TLI3,TLD3,2018,1452
TLI3,TLD4,2018,345
TLI3,TLD6,2018,382
TLI3,TLD7,2018,526
TLI3,TLE1,2018,225
TLI3,TLE2,2018,560
TLI3,TLE3,2018,527
TLI3,TLE4,2018,1081
TLI3,TLF1,2018,969
TLI3,TLF2,2018,1260
TLI3,TLF3,2018,275
TLI3,TLG1,2018,673
TLI3,TLG2,2018,421
TLI3,TLG3,2018,1633
TLI3,TLH2,2018,3189
TLI3,TLH3,2018,1555
TLI3,TLH4,2018,1506
TLI3,TLH5,2018,655
TLI3,TLH6,2018,564
TLI3,TLI4,2018,27727
TLI3,TLI5,2018,4960
TLI3,TLI6,2018,11698
TLI3,TLI7,2018,19771
TLI3,TLJ1,2018,5473
TLI3,TLJ2,2018,7277
TLI3,TLJ3,2018,2108
TLI3,TLJ4,2018,2309
TLI3,TLK3,2018,351
TLI3,TLK4,2018,1129
TLI3,TLK5,2018,1820
TLI3,TLK6,2018,1541
TLI3,TLK7,2018,1640
TLI3,TLL3,2018,139
TLI3,TLL4,2018,316
TLI3,TLL5,2018,543
TLI3,TLN0,2018,272
TLI4,S92000003,2018,2557
TLI4,TLC3,2018,322
TLI4,TLC4,2018,1626
TLI4,TLD1,2018,190
TLI4,TLD3,2018,3694
TLI4,TLD4,2018,834
TLI4,TLD6,2018,693
TLI4,TLD7,2018,1305
TLI4,TLE1,2018,518
TLI4,TLE2,2018,903
TLI4,TLE3,2018,1375
TLI4,TLE4,2018,2641
TLI4,TLF1,2018,2341
TLI4,TLF2,2018,3385
TLI4,TLF3,2018,618
TLI4,TLG1,2018,1079
TLI4,TLG2,2018,919
TLI4,TLG3,2018,4872
TLI4,TLH2,2018,7237
TLI4,TLH3,2018,8641
TLI4,TLH4,2018,2508
TLI4,TLH5,2018,1513
TLI4,TLH6,2018,1276
TLI4,TLI3,2018,23516
TLI4,TLI5,2018,43305
TLI4,TLI6,2018,20198
TLI4,TLI7,2018,16314
TLI4,TLJ1,2018,5943
TLI4,TLJ2,2018,9377
TLI4,TLJ3,2018,3045
TLI4,TLJ4,2018,8811
TLI4,TLK3,2018,685
TLI4,TLK4,2018,1749
TLI4,TLK5,2018,3144
TLI4,TLK6,2018,2366
TLI4,TLK7,2018,1723
TLI4,TLL3,2018,260
TLI4,TLL4,2018,542
TLI4,TLL5,2018,1072
TLI4,TLN0,2018,433
TLI5,S92000003,2018,1188
TLI5,TLC3,2018,277
TLI5,TLC4,2018,760
TLI5,TLD1,2018,124
TLI5,TLD3,2018,2007
TLI5,TLD4,2018,746
TLI5,TLD6,2018,317
TLI5,TLD7,2018,778
TLI5,TLE1,2018,446
TLI5,TLE2,2018,493
TLI5,TLE3,2018,869
TLI5,TLE4,2018,1547
TLI5,TLF1,2018,1955
TLI5,TLF2,2018,2915
TLI5,TLF3,2018,645
TLI5,TLG1,2018,669
TLI5,TLG2,2018,785
TLI5,TLG3,2018,4357
TLI5,TLH2,2018,8172
TLI5,TLH3,2018,20861
TLI5,TLH4,2018,1721
TLI5,TLH5,2018,1752
TLI5,TLH6,2018,1329
TLI5,TLI3,2018,3837
TLI5,TLI4,2018,25190
TLI5,TLI6,2018,5141
TLI5,TLI7,2018,8327
TLI5,TLJ1,2018,2965
TLI5,TLJ2,2018,4409
TLI5,TLJ3,2018,1997
TLI5,TLJ4,2018,12441
TLI5,TLK3,2018,420
TLI5,TLK4,2018,1070
TLI5,TLK5,2018,950
TLI5,TLK6,2018,1331
TLI5,TLK7,2018,748
TLI5,TLL3,2018,213
TLI5,TLL4,2018,378
TLI5,TLL5,2018,622
TLI5,TLN0,2018,276
TLI6,S92000003,2018,948
TLI6,TLC3,2018,160
TLI6,TLC4,2018,753
TLI6,TLD1,2018,126
TLI6,TLD3,2018,1182
TLI6,TLD4,2018,405
TLI6,TLD6,2018,310
TLI6,TLD7,2018,631
TLI6,TLE1,2018,240
TLI6,TLE2,2018,431
TLI6,TLE3,2018,551
TLI6,TLE4,2018,1090
TLI6,TLF1,2018,1334
TLI6,TLF2,2018,1619
TLI6,TLF3,2018,355
TLI6,TLG1,2018,569
TLI6,TLG2,2018,530
TLI6,TLG3,2018,2251
TLI6,TLH2,2018,1842
TLI6,TLH3,2018,1562
TLI6,TLH4,2018,876
TLI6,TLH5,2018,780
TLI6,TLH6,2018,474
TLI6,TLI3,2018,6538
TLI6,TLI4,2018,11486
TLI6,TLI5,2018,4624
TLI6,TLI7,2018,4860
TLI6,TLJ1,2018,2915
TLI6,TLJ2,2018,18394
TLI6,TLJ3,2018,3297
TLI6,TLJ4,2018,7662
TLI6,TLK3,2018,466
TLI6,TLK4,2018,1242
TLI6,TLK5,2018,1211
TLI6,TLK6,2018,1927
TLI6,TLK7,2018,959
TLI6,TLL3,2018,127
TLI6,TLL4,2018,356
TLI6,TLL5,2018,545
TLI6,TLN0,2018,179
TLI7,S92000003,2018,1683
TLI7,TLC3,2018,311
TLI7,TLC4,2018,1327
TLI7,TLD1,2018,159
TLI7,TLD3,2018,2583
TLI7,TLD4,2018,625
TLI7,TLD6,2018,528
TLI7,TLD7,2018,1044
TLI7,TLE1,2018,453
TLI7,TLE2,2018,680
TLI7,TLE3,2018,1000
TLI7,TLE4,2018,1999
TLI7,TLF1,2018,2699
TLI7,TLF2,2018,4011
TLI7,TLF3,2018,525
TLI7,TLG1,2018,1109
TLI7,TLG2,2018,950
TLI7,TLG3,2018,5709
TLI7,TLH2,2018,15193
TLI7,TLH3,2018,2809
TLI7,TLH4,2018,1829
TLI7,TLH5,2018,1045
TLI7,TLH6,2018,619
TLI7,TLI3,2018,14251
TLI7,TLI4,2018,14235
TLI7,TLI5,2018,8104
TLI7,TLI6,2018,6276
TLI7,TLJ1,2018,15088
TLI7,TLJ2,2018,12084
TLI7,TLJ3,2018,4337
TLI7,TLJ4,2018,3028
TLI7,TLK3,2018,567
TLI7,TLK4,2018,1777
TLI7,TLK5,2018,2113
TLI7,TLK6,2018,2811
TLI7,TLK7,2018,1861
TLI7,TLL3,2018,245
TLI7,TLL4,2018,532
TLI7,TLL5,2018,1079
TLI7,TLN0,2018,391
TLJ1,S92000003,2018,2366
TLJ1,TLC3,2018,473
TLJ1,TLC4,2018,1914
TLJ1,TLD1,2018,386
TLJ1,TLD3,2018,2213
TLJ1,TLD4,2018,1049
TLJ1,TLD6,2018,897
TLJ1,TLD7,2018,1175
TLJ1,TLE1,2018,643
TLJ1,TLE2,2018,1231
TLJ1,TLE3,2018,1289
TLJ1,TLE4,2018,2316
TLJ1,TLF1,2018,3299
TLJ1,TLF2,2018,8095
TLJ1,TLF3,2018,1248
TLJ1,TLG1,2018,3113
TLJ1,TLG2,2018,1800
TLJ1,TLG3,2018,5218
TLJ1,TLH2,2018,6492
TLJ1,TLH3,2018,1914
TLJ1,TLH4,2018,2289
TLJ1,TLH5,2018,1651
TLJ1,TLH6,2018,916
TLJ1,TLI3,2018,5251
TLJ1,TLI4,2018,6382
TLJ1,TLI5,2018,1993
TLJ1,TLI6,2018,1864
TLJ1,TLI7,2018,6382
TLJ1,TLJ2,2018,8284
TLJ1,TLJ3,2018,8893
TLJ1,TLJ4,2018,2236
TLJ1,TLK3,2018,1652
TLJ1,TLK4,2018,4234
TLJ1,TLK5,2018,3954
TLJ1,TLK6,2018,5029
TLJ1,TLK7,2018,6733
TLJ1,TLL3,2018,476
TLJ1,TLL4,2018,1515
TLJ1,TLL5,2018,1956
TLJ1,TLN0,2018,385
TLJ2,S92000003,2018,2345
TLJ2,TLC3,2018,352
TLJ2,TLC4,2018,1862
TLJ2,TLD1,2018,395
TLJ2,TLD3,2018,1995
TLJ2,TLD4,2018,883
TLJ2,TLD6,2018,734
TLJ2,TLD7,2018,1045
TLJ2,TLE1,2018,531
TLJ2,TLE2,2018,1071
TLJ2,TLE3,2018,1069
TLJ2,TLE4,2018,1882
TLJ2,TLF1,2018,2691
TLJ2,TLF2,2018,2513
TLJ2,TLF3,2018,990
TLJ2,TLG1,2018,1514
TLJ2,TLG2,2018,1256
TLJ2,TLG3,2018,2974
TLJ2,TLH2,2018,2763
TLJ2,TLH3,2018,2680
TLJ2,TLH4,2018,1837
TLJ2,TLH5,2018,1801
TLJ2,TLH6,2018,1137
TLJ2,TLI3,2018,5483
TLJ2,TLI4,2018,7953
TLJ2,TLI5,2018,2786
TLJ2,TLI6,2018,8099
TLJ2,TLI7,2018,5956
TLJ2,TLJ1,2018,8808
TLJ2,TLJ3,2018,15891
TLJ2,TLJ4,2018,7568
TLJ2,TLK3,2018,1718
TLJ2,TLK4,2018,4263
TLJ2,TLK5,2018,3769
TLJ2,TLK6,2018,6004
TLJ2,TLK7,2018,2924
TLJ2,TLL3,2018,415
TLJ2,TLL4,2018,1268
TLJ2,TLL5,2018,1607
TLJ2,TLN0,2018,432
TLJ3,S92000003,2018,1543
TLJ3,TLC3,2018,253
TLJ3,TLC4,2018,1106
TLJ3,TLD1,2018,243
TLJ3,TLD3,2018,1177
TLJ3,TLD4,2018,608
TLJ3,TLD6,2018,478
TLJ3,TLD7,2018,625
TLJ3,TLE1,2018,391
TLJ3,TLE2,2018,664
TLJ3,TLE3,2018,642
TLJ3,TLE4,2018,889
TLJ3,TLF1,2018,1535
TLJ3,TLF2,2018,1614
TLJ3,TLF3,2018,693
TLJ3,TLG1,2018,1218
TLJ3,TLG2,2018,1083
TLJ3,TLG3,2018,1939
TLJ3,TLH2,2018,2015
TLJ3,TLH3,2018,1523
TLJ3,TLH4,2018,1041
TLJ3,TLH5,2018,795
TLJ3,TLH6,2018,673
TLJ3,TLI3,2018,2281
TLJ3,TLI4,2018,3301
TLJ3,TLI5,2018,1468
TLJ3,TLI6,2018,2208
TLJ3,TLI7,2018,2727
TLJ3,TLJ1,2018,7475
TLJ3,TLJ2,2018,12119
TLJ3,TLJ4,2018,2263
TLJ3,TLK3,2018,1420
TLJ3,TLK4,2018,3457
TLJ3,TLK5,2018,2784
TLJ3,TLK6,2018,7994
TLJ3,TLK7,2018,5033
TLJ3,TLL3,2018,268
TLJ3,TLL4,2018,1060
TLJ3,TLL5,2018,1735
TLJ3,TLN0,2018,261
TLJ4,S92000003,2018,1086
TLJ4,TLC3,2018,295
TLJ4,TLC4,2018,992
TLJ4,TLD1,2018,187
TLJ4,TLD3,2018,902
TLJ4,TLD4,2018,580
TLJ4,TLD6,2018,346
TLJ4,TLD7,2018,546
TLJ4,TLE1,2018,388
TLJ4,TLE2,2018,620
TLJ4,TLE3,2018,655
TLJ4,TLE4,2018,1144
TLJ4,TLF1,2018,1499
TLJ4,TLF2,2018,1540
TLJ4,TLF3,2018,796
TLJ4,TLG1,2018,700
TLJ4,TLG2,2018,650
TLJ4,TLG3,2018,1637
TLJ4,TLH2,2018,1689
TLJ4,TLH3,2018,2968
TLJ4,TLH4,2018,1142
TLJ4,TLH5,2018,1503
TLJ4,TLH6,2018,911
TLJ4,TLI3,2018,1928
TLJ4,TLI4,2018,4695
TLJ4,TLI5,2018,4812
TLJ4,TLI6,2018,3170
TLJ4,TLI7,2018,1984
TLJ4,TLJ1,2018,2397
TLJ4,TLJ2,2018,8459
TLJ4,TLJ3,2018,2713
TLJ4,TLK3,2018,704
TLJ4,TLK4,2018,1632
TLJ4,TLK5,2018,1113
TLJ4,TLK6,2018,1664
TLJ4,TLK7,2018,1095
TLJ4,TLL3,2018,267
TLJ4,TLL4,2018,585
TLJ4,TLL5,2018,611
TLJ4,TLN0,2018,233
TLK3,S92000003,2018,398
TLK3,TLC3,2018,38
TLK3,TLC4,2018,242
TLK3,TLD1,2018,120
TLK3,TLD3,2018,394
TLK3,TLD4,2018,216
TLK3,TLD6,2018,217
TLK3,TLD7,2018,215
TLK3,TLE1,2018,120
TLK3,TLE2,2018,191
TLK3,TLE3,2018,199
TLK3,TLE4,2018,290
TLK3,TLF1,2018,427
TLK3,TLF2,2018,407
TLK3,TLF3,2018,203
TLK3,TLG1,2018,553
TLK3,TLG2,2018,410
TLK3,TLG3,2018,518
TLK3,TLH2,2018,311
TLK3,TLH3,2018,296
TLK3,TLH4,2018,221
TLK3,TLH5,2018,228
TLK3,TLH6,2018,125
TLK3,TLI3,2018,388
TLK3,TLI4,2018,573
TLK3,TLI5,2018,188
TLK3,TLI6,2018,227
TLK3,TLI7,2018,344
TLK3,TLJ1,2018,844
TLK3,TLJ2,2018,1068
TLK3,TLJ3,2018,906
TLK3,TLJ4,2018,390
TLK3,TLK4,2018,5263
TLK3,TLK5,2018,1457
TLK3,TLK6,2018,1422
TLK3,TLK7,2018,975
TLK3,TLL3,2018,126
TLK3,TLL4,2018,340
TLK3,TLL5,2018,636
TLK3,TLN0,2018,59
TLK4,S92000003,2018,927
TLK4,TLC3,2018,153
TLK4,TLC4,2018,602
TLK4,TLD1,2018,199
TLK4,TLD3,2018,852
TLK4,TLD4,2018,427
TLK4,TLD6,2018,379
TLK4,TLD7,2018,458
TLK4,TLE1,2018,206
TLK4,TLE2,2018,388
TLK4,TLE3,2018,402
TLK4,TLE4,2018,621
TLK4,TLF1,2018,968
TLK4,TLF2,2018,912
TLK4,TLF3,2018,343
TLK4,TLG1,2018,1304
TLK4,TLG2,2018,872
TLK4,TLG3,2018,1590
TLK4,TLH2,2018,907
TLK4,TLH3,2018,727
TLK4,TLH4,2018,607
TLK4,TLH5,2018,411
TLK4,TLH6,2018,323
TLK4,TLI3,2018,1473
TLK4,TLI4,2018,1891
TLK4,TLI5,2018,640
TLK4,TLI6,2018,692
TLK4,TLI7,2018,1102
TLK4,TLJ1,2018,2540
TLK4,TLJ2,2018,2719
TLK4,TLJ3,2018,2430
TLK4,TLJ4,2018,972
TLK4,TLK3,2018,4896
TLK4,TLK5,2018,4234
TLK4,TLK6,2018,5813
TLK4,TLK7,2018,2798
TLK4,TLL3,2018,199
TLK4,TLL4,2018,747
TLK4,TLL5,2018,1806
TLK4,TLN0,2018,172
TLK5,S92000003,2018,768
TLK5,TLC3,2018,88
TLK5,TLC4,2018,559
TLK5,TLD1,2018,125
TLK5,TLD3,2018,1053
TLK5,TLD4,2018,278
TLK5,TLD6,2018,329
TLK5,TLD7,2018,491
TLK5,TLE1,2018,133
TLK5,TLE2,2018,337
TLK5,TLE3,2018,478
TLK5,TLE4,2018,734
TLK5,TLF1,2018,900
TLK5,TLF2,2018,842
TLK5,TLF3,2018,191
TLK5,TLG1,2018,1250
TLK5,TLG2,2018,618
TLK5,TLG3,2018,1509
TLK5,TLH2,2018,1095
TLK5,TLH3,2018,638
TLK5,TLH4,2018,700
TLK5,TLH5,2018,336
TLK5,TLH6,2018,280
TLK5,TLI3,2018,1960
TLK5,TLI4,2018,2906
TLK5,TLI5,2018,735
TLK5,TLI6,2018,820
TLK5,TLI7,2018,1579
TLK5,TLJ1,2018,2843
TLK5,TLJ2,2018,2372
TLK5,TLJ3,2018,1897
TLK5,TLJ4,2018,705
TLK5,TLK3,2018,1434
TLK5,TLK4,2018,3693
TLK5,TLK6,2018,8460
TLK5,TLK7,2018,6909
TLK5,TLL3,2018,175
TLK5,TLL4,2018,1142
TLK5,TLL5,2018,3787
TLK5,TLN0,2018,160
TLK6,S92000003,2018,1023
TLK6,TLC3,2018,142
TLK6,TLC4,2018,696
TLK6,TLD1,2018,209
TLK6,TLD3,2018,905
TLK6,TLD4,2018,493
TLK6,TLD6,2018,392
TLK6,TLD7,2018,557
TLK6,TLE1,2018,292
TLK6,TLE2,2018,498
TLK6,TLE3,2018,509
TLK6,TLE4,2018,693
TLK6,TLF1,2018,1068
TLK6,TLF2,2018,1070
TLK6,TLF3,2018,365
TLK6,TLG1,2018,1194
TLK6,TLG2,2018,927
TLK6,TLG3,2018,1510
TLK6,TLH2,2018,1326
TLK6,TLH3,2018,922
TLK6,TLH4,2018,593
TLK6,TLH5,2018,469
TLK6,TLH6,2018,382
TLK6,TLI3,2018,1649
TLK6,TLI4,2018,2475
TLK6,TLI5,2018,822
TLK6,TLI6,2018,1162
TLK6,TLI7,2018,1609
TLK6,TLJ1,2018,3572
TLK6,TLJ2,2018,4277
TLK6,TLJ3,2018,7343
TLK6,TLJ4,2018,1130
TLK6,TLK3,2018,1672
TLK6,TLK4,2018,6599
TLK6,TLK5,2018,6540
TLK6,TLK7,2018,4998
TLK6,TLL3,2018,240
TLK6,TLL4,2018,993
TLK6,TLL5,2018,2209
TLK6,TLN0,2018,158
TLK7,S92000003,2018,1024
TLK7,TLC3,2018,206
TLK7,TLC4,2018,721
TLK7,TLD1,2018,186
TLK7,TLD3,2018,833
TLK7,TLD4,2018,476
TLK7,TLD6,2018,416
TLK7,TLD7,2018,481
TLK7,TLE1,2018,287
TLK7,TLE2,2018,559
TLK7,TLE3,2018,511
TLK7,TLE4,2018,770
TLK7,TLF1,2018,1077
TLK7,TLF2,2018,1143
TLK7,TLF3,2018,395
TLK7,TLG1,2018,3955
TLK7,TLG2,2018,974
TLK7,TLG3,2018,1973
TLK7,TLH2,2018,730
TLK7,TLH3,2018,544
TLK7,TLH4,2018,521
TLK7,TLH5,2018,427
TLK7,TLH6,2018,282
TLK7,TLI3,2018,1308
TLK7,TLI4,2018,1790
TLK7,TLI5,2018,482
TLK7,TLI6,2018,511
TLK7,TLI7,2018,1029
TLK7,TLJ1,2018,4687
TLK7,TLJ2,2018,2131
TLK7,TLJ3,2018,3884
TLK7,TLJ4,2018,733
TLK7,TLK3,2018,1200
TLK7,TLK4,2018,3169
TLK7,TLK5,2018,5775
TLK7,TLK6,2018,5186
TLK7,TLL3,2018,271
TLK7,TLL4,2018,1423
TLK7,TLL5,2018,3123
TLK7,TLN0,2018,176
TLL3,S92000003,2018,429
TLL3,TLC3,2018,80
TLL3,TLC4,2018,258
TLL3,TLD1,2018,143
TLL3,TLD3,2018,1654
TLL3,TLD4,2018,815
TLL3,TLD6,2018,2776
TLL3,TLD7,2018,2288
TLL3,TLE1,2018,130
TLL3,TLE2,2018,268
TLL3,TLE3,2018,261
TLL3,TLE4,2018,569
TLL3,TLF1,2018,499
TLL3,TLF2,2018,399
TLL3,TLF3,2018,144
TLL3,TLG1,2018,282
TLL3,TLG2,2018,1357
TLL3,TLG3,2018,641
TLL3,TLH2,2018,176
TLL3,TLH3,2018,162
TLL3,TLH4,2018,175
TLL3,TLH5,2018,151
TLL3,TLH6,2018,90
TLL3,TLI3,2018,164
TLL3,TLI4,2018,292
TLL3,TLI5,2018,133
TLL3,TLI6,2018,78
TLL3,TLI7,2018,173
TLL3,TLJ1,2018,363
TLL3,TLJ2,2018,298
TLL3,TLJ3,2018,243
TLL3,TLJ4,2018,168
TLL3,TLK3,2018,135
TLL3,TLK4,2018,228
TLL3,TLK5,2018,279
TLL3,TLK6,2018,230
TLL3,TLK7,2018,274
TLL3,TLL4,2018,852
TLL3,TLL5,2018,966
TLL3,TLN0,2018,97
TLL4,S92000003,2018,491
TLL4,TLC3,2018,74
TLL4,TLC4,2018,312
TLL4,TLD1,2018,91
TLL4,TLD3,2018,528
TLL4,TLD4,2018,280
TLL4,TLD6,2018,330
TLL4,TLD7,2018,448
TLL4,TLE1,2018,104
TLL4,TLE2,2018,190
TLL4,TLE3,2018,183
TLL4,TLE4,2018,373
TLL4,TLF1,2018,478
TLL4,TLF2,2018,566
TLL4,TLF3,2018,169
TLL4,TLG1,2018,1138
TLL4,TLG2,2018,1633
TLL4,TLG3,2018,1069
TLL4,TLH2,2018,389
TLL4,TLH3,2018,301
TLL4,TLH4,2018,261
TLL4,TLH5,2018,207
TLL4,TLH6,2018,141
TLL4,TLI3,2018,364
TLL4,TLI4,2018,661
TLL4,TLI5,2018,300
TLL4,TLI6,2018,273
TLL4,TLI7,2018,478
TLL4,TLJ1,2018,1022
TLL4,TLJ2,2018,754
TLL4,TLJ3,2018,666
TLL4,TLJ4,2018,301
TLL4,TLK3,2018,258
TLL4,TLK4,2018,775
TLL4,TLK5,2018,1338
TLL4,TLK6,2018,850
TLL4,TLK7,2018,1179
TLL4,TLL3,2018,1017
TLL4,TLL5,2018,6937
TLL4,TLN0,2018,95
TLL5,S92000003,2018,728
TLL5,TLC3,2018,110
TLL5,TLC4,2018,386
TLL5,TLD1,2018,75
TLL5,TLD3,2018,828
TLL5,TLD4,2018,349
TLL5,TLD6,2018,308
TLL5,TLD7,2018,472
TLL5,TLE1,2018,143
TLL5,TLE2,2018,214
TLL5,TLE3,2018,355
TLL5,TLE4,2018,525
TLL5,TLF1,2018,626
TLL5,TLF2,2018,672
TLL5,TLF3,2018,188
TLL5,TLG1,2018,1409
TLL5,TLG2,2018,646
TLL5,TLG3,2018,1475
TLL5,TLH2,2018,473
TLL5,TLH3,2018,403
TLL5,TLH4,2018,384
TLL5,TLH5,2018,205
TLL5,TLH6,2018,153
TLL5,TLI3,2018,914
TLL5,TLI4,2018,1288
TLL5,TLI5,2018,429
TLL5,TLI6,2018,420
TLL5,TLI7,2018,1002
TLL5,TLJ1,2018,1684
TLL5,TLJ2,2018,1183
TLL5,TLJ3,2018,1238
TLL5,TLJ4,2018,391
TLL5,TLK3,2018,580
TLL5,TLK4,2018,1802
TLL5,TLK5,2018,3124
TLL5,TLK6,2018,1717
TLL5,TLK7,2018,2418
TLL5,TLL3,2018,766
TLL5,TLL4,2018,6671
TLL5,TLN0,2018,205
TLN0,S92000003,2018,2225
TLN0,TLC3,2018,46
TLN0,TLC4,2018,524
TLN0,TLD1,2018,81
TLN0,TLD3,2018,564
TLN0,TLD4,2018,266
TLN0,TLD6,2018,122
TLN0,TLD7,2018,984
TLN0,TLE1,2018,62
TLN0,TLE2,2018,93
TLN0,TLE3,2018,113
TLN0,TLE4,2018,286
TLN0,TLF1,2018,187
TLN0,TLF2,2018,182
TLN0,TLF3,2018,54
TLN0,TLG1,2018,108
TLN0,TLG2,2018,165
TLN0,TLG3,2018,299
TLN0,TLH2,2018,152
TLN0,TLH3,2018,136
TLN0,TLH4,2018,163
TLN0,TLH5,2018,55
TLN0,TLH6,2018,33
TLN0,TLI3,2018,300
TLN0,TLI4,2018,555
TLN0,TLI5,2018,139
TLN0,TLI6,2018,99
TLN0,TLI7,2018,265
TLN0,TLJ1,2018,257
TLN0,TLJ2,2018,339
TLN0,TLJ3,2018,201
TLN0,TLJ4,2018,177
TLN0,TLK3,2018,35
TLN0,TLK4,2018,120
TLN0,TLK5,2018,205
TLN0,TLK6,2018,138
TLN0,TLK7,2018,146
TLN0,TLL3,2018,73
TLN0,TLL4,2018,77
TLN0,TLL5,2018,171
S92000003,TLC3,2019,495
S92000003,TLC4,2019,2821
S92000003,TLD1,2019,995
S92000003,TLD3,2019,1719
S92000003,TLD4,2019,1172
S92000003,TLD6,2019,526
S92000003,TLD7,2019,865
S92000003,TLE1,2019,447
S92000003,TLE2,2019,985
S92000003,TLE3,2019,637
S92000003,TLE4,2019,1257
S92000003,TLF1,2019,1014
S92000003,TLF2,2019,659
S92000003,TLF3,2019,456
S92000003,TLG1,2019,623
S92000003,TLG2,2019,678
S92000003,TLG3,2019,1075
S92000003,TLH2,2019,723
S92000003,TLH3,2019,536
S92000003,TLH4,2019,632
S92000003,TLH5,2019,432
S92000003,TLH6,2019,281
S92000003,TLI3,2019,1892
S92000003,TLI4,2019,2818
S92000003,TLI5,2019,741
S92000003,TLI6,2019,623
S92000003,TLI7,2019,1194
S92000003,TLJ1,2019,1664
S92000003,TLJ2,2019,1487
S92000003,TLJ3,2019,954
S92000003,TLJ4,2019,687
S92000003,TLK3,2019,319
S92000003,TLK4,2019,726
S92000003,TLK5,2019,693
S92000003,TLK6,2019,731
S92000003,TLK7,2019,710
S92000003,TLL3,2019,290
S92000003,TLL4,2019,379
S92000003,TLL5,2019,550
S92000003,TLN0,2019,1920
TLC3,S92000003,2019,559
TLC3,TLC4,2019,7807
TLC3,TLD1,2019,287
TLC3,TLD3,2019,981
TLC3,TLD4,2019,414
TLC3,TLD6,2019,198
TLC3,TLD7,2019,360
TLC3,TLE1,2019,414
TLC3,TLE2,2019,2629
TLC3,TLE3,2019,659
TLC3,TLE4,2019,1688
TLC3,TLF1,2019,485
TLC3,TLF2,2019,327
TLC3,TLF3,2019,204
TLC3,TLG1,2019,147
TLC3,TLG2,2019,194
TLC3,TLG3,2019,470
TLC3,TLH2,2019,177
TLC3,TLH3,2019,146
TLC3,TLH4,2019,223
TLC3,TLH5,2019,125
TLC3,TLH6,2019,80
TLC3,TLI3,2019,269
TLC3,TLI4,2019,466
TLC3,TLI5,2019,290
TLC3,TLI6,2019,203
TLC3,TLI7,2019,434
TLC3,TLJ1,2019,328
TLC3,TLJ2,2019,239
TLC3,TLJ3,2019,225
TLC3,TLJ4,2019,161
TLC3,TLK3,2019,42
TLC3,TLK4,2019,150
TLC3,TLK5,2019,128
TLC3,TLK6,2019,129
TLC3,TLK7,2019,166
TLC3,TLL3,2019,62
TLC3,TLL4,2019,58
TLC3,TLL5,2019,94
TLC3,TLN0,2019,63
TLC4,S92000003,2019,2826
TLC4,TLC3,2019,6060
TLC4,TLD1,2019,1538
TLC4,TLD3,2019,2924
TLC4,TLD4,2019,1399
TLC4,TLD6,2019,720
TLC4,TLD7,2019,1140
TLC4,TLE1,2019,1060
TLC4,TLE2,2019,3434
TLC4,TLE3,2019,1625
TLC4,TLE4,2019,4660
TLC4,TLF1,2019,1686
TLC4,TLF2,2019,930
TLC4,TLF3,2019,733
TLC4,TLG1,2019,534
TLC4,TLG2,2019,579
TLC4,TLG3,2019,1264
TLC4,TLH2,2019,936
TLC4,TLH3,2019,584
TLC4,TLH4,2019,938
TLC4,TLH5,2019,473
TLC4,TLH6,2019,327
TLC4,TLI3,2019,1893
TLC4,TLI4,2019,2603
TLC4,TLI5,2019,712
TLC4,TLI6,2019,634
TLC4,TLI7,2019,1399
TLC4,TLJ1,2019,1549
TLC4,TLJ2,2019,1339
TLC4,TLJ3,2019,766
TLC4,TLJ4,2019,635
TLC4,TLK3,2019,207
TLC4,TLK4,2019,529
TLC4,TLK5,2019,687
TLC4,TLK6,2019,631
TLC4,TLK7,2019,594
TLC4,TLL3,2019,231
TLC4,TLL4,2019,184
TLC4,TLL5,2019,326
TLC4,TLN0,2019,438
TLD1,S92000003,2019,1093
TLD1,TLC3,2019,260
TLD1,TLC4,2019,1792
TLD1,TLD3,2019,1017
TLD1,TLD4,2019,2380
TLD1,TLD6,2019,391
TLD1,TLD7,2019,582
TLD1,TLE1,2019,133
TLD1,TLE2,2019,589
TLD1,TLE3,2019,268
TLD1,TLE4,2019,749
TLD1,TLF1,2019,305
TLD1,TLF2,2019,248
TLD1,TLF3,2019,137
TLD1,TLG1,2019,166
TLD1,TLG2,2019,281
TLD1,TLG3,2019,254
TLD1,TLH2,2019,145
TLD1,TLH3,2019,79
TLD1,TLH4,2019,106
TLD1,TLH5,2019,103
TLD1,TLH6,2019,69
TLD1,TLI3,2019,126
TLD1,TLI4,2019,203
TLD1,TLI5,2019,70
TLD1,TLI6,2019,77
TLD1,TLI7,2019,136
TLD1,TLJ1,2019,281
TLD1,TLJ2,2019,239
TLD1,TLJ3,2019,156
TLD1,TLJ4,2019,97
TLD1,TLK3,2019,85
TLD1,TLK4,2019,164
TLD1,TLK5,2019,119
TLD1,TLK6,2019,215
TLD1,TLK7,2019,143
TLD1,TLL3,2019,148
TLD1,TLL4,2019,84
TLD1,TLL5,2019,95
TLD1,TLN0,2019,79
TLD3,S92000003,2019,2041
TLD3,TLC3,2019,694
TLD3,TLC4,2019,2667
TLD3,TLD1,2019,1289
TLD3,TLD4,2019,14080
TLD3,TLD6,2019,10149
TLD3,TLD7,2019,7060
TLD3,TLE1,2019,1127
TLD3,TLE2,2019,1793
TLD3,TLE3,2019,2850
TLD3,TLE4,2019,8086
TLD3,TLF1,2019,4510
TLD3,TLF2,2019,1758
TLD3,TLF3,2019,745
TLD3,TLG1,2019,941
TLD3,TLG2,2019,2323
TLD3,TLG3,2019,3325
TLD3,TLH2,2019,1166
TLD3,TLH3,2019,676
TLD3,TLH4,2019,912
TLD3,TLH5,2019,513
TLD3,TLH6,2019,379
TLD3,TLI3,2019,2038
TLD3,TLI4,2019,3736
TLD3,TLI5,2019,1307
TLD3,TLI6,2019,948
TLD3,TLI7,2019,2382
TLD3,TLJ1,2019,1989
TLD3,TLJ2,2019,1663
TLD3,TLJ3,2019,974
TLD3,TLJ4,2019,672
TLD3,TLK3,2019,577
TLD3,TLK4,2019,923
TLD3,TLK5,2019,1062
TLD3,TLK6,2019,872
TLD3,TLK7,2019,901
TLD3,TLL3,2019,2241
TLD3,TLL4,2019,547
TLD3,TLL5,2019,715
TLD3,TLN0,2019,595
TLD4,S92000003,2019,1477
TLD4,TLC3,2019,384
TLD4,TLC4,2019,1668
TLD4,TLD1,2019,2073
TLD4,TLD3,2019,11133
TLD4,TLD6,2019,2003
TLD4,TLD7,2019,5236
TLD4,TLE1,2019,519
TLD4,TLE2,2019,1603
TLD4,TLE3,2019,1192
TLD4,TLE4,2019,3909
TLD4,TLF1,2019,1161
TLD4,TLF2,2019,843
TLD4,TLF3,2019,397
TLD4,TLG1,2019,514
TLD4,TLG2,2019,1055
TLD4,TLG3,2019,1360
TLD4,TLH2,2019,562
TLD4,TLH3,2019,383
TLD4,TLH4,2019,360
TLD4,TLH5,2019,297
TLD4,TLH6,2019,162
TLD4,TLI3,2019,600
TLD4,TLI4,2019,1166
TLD4,TLI5,2019,475
TLD4,TLI6,2019,305
TLD4,TLI7,2019,709
TLD4,TLJ1,2019,956
TLD4,TLJ2,2019,653
TLD4,TLJ3,2019,491
TLD4,TLJ4,2019,341
TLD4,TLK3,2019,349
TLD4,TLK4,2019,476
TLD4,TLK5,2019,390
TLD4,TLK6,2019,468
TLD4,TLK7,2019,546
TLD4,TLL3,2019,740
TLD4,TLL4,2019,288
TLD4,TLL5,2019,351
TLD4,TLN0,2019,257
TLD6,S92000003,2019,689
TLD6,TLC3,2019,141
TLD6,TLC4,2019,828
TLD6,TLD1,2019,403
TLD6,TLD3,2019,6593
TLD6,TLD4,2019,1789
TLD6,TLD7,2019,6083
TLD6,TLE1,2019,243
TLD6,TLE2,2019,637
TLD6,TLE3,2019,897
TLD6,TLE4,2019,1719
TLD6,TLF1,2019,1512
TLD6,TLF2,2019,681
TLD6,TLF3,2019,200
TLD6,TLG1,2019,434
TLD6,TLG2,2019,2880
TLD6,TLG3,2019,1024
TLD6,TLH2,2019,305
TLD6,TLH3,2019,211
TLD6,TLH4,2019,315
TLD6,TLH5,2019,159
TLD6,TLH6,2019,107
TLD6,TLI3,2019,458
TLD6,TLI4,2019,712
TLD6,TLI5,2019,198
TLD6,TLI6,2019,177
TLD6,TLI7,2019,361
TLD6,TLJ1,2019,802
TLD6,TLJ2,2019,592
TLD6,TLJ3,2019,370
TLD6,TLJ4,2019,224
TLD6,TLK3,2019,304
TLD6,TLK4,2019,400
TLD6,TLK5,2019,398
TLD6,TLK6,2019,348
TLD6,TLK7,2019,353
TLD6,TLL3,2019,2662
TLD6,TLL4,2019,277
TLD6,TLL5,2019,288
TLD6,TLN0,2019,160
TLD7,S92000003,2019,971
TLD7,TLC3,2019,294
TLD7,TLC4,2019,1254
TLD7,TLD1,2019,612
TLD7,TLD3,2019,7214
TLD7,TLD4,2019,5519
TLD7,TLD6,2019,6258
TLD7,TLE1,2019,468
TLD7,TLE2,2019,823
TLD7,TLE3,2019,1109
TLD7,TLE4,2019,2510
TLD7,TLF1,2019,1407
TLD7,TLF2,2019,790
TLD7,TLF3,2019,320
TLD7,TLG1,2019,615
TLD7,TLG2,2019,1364
TLD7,TLG3,2019,1698
TLD7,TLH2,2019,551
TLD7,TLH3,2019,409
TLD7,TLH4,2019,370
TLD7,TLH5,2019,276
TLD7,TLH6,2019,184
TLD7,TLI3,2019,839
TLD7,TLI4,2019,1558
TLD7,TLI5,2019,479
TLD7,TLI6,2019,434
TLD7,TLI7,2019,888
TLD7,TLJ1,2019,995
TLD7,TLJ2,2019,803
TLD7,TLJ3,2019,510
TLD7,TLJ4,2019,343
TLD7,TLK3,2019,223
TLD7,TLK4,2019,430
TLD7,TLK5,2019,504
TLD7,TLK6,2019,457
TLD7,TLK7,2019,482
TLD7,TLL3,2019,2236
TLD7,TLL4,2019,342
TLD7,TLL5,2019,424
TLD7,TLN0,2019,746
TLE1,S92000003,2019,567
TLE1,TLC3,2019,491
TLE1,TLC4,2019,1381
TLE1,TLD1,2019,210
TLE1,TLD3,2019,1489
TLE1,TLD4,2019,570
TLE1,TLD6,2019,364
TLE1,TLD7,2019,511
TLE1,TLE2,2019,3326
TLE1,TLE3,2019,2685
TLE1,TLE4,2019,3801
TLE1,TLF1,2019,1594
TLE1,TLF2,2019,703
TLE1,TLF3,2019,3195
TLE1,TLG1,2019,265
TLE1,TLG2,2019,446
TLE1,TLG3,2019,658
TLE1,TLH2,2019,329
TLE1,TLH3,2019,263
TLE1,TLH4,2019,322
TLE1,TLH5,2019,301
TLE1,TLH6,2019,172
TLE1,TLI3,2019,301
TLE1,TLI4,2019,653
TLE1,TLI5,2019,318
TLE1,TLI6,2019,227
TLE1,TLI7,2019,483
TLE1,TLJ1,2019,465
TLE1,TLJ2,2019,444
TLE1,TLJ3,2019,384
TLE1,TLJ4,2019,226
TLE1,TLK3,2019,165
TLE1,TLK4,2019,250
TLE1,TLK5,2019,163
TLE1,TLK6,2019,208
TLE1,TLK7,2019,243
TLE1,TLL3,2019,166
TLE1,TLL4,2019,124
TLE1,TLL5,2019,173
TLE1,TLN0,2019,99
TLE2,S92000003,2019,1304
TLE2,TLC3,2019,2769
TLE2,TLC4,2019,3718
TLE2,TLD1,2019,623
TLE2,TLD3,2019,1749
TLE2,TLD4,2019,1527
TLE2,TLD6,2019,617
TLE2,TLD7,2019,847
TLE2,TLE1,2019,3929
TLE2,TLE3,2019,2126
TLE2,TLE4,2019,7219
TLE2,TLF1,2019,1522
TLE2,TLF2,2019,813
TLE2,TLF3,2019,717
TLE2,TLG1,2019,520
TLE2,TLG2,2019,575
TLE2,TLG3,2019,739
TLE2,TLH2,2019,553
TLE2,TLH3,2019,367
TLE2,TLH4,2019,616
TLE2,TLH5,2019,415
TLE2,TLH6,2019,316
TLE2,TLI3,2019,822
TLE2,TLI4,2019,1185
TLE2,TLI5,2019,347
TLE2,TLI6,2019,280
TLE2,TLI7,2019,599
TLE2,TLJ1,2019,1106
TLE2,TLJ2,2019,855
TLE2,TLJ3,2019,586
TLE2,TLJ4,2019,403
TLE2,TLK3,2019,237
TLE2,TLK4,2019,362
TLE2,TLK5,2019,480
TLE2,TLK6,2019,371
TLE2,TLK7,2019,634
TLE2,TLL3,2019,210
TLE2,TLL4,2019,170
TLE2,TLL5,2019,197
TLE2,TLN0,2019,143
TLE3,S92000003,2019,929
TLE3,TLC3,2019,547
TLE3,TLC4,2019,1695
TLE3,TLD1,2019,244
TLE3,TLD3,2019,3583
TLE3,TLD4,2019,990
TLE3,TLD6,2019,941
TLE3,TLD7,2019,1226
TLE3,TLE1,2019,2905
TLE3,TLE2,2019,2150
TLE3,TLE4,2019,7458
TLE3,TLF1,2019,8791
TLE3,TLF2,2019,1755
TLE3,TLF3,2019,2625
TLE3,TLG1,2019,751
TLE3,TLG2,2019,933
TLE3,TLG3,2019,1862
TLE3,TLH2,2019,825
TLE3,TLH3,2019,522
TLE3,TLH4,2019,738
TLE3,TLH5,2019,537
TLE3,TLH6,2019,332
TLE3,TLI3,2019,783
TLE3,TLI4,2019,1610
TLE3,TLI5,2019,560
TLE3,TLI6,2019,401
TLE3,TLI7,2019,982
TLE3,TLJ1,2019,1176
TLE3,TLJ2,2019,840
TLE3,TLJ3,2019,499
TLE3,TLJ4,2019,407
TLE3,TLK3,2019,306
TLE3,TLK4,2019,426
TLE3,TLK5,2019,543
TLE3,TLK6,2019,381
TLE3,TLK7,2019,475
TLE3,TLL3,2019,272
TLE3,TLL4,2019,216
TLE3,TLL5,2019,370
TLE3,TLN0,2019,125
TLE4,S92000003,2019,1708
TLE4,TLC3,2019,1559
TLE4,TLC4,2019,5024
TLE4,TLD1,2019,857
TLE4,TLD3,2019,8356
TLE4,TLD4,2019,3989
TLE4,TLD6,2019,1577
TLE4,TLD7,2019,2724
TLE4,TLE1,2019,4264
TLE4,TLE2,2019,9472
TLE4,TLE3,2019,7699
TLE4,TLF1,2019,3876
TLE4,TLF2,2019,2124
TLE4,TLF3,2019,1523
TLE4,TLG1,2019,959
TLE4,TLG2,2019,1236
TLE4,TLG3,2019,3133
TLE4,TLH2,2019,1469
TLE4,TLH3,2019,762
TLE4,TLH4,2019,1250
TLE4,TLH5,2019,635
TLE4,TLH6,2019,467
TLE4,TLI3,2019,1751
TLE4,TLI4,2019,3410
TLE4,TLI5,2019,1150
TLE4,TLI6,2019,953
TLE4,TLI7,2019,2051
TLE4,TLJ1,2019,1899
TLE4,TLJ2,2019,1668
TLE4,TLJ3,2019,898
TLE4,TLJ4,2019,756
TLE4,TLK3,2019,420
TLE4,TLK4,2019,644
TLE4,TLK5,2019,811
TLE4,TLK6,2019,723
TLE4,TLK7,2019,711
TLE4,TLL3,2019,545
TLE4,TLL4,2019,345
TLE4,TLL5,2019,505
TLE4,TLN0,2019,315
TLF1,S92000003,2019,1302
TLF1,TLC3,2019,545
TLF1,TLC4,2019,2009
TLF1,TLD1,2019,384
TLF1,TLD3,2019,4198
TLF1,TLD4,2019,1205
TLF1,TLD6,2019,1403
TLF1,TLD7,2019,1399
TLF1,TLE1,2019,1731
TLF1,TLE2,2019,1837
TLF1,TLE3,2019,7811
TLF1,TLE4,2019,4149
TLF1,TLF2,2019,7899
TLF1,TLF3,2019,5398
TLF1,TLG1,2019,1884
TLF1,TLG2,2019,4817
TLF1,TLG3,2019,5155
TLF1,TLH2,2019,2450
TLF1,TLH3,2019,1212
TLF1,TLH4,2019,1545
TLF1,TLH5,2019,1318
TLF1,TLH6,2019,680
TLF1,TLI3,2019,1551
TLF1,TLI4,2019,3017
TLF1,TLI5,2019,1462
TLF1,TLI6,2019,1065
TLF1,TLI7,2019,2290
TLF1,TLJ1,2019,2755
TLF1,TLJ2,2019,2076
TLF1,TLJ3,2019,1199
TLF1,TLJ4,2019,1036
TLF1,TLK3,2019,721
TLF1,TLK4,2019,1126
TLF1,TLK5,2019,1114
TLF1,TLK6,2019,1065
TLF1,TLK7,2019,1110
TLF1,TLL3,2019,533
TLF1,TLL4,2019,521
TLF1,TLL5,2019,678
TLF1,TLN0,2019,267
TLF2,S92000003,2019,1287
TLF2,TLC3,2019,353
TLF2,TLC4,2019,1620
TLF2,TLD1,2019,287
TLF2,TLD3,2019,2087
TLF2,TLD4,2019,1093
TLF2,TLD6,2019,700
TLF2,TLD7,2019,1070
TLF2,TLE1,2019,831
TLF2,TLE2,2019,1159
TLF2,TLE3,2019,2016
TLF2,TLE4,2019,2350
TLF2,TLF1,2019,9047
TLF2,TLF3,2019,3789
TLF2,TLG1,2019,4302
TLF2,TLG2,2019,2241
TLF2,TLG3,2019,6335
TLF2,TLH2,2019,3489
TLF2,TLH3,2019,1468
TLF2,TLH4,2019,2553
TLF2,TLH5,2019,1741
TLF2,TLH6,2019,751
TLF2,TLI3,2019,1711
TLF2,TLI4,2019,3703
TLF2,TLI5,2019,1876
TLF2,TLI6,2019,1313
TLF2,TLI7,2019,2638
TLF2,TLJ1,2019,5585
TLF2,TLJ2,2019,2403
TLF2,TLJ3,2019,1619
TLF2,TLJ4,2019,1195
TLF2,TLK3,2019,712
TLF2,TLK4,2019,1396
TLF2,TLK5,2019,1150
TLF2,TLK6,2019,1437
TLF2,TLK7,2019,1302
TLF2,TLL3,2019,476
TLF2,TLL4,2019,656
TLF2,TLL5,2019,803
TLF2,TLN0,2019,222
TLF3,S92000003,2019,624
TLF3,TLC3,2019,178
TLF3,TLC4,2019,1010
TLF3,TLD1,2019,209
TLF3,TLD3,2019,850
TLF3,TLD4,2019,442
TLF3,TLD6,2019,284
TLF3,TLD7,2019,326
TLF3,TLE1,2019,3157
TLF3,TLE2,2019,883
TLF3,TLE3,2019,2458
TLF3,TLE4,2019,1670
TLF3,TLF1,2019,5697
TLF3,TLF2,2019,2963
TLF3,TLG1,2019,545
TLF3,TLG2,2019,686
TLF3,TLG3,2019,884
TLF3,TLH2,2019,796
TLF3,TLH3,2019,527
TLF3,TLH4,2019,2490
TLF3,TLH5,2019,1442
TLF3,TLH6,2019,464
TLF3,TLI3,2019,419
TLF3,TLI4,2019,672
TLF3,TLI5,2019,332
TLF3,TLI6,2019,194
TLF3,TLI7,2019,396
TLF3,TLJ1,2019,785
TLF3,TLJ2,2019,620
TLF3,TLJ3,2019,522
TLF3,TLJ4,2019,380
TLF3,TLK3,2019,228
TLF3,TLK4,2019,327
TLF3,TLK5,2019,225
TLF3,TLK6,2019,462
TLF3,TLK7,2019,403
TLF3,TLL3,2019,183
TLF3,TLL4,2019,151
TLF3,TLL5,2019,155
TLF3,TLN0,2019,90
TLG1,S92000003,2019,657
TLG1,TLC3,2019,158
TLG1,TLC4,2019,730
TLG1,TLD1,2019,168
TLG1,TLD3,2019,1064
TLG1,TLD4,2019,577
TLG1,TLD6,2019,457
TLG1,TLD7,2019,776
TLG1,TLE1,2019,322
TLG1,TLE2,2019,545
TLG1,TLE3,2019,689
TLG1,TLE4,2019,1026
TLG1,TLF1,2019,2265
TLG1,TLF2,2019,4293
TLG1,TLF3,2019,647
TLG1,TLG2,2019,3691
TLG1,TLG3,2019,10681
TLG1,TLH2,2019,744
TLG1,TLH3,2019,478
TLG1,TLH4,2019,553
TLG1,TLH5,2019,506
TLG1,TLH6,2019,261
TLG1,TLI3,2019,1082
TLG1,TLI4,2019,1438
TLG1,TLI5,2019,431
TLG1,TLI6,2019,394
TLG1,TLI7,2019,853
TLG1,TLJ1,2019,2415
TLG1,TLJ2,2019,1242
TLG1,TLJ3,2019,1116
TLG1,TLJ4,2019,459
TLG1,TLK3,2019,909
TLG1,TLK4,2019,1823
TLG1,TLK5,2019,1578
TLG1,TLK6,2019,1390
TLG1,TLK7,2019,3902
TLG1,TLL3,2019,410
TLG1,TLL4,2019,1529
TLG1,TLL5,2019,1564
TLG1,TLN0,2019,137
TLG2,S92000003,2019,810
TLG2,TLC3,2019,195
TLG2,TLC4,2019,826
TLG2,TLD1,2019,304
TLG2,TLD3,2019,2404
TLG2,TLD4,2019,1170
TLG2,TLD6,2019,3569
TLG2,TLD7,2019,1574
TLG2,TLE1,2019,397
TLG2,TLE2,2019,646
TLG2,TLE3,2019,1066
TLG2,TLE4,2019,1292
TLG2,TLF1,2019,5586
TLG2,TLF2,2019,2079
TLG2,TLF3,2019,593
TLG2,TLG1,2019,3479
TLG2,TLG3,2019,8564
TLG2,TLH2,2019,685
TLG2,TLH3,2019,396
TLG2,TLH4,2019,552
TLG2,TLH5,2019,400
TLG2,TLH6,2019,304
TLG2,TLI3,2019,579
TLG2,TLI4,2019,1045
TLG2,TLI5,2019,424
TLG2,TLI6,2019,276
TLG2,TLI7,2019,749
TLG2,TLJ1,2019,1326
TLG2,TLJ2,2019,889
TLG2,TLJ3,2019,808
TLG2,TLJ4,2019,435
TLG2,TLK3,2019,642
TLG2,TLK4,2019,1084
TLG2,TLK5,2019,752
TLG2,TLK6,2019,828
TLG2,TLK7,2019,953
TLG2,TLL3,2019,1391
TLG2,TLL4,2019,1575
TLG2,TLL5,2019,660
TLG2,TLN0,2019,195
TLG3,S92000003,2019,1317
TLG3,TLC3,2019,396
TLG3,TLC4,2019,1303
TLG3,TLD1,2019,317
TLG3,TLD3,2019,4029
TLG3,TLD4,2019,1626
TLG3,TLD6,2019,1131
TLG3,TLD7,2019,1863
TLG3,TLE1,2019,727
TLG3,TLE2,2019,781
TLG3,TLE3,2019,1869
TLG3,TLE4,2019,3124
TLG3,TLF1,2019,5968
TLG3,TLF2,2019,6633
TLG3,TLF3,2019,1004
TLG3,TLG1,2019,22114
TLG3,TLG2,2019,16608
TLG3,TLH2,2019,2649
TLG3,TLH3,2019,1287
TLG3,TLH4,2019,1392
TLG3,TLH5,2019,822
TLG3,TLH6,2019,507
TLG3,TLI3,2019,2274
TLG3,TLI4,2019,5043
TLG3,TLI5,2019,2744
TLG3,TLI6,2019,1646
TLG3,TLI7,2019,4227
TLG3,TLJ1,2019,4499
TLG3,TLJ2,2019,2442
TLG3,TLJ3,2019,1817
TLG3,TLJ4,2019,1102
TLG3,TLK3,2019,958
TLG3,TLK4,2019,2269
TLG3,TLK5,2019,1810
TLG3,TLK6,2019,1888
TLG3,TLK7,2019,2117
TLG3,TLL3,2019,1015
TLG3,TLL4,2019,1461
TLG3,TLL5,2019,1460
TLG3,TLN0,2019,323
TLH2,S92000003,2019,1171
TLH2,TLC3,2019,250
TLH2,TLC4,2019,1295
TLH2,TLD1,2019,261
TLH2,TLD3,2019,1539
TLH2,TLD4,2019,686
TLH2,TLD6,2019,634
TLH2,TLD7,2019,888
TLH2,TLE1,2019,496
TLH2,TLE2,2019,918
TLH2,TLE3,2019,1127
TLH2,TLE4,2019,1951
TLH2,TLF1,2019,3670
TLH2,TLF2,2019,5603
TLH2,TLF3,2019,1710
TLH2,TLG1,2019,1133
TLH2,TLG2,2019,1000
TLH2,TLG3,2019,3349
TLH2,TLH3,2019,5712
TLH2,TLH4,2019,4828
TLH2,TLH5,2019,2917
TLH2,TLH6,2019,1351
TLH2,TLI3,2019,2521
TLH2,TLI4,2019,5288
TLH2,TLI5,2019,3494
TLH2,TLI6,2019,1325
TLH2,TLI7,2019,6320
TLH2,TLJ1,2019,9282
TLH2,TLJ2,2019,3658
TLH2,TLJ3,2019,2566
TLH2,TLJ4,2019,1974
TLH2,TLK3,2019,882
TLH2,TLK4,2019,1776
TLH2,TLK5,2019,1429
TLH2,TLK6,2019,2294
TLH2,TLK7,2019,1244
TLH2,TLL3,2019,293
TLH2,TLL4,2019,546
TLH2,TLL5,2019,709
TLH2,TLN0,2019,287
TLH3,S92000003,2019,1062
TLH3,TLC3,2019,243
TLH3,TLC4,2019,1009
TLH3,TLD1,2019,258
TLH3,TLD3,2019,977
TLH3,TLD4,2019,466
TLH3,TLD6,2019,348
TLH3,TLD7,2019,532
TLH3,TLE1,2019,463
TLH3,TLE2,2019,692
TLH3,TLE3,2019,726
TLH3,TLE4,2019,1027
TLH3,TLF1,2019,2010
TLH3,TLF2,2019,1759
TLH3,TLF3,2019,1222
TLH3,TLG1,2019,579
TLH3,TLG2,2019,706
TLH3,TLG3,2019,1576
TLH3,TLH2,2019,4757
TLH3,TLH4,2019,2361
TLH3,TLH5,2019,3532
TLH3,TLH6,2019,6002
TLH3,TLI3,2019,1644
TLH3,TLI4,2019,4832
TLH3,TLI5,2019,7231
TLH3,TLI6,2019,1185
TLH3,TLI7,2019,1925
TLH3,TLJ1,2019,2152
TLH3,TLJ2,2019,3179
TLH3,TLJ3,2019,1958
TLH3,TLJ4,2019,3636
TLH3,TLK3,2019,732
TLH3,TLK4,2019,1333
TLH3,TLK5,2019,880
TLH3,TLK6,2019,1260
TLH3,TLK7,2019,869
TLH3,TLL3,2019,233
TLH3,TLL4,2019,421
TLH3,TLL5,2019,519
TLH3,TLN0,2019,225
TLH4,S92000003,2019,915
TLH4,TLC3,2019,227
TLH4,TLC4,2019,1068
TLH4,TLD1,2019,149
TLH4,TLD3,2019,1140
TLH4,TLD4,2019,407
TLH4,TLD6,2019,321
TLH4,TLD7,2019,425
TLH4,TLE1,2019,418
TLH4,TLE2,2019,769
TLH4,TLE3,2019,910
TLH4,TLE4,2019,1345
TLH4,TLF1,2019,1880
TLH4,TLF2,2019,2889
TLH4,TLF3,2019,4189
TLH4,TLG1,2019,598
TLH4,TLG2,2019,527
TLH4,TLG3,2019,1433
TLH4,TLH2,2019,3092
TLH4,TLH3,2019,1714
TLH4,TLH5,2019,3655
TLH4,TLH6,2019,3044
TLH4,TLI3,2019,1953
TLH4,TLI4,2019,3189
TLH4,TLI5,2019,982
TLH4,TLI6,2019,656
TLH4,TLI7,2019,1426
TLH4,TLJ1,2019,2131
TLH4,TLJ2,2019,1655
TLH4,TLJ3,2019,867
TLH4,TLJ4,2019,753
TLH4,TLK3,2019,317
TLH4,TLK4,2019,608
TLH4,TLK5,2019,818
TLH4,TLK6,2019,714
TLH4,TLK7,2019,584
TLH4,TLL3,2019,185
TLH4,TLL4,2019,216
TLH4,TLL5,2019,352
TLH4,TLN0,2019,191
TLH5,S92000003,2019,656
TLH5,TLC3,2019,150
TLH5,TLC4,2019,557
TLH5,TLD1,2019,167
TLH5,TLD3,2019,622
TLH5,TLD4,2019,362
TLH5,TLD6,2019,200
TLH5,TLD7,2019,270
TLH5,TLE1,2019,351
TLH5,TLE2,2019,561
TLH5,TLE3,2019,602
TLH5,TLE4,2019,776
TLH5,TLF1,2019,1292
TLH5,TLF2,2019,1430
TLH5,TLF3,2019,1945
TLH5,TLG1,2019,405
TLH5,TLG2,2019,445
TLH5,TLG3,2019,800
TLH5,TLH2,2019,1379
TLH5,TLH3,2019,1807
TLH5,TLH4,2019,3171
TLH5,TLH6,2019,5318
TLH5,TLI3,2019,721
TLH5,TLI4,2019,1633
TLH5,TLI5,2019,826
TLH5,TLI6,2019,468
TLH5,TLI7,2019,778
TLH5,TLJ1,2019,1086
TLH5,TLJ2,2019,1317
TLH5,TLJ3,2019,687
TLH5,TLJ4,2019,885
TLH5,TLK3,2019,255
TLH5,TLK4,2019,462
TLH5,TLK5,2019,479
TLH5,TLK6,2019,463
TLH5,TLK7,2019,430
TLH5,TLL3,2019,157
TLH5,TLL4,2019,198
TLH5,TLL5,2019,217
TLH5,TLN0,2019,96
TLH6,S92000003,2019,450
TLH6,TLC3,2019,100
TLH6,TLC4,2019,507
TLH6,TLD1,2019,112
TLH6,TLD3,2019,444
TLH6,TLD4,2019,240
TLH6,TLD6,2019,99
TLH6,TLD7,2019,254
TLH6,TLE1,2019,240
TLH6,TLE2,2019,446
TLH6,TLE3,2019,356
TLH6,TLE4,2019,537
TLH6,TLF1,2019,874
TLH6,TLF2,2019,777
TLH6,TLF3,2019,777
TLH6,TLG1,2019,227
TLH6,TLG2,2019,325
TLH6,TLG3,2019,575
TLH6,TLH2,2019,700
TLH6,TLH3,2019,3198
TLH6,TLH4,2019,2492
TLH6,TLH5,2019,5814
TLH6,TLI3,2019,594
TLH6,TLI4,2019,1172
TLH6,TLI5,2019,516
TLH6,TLI6,2019,281
TLH6,TLI7,2019,467
TLH6,TLJ1,2019,783
TLH6,TLJ2,2019,1049
TLH6,TLJ3,2019,600
TLH6,TLJ4,2019,613
TLH6,TLK3,2019,236
TLH6,TLK4,2019,427
TLH6,TLK5,2019,396
TLH6,TLK6,2019,382
TLH6,TLK7,2019,403
TLH6,TLL3,2019,92
TLH6,TLL4,2019,186
TLH6,TLL5,2019,189
TLH6,TLN0,2019,67
TLI3,S92000003,2019,1587
TLI3,TLC3,2019,208
TLI3,TLC4,2019,1003
TLI3,TLD1,2019,146
TLI3,TLD3,2019,1636
TLI3,TLD4,2019,427
TLI3,TLD6,2019,386
TLI3,TLD7,2019,591
TLI3,TLE1,2019,214
TLI3,TLE2,2019,582
TLI3,TLE3,2019,461
TLI3,TLE4,2019,1087
TLI3,TLF1,2019,976
TLI3,TLF2,2019,1255
TLI3,TLF3,2019,295
TLI3,TLG1,2019,672
TLI3,TLG2,2019,479
TLI3,TLG3,2019,1680
TLI3,TLH2,2019,3393
TLI3,TLH3,2019,1537
TLI3,TLH4,2019,1533
TLI3,TLH5,2019,627
TLI3,TLH6,2019,612
TLI3,TLI4,2019,29443
TLI3,TLI5,2019,5229
TLI3,TLI6,2019,11497
TLI3,TLI7,2019,21121
TLI3,TLJ1,2019,5513
TLI3,TLJ2,2019,7613
TLI3,TLJ3,2019,2250
TLI3,TLJ4,2019,2336
TLI3,TLK3,2019,390
TLI3,TLK4,2019,1175
TLI3,TLK5,2019,1928
TLI3,TLK6,2019,1492
TLI3,TLK7,2019,1617
TLI3,TLL3,2019,153
TLI3,TLL4,2019,257
TLI3,TLL5,2019,592
TLI3,TLN0,2019,264
TLI4,S92000003,2019,2508
TLI4,TLC3,2019,356
TLI4,TLC4,2019,1609
TLI4,TLD1,2019,239
TLI4,TLD3,2019,3791
TLI4,TLD4,2019,866
TLI4,TLD6,2019,704
TLI4,TLD7,2019,1443
TLI4,TLE1,2019,474
TLI4,TLE2,2019,952
TLI4,TLE3,2019,1323
TLI4,TLE4,2019,2609
TLI4,TLF1,2019,2332
TLI4,TLF2,2019,3401
TLI4,TLF3,2019,542
TLI4,TLG1,2019,1192
TLI4,TLG2,2019,1028
TLI4,TLG3,2019,4979
TLI4,TLH2,2019,7358
TLI4,TLH3,2019,9175
TLI4,TLH4,2019,2489
TLI4,TLH5,2019,1501
TLI4,TLH6,2019,1266
TLI4,TLI3,2019,25684
TLI4,TLI5,2019,45103
TLI4,TLI6,2019,21367
TLI4,TLI7,2019,18158
TLI4,TLJ1,2019,5969
TLI4,TLJ2,2019,9531
TLI4,TLJ3,2019,3195
TLI4,TLJ4,2019,9133
TLI4,TLK3,2019,711
TLI4,TLK4,2019,1660
TLI4,TLK5,2019,3227
TLI4,TLK6,2019,2307
TLI4,TLK7,2019,1907
TLI4,TLL3,2019,287
TLI4,TLL4,2019,607
TLI4,TLL5,2019,1128
TLI4,TLN0,2019,533
TLI5,S92000003,2019,1198
TLI5,TLC3,2019,288
TLI5,TLC4,2019,810
TLI5,TLD1,2019,171
TLI5,TLD3,2019,1991
TLI5,TLD4,2019,581
TLI5,TLD6,2019,329
TLI5,TLD7,2019,798
TLI5,TLE1,2019,427
TLI5,TLE2,2019,536
TLI5,TLE3,2019,801
TLI5,TLE4,2019,1697
TLI5,TLF1,2019,2032
TLI5,TLF2,2019,2772
TLI5,TLF3,2019,633
TLI5,TLG1,2019,596
TLI5,TLG2,2019,809
TLI5,TLG3,2019,3923
TLI5,TLH2,2019,8411
TLI5,TLH3,2019,21819
TLI5,TLH4,2019,1624
TLI5,TLH5,2019,1750
TLI5,TLH6,2019,1332
TLI5,TLI3,2019,4180
TLI5,TLI4,2019,26201
TLI5,TLI6,2019,5430
TLI5,TLI7,2019,8676
TLI5,TLJ1,2019,3026
TLI5,TLJ2,2019,4298
TLI5,TLJ3,2019,2058
TLI5,TLJ4,2019,13179
TLI5,TLK3,2019,424
TLI5,TLK4,2019,966
TLI5,TLK5,2019,1035
TLI5,TLK6,2019,1174
TLI5,TLK7,2019,792
TLI5,TLL3,2019,168
TLI5,TLL4,2019,453
TLI5,TLL5,2019,597
TLI5,TLN0,2019,290
TLI6,S92000003,2019,996
TLI6,TLC3,2019,135
TLI6,TLC4,2019,829
TLI6,TLD1,2019,103
TLI6,TLD3,2019,1225
TLI6,TLD4,2019,400
TLI6,TLD6,2019,289
TLI6,TLD7,2019,582
TLI6,TLE1,2019,227
TLI6,TLE2,2019,441
TLI6,TLE3,2019,532
TLI6,TLE4,2019,997
TLI6,TLF1,2019,1330
TLI6,TLF2,2019,1635
TLI6,TLF3,2019,375
TLI6,TLG1,2019,557
TLI6,TLG2,2019,578
TLI6,TLG3,2019,2109
TLI6,TLH2,2019,1639
TLI6,TLH3,2019,1551
TLI6,TLH4,2019,937
TLI6,TLH5,2019,773
TLI6,TLH6,2019,455
TLI6,TLI3,2019,6684
TLI6,TLI4,2019,11927
TLI6,TLI5,2019,4683
TLI6,TLI7,2019,4962
TLI6,TLJ1,2019,2686
TLI6,TLJ2,2019,18430
TLI6,TLJ3,2019,3224
TLI6,TLJ4,2019,7832
TLI6,TLK3,2019,469
TLI6,TLK4,2019,1257
TLI6,TLK5,2019,1280
TLI6,TLK6,2019,1615
TLI6,TLK7,2019,976
TLI6,TLL3,2019,149
TLI6,TLL4,2019,346
TLI6,TLL5,2019,579
TLI6,TLN0,2019,213
TLI7,S92000003,2019,1611
TLI7,TLC3,2019,261
TLI7,TLC4,2019,1305
TLI7,TLD1,2019,168
TLI7,TLD3,2019,2627
TLI7,TLD4,2019,711
TLI7,TLD6,2019,478
TLI7,TLD7,2019,1005
TLI7,TLE1,2019,393
TLI7,TLE2,2019,674
TLI7,TLE3,2019,1000
TLI7,TLE4,2019,1944
TLI7,TLF1,2019,2745
TLI7,TLF2,2019,3843
TLI7,TLF3,2019,616
TLI7,TLG1,2019,1097
TLI7,TLG2,2019,863
TLI7,TLG3,2019,5554
TLI7,TLH2,2019,15492
TLI7,TLH3,2019,2796
TLI7,TLH4,2019,1933
TLI7,TLH5,2019,1105
TLI7,TLH6,2019,776
TLI7,TLI3,2019,15094
TLI7,TLI4,2019,14874
TLI7,TLI5,2019,7888
TLI7,TLI6,2019,6834
TLI7,TLJ1,2019,15916
TLI7,TLJ2,2019,12507
TLI7,TLJ3,2019,4095
TLI7,TLJ4,2019,2922
TLI7,TLK3,2019,600
TLI7,TLK4,2019,1511
TLI7,TLK5,2019,2179
TLI7,TLK6,2019,2597
TLI7,TLK7,2019,1778
TLI7,TLL3,2019,204
TLI7,TLL4,2019,575
TLI7,TLL5,2019,1089
TLI7,TLN0,2019,411
TLJ1,S92000003,2019,2337
TLJ1,TLC3,2019,401
TLJ1,TLC4,2019,1838
TLJ1,TLD1,2019,381
TLJ1,TLD3,2019,2337
TLJ1,TLD4,2019,1083
TLJ1,TLD6,2019,870
TLJ1,TLD7,2019,1147
TLJ1,TLE1,2019,590
TLJ1,TLE2,2019,1290
TLJ1,TLE3,2019,1252
TLJ1,TLE4,2019,2167
TLJ1,TLF1,2019,3348
TLJ1,TLF2,2019,7920
TLJ1,TLF3,2019,1295
TLJ1,TLG1,2019,3110
TLJ1,TLG2,2019,1701
TLJ1,TLG3,2019,5133
TLJ1,TLH2,2019,6564
TLJ1,TLH3,2019,1892
TLJ1,TLH4,2019,2293
TLJ1,TLH5,2019,1532
TLJ1,TLH6,2019,915
TLJ1,TLI3,2019,5904
TLJ1,TLI4,2019,6990
TLJ1,TLI5,2019,2038
TLJ1,TLI6,2019,1962
TLJ1,TLI7,2019,6747
TLJ1,TLJ2,2019,8550
TLJ1,TLJ3,2019,9089
TLJ1,TLJ4,2019,2215
TLJ1,TLK3,2019,1622
TLJ1,TLK4,2019,4060
TLJ1,TLK5,2019,3970
TLJ1,TLK6,2019,4919
TLJ1,TLK7,2019,6710
TLJ1,TLL3,2019,491
TLJ1,TLL4,2019,1445
TLJ1,TLL5,2019,2102
TLJ1,TLN0,2019,467
TLJ2,S92000003,2019,2279
TLJ2,TLC3,2019,335
TLJ2,TLC4,2019,1934
TLJ2,TLD1,2019,348
TLJ2,TLD3,2019,2136
TLJ2,TLD4,2019,861
TLJ2,TLD6,2019,756
TLJ2,TLD7,2019,1118
TLJ2,TLE1,2019,511
TLJ2,TLE2,2019,1158
TLJ2,TLE3,2019,1050
TLJ2,TLE4,2019,2126
TLJ2,TLF1,2019,2732
TLJ2,TLF2,2019,2707
TLJ2,TLF3,2019,975
TLJ2,TLG1,2019,1489
TLJ2,TLG2,2019,1274
TLJ2,TLG3,2019,2823
TLJ2,TLH2,2019,2789
TLJ2,TLH3,2019,2575
TLJ2,TLH4,2019,1857
TLJ2,TLH5,2019,1923
TLJ2,TLH6,2019,1194
TLJ2,TLI3,2019,5905
TLJ2,TLI4,2019,8341
TLJ2,TLI5,2019,2842
TLJ2,TLI6,2019,8684
TLJ2,TLI7,2019,5870
TLJ2,TLJ1,2019,9011
TLJ2,TLJ3,2019,15646
TLJ2,TLJ4,2019,7834
TLJ2,TLK3,2019,1672
TLJ2,TLK4,2019,4274
TLJ2,TLK5,2019,3837
TLJ2,TLK6,2019,5636
TLJ2,TLK7,2019,2967
TLJ2,TLL3,2019,389
TLJ2,TLL4,2019,1264
TLJ2,TLL5,2019,1571
TLJ2,TLN0,2019,446
TLJ3,S92000003,2019,1536
TLJ3,TLC3,2019,312
TLJ3,TLC4,2019,1050
TLJ3,TLD1,2019,278
TLJ3,TLD3,2019,1124
TLJ3,TLD4,2019,646
TLJ3,TLD6,2019,463
TLJ3,TLD7,2019,609
TLJ3,TLE1,2019,424
TLJ3,TLE2,2019,696
TLJ3,TLE3,2019,665
TLJ3,TLE4,2019,1054
TLJ3,TLF1,2019,1405
TLJ3,TLF2,2019,1679
TLJ3,TLF3,2019,606
TLJ3,TLG1,2019,1238
TLJ3,TLG2,2019,999
TLJ3,TLG3,2019,1878
TLJ3,TLH2,2019,1984
TLJ3,TLH3,2019,1634
TLJ3,TLH4,2019,958
TLJ3,TLH5,2019,794
TLJ3,TLH6,2019,630
TLJ3,TLI3,2019,2273
TLJ3,TLI4,2019,3595
TLJ3,TLI5,2019,1606
TLJ3,TLI6,2019,2383
TLJ3,TLI7,2019,2781
TLJ3,TLJ1,2019,8060
TLJ3,TLJ2,2019,12583
TLJ3,TLJ4,2019,2252
TLJ3,TLK3,2019,1440
TLJ3,TLK4,2019,3360
TLJ3,TLK5,2019,2891
TLJ3,TLK6,2019,8039
TLJ3,TLK7,2019,4930
TLJ3,TLL3,2019,248
TLJ3,TLL4,2019,1058
TLJ3,TLL5,2019,1547
TLJ3,TLN0,2019,293
TLJ4,S92000003,2019,1197
TLJ4,TLC3,2019,267
TLJ4,TLC4,2019,1036
TLJ4,TLD1,2019,170
TLJ4,TLD3,2019,887
TLJ4,TLD4,2019,521
TLJ4,TLD6,2019,365
TLJ4,TLD7,2019,522
TLJ4,TLE1,2019,426
TLJ4,TLE2,2019,599
TLJ4,TLE3,2019,679
TLJ4,TLE4,2019,1075
TLJ4,TLF1,2019,1746
TLJ4,TLF2,2019,1527
TLJ4,TLF3,2019,902
TLJ4,TLG1,2019,640
TLJ4,TLG2,2019,631
TLJ4,TLG3,2019,1510
TLJ4,TLH2,2019,1539
TLJ4,TLH3,2019,2932
TLJ4,TLH4,2019,1087
TLJ4,TLH5,2019,1452
TLJ4,TLH6,2019,910
TLJ4,TLI3,2019,2182
TLJ4,TLI4,2019,4999
TLJ4,TLI5,2019,4962
TLJ4,TLI6,2019,3205
TLJ4,TLI7,2019,2062
TLJ4,TLJ1,2019,2456
TLJ4,TLJ2,2019,8405
TLJ4,TLJ3,2019,2802
TLJ4,TLK3,2019,896
TLJ4,TLK4,2019,1664
TLJ4,TLK5,2019,1199
TLJ4,TLK6,2019,1531
TLJ4,TLK7,2019,1139
TLJ4,TLL3,2019,223
TLJ4,TLL4,2019,574
TLJ4,TLL5,2019,642
TLJ4,TLN0,2019,254
TLK3,S92000003,2019,488
TLK3,TLC3,2019,56
TLK3,TLC4,2019,237
TLK3,TLD1,2019,111
TLK3,TLD3,2019,377
TLK3,TLD4,2019,219
TLK3,TLD6,2019,183
TLK3,TLD7,2019,210
TLK3,TLE1,2019,123
TLK3,TLE2,2019,190
TLK3,TLE3,2019,169
TLK3,TLE4,2019,276
TLK3,TLF1,2019,449
TLK3,TLF2,2019,442
TLK3,TLF3,2019,181
TLK3,TLG1,2019,561
TLK3,TLG2,2019,484
TLK3,TLG3,2019,474
TLK3,TLH2,2019,332
TLK3,TLH3,2019,310
TLK3,TLH4,2019,208
TLK3,TLH5,2019,243
TLK3,TLH6,2019,128
TLK3,TLI3,2019,389
TLK3,TLI4,2019,688
TLK3,TLI5,2019,200
TLK3,TLI6,2019,278
TLK3,TLI7,2019,384
TLK3,TLJ1,2019,849
TLK3,TLJ2,2019,1112
TLK3,TLJ3,2019,893
TLK3,TLJ4,2019,385
TLK3,TLK4,2019,5158
TLK3,TLK5,2019,1484
TLK3,TLK6,2019,1440
TLK3,TLK7,2019,941
TLK3,TLL3,2019,95
TLK3,TLL4,2019,287
TLK3,TLL5,2019,625
TLK3,TLN0,2019,74
TLK4,S92000003,2019,842
TLK4,TLC3,2019,136
TLK4,TLC4,2019,562
TLK4,TLD1,2019,179
TLK4,TLD3,2019,884
TLK4,TLD4,2019,487
TLK4,TLD6,2019,427
TLK4,TLD7,2019,463
TLK4,TLE1,2019,195
TLK4,TLE2,2019,435
TLK4,TLE3,2019,390
TLK4,TLE4,2019,689
TLK4,TLF1,2019,945
TLK4,TLF2,2019,968
TLK4,TLF3,2019,286
TLK4,TLG1,2019,1331
TLK4,TLG2,2019,861
TLK4,TLG3,2019,1539
TLK4,TLH2,2019,978
TLK4,TLH3,2019,814
TLK4,TLH4,2019,534
TLK4,TLH5,2019,452
TLK4,TLH6,2019,304
TLK4,TLI3,2019,1430
TLK4,TLI4,2019,2067
TLK4,TLI5,2019,628
TLK4,TLI6,2019,728
TLK4,TLI7,2019,1098
TLK4,TLJ1,2019,2727
TLK4,TLJ2,2019,2761
TLK4,TLJ3,2019,2494
TLK4,TLJ4,2019,975
TLK4,TLK3,2019,4902
TLK4,TLK5,2019,4444
TLK4,TLK6,2019,5820
TLK4,TLK7,2019,2635
TLK4,TLL3,2019,219
TLK4,TLL4,2019,723
TLK4,TLL5,2019,1796
TLK4,TLN0,2019,161
TLK5,S92000003,2019,804
TLK5,TLC3,2019,81
TLK5,TLC4,2019,565
TLK5,TLD1,2019,102
TLK5,TLD3,2019,1052
TLK5,TLD4,2019,338
TLK5,TLD6,2019,370
TLK5,TLD7,2019,466
TLK5,TLE1,2019,177
TLK5,TLE2,2019,386
TLK5,TLE3,2019,458
TLK5,TLE4,2019,767
TLK5,TLF1,2019,968
TLK5,TLF2,2019,916
TLK5,TLF3,2019,200
TLK5,TLG1,2019,1337
TLK5,TLG2,2019,604
TLK5,TLG3,2019,1626
TLK5,TLH2,2019,998
TLK5,TLH3,2019,636
TLK5,TLH4,2019,698
TLK5,TLH5,2019,322
TLK5,TLH6,2019,347
TLK5,TLI3,2019,2277
TLK5,TLI4,2019,3287
TLK5,TLI5,2019,774
TLK5,TLI6,2019,895
TLK5,TLI7,2019,1684
TLK5,TLJ1,2019,3015
TLK5,TLJ2,2019,2731
TLK5,TLJ3,2019,2088
TLK5,TLJ4,2019,798
TLK5,TLK3,2019,1317
TLK5,TLK4,2019,3792
TLK5,TLK6,2019,8902
TLK5,TLK7,2019,7342
TLK5,TLL3,2019,192
TLK5,TLL4,2019,1141
TLK5,TLL5,2019,4170
TLK5,TLN0,2019,193
TLK6,S92000003,2019,921
TLK6,TLC3,2019,129
TLK6,TLC4,2019,743
TLK6,TLD1,2019,224
TLK6,TLD3,2019,959
TLK6,TLD4,2019,534
TLK6,TLD6,2019,358
TLK6,TLD7,2019,497
TLK6,TLE1,2019,222
TLK6,TLE2,2019,494
TLK6,TLE3,2019,384
TLK6,TLE4,2019,737
TLK6,TLF1,2019,968
TLK6,TLF2,2019,1160
TLK6,TLF3,2019,411
TLK6,TLG1,2019,1225
TLK6,TLG2,2019,807
TLK6,TLG3,2019,1500
TLK6,TLH2,2019,1334
TLK6,TLH3,2019,878
TLK6,TLH4,2019,581
TLK6,TLH5,2019,502
TLK6,TLH6,2019,333
TLK6,TLI3,2019,1764
TLK6,TLI4,2019,2558
TLK6,TLI5,2019,766
TLK6,TLI6,2019,1151
TLK6,TLI7,2019,1597
TLK6,TLJ1,2019,3573
TLK6,TLJ2,2019,4268
TLK6,TLJ3,2019,7166
TLK6,TLJ4,2019,1238
TLK6,TLK3,2019,1606
TLK6,TLK4,2019,6478
TLK6,TLK5,2019,6612
TLK6,TLK7,2019,4944
TLK6,TLL3,2019,236
TLK6,TLL4,2019,1020
TLK6,TLL5,2019,2185
TLK6,TLN0,2019,169
TLK7,S92000003,2019,1078
TLK7,TLC3,2019,182
TLK7,TLC4,2019,763
TLK7,TLD1,2019,191
TLK7,TLD3,2019,917
TLK7,TLD4,2019,482
TLK7,TLD6,2019,387
TLK7,TLD7,2019,543
TLK7,TLE1,2019,247
TLK7,TLE2,2019,588
TLK7,TLE3,2019,497
TLK7,TLE4,2019,837
TLK7,TLF1,2019,1142
TLK7,TLF2,2019,1210
TLK7,TLF3,2019,404
TLK7,TLG1,2019,3898
TLK7,TLG2,2019,1015
TLK7,TLG3,2019,1933
TLK7,TLH2,2019,734
TLK7,TLH3,2019,512
TLK7,TLH4,2019,512
TLK7,TLH5,2019,445
TLK7,TLH6,2019,293
TLK7,TLI3,2019,1490
TLK7,TLI4,2019,1871
TLK7,TLI5,2019,465
TLK7,TLI6,2019,461
TLK7,TLI7,2019,1109
TLK7,TLJ1,2019,4679
TLK7,TLJ2,2019,2138
TLK7,TLJ3,2019,4012
TLK7,TLJ4,2019,707
TLK7,TLK3,2019,1360
TLK7,TLK4,2019,3385
TLK7,TLK5,2019,5613
TLK7,TLK6,2019,4902
TLK7,TLL3,2019,286
TLK7,TLL4,2019,1479
TLK7,TLL5,2019,2810
TLK7,TLN0,2019,168
TLL3,S92000003,2019,378
TLL3,TLC3,2019,71
TLL3,TLC4,2019,294
TLL3,TLD1,2019,139
TLL3,TLD3,2019,1697
TLL3,TLD4,2019,785
TLL3,TLD6,2019,2724
TLL3,TLD7,2019,2208
TLL3,TLE1,2019,108
TLL3,TLE2,2019,268
TLL3,TLE3,2019,223
TLL3,TLE4,2019,545
TLL3,TLF1,2019,488
TLL3,TLF2,2019,364
TLL3,TLF3,2019,146
TLL3,TLG1,2019,315
TLL3,TLG2,2019,1358
TLL3,TLG3,2019,666
TLL3,TLH2,2019,222
TLL3,TLH3,2019,128
TLL3,TLH4,2019,150
TLL3,TLH5,2019,120
TLL3,TLH6,2019,68
TLL3,TLI3,2019,160
TLL3,TLI4,2019,355
TLL3,TLI5,2019,130
TLL3,TLI6,2019,105
TLL3,TLI7,2019,167
TLL3,TLJ1,2019,327
TLL3,TLJ2,2019,296
TLL3,TLJ3,2019,229
TLL3,TLJ4,2019,118
TLL3,TLK3,2019,154
TLL3,TLK4,2019,251
TLL3,TLK5,2019,227
TLL3,TLK6,2019,268
TLL3,TLK7,2019,263
TLL3,TLL4,2019,872
TLL3,TLL5,2019,975
TLL3,TLN0,2019,107
TLL4,S92000003,2019,477
TLL4,TLC3,2019,65
TLL4,TLC4,2019,317
TLL4,TLD1,2019,104
TLL4,TLD3,2019,619
TLL4,TLD4,2019,283
TLL4,TLD6,2019,323
TLL4,TLD7,2019,425
TLL4,TLE1,2019,104
TLL4,TLE2,2019,193
TLL4,TLE3,2019,195
TLL4,TLE4,2019,435
TLL4,TLF1,2019,438
TLL4,TLF2,2019,481
TLL4,TLF3,2019,149
TLL4,TLG1,2019,1164
TLL4,TLG2,2019,1641
TLL4,TLG3,2019,1061
TLL4,TLH2,2019,376
TLL4,TLH3,2019,288
TLL4,TLH4,2019,254
TLL4,TLH5,2019,213
TLL4,TLH6,2019,154
TLL4,TLI3,2019,401
TLL4,TLI4,2019,639
TLL4,TLI5,2019,222
TLL4,TLI6,2019,268
TLL4,TLI7,2019,508
TLL4,TLJ1,2019,1038
TLL4,TLJ2,2019,808
TLL4,TLJ3,2019,771
TLL4,TLJ4,2019,254
TLL4,TLK3,2019,340
TLL4,TLK4,2019,749
TLL4,TLK5,2019,1347
TLL4,TLK6,2019,810
TLL4,TLK7,2019,1203
TLL4,TLL3,2019,854
TLL4,TLL5,2019,6796
TLL4,TLN0,2019,89
TLL5,S92000003,2019,731
TLL5,TLC3,2019,129
TLL5,TLC4,2019,371
TLL5,TLD1,2019,62
TLL5,TLD3,2019,809
TLL5,TLD4,2019,251
TLL5,TLD6,2019,276
TLL5,TLD7,2019,433
TLL5,TLE1,2019,161
TLL5,TLE2,2019,208
TLL5,TLE3,2019,309
TLL5,TLE4,2019,509
TLL5,TLF1,2019,653
TLL5,TLF2,2019,655
TLL5,TLF3,2019,172
TLL5,TLG1,2019,1306
TLL5,TLG2,2019,590
TLL5,TLG3,2019,1422
TLL5,TLH2,2019,513
TLL5,TLH3,2019,371
TLL5,TLH4,2019,338
TLL5,TLH5,2019,230
TLL5,TLH6,2019,182
TLL5,TLI3,2019,900
TLL5,TLI4,2019,1430
TLL5,TLI5,2019,557
TLL5,TLI6,2019,432
TLL5,TLI7,2019,1085
TLL5,TLJ1,2019,1639
TLL5,TLJ2,2019,1196
TLL5,TLJ3,2019,1286
TLL5,TLJ4,2019,412
TLL5,TLK3,2019,604
TLL5,TLK4,2019,1830
TLL5,TLK5,2019,3164
TLL5,TLK6,2019,1759
TLL5,TLK7,2019,2535
TLL5,TLL3,2019,714
TLL5,TLL4,2019,6603
TLL5,TLN0,2019,203
TLN0,S92000003,2019,2071
TLN0,TLC3,2019,81
TLN0,TLC4,2019,555
TLN0,TLD1,2019,45
TLN0,TLD3,2019,570
TLN0,TLD4,2019,283
TLN0,TLD6,2019,138
TLN0,TLD7,2019,1071
TLN0,TLE1,2019,76
TLN0,TLE2,2019,123
TLN0,TLE3,2019,107
TLN0,TLE4,2019,294
TLN0,TLF1,2019,232
TLN0,TLF2,2019,160
TLN0,TLF3,2019,50
TLN0,TLG1,2019,114
TLN0,TLG2,2019,185
TLN0,TLG3,2019,279
TLN0,TLH2,2019,159
TLN0,TLH3,2019,141
TLN0,TLH4,2019,124
TLN0,TLH5,2019,63
TLN0,TLH6,2019,40
TLN0,TLI3,2019,295
TLN0,TLI4,2019,542
TLN0,TLI5,2019,172
TLN0,TLI6,2019,112
TLN0,TLI7,2019,266
TLN0,TLJ1,2019,301
TLN0,TLJ2,2019,307
TLN0,TLJ3,2019,198
TLN0,TLJ4,2019,181
TLN0,TLK3,2019,40
TLN0,TLK4,2019,115
TLN0,TLK5,2019,197
TLN0,TLK6,2019,112
TLN0,TLK7,2019,129
TLN0,TLL3,2019,77
TLN0,TLL4,2019,84
TLN0,TLL5,2019,201
S92000003,TLC3,2020,399
S92000003,TLC4,2020,2445
S92000003,TLD1,2020,762
S92000003,TLD3,2020,1497
S92000003,TLD4,2020,1044
S92000003,TLD6,2020,497
S92000003,TLD7,2020,728
S92000003,TLE1,2020,421
S92000003,TLE2,2020,799
S92000003,TLE3,2020,526
S92000003,TLE4,2020,1078
S92000003,TLF1,2020,901
S92000003,TLF2,2020,591
S92000003,TLF3,2020,404
S92000003,TLG1,2020,505
S92000003,TLG2,2020,567
S92000003,TLG3,2020,861
S92000003,TLH2,2020,725
S92000003,TLH3,2020,464
S92000003,TLH4,2020,600
S92000003,TLH5,2020,380
S92000003,TLH6,2020,248
S92000003,TLI3,2020,1699
S92000003,TLI4,2020,2579
S92000003,TLI5,2020,609
S92000003,TLI6,2020,626
S92000003,TLI7,2020,1037
S92000003,TLJ1,2020,1443
S92000003,TLJ2,2020,1359
S92000003,TLJ3,2020,981
S92000003,TLJ4,2020,589
S92000003,TLK3,2020,305
S92000003,TLK4,2020,587
S92000003,TLK5,2020,581
S92000003,TLK6,2020,629
S92000003,TLK7,2020,636
S92000003,TLL3,2020,225
S92000003,TLL4,2020,313
S92000003,TLL5,2020,424
S92000003,TLN0,2020,1786
TLC3,S92000003,2020,401
TLC3,TLC4,2020,6984
TLC3,TLD1,2020,247
TLC3,TLD3,2020,798
TLC3,TLD4,2020,346
TLC3,TLD6,2020,135
TLC3,TLD7,2020,342
TLC3,TLE1,2020,341
TLC3,TLE2,2020,2290
TLC3,TLE3,2020,519
TLC3,TLE4,2020,1408
TLC3,TLF1,2020,409
TLC3,TLF2,2020,252
TLC3,TLF3,2020,176
TLC3,TLG1,2020,128
TLC3,TLG2,2020,162
TLC3,TLG3,2020,406
TLC3,TLH2,2020,137
TLC3,TLH3,2020,143
TLC3,TLH4,2020,159
TLC3,TLH5,2020,80
TLC3,TLH6,2020,76
TLC3,TLI3,2020,173
TLC3,TLI4,2020,453
TLC3,TLI5,2020,220
TLC3,TLI6,2020,104
TLC3,TLI7,2020,339
TLC3,TLJ1,2020,333
TLC3,TLJ2,2020,209
TLC3,TLJ3,2020,178
TLC3,TLJ4,2020,149
TLC3,TLK3,2020,75
TLC3,TLK4,2020,102
TLC3,TLK5,2020,90
TLC3,TLK6,2020,96
TLC3,TLK7,2020,127
TLC3,TLL3,2020,97
TLC3,TLL4,2020,103
TLC3,TLL5,2020,170
TLC3,TLN0,2020,67
TLC4,S92000003,2020,2381
TLC4,TLC3,2020,5703
TLC4,TLD1,2020,1356
TLC4,TLD3,2020,2648
TLC4,TLD4,2020,1375
TLC4,TLD6,2020,674
TLC4,TLD7,2020,1118
TLC4,TLE1,2020,1078
TLC4,TLE2,2020,2844
TLC4,TLE3,2020,1325
TLC4,TLE4,2020,4277
TLC4,TLF1,2020,1541
TLC4,TLF2,2020,960
TLC4,TLF3,2020,656
TLC4,TLG1,2020,540
TLC4,TLG2,2020,629
TLC4,TLG3,2020,1096
TLC4,TLH2,2020,878
TLC4,TLH3,2020,527
TLC4,TLH4,2020,882
TLC4,TLH5,2020,457
TLC4,TLH6,2020,301
TLC4,TLI3,2020,1645
TLC4,TLI4,2020,2347
TLC4,TLI5,2020,578
TLC4,TLI6,2020,624
TLC4,TLI7,2020,1429
TLC4,TLJ1,2020,1526
TLC4,TLJ2,2020,1365
TLC4,TLJ3,2020,618
TLC4,TLJ4,2020,596
TLC4,TLK3,2020,199
TLC4,TLK4,2020,461
TLC4,TLK5,2020,661
TLC4,TLK6,2020,424
TLC4,TLK7,2020,592
TLC4,TLL3,2020,302
TLC4,TLL4,2020,307
TLC4,TLL5,2020,445
TLC4,TLN0,2020,403
TLD1,S92000003,2020,884
TLD1,TLC3,2020,247
TLD1,TLC4,2020,1657
TLD1,TLD3,2020,963
TLD1,TLD4,2020,2083
TLD1,TLD6,2020,255
TLD1,TLD7,2020,449
TLD1,TLE1,2020,142
TLD1,TLE2,2020,531
TLD1,TLE3,2020,213
TLD1,TLE4,2020,682
TLD1,TLF1,2020,233
TLD1,TLF2,2020,200
TLD1,TLF3,2020,112
TLD1,TLG1,2020,142
TLD1,TLG2,2020,166
TLD1,TLG3,2020,166
TLD1,TLH2,2020,109
TLD1,TLH3,2020,94
TLD1,TLH4,2020,101
TLD1,TLH5,2020,89
TLD1,TLH6,2020,58
TLD1,TLI3,2020,118
TLD1,TLI4,2020,174
TLD1,TLI5,2020,59
TLD1,TLI6,2020,40
TLD1,TLI7,2020,86
TLD1,TLJ1,2020,234
TLD1,TLJ2,2020,186
TLD1,TLJ3,2020,146
TLD1,TLJ4,2020,81
TLD1,TLK3,2020,56
TLD1,TLK4,2020,145
TLD1,TLK5,2020,95
TLD1,TLK6,2020,165
TLD1,TLK7,2020,140
TLD1,TLL3,2020,161
TLD1,TLL4,2020,87
TLD1,TLL5,2020,100
TLD1,TLN0,2020,76
TLD3,S92000003,2020,1797
TLD3,TLC3,2020,592
TLD3,TLC4,2020,2552
TLD3,TLD1,2020,1184
TLD3,TLD4,2020,13501
TLD3,TLD6,2020,9113
TLD3,TLD7,2020,7234
TLD3,TLE1,2020,920
TLD3,TLE2,2020,1569
TLD3,TLE3,2020,2726
TLD3,TLE4,2020,7175
TLD3,TLF1,2020,4233
TLD3,TLF2,2020,1541
TLD3,TLF3,2020,669
TLD3,TLG1,2020,900
TLD3,TLG2,2020,2044
TLD3,TLG3,2020,3247
TLD3,TLH2,2020,1159
TLD3,TLH3,2020,671
TLD3,TLH4,2020,884
TLD3,TLH5,2020,494
TLD3,TLH6,2020,321
TLD3,TLI3,2020,1839
TLD3,TLI4,2020,3453
TLD3,TLI5,2020,1186
TLD3,TLI6,2020,882
TLD3,TLI7,2020,2328
TLD3,TLJ1,2020,1902
TLD3,TLJ2,2020,1471
TLD3,TLJ3,2020,917
TLD3,TLJ4,2020,641
TLD3,TLK3,2020,435
TLD3,TLK4,2020,792
TLD3,TLK5,2020,988
TLD3,TLK6,2020,833
TLD3,TLK7,2020,795
TLD3,TLL3,2020,2312
TLD3,TLL4,2020,588
TLD3,TLL5,2020,736
TLD3,TLN0,2020,511
TLD4,S92000003,2020,1295
TLD4,TLC3,2020,327
TLD4,TLC4,2020,1480
TLD4,TLD1,2020,2115
TLD4,TLD3,2020,10186
TLD4,TLD6,2020,1615
TLD4,TLD7,2020,5092
TLD4,TLE1,2020,517
TLD4,TLE2,2020,1353
TLD4,TLE3,2020,903
TLD4,TLE4,2020,3365
TLD4,TLF1,2020,1059
TLD4,TLF2,2020,769
TLD4,TLF3,2020,323
TLD4,TLG1,2020,432
TLD4,TLG2,2020,997
TLD4,TLG3,2020,1272
TLD4,TLH2,2020,499
TLD4,TLH3,2020,347
TLD4,TLH4,2020,355
TLD4,TLH5,2020,235
TLD4,TLH6,2020,159
TLD4,TLI3,2020,550
TLD4,TLI4,2020,940
TLD4,TLI5,2020,437
TLD4,TLI6,2020,323
TLD4,TLI7,2020,594
TLD4,TLJ1,2020,887
TLD4,TLJ2,2020,621
TLD4,TLJ3,2020,408
TLD4,TLJ4,2020,303
TLD4,TLK3,2020,249
TLD4,TLK4,2020,433
TLD4,TLK5,2020,393
TLD4,TLK6,2020,360
TLD4,TLK7,2020,401
TLD4,TLL3,2020,772
TLD4,TLL4,2020,313
TLD4,TLL5,2020,326
TLD4,TLN0,2020,255
TLD6,S92000003,2020,608
TLD6,TLC3,2020,141
TLD6,TLC4,2020,855
TLD6,TLD1,2020,351
TLD6,TLD3,2020,5491
TLD6,TLD4,2020,1704
TLD6,TLD7,2020,5876
TLD6,TLE1,2020,231
TLD6,TLE2,2020,589
TLD6,TLE3,2020,899
TLD6,TLE4,2020,1392
TLD6,TLF1,2020,1343
TLD6,TLF2,2020,517
TLD6,TLF3,2020,219
TLD6,TLG1,2020,386
TLD6,TLG2,2020,2587
TLD6,TLG3,2020,1005
TLD6,TLH2,2020,296
TLD6,TLH3,2020,206
TLD6,TLH4,2020,268
TLD6,TLH5,2020,146
TLD6,TLH6,2020,107
TLD6,TLI3,2020,367
TLD6,TLI4,2020,577
TLD6,TLI5,2020,192
TLD6,TLI6,2020,137
TLD6,TLI7,2020,313
TLD6,TLJ1,2020,618
TLD6,TLJ2,2020,454
TLD6,TLJ3,2020,268
TLD6,TLJ4,2020,219
TLD6,TLK3,2020,223
TLD6,TLK4,2020,362
TLD6,TLK5,2020,384
TLD6,TLK6,2020,266
TLD6,TLK7,2020,301
TLD6,TLL3,2020,2873
TLD6,TLL4,2020,342
TLD6,TLL5,2020,325
TLD6,TLN0,2020,122
TLD7,S92000003,2020,880
TLD7,TLC3,2020,236
TLD7,TLC4,2020,1099
TLD7,TLD1,2020,553
TLD7,TLD3,2020,6769
TLD7,TLD4,2020,5534
TLD7,TLD6,2020,5783
TLD7,TLE1,2020,367
TLD7,TLE2,2020,710
TLD7,TLE3,2020,972
TLD7,TLE4,2020,2140
TLD7,TLF1,2020,1319
TLD7,TLF2,2020,719
TLD7,TLF3,2020,266
TLD7,TLG1,2020,619
TLD7,TLG2,2020,1363
TLD7,TLG3,2020,1533
TLD7,TLH2,2020,536
TLD7,TLH3,2020,308
TLD7,TLH4,2020,373
TLD7,TLH5,2020,210
TLD7,TLH6,2020,142
TLD7,TLI3,2020,743
TLD7,TLI4,2020,1363
TLD7,TLI5,2020,408
TLD7,TLI6,2020,387
TLD7,TLI7,2020,790
TLD7,TLJ1,2020,926
TLD7,TLJ2,2020,729
TLD7,TLJ3,2020,447
TLD7,TLJ4,2020,356
TLD7,TLK3,2020,217
TLD7,TLK4,2020,369
TLD7,TLK5,2020,479
TLD7,TLK6,2020,388
TLD7,TLK7,2020,373
TLD7,TLL3,2020,2678
TLD7,TLL4,2020,464
TLD7,TLL5,2020,539
TLD7,TLN0,2020,709
TLE1,S92000003,2020,496
TLE1,TLC3,2020,419
TLE1,TLC4,2020,1247
TLE1,TLD1,2020,225
TLE1,TLD3,2020,1332
TLE1,TLD4,2020,491
TLE1,TLD6,2020,245
TLE1,TLD7,2020,558
TLE1,TLE2,2020,2957
TLE1,TLE3,2020,2439
TLE1,TLE4,2020,3366
TLE1,TLF1,2020,1347
TLE1,TLF2,2020,628
TLE1,TLF3,2020,2946
TLE1,TLG1,2020,215
TLE1,TLG2,2020,363
TLE1,TLG3,2020,547
TLE1,TLH2,2020,301
TLE1,TLH3,2020,252
TLE1,TLH4,2020,281
TLE1,TLH5,2020,262
TLE1,TLH6,2020,164
TLE1,TLI3,2020,285
TLE1,TLI4,2020,491
TLE1,TLI5,2020,216
TLE1,TLI6,2020,173
TLE1,TLI7,2020,362
TLE1,TLJ1,2020,456
TLE1,TLJ2,2020,340
TLE1,TLJ3,2020,274
TLE1,TLJ4,2020,226
TLE1,TLK3,2020,142
TLE1,TLK4,2020,189
TLE1,TLK5,2020,197
TLE1,TLK6,2020,204
TLE1,TLK7,2020,203
TLE1,TLL3,2020,176
TLE1,TLL4,2020,165
TLE1,TLL5,2020,243
TLE1,TLN0,2020,63
TLE2,S92000003,2020,1135
TLE2,TLC3,2020,2351
TLE2,TLC4,2020,3662
TLE2,TLD1,2020,550
TLE2,TLD3,2020,1623
TLE2,TLD4,2020,1442
TLE2,TLD6,2020,516
TLE2,TLD7,2020,810
TLE2,TLE1,2020,3685
TLE2,TLE3,2020,1850
TLE2,TLE4,2020,6307
TLE2,TLF1,2020,1395
TLE2,TLF2,2020,686
TLE2,TLF3,2020,643
TLE2,TLG1,2020,393
TLE2,TLG2,2020,493
TLE2,TLG3,2020,642
TLE2,TLH2,2020,532
TLE2,TLH3,2020,352
TLE2,TLH4,2020,610
TLE2,TLH5,2020,360
TLE2,TLH6,2020,268
TLE2,TLI3,2020,811
TLE2,TLI4,2020,1160
TLE2,TLI5,2020,291
TLE2,TLI6,2020,301
TLE2,TLI7,2020,531
TLE2,TLJ1,2020,922
TLE2,TLJ2,2020,807
TLE2,TLJ3,2020,508
TLE2,TLJ4,2020,336
TLE2,TLK3,2020,148
TLE2,TLK4,2020,341
TLE2,TLK5,2020,430
TLE2,TLK6,2020,311
TLE2,TLK7,2020,556
TLE2,TLL3,2020,327
TLE2,TLL4,2020,222
TLE2,TLL5,2020,279
TLE2,TLN0,2020,144
TLE3,S92000003,2020,730
TLE3,TLC3,2020,410
TLE3,TLC4,2020,1662
TLE3,TLD1,2020,285
TLE3,TLD3,2020,3110
TLE3,TLD4,2020,900
TLE3,TLD6,2020,794
TLE3,TLD7,2020,1093
TLE3,TLE1,2020,2439
TLE3,TLE2,2020,1881
TLE3,TLE4,2020,6686
TLE3,TLF1,2020,8067
TLE3,TLF2,2020,1639
TLE3,TLF3,2020,1829
TLE3,TLG1,2020,595
TLE3,TLG2,2020,803
TLE3,TLG3,2020,1671
TLE3,TLH2,2020,749
TLE3,TLH3,2020,395
TLE3,TLH4,2020,781
TLE3,TLH5,2020,429
TLE3,TLH6,2020,263
TLE3,TLI3,2020,712
TLE3,TLI4,2020,1367
TLE3,TLI5,2020,489
TLE3,TLI6,2020,388
TLE3,TLI7,2020,813
TLE3,TLJ1,2020,1058
TLE3,TLJ2,2020,746
TLE3,TLJ3,2020,444
TLE3,TLJ4,2020,413
TLE3,TLK3,2020,237
TLE3,TLK4,2020,365
TLE3,TLK5,2020,538
TLE3,TLK6,2020,355
TLE3,TLK7,2020,407
TLE3,TLL3,2020,273
TLE3,TLL4,2020,246
TLE3,TLL5,2020,390
TLE3,TLN0,2020,146
TLE4,S92000003,2020,1522
TLE4,TLC3,2020,1309
TLE4,TLC4,2020,4466
TLE4,TLD1,2020,713
TLE4,TLD3,2020,7661
TLE4,TLD4,2020,3687
TLE4,TLD6,2020,1250
TLE4,TLD7,2020,2421
TLE4,TLE1,2020,3770
TLE4,TLE2,2020,8441
TLE4,TLE3,2020,7038
TLE4,TLF1,2020,3564
TLE4,TLF2,2020,1810
TLE4,TLF3,2020,1408
TLE4,TLG1,2020,832
TLE4,TLG2,2020,1102
TLE4,TLG3,2020,2744
TLE4,TLH2,2020,1323
TLE4,TLH3,2020,720
TLE4,TLH4,2020,1094
TLE4,TLH5,2020,500
TLE4,TLH6,2020,419
TLE4,TLI3,2020,1480
TLE4,TLI4,2020,3003
TLE4,TLI5,2020,1053
TLE4,TLI6,2020,809
TLE4,TLI7,2020,1961
TLE4,TLJ1,2020,1893
TLE4,TLJ2,2020,1489
TLE4,TLJ3,2020,730
TLE4,TLJ4,2020,601
TLE4,TLK3,2020,342
TLE4,TLK4,2020,632
TLE4,TLK5,2020,845
TLE4,TLK6,2020,529
TLE4,TLK7,2020,738
TLE4,TLL3,2020,695
TLE4,TLL4,2020,464
TLE4,TLL5,2020,660
TLE4,TLN0,2020,305
TLF1,S92000003,2020,1189
TLF1,TLC3,2020,456
TLF1,TLC4,2020,1868
TLF1,TLD1,2020,328
TLF1,TLD3,2020,3935
TLF1,TLD4,2020,1209
TLF1,TLD6,2020,1177
TLF1,TLD7,2020,1452
TLF1,TLE1,2020,1419
TLF1,TLE2,2020,1547
TLF1,TLE3,2020,6796
TLF1,TLE4,2020,3792
TLF1,TLF2,2020,7241
TLF1,TLF3,2020,5021
TLF1,TLG1,2020,1890
TLF1,TLG2,2020,4582
TLF1,TLG3,2020,5147
TLF1,TLH2,2020,2440
TLF1,TLH3,2020,1199
TLF1,TLH4,2020,1591
TLF1,TLH5,2020,1089
TLF1,TLH6,2020,620
TLF1,TLI3,2020,1583
TLF1,TLI4,2020,2768
TLF1,TLI5,2020,1311
TLF1,TLI6,2020,960
TLF1,TLI7,2020,2083
TLF1,TLJ1,2020,2576
TLF1,TLJ2,2020,1856
TLF1,TLJ3,2020,1014
TLF1,TLJ4,2020,916
TLF1,TLK3,2020,705
TLF1,TLK4,2020,992
TLF1,TLK5,2020,1076
TLF1,TLK6,2020,864
TLF1,TLK7,2020,928
TLF1,TLL3,2020,723
TLF1,TLL4,2020,694
TLF1,TLL5,2020,910
TLF1,TLN0,2020,231
TLF2,S92000003,2020,1111
TLF2,TLC3,2020,349
TLF2,TLC4,2020,1442
TLF2,TLD1,2020,289
TLF2,TLD3,2020,1956
TLF2,TLD4,2020,970
TLF2,TLD6,2020,650
TLF2,TLD7,2020,1052
TLF2,TLE1,2020,750
TLF2,TLE2,2020,1058
TLF2,TLE3,2020,1835
TLF2,TLE4,2020,2212
TLF2,TLF1,2020,8000
TLF2,TLF3,2020,3330
TLF2,TLG1,2020,3788
TLF2,TLG2,2020,1981
TLF2,TLG3,2020,5888
TLF2,TLH2,2020,3275
TLF2,TLH3,2020,1294
TLF2,TLH4,2020,2523
TLF2,TLH5,2020,1575
TLF2,TLH6,2020,731
TLF2,TLI3,2020,1504
TLF2,TLI4,2020,3101
TLF2,TLI5,2020,1773
TLF2,TLI6,2020,1092
TLF2,TLI7,2020,2391
TLF2,TLJ1,2020,5337
TLF2,TLJ2,2020,2180
TLF2,TLJ3,2020,1471
TLF2,TLJ4,2020,1065
TLF2,TLK3,2020,642
TLF2,TLK4,2020,1155
TLF2,TLK5,2020,1173
TLF2,TLK6,2020,1137
TLF2,TLK7,2020,1170
TLF2,TLL3,2020,617
TLF2,TLL4,2020,935
TLF2,TLL5,2020,977
TLF2,TLN0,2020,209
TLF3,S92000003,2020,541
TLF3,TLC3,2020,221
TLF3,TLC4,2020,877
TLF3,TLD1,2020,146
TLF3,TLD3,2020,715
TLF3,TLD4,2020,371
TLF3,TLD6,2020,265
TLF3,TLD7,2020,362
TLF3,TLE1,2020,2766
TLF3,TLE2,2020,753
TLF3,TLE3,2020,2127
TLF3,TLE4,2020,1426
TLF3,TLF1,2020,4966
TLF3,TLF2,2020,2543
TLF3,TLG1,2020,445
TLF3,TLG2,2020,587
TLF3,TLG3,2020,910
TLF3,TLH2,2020,750
TLF3,TLH3,2020,513
TLF3,TLH4,2020,2179
TLF3,TLH5,2020,1418
TLF3,TLH6,2020,465
TLF3,TLI3,2020,290
TLF3,TLI4,2020,613
TLF3,TLI5,2020,281
TLF3,TLI6,2020,181
TLF3,TLI7,2020,353
TLF3,TLJ1,2020,767
TLF3,TLJ2,2020,609
TLF3,TLJ3,2020,442
TLF3,TLJ4,2020,408
TLF3,TLK3,2020,215
TLF3,TLK4,2020,257
TLF3,TLK5,2020,250
TLF3,TLK6,2020,350
TLF3,TLK7,2020,372
TLF3,TLL3,2020,201
TLF3,TLL4,2020,258
TLF3,TLL5,2020,303
TLF3,TLN0,2020,71
TLG1,S92000003,2020,653
TLG1,TLC3,2020,137
TLG1,TLC4,2020,667
TLG1,TLD1,2020,151
TLG1,TLD3,2020,1037
TLG1,TLD4,2020,497
TLG1,TLD6,2020,433
TLG1,TLD7,2020,703
TLG1,TLE1,2020,231
TLG1,TLE2,2020,480
TLG1,TLE3,2020,618
TLG1,TLE4,2020,813
TLG1,TLF1,2020,2085
TLG1,TLF2,2020,3712
TLG1,TLF3,2020,521
TLG1,TLG2,2020,3186
TLG1,TLG3,2020,9858
TLG1,TLH2,2020,671
TLG1,TLH3,2020,336
TLG1,TLH4,2020,492
TLG1,TLH5,2020,404
TLG1,TLH6,2020,207
TLG1,TLI3,2020,883
TLG1,TLI4,2020,1305
TLG1,TLI5,2020,441
TLG1,TLI6,2020,403
TLG1,TLI7,2020,721
TLG1,TLJ1,2020,2260
TLG1,TLJ2,2020,1077
TLG1,TLJ3,2020,890
TLG1,TLJ4,2020,427
TLG1,TLK3,2020,783
TLG1,TLK4,2020,1432
TLG1,TLK5,2020,1605
TLG1,TLK6,2020,1152
TLG1,TLK7,2020,3232
TLG1,TLL3,2020,419
TLG1,TLL4,2020,1374
TLG1,TLL5,2020,1704
TLG1,TLN0,2020,135
TLG2,S92000003,2020,733
TLG2,TLC3,2020,181
TLG2,TLC4,2020,702
TLG2,TLD1,2020,243
TLG2,TLD3,2020,2358
TLG2,TLD4,2020,1017
TLG2,TLD6,2020,3416
TLG2,TLD7,2020,1681
TLG2,TLE1,2020,383
TLG2,TLE2,2020,632
TLG2,TLE3,2020,860
TLG2,TLE4,2020,1101
TLG2,TLF1,2020,5108
TLG2,TLF2,2020,1889
TLG2,TLF3,2020,520
TLG2,TLG1,2020,3075
TLG2,TLG3,2020,7500
TLG2,TLH2,2020,588
TLG2,TLH3,2020,380
TLG2,TLH4,2020,466
TLG2,TLH5,2020,351
TLG2,TLH6,2020,284
TLG2,TLI3,2020,469
TLG2,TLI4,2020,939
TLG2,TLI5,2020,397
TLG2,TLI6,2020,324
TLG2,TLI7,2020,516
TLG2,TLJ1,2020,1256
TLG2,TLJ2,2020,794
TLG2,TLJ3,2020,765
TLG2,TLJ4,2020,404
TLG2,TLK3,2020,465
TLG2,TLK4,2020,896
TLG2,TLK5,2020,706
TLG2,TLK6,2020,649
TLG2,TLK7,2020,826
TLG2,TLL3,2020,1421
TLG2,TLL4,2020,1529
TLG2,TLL5,2020,680
TLG2,TLN0,2020,165
TLG3,S92000003,2020,1181
TLG3,TLC3,2020,432
TLG3,TLC4,2020,1176
TLG3,TLD1,2020,284
TLG3,TLD3,2020,3600
TLG3,TLD4,2020,1530
TLG3,TLD6,2020,884
TLG3,TLD7,2020,1757
TLG3,TLE1,2020,618
TLG3,TLE2,2020,700
TLG3,TLE3,2020,1540
TLG3,TLE4,2020,2675
TLG3,TLF1,2020,5580
TLG3,TLF2,2020,6032
TLG3,TLF3,2020,944
TLG3,TLG1,2020,20207
TLG3,TLG2,2020,15121
TLG3,TLH2,2020,2518
TLG3,TLH3,2020,1270
TLG3,TLH4,2020,1316
TLG3,TLH5,2020,716
TLG3,TLH6,2020,545
TLG3,TLI3,2020,2041
TLG3,TLI4,2020,4617
TLG3,TLI5,2020,2591
TLG3,TLI6,2020,1550
TLG3,TLI7,2020,3870
TLG3,TLJ1,2020,4274
TLG3,TLJ2,2020,2331
TLG3,TLJ3,2020,1612
TLG3,TLJ4,2020,1063
TLG3,TLK3,2020,854
TLG3,TLK4,2020,1998
TLG3,TLK5,2020,1776
TLG3,TLK6,2020,1621
TLG3,TLK7,2020,2027
TLG3,TLL3,2020,1039
TLG3,TLL4,2020,1588
TLG3,TLL5,2020,1761
TLG3,TLN0,2020,277
TLH2,S92000003,2020,1064
TLH2,TLC3,2020,263
TLH2,TLC4,2020,1225
TLH2,TLD1,2020,204
TLH2,TLD3,2020,1348
TLH2,TLD4,2020,726
TLH2,TLD6,2020,412
TLH2,TLD7,2020,778
TLH2,TLE1,2020,439
TLH2,TLE2,2020,839
TLH2,TLE3,2020,913
TLH2,TLE4,2020,1771
TLH2,TLF1,2020,3551
TLH2,TLF2,2020,4936
TLH2,TLF3,2020,1525
TLH2,TLG1,2020,969
TLH2,TLG2,2020,894
TLH2,TLG3,2020,2907
TLH2,TLH3,2020,4670
TLH2,TLH4,2020,4500
TLH2,TLH5,2020,2470
TLH2,TLH6,2020,1253
TLH2,TLI3,2020,2260
TLH2,TLI4,2020,4439
TLH2,TLI5,2020,3027
TLH2,TLI6,2020,1221
TLH2,TLI7,2020,5326
TLH2,TLJ1,2020,8083
TLH2,TLJ2,2020,3314
TLH2,TLJ3,2020,2326
TLH2,TLJ4,2020,1583
TLH2,TLK3,2020,599
TLH2,TLK4,2020,1385
TLH2,TLK5,2020,1332
TLH2,TLK6,2020,1956
TLH2,TLK7,2020,1027
TLH2,TLL3,2020,313
TLH2,TLL4,2020,729
TLH2,TLL5,2020,868
TLH2,TLN0,2020,237
TLH3,S92000003,2020,879
TLH3,TLC3,2020,263
TLH3,TLC4,2020,1002
TLH3,TLD1,2020,165
TLH3,TLD3,2020,819
TLH3,TLD4,2020,524
TLH3,TLD6,2020,268
TLH3,TLD7,2020,561
TLH3,TLE1,2020,401
TLH3,TLE2,2020,485
TLH3,TLE3,2020,619
TLH3,TLE4,2020,957
TLH3,TLF1,2020,1798
TLH3,TLF2,2020,1725
TLH3,TLF3,2020,1106
TLH3,TLG1,2020,632
TLH3,TLG2,2020,619
TLH3,TLG3,2020,1595
TLH3,TLH2,2020,4546
TLH3,TLH4,2020,2153
TLH3,TLH5,2020,3451
TLH3,TLH6,2020,5492
TLH3,TLI3,2020,1374
TLH3,TLI4,2020,4332
TLH3,TLI5,2020,6097
TLH3,TLI6,2020,1090
TLH3,TLI7,2020,1898
TLH3,TLJ1,2020,2025
TLH3,TLJ2,2020,2896
TLH3,TLJ3,2020,1751
TLH3,TLJ4,2020,3249
TLH3,TLK3,2020,593
TLH3,TLK4,2020,1205
TLH3,TLK5,2020,870
TLH3,TLK6,2020,1158
TLH3,TLK7,2020,673
TLH3,TLL3,2020,278
TLH3,TLL4,2020,658
TLH3,TLL5,2020,635
TLH3,TLN0,2020,173
TLH4,S92000003,2020,827
TLH4,TLC3,2020,178
TLH4,TLC4,2020,909
TLH4,TLD1,2020,139
TLH4,TLD3,2020,871
TLH4,TLD4,2020,373
TLH4,TLD6,2020,259
TLH4,TLD7,2020,374
TLH4,TLE1,2020,335
TLH4,TLE2,2020,674
TLH4,TLE3,2020,845
TLH4,TLE4,2020,1297
TLH4,TLF1,2020,1879
TLH4,TLF2,2020,2728
TLH4,TLF3,2020,3631
TLH4,TLG1,2020,536
TLH4,TLG2,2020,461
TLH4,TLG3,2020,1267
TLH4,TLH2,2020,2688
TLH4,TLH3,2020,1616
TLH4,TLH5,2020,3315
TLH4,TLH6,2020,2565
TLH4,TLI3,2020,1858
TLH4,TLI4,2020,2980
TLH4,TLI5,2020,795
TLH4,TLI6,2020,657
TLH4,TLI7,2020,1295
TLH4,TLJ1,2020,2060
TLH4,TLJ2,2020,1509
TLH4,TLJ3,2020,843
TLH4,TLJ4,2020,712
TLH4,TLK3,2020,252
TLH4,TLK4,2020,601
TLH4,TLK5,2020,854
TLH4,TLK6,2020,512
TLH4,TLK7,2020,501
TLH4,TLL3,2020,198
TLH4,TLL4,2020,288
TLH4,TLL5,2020,430
TLH4,TLN0,2020,121
TLH5,S92000003,2020,537
TLH5,TLC3,2020,129
TLH5,TLC4,2020,538
TLH5,TLD1,2020,152
TLH5,TLD3,2020,538
TLH5,TLD4,2020,266
TLH5,TLD6,2020,165
TLH5,TLD7,2020,243
TLH5,TLE1,2020,279
TLH5,TLE2,2020,440
TLH5,TLE3,2020,562
TLH5,TLE4,2020,662
TLH5,TLF1,2020,1237
TLH5,TLF2,2020,1191
TLH5,TLF3,2020,1654
TLH5,TLG1,2020,384
TLH5,TLG2,2020,404
TLH5,TLG3,2020,642
TLH5,TLH2,2020,1114
TLH5,TLH3,2020,1642
TLH5,TLH4,2020,2599
TLH5,TLH6,2020,4580
TLH5,TLI3,2020,640
TLH5,TLI4,2020,1351
TLH5,TLI5,2020,687
TLH5,TLI6,2020,389
TLH5,TLI7,2020,709
TLH5,TLJ1,2020,999
TLH5,TLJ2,2020,1154
TLH5,TLJ3,2020,563
TLH5,TLJ4,2020,738
TLH5,TLK3,2020,235
TLH5,TLK4,2020,421
TLH5,TLK5,2020,527
TLH5,TLK6,2020,406
TLH5,TLK7,2020,432
TLH5,TLL3,2020,193
TLH5,TLL4,2020,254
TLH5,TLL5,2020,363
TLH5,TLN0,2020,77
TLH6,S92000003,2020,357
TLH6,TLC3,2020,80
TLH6,TLC4,2020,420
TLH6,TLD1,2020,77
TLH6,TLD3,2020,441
TLH6,TLD4,2020,179
TLH6,TLD6,2020,124
TLH6,TLD7,2020,226
TLH6,TLE1,2020,145
TLH6,TLE2,2020,347
TLH6,TLE3,2020,304
TLH6,TLE4,2020,503
TLH6,TLF1,2020,805
TLH6,TLF2,2020,659
TLH6,TLF3,2020,562
TLH6,TLG1,2020,231
TLH6,TLG2,2020,241
TLH6,TLG3,2020,534
TLH6,TLH2,2020,616
TLH6,TLH3,2020,3004
TLH6,TLH4,2020,2192
TLH6,TLH5,2020,5531
TLH6,TLI3,2020,500
TLH6,TLI4,2020,1101
TLH6,TLI5,2020,453
TLH6,TLI6,2020,238
TLH6,TLI7,2020,477
TLH6,TLJ1,2020,786
TLH6,TLJ2,2020,937
TLH6,TLJ3,2020,617
TLH6,TLJ4,2020,509
TLH6,TLK3,2020,193
TLH6,TLK4,2020,353
TLH6,TLK5,2020,387
TLH6,TLK6,2020,331
TLH6,TLK7,2020,354
TLH6,TLL3,2020,152
TLH6,TLL4,2020,238
TLH6,TLL5,2020,297
TLH6,TLN0,2020,58
TLI3,S92000003,2020,1455
TLI3,TLC3,2020,143
TLI3,TLC4,2020,1069
TLI3,TLD1,2020,148
TLI3,TLD3,2020,1398
TLI3,TLD4,2020,433
TLI3,TLD6,2020,369
TLI3,TLD7,2020,614
TLI3,TLE1,2020,206
TLI3,TLE2,2020,652
TLI3,TLE3,2020,470
TLI3,TLE4,2020,1194
TLI3,TLF1,2020,1068
TLI3,TLF2,2020,1245
TLI3,TLF3,2020,355
TLI3,TLG1,2020,775
TLI3,TLG2,2020,399
TLI3,TLG3,2020,1568
TLI3,TLH2,2020,3386
TLI3,TLH3,2020,1561
TLI3,TLH4,2020,1577
TLI3,TLH5,2020,739
TLI3,TLH6,2020,729
TLI3,TLI4,2020,26099
TLI3,TLI5,2020,4692
TLI3,TLI6,2020,10489
TLI3,TLI7,2020,18932
TLI3,TLJ1,2020,5728
TLI3,TLJ2,2020,7428
TLI3,TLJ3,2020,2404
TLI3,TLJ4,2020,2256
TLI3,TLK3,2020,390
TLI3,TLK4,2020,1275
TLI3,TLK5,2020,1946
TLI3,TLK6,2020,1709
TLI3,TLK7,2020,1854
TLI3,TLL3,2020,198
TLI3,TLL4,2020,355
TLI3,TLL5,2020,776
TLI3,TLN0,2020,231
TLI4,S92000003,2020,2493
TLI4,TLC3,2020,388
TLI4,TLC4,2020,1702
TLI4,TLD1,2020,297
TLI4,TLD3,2020,3389
TLI4,TLD4,2020,855
TLI4,TLD6,2020,652
TLI4,TLD7,2020,1363
TLI4,TLE1,2020,601
TLI4,TLE2,2020,1015
TLI4,TLE3,2020,1361
TLI4,TLE4,2020,2577
TLI4,TLF1,2020,2505
TLI4,TLF2,2020,2912
TLI4,TLF3,2020,664
TLI4,TLG1,2020,1193
TLI4,TLG2,2020,1007
TLI4,TLG3,2020,4685
TLI4,TLH2,2020,7446
TLI4,TLH3,2020,8354
TLI4,TLH4,2020,2484
TLI4,TLH5,2020,1694
TLI4,TLH6,2020,1577
TLI4,TLI3,2020,22835
TLI4,TLI5,2020,39316
TLI4,TLI6,2020,19680
TLI4,TLI7,2020,16124
TLI4,TLJ1,2020,6114
TLI4,TLJ2,2020,9687
TLI4,TLJ3,2020,3123
TLI4,TLJ4,2020,8774
TLI4,TLK3,2020,780
TLI4,TLK4,2020,1784
TLI4,TLK5,2020,3126
TLI4,TLK6,2020,2468
TLI4,TLK7,2020,2078
TLI4,TLL3,2020,367
TLI4,TLL4,2020,698
TLI4,TLL5,2020,1386
TLI4,TLN0,2020,511
TLI5,S92000003,2020,1005
TLI5,TLC3,2020,284
TLI5,TLC4,2020,807
TLI5,TLD1,2020,128
TLI5,TLD3,2020,1736
TLI5,TLD4,2020,577
TLI5,TLD6,2020,348
TLI5,TLD7,2020,684
TLI5,TLE1,2020,311
TLI5,TLE2,2020,471
TLI5,TLE3,2020,772
TLI5,TLE4,2020,1393
TLI5,TLF1,2020,2126
TLI5,TLF2,2020,2454
TLI5,TLF3,2020,697
TLI5,TLG1,2020,581
TLI5,TLG2,2020,679
TLI5,TLG3,2020,3606
TLI5,TLH2,2020,7590
TLI5,TLH3,2020,18659
TLI5,TLH4,2020,1545
TLI5,TLH5,2020,1609
TLI5,TLH6,2020,1250
TLI5,TLI3,2020,3605
TLI5,TLI4,2020,22045
TLI5,TLI6,2020,5026
TLI5,TLI7,2020,7675
TLI5,TLJ1,2020,2921
TLI5,TLJ2,2020,4241
TLI5,TLJ3,2020,1861
TLI5,TLJ4,2020,11154
TLI5,TLK3,2020,400
TLI5,TLK4,2020,967
TLI5,TLK5,2020,1006
TLI5,TLK6,2020,1189
TLI5,TLK7,2020,762
TLI5,TLL3,2020,183
TLI5,TLL4,2020,484
TLI5,TLL5,2020,655
TLI5,TLN0,2020,248
TLI6,S92000003,2020,817
TLI6,TLC3,2020,142
TLI6,TLC4,2020,722
TLI6,TLD1,2020,99
TLI6,TLD3,2020,1128
TLI6,TLD4,2020,358
TLI6,TLD6,2020,255
TLI6,TLD7,2020,551
TLI6,TLE1,2020,249
TLI6,TLE2,2020,379
TLI6,TLE3,2020,459
TLI6,TLE4,2020,924
TLI6,TLF1,2020,1377
TLI6,TLF2,2020,1309
TLI6,TLF3,2020,341
TLI6,TLG1,2020,532
TLI6,TLG2,2020,419
TLI6,TLG3,2020,1976
TLI6,TLH2,2020,1710
TLI6,TLH3,2020,1539
TLI6,TLH4,2020,816
TLI6,TLH5,2020,706
TLI6,TLH6,2020,432
TLI6,TLI3,2020,5857
TLI6,TLI4,2020,10559
TLI6,TLI5,2020,4060
TLI6,TLI7,2020,4482
TLI6,TLJ1,2020,2635
TLI6,TLJ2,2020,17291
TLI6,TLJ3,2020,3144
TLI6,TLJ4,2020,7193
TLI6,TLK3,2020,444
TLI6,TLK4,2020,1198
TLI6,TLK5,2020,1250
TLI6,TLK6,2020,1609
TLI6,TLK7,2020,948
TLI6,TLL3,2020,139
TLI6,TLL4,2020,407
TLI6,TLL5,2020,623
TLI6,TLN0,2020,140
TLI7,S92000003,2020,1422
TLI7,TLC3,2020,273
TLI7,TLC4,2020,1253
TLI7,TLD1,2020,170
TLI7,TLD3,2020,2453
TLI7,TLD4,2020,680
TLI7,TLD6,2020,405
TLI7,TLD7,2020,1071
TLI7,TLE1,2020,355
TLI7,TLE2,2020,665
TLI7,TLE3,2020,947
TLI7,TLE4,2020,1847
TLI7,TLF1,2020,2745
TLI7,TLF2,2020,3569
TLI7,TLF3,2020,627
TLI7,TLG1,2020,1069
TLI7,TLG2,2020,951
TLI7,TLG3,2020,5024
TLI7,TLH2,2020,14544
TLI7,TLH3,2020,2877
TLI7,TLH4,2020,1705
TLI7,TLH5,2020,1093
TLI7,TLH6,2020,808
TLI7,TLI3,2020,13379
TLI7,TLI4,2020,13075
TLI7,TLI5,2020,6990
TLI7,TLI6,2020,6137
TLI7,TLJ1,2020,14832
TLI7,TLJ2,2020,11647
TLI7,TLJ3,2020,3726
TLI7,TLJ4,2020,2674
TLI7,TLK3,2020,577
TLI7,TLK4,2020,1484
TLI7,TLK5,2020,2097
TLI7,TLK6,2020,2275
TLI7,TLK7,2020,1905
TLI7,TLL3,2020,277
TLI7,TLL4,2020,631
TLI7,TLL5,2020,1142
TLI7,TLN0,2020,301
TLJ1,S92000003,2020,2085
TLJ1,TLC3,2020,360
TLJ1,TLC4,2020,1677
TLJ1,TLD1,2020,374
TLJ1,TLD3,2020,2187
TLJ1,TLD4,2020,972
TLJ1,TLD6,2020,659
TLJ1,TLD7,2020,1066
TLJ1,TLE1,2020,475
TLJ1,TLE2,2020,1129
TLJ1,TLE3,2020,1113
TLJ1,TLE4,2020,1857
TLJ1,TLF1,2020,3485
TLJ1,TLF2,2020,6437
TLJ1,TLF3,2020,1091
TLJ1,TLG1,2020,2743
TLJ1,TLG2,2020,1486
TLJ1,TLG3,2020,4453
TLJ1,TLH2,2020,5901
TLJ1,TLH3,2020,1720
TLJ1,TLH4,2020,2107
TLJ1,TLH5,2020,1438
TLJ1,TLH6,2020,829
TLJ1,TLI3,2020,5004
TLJ1,TLI4,2020,6047
TLJ1,TLI5,2020,1845
TLJ1,TLI6,2020,1820
TLJ1,TLI7,2020,5827
TLJ1,TLJ2,2020,8087
TLJ1,TLJ3,2020,8244
TLJ1,TLJ4,2020,2061
TLJ1,TLK3,2020,1417
TLJ1,TLK4,2020,3640
TLJ1,TLK5,2020,3792
TLJ1,TLK6,2020,4207
TLJ1,TLK7,2020,5879
TLJ1,TLL3,2020,486
TLJ1,TLL4,2020,1620
TLJ1,TLL5,2020,2180
TLJ1,TLN0,2020,373
TLJ2,S92000003,2020,2031
TLJ2,TLC3,2020,227
TLJ2,TLC4,2020,1767
TLJ2,TLD1,2020,384
TLJ2,TLD3,2020,1753
TLJ2,TLD4,2020,814
TLJ2,TLD6,2020,592
TLJ2,TLD7,2020,1015
TLJ2,TLE1,2020,435
TLJ2,TLE2,2020,1024
TLJ2,TLE3,2020,1001
TLJ2,TLE4,2020,1849
TLJ2,TLF1,2020,2708
TLJ2,TLF2,2020,2358
TLJ2,TLF3,2020,931
TLJ2,TLG1,2020,1287
TLJ2,TLG2,2020,1093
TLJ2,TLG3,2020,2626
TLJ2,TLH2,2020,2631
TLJ2,TLH3,2020,2493
TLJ2,TLH4,2020,1651
TLJ2,TLH5,2020,1675
TLJ2,TLH6,2020,1023
TLJ2,TLI3,2020,4957
TLJ2,TLI4,2020,7405
TLJ2,TLI5,2020,2595
TLJ2,TLI6,2020,7566
TLJ2,TLI7,2020,5785
TLJ2,TLJ1,2020,8488
TLJ2,TLJ3,2020,14277
TLJ2,TLJ4,2020,6960
TLJ2,TLK3,2020,1598
TLJ2,TLK4,2020,3940
TLJ2,TLK5,2020,3780
TLJ2,TLK6,2020,4884
TLJ2,TLK7,2020,2723
TLJ2,TLL3,2020,476
TLJ2,TLL4,2020,1436
TLJ2,TLL5,2020,1936
TLJ2,TLN0,2020,354
TLJ3,S92000003,2020,1337
TLJ3,TLC3,2020,207
TLJ3,TLC4,2020,880
TLJ3,TLD1,2020,207
TLJ3,TLD3,2020,1073
TLJ3,TLD4,2020,519
TLJ3,TLD6,2020,358
TLJ3,TLD7,2020,591
TLJ3,TLE1,2020,336
TLJ3,TLE2,2020,580
TLJ3,TLE3,2020,507
TLJ3,TLE4,2020,866
TLJ3,TLF1,2020,1332
TLJ3,TLF2,2020,1375
TLJ3,TLF3,2020,569
TLJ3,TLG1,2020,1048
TLJ3,TLG2,2020,865
TLJ3,TLG3,2020,1638
TLJ3,TLH2,2020,1724
TLJ3,TLH3,2020,1473
TLJ3,TLH4,2020,856
TLJ3,TLH5,2020,737
TLJ3,TLH6,2020,585
TLJ3,TLI3,2020,1865
TLJ3,TLI4,2020,3078
TLJ3,TLI5,2020,1397
TLJ3,TLI6,2020,2026
TLJ3,TLI7,2020,2518
TLJ3,TLJ1,2020,7000
TLJ3,TLJ2,2020,11746
TLJ3,TLJ4,2020,1902
TLJ3,TLK3,2020,1173
TLJ3,TLK4,2020,2810
TLJ3,TLK5,2020,2877
TLJ3,TLK6,2020,7148
TLJ3,TLK7,2020,4420
TLJ3,TLL3,2020,295
TLJ3,TLL4,2020,1108
TLJ3,TLL5,2020,1728
TLJ3,TLN0,2020,209
TLJ4,S92000003,2020,1082
TLJ4,TLC3,2020,224
TLJ4,TLC4,2020,944
TLJ4,TLD1,2020,191
TLJ4,TLD3,2020,851
TLJ4,TLD4,2020,449
TLJ4,TLD6,2020,291
TLJ4,TLD7,2020,450
TLJ4,TLE1,2020,298
TLJ4,TLE2,2020,557
TLJ4,TLE3,2020,571
TLJ4,TLE4,2020,974
TLJ4,TLF1,2020,1541
TLJ4,TLF2,2020,1419
TLJ4,TLF3,2020,754
TLJ4,TLG1,2020,581
TLJ4,TLG2,2020,578
TLJ4,TLG3,2020,1354
TLJ4,TLH2,2020,1523
TLJ4,TLH3,2020,2684
TLJ4,TLH4,2020,1026
TLJ4,TLH5,2020,1370
TLJ4,TLH6,2020,891
TLJ4,TLI3,2020,1800
TLJ4,TLI4,2020,4433
TLJ4,TLI5,2020,4625
TLJ4,TLI6,2020,3129
TLJ4,TLI7,2020,1915
TLJ4,TLJ1,2020,2292
TLJ4,TLJ2,2020,7761
TLJ4,TLJ3,2020,2397
TLJ4,TLK3,2020,628
TLJ4,TLK4,2020,1420
TLJ4,TLK5,2020,1095
TLJ4,TLK6,2020,1365
TLJ4,TLK7,2020,895
TLJ4,TLL3,2020,258
TLJ4,TLL4,2020,637
TLJ4,TLL5,2020,668
TLJ4,TLN0,2020,211
TLK3,S92000003,2020,403
TLK3,TLC3,2020,70
TLK3,TLC4,2020,202
TLK3,TLD1,2020,80
TLK3,TLD3,2020,371
TLK3,TLD4,2020,195
TLK3,TLD6,2020,177
TLK3,TLD7,2020,189
TLK3,TLE1,2020,84
TLK3,TLE2,2020,165
TLK3,TLE3,2020,175
TLK3,TLE4,2020,270
TLK3,TLF1,2020,399
TLK3,TLF2,2020,394
TLK3,TLF3,2020,183
TLK3,TLG1,2020,486
TLK3,TLG2,2020,448
TLK3,TLG3,2020,416
TLK3,TLH2,2020,340
TLK3,TLH3,2020,279
TLK3,TLH4,2020,208
TLK3,TLH5,2020,165
TLK3,TLH6,2020,137
TLK3,TLI3,2020,313
TLK3,TLI4,2020,576
TLK3,TLI5,2020,184
TLK3,TLI6,2020,233
TLK3,TLI7,2020,301
TLK3,TLJ1,2020,814
TLK3,TLJ2,2020,1009
TLK3,TLJ3,2020,841
TLK3,TLJ4,2020,407
TLK3,TLK4,2020,4692
TLK3,TLK5,2020,1478
TLK3,TLK6,2020,1222
TLK3,TLK7,2020,853
TLK3,TLL3,2020,154
TLK3,TLL4,2020,424
TLK3,TLL5,2020,951
TLK3,TLN0,2020,45
TLK4,S92000003,2020,748
TLK4,TLC3,2020,107
TLK4,TLC4,2020,560
TLK4,TLD1,2020,139
TLK4,TLD3,2020,730
TLK4,TLD4,2020,385
TLK4,TLD6,2020,344
TLK4,TLD7,2020,395
TLK4,TLE1,2020,190
TLK4,TLE2,2020,302
TLK4,TLE3,2020,393
TLK4,TLE4,2020,538
TLK4,TLF1,2020,771
TLK4,TLF2,2020,845
TLK4,TLF3,2020,276
TLK4,TLG1,2020,1159
TLK4,TLG2,2020,782
TLK4,TLG3,2020,1368
TLK4,TLH2,2020,925
TLK4,TLH3,2020,689
TLK4,TLH4,2020,448
TLK4,TLH5,2020,338
TLK4,TLH6,2020,312
TLK4,TLI3,2020,1298
TLK4,TLI4,2020,1755
TLK4,TLI5,2020,547
TLK4,TLI6,2020,673
TLK4,TLI7,2020,947
TLK4,TLJ1,2020,2458
TLK4,TLJ2,2020,2549
TLK4,TLJ3,2020,2182
TLK4,TLJ4,2020,916
TLK4,TLK3,2020,4369
TLK4,TLK5,2020,4070
TLK4,TLK6,2020,5108
TLK4,TLK7,2020,2177
TLK4,TLL3,2020,333
TLK4,TLL4,2020,1029
TLK4,TLL5,2020,2752
TLK4,TLN0,2020,157
TLK5,S92000003,2020,798
TLK5,TLC3,2020,99
TLK5,TLC4,2020,549
TLK5,TLD1,2020,141
TLK5,TLD3,2020,993
TLK5,TLD4,2020,334
TLK5,TLD6,2020,373
TLK5,TLD7,2020,496
TLK5,TLE1,2020,142
TLK5,TLE2,2020,261
TLK5,TLE3,2020,458
TLK5,TLE4,2020,732
TLK5,TLF1,2020,875
TLK5,TLF2,2020,695
TLK5,TLF3,2020,174
TLK5,TLG1,2020,1317
TLK5,TLG2,2020,512
TLK5,TLG3,2020,1495
TLK5,TLH2,2020,954
TLK5,TLH3,2020,659
TLK5,TLH4,2020,684
TLK5,TLH5,2020,308
TLK5,TLH6,2020,233
TLK5,TLI3,2020,2054
TLK5,TLI4,2020,3016
TLK5,TLI5,2020,722
TLK5,TLI6,2020,903
TLK5,TLI7,2020,1626
TLK5,TLJ1,2020,3149
TLK5,TLJ2,2020,2580
TLK5,TLJ3,2020,1912
TLK5,TLJ4,2020,756
TLK5,TLK3,2020,1301
TLK5,TLK4,2020,3367
TLK5,TLK6,2020,7907
TLK5,TLK7,2020,6927
TLK5,TLL3,2020,202
TLK5,TLL4,2020,1371
TLK5,TLL5,2020,4235
TLK5,TLN0,2020,179
TLK6,S92000003,2020,819
TLK6,TLC3,2020,128
TLK6,TLC4,2020,641
TLK6,TLD1,2020,180
TLK6,TLD3,2020,896
TLK6,TLD4,2020,437
TLK6,TLD6,2020,320
TLK6,TLD7,2020,422
TLK6,TLE1,2020,195
TLK6,TLE2,2020,386
TLK6,TLE3,2020,363
TLK6,TLE4,2020,611
TLK6,TLF1,2020,980
TLK6,TLF2,2020,980
TLK6,TLF3,2020,305
TLK6,TLG1,2020,1059
TLK6,TLG2,2020,744
TLK6,TLG3,2020,1281
TLK6,TLH2,2020,1150
TLK6,TLH3,2020,712
TLK6,TLH4,2020,474
TLK6,TLH5,2020,468
TLK6,TLH6,2020,336
TLK6,TLI3,2020,1433
TLK6,TLI4,2020,2069
TLK6,TLI5,2020,714
TLK6,TLI6,2020,1001
TLK6,TLI7,2020,1381
TLK6,TLJ1,2020,3129
TLK6,TLJ2,2020,3835
TLK6,TLJ3,2020,6668
TLK6,TLJ4,2020,962
TLK6,TLK3,2020,1495
TLK6,TLK4,2020,5769
TLK6,TLK5,2020,6230
TLK6,TLK7,2020,4440
TLK6,TLL3,2020,362
TLK6,TLL4,2020,1191
TLK6,TLL5,2020,2720
TLK6,TLN0,2020,159
TLK7,S92000003,2020,921
TLK7,TLC3,2020,125
TLK7,TLC4,2020,686
TLK7,TLD1,2020,178
TLK7,TLD3,2020,928
TLK7,TLD4,2020,490
TLK7,TLD6,2020,347
TLK7,TLD7,2020,467
TLK7,TLE1,2020,250
TLK7,TLE2,2020,578
TLK7,TLE3,2020,459
TLK7,TLE4,2020,715
TLK7,TLF1,2020,1141
TLK7,TLF2,2020,999
TLK7,TLF3,2020,389
TLK7,TLG1,2020,3436
TLK7,TLG2,2020,815
TLK7,TLG3,2020,1782
TLK7,TLH2,2020,723
TLK7,TLH3,2020,534
TLK7,TLH4,2020,557
TLK7,TLH5,2020,374
TLK7,TLH6,2020,342
TLK7,TLI3,2020,1244
TLK7,TLI4,2020,1595
TLK7,TLI5,2020,452
TLK7,TLI6,2020,445
TLK7,TLI7,2020,1090
TLK7,TLJ1,2020,4415
TLK7,TLJ2,2020,2014
TLK7,TLJ3,2020,3447
TLK7,TLJ4,2020,704
TLK7,TLK3,2020,1096
TLK7,TLK4,2020,2689
TLK7,TLK5,2020,5265
TLK7,TLK6,2020,4165
TLK7,TLL3,2020,382
TLK7,TLL4,2020,1787
TLK7,TLL5,2020,3333
TLK7,TLN0,2020,160
TLL3,S92000003,2020,344
TLL3,TLC3,2020,52
TLL3,TLC4,2020,308
TLL3,TLD1,2020,157
TLL3,TLD3,2020,1502
TLL3,TLD4,2020,775
TLL3,TLD6,2020,2496
TLL3,TLD7,2020,2107
TLL3,TLE1,2020,109
TLL3,TLE2,2020,206
TLL3,TLE3,2020,242
TLL3,TLE4,2020,479
TLL3,TLF1,2020,394
TLL3,TLF2,2020,277
TLL3,TLF3,2020,146
TLL3,TLG1,2020,256
TLL3,TLG2,2020,1306
TLL3,TLG3,2020,566
TLL3,TLH2,2020,153
TLL3,TLH3,2020,108
TLL3,TLH4,2020,185
TLL3,TLH5,2020,101
TLL3,TLH6,2020,39
TLL3,TLI3,2020,160
TLL3,TLI4,2020,292
TLL3,TLI5,2020,91
TLL3,TLI6,2020,103
TLL3,TLI7,2020,168
TLL3,TLJ1,2020,323
TLL3,TLJ2,2020,236
TLL3,TLJ3,2020,194
TLL3,TLJ4,2020,165
TLL3,TLK3,2020,105
TLL3,TLK4,2020,170
TLL3,TLK5,2020,237
TLL3,TLK6,2020,212
TLL3,TLK7,2020,182
TLL3,TLL4,2020,754
TLL3,TLL5,2020,836
TLL3,TLN0,2020,82
TLL4,S92000003,2020,391
TLL4,TLC3,2020,57
TLL4,TLC4,2020,254
TLL4,TLD1,2020,69
TLL4,TLD3,2020,470
TLL4,TLD4,2020,215
TLL4,TLD6,2020,273
TLL4,TLD7,2020,446
TLL4,TLE1,2020,84
TLL4,TLE2,2020,165
TLL4,TLE3,2020,197
TLL4,TLE4,2020,292
TLL4,TLF1,2020,395
TLL4,TLF2,2020,434
TLL4,TLF3,2020,128
TLL4,TLG1,2020,1025
TLL4,TLG2,2020,1395
TLL4,TLG3,2020,854
TLL4,TLH2,2020,300
TLL4,TLH3,2020,257
TLL4,TLH4,2020,209
TLL4,TLH5,2020,162
TLL4,TLH6,2020,115
TLL4,TLI3,2020,313
TLL4,TLI4,2020,566
TLL4,TLI5,2020,231
TLL4,TLI6,2020,211
TLL4,TLI7,2020,411
TLL4,TLJ1,2020,975
TLL4,TLJ2,2020,718
TLL4,TLJ3,2020,642
TLL4,TLJ4,2020,259
TLL4,TLK3,2020,260
TLL4,TLK4,2020,621
TLL4,TLK5,2020,1344
TLL4,TLK6,2020,696
TLL4,TLK7,2020,1101
TLL4,TLL3,2020,737
TLL4,TLL5,2020,6046
TLL4,TLN0,2020,95
TLL5,S92000003,2020,601
TLL5,TLC3,2020,96
TLL5,TLC4,2020,299
TLL5,TLD1,2020,68
TLL5,TLD3,2020,753
TLL5,TLD4,2020,346
TLL5,TLD6,2020,335
TLL5,TLD7,2020,474
TLL5,TLE1,2020,137
TLL5,TLE2,2020,171
TLL5,TLE3,2020,297
TLL5,TLE4,2020,426
TLL5,TLF1,2020,595
TLL5,TLF2,2020,596
TLL5,TLF3,2020,146
TLL5,TLG1,2020,1257
TLL5,TLG2,2020,568
TLL5,TLG3,2020,1400
TLL5,TLH2,2020,444
TLL5,TLH3,2020,268
TLL5,TLH4,2020,342
TLL5,TLH5,2020,159
TLL5,TLH6,2020,139
TLL5,TLI3,2020,754
TLL5,TLI4,2020,1213
TLL5,TLI5,2020,442
TLL5,TLI6,2020,386
TLL5,TLI7,2020,883
TLL5,TLJ1,2020,1617
TLL5,TLJ2,2020,1105
TLL5,TLJ3,2020,1109
TLL5,TLJ4,2020,370
TLL5,TLK3,2020,538
TLL5,TLK4,2020,1685
TLL5,TLK5,2020,3049
TLL5,TLK6,2020,1525
TLL5,TLK7,2020,2241
TLL5,TLL3,2020,751
TLL5,TLL4,2020,6419
TLL5,TLN0,2020,179
TLN0,S92000003,2020,1868
TLN0,TLC3,2020,58
TLN0,TLC4,2020,595
TLN0,TLD1,2020,52
TLN0,TLD3,2020,535
TLN0,TLD4,2020,379
TLN0,TLD6,2020,173
TLN0,TLD7,2020,1600
TLN0,TLE1,2020,50
TLN0,TLE2,2020,117
TLN0,TLE3,2020,131
TLN0,TLE4,2020,349
TLN0,TLF1,2020,264
TLN0,TLF2,2020,187
TLN0,TLF3,2020,73
TLN0,TLG1,2020,139
TLN0,TLG2,2020,211
TLN0,TLG3,2020,307
TLN0,TLH2,2020,156
TLN0,TLH3,2020,180
TLN0,TLH4,2020,159
TLN0,TLH5,2020,88
TLN0,TLH6,2020,46
TLN0,TLI3,2020,311
TLN0,TLI4,2020,636
TLN0,TLI5,2020,122
TLN0,TLI6,2020,141
TLN0,TLI7,2020,301
TLN0,TLJ1,2020,321
TLN0,TLJ2,2020,351
TLN0,TLJ3,2020,315
TLN0,TLJ4,2020,146
TLN0,TLK3,2020,65
TLN0,TLK4,2020,197
TLN0,TLK5,2020,232
TLN0,TLK6,2020,121
TLN0,TLK7,2020,117
TLN0,TLL3,2020,83
TLN0,TLL4,2020,106
TLN0,TLL5,2020,261
S92000003,TLC3,2021,554
S92000003,TLC4,2021,3415
S92000003,TLD1,2021,1297
S92000003,TLD3,2021,1925
S92000003,TLD4,2021,1414
S92000003,TLD6,2021,770
S92000003,TLD7,2021,1031
S92000003,TLE1,2021,554
S92000003,TLE2,2021,1193
S92000003,TLE3,2021,694
S92000003,TLE4,2021,1324
S92000003,TLF1,2021,1207
S92000003,TLF2,2021,820
S92000003,TLF3,2021,534
S92000003,TLG1,2021,743
S92000003,TLG2,2021,813
S92000003,TLG3,2021,1001
S92000003,TLH2,2021,924
S92000003,TLH3,2021,663
S92000003,TLH4,2021,865
S92000003,TLH5,2021,552
S92000003,TLH6,2021,387
S92000003,TLI3,2021,2842
S92000003,TLI4,2021,4361
S92000003,TLI5,2021,904
S92000003,TLI6,2021,857
S92000003,TLI7,2021,1650
S92000003,TLJ1,2021,2067
S92000003,TLJ2,2021,2095
S92000003,TLJ3,2021,1290
S92000003,TLJ4,2021,866
S92000003,TLK3,2021,403
S92000003,TLK4,2021,903
S92000003,TLK5,2021,939
S92000003,TLK6,2021,947
S92000003,TLK7,2021,882
S92000003,TLL3,2021,330
S92000003,TLL4,2021,427
S92000003,TLL5,2021,624
S92000003,TLN0,2021,2224
TLC3,S92000003,2021,547
TLC3,TLC4,2021,6989
TLC3,TLD1,2021,256
TLC3,TLD3,2021,865
TLC3,TLD4,2021,357
TLC3,TLD6,2021,189
TLC3,TLD7,2021,310
TLC3,TLE1,2021,402
TLC3,TLE2,2021,2598
TLC3,TLE3,2021,566
TLC3,TLE4,2021,1372
TLC3,TLF1,2021,489
TLC3,TLF2,2021,291
TLC3,TLF3,2021,179
TLC3,TLG1,2021,138
TLC3,TLG2,2021,226
TLC3,TLG3,2021,387
TLC3,TLH2,2021,188
TLC3,TLH3,2021,124
TLC3,TLH4,2021,137
TLC3,TLH5,2021,109
TLC3,TLH6,2021,86
TLC3,TLI3,2021,289
TLC3,TLI4,2021,538
TLC3,TLI5,2021,205
TLC3,TLI6,2021,115
TLC3,TLI7,2021,412
TLC3,TLJ1,2021,308
TLC3,TLJ2,2021,212
TLC3,TLJ3,2021,192
TLC3,TLJ4,2021,156
TLC3,TLK3,2021,58
TLC3,TLK4,2021,134
TLC3,TLK5,2021,77
TLC3,TLK6,2021,114
TLC3,TLK7,2021,138
TLC3,TLL3,2021,75
TLC3,TLL4,2021,68
TLC3,TLL5,2021,80
TLC3,TLN0,2021,79
TLC4,S92000003,2021,3109
TLC4,TLC3,2021,6547
TLC4,TLD1,2021,1689
TLC4,TLD3,2021,3032
TLC4,TLD4,2021,1357
TLC4,TLD6,2021,716
TLC4,TLD7,2021,1258
TLC4,TLE1,2021,1054
TLC4,TLE2,2021,3161
TLC4,TLE3,2021,1409
TLC4,TLE4,2021,4018
TLC4,TLF1,2021,1665
TLC4,TLF2,2021,965
TLC4,TLF3,2021,659
TLC4,TLG1,2021,594
TLC4,TLG2,2021,588
TLC4,TLG3,2021,1064
TLC4,TLH2,2021,888
TLC4,TLH3,2021,598
TLC4,TLH4,2021,935
TLC4,TLH5,2021,438
TLC4,TLH6,2021,333
TLC4,TLI3,2021,2030
TLC4,TLI4,2021,2768
TLC4,TLI5,2021,659
TLC4,TLI6,2021,703
TLC4,TLI7,2021,1498
TLC4,TLJ1,2021,1652
TLC4,TLJ2,2021,1439
TLC4,TLJ3,2021,713
TLC4,TLJ4,2021,646
TLC4,TLK3,2021,198
TLC4,TLK4,2021,465
TLC4,TLK5,2021,650
TLC4,TLK6,2021,553
TLC4,TLK7,2021,647
TLC4,TLL3,2021,254
TLC4,TLL4,2021,253
TLC4,TLL5,2021,385
TLC4,TLN0,2021,526
TLD1,S92000003,2021,1204
TLD1,TLC3,2021,261
TLD1,TLC4,2021,1633
TLD1,TLD3,2021,1020
TLD1,TLD4,2021,2275
TLD1,TLD6,2021,324
TLD1,TLD7,2021,648
TLD1,TLE1,2021,120
TLD1,TLE2,2021,537
TLD1,TLE3,2021,214
TLD1,TLE4,2021,675
TLD1,TLF1,2021,298
TLD1,TLF2,2021,200
TLD1,TLF3,2021,121
TLD1,TLG1,2021,158
TLD1,TLG2,2021,243
TLD1,TLG3,2021,227
TLD1,TLH2,2021,117
TLD1,TLH3,2021,99
TLD1,TLH4,2021,115
TLD1,TLH5,2021,135
TLD1,TLH6,2021,47
TLD1,TLI3,2021,126
TLD1,TLI4,2021,248
TLD1,TLI5,2021,70
TLD1,TLI6,2021,55
TLD1,TLI7,2021,103
TLD1,TLJ1,2021,231
TLD1,TLJ2,2021,228
TLD1,TLJ3,2021,126
TLD1,TLJ4,2021,110
TLD1,TLK3,2021,121
TLD1,TLK4,2021,186
TLD1,TLK5,2021,102
TLD1,TLK6,2021,178
TLD1,TLK7,2021,195
TLD1,TLL3,2021,147
TLD1,TLL4,2021,99
TLD1,TLL5,2021,94
TLD1,TLN0,2021,57
TLD3,S92000003,2021,2406
TLD3,TLC3,2021,774
TLD3,TLC4,2021,2850
TLD3,TLD1,2021,1520
TLD3,TLD4,2021,16583
TLD3,TLD6,2021,12346
TLD3,TLD7,2021,8633
TLD3,TLE1,2021,1132
TLD3,TLE2,2021,1893
TLD3,TLE3,2021,2870
TLD3,TLE4,2021,8181
TLD3,TLF1,2021,4945
TLD3,TLF2,2021,1608
TLD3,TLF3,2021,792
TLD3,TLG1,2021,1023
TLD3,TLG2,2021,2534
TLD3,TLG3,2021,3624
TLD3,TLH2,2021,1340
TLD3,TLH3,2021,687
TLD3,TLH4,2021,1030
TLD3,TLH5,2021,543
TLD3,TLH6,2021,331
TLD3,TLI3,2021,2213
TLD3,TLI4,2021,4219
TLD3,TLI5,2021,1425
TLD3,TLI6,2021,860
TLD3,TLI7,2021,2562
TLD3,TLJ1,2021,2142
TLD3,TLJ2,2021,1644
TLD3,TLJ3,2021,1000
TLD3,TLJ4,2021,789
TLD3,TLK3,2021,612
TLD3,TLK4,2021,930
TLD3,TLK5,2021,1133
TLD3,TLK6,2021,955
TLD3,TLK7,2021,940
TLD3,TLL3,2021,2648
TLD3,TLL4,2021,614
TLD3,TLL5,2021,859
TLD3,TLN0,2021,680
TLD4,S92000003,2021,1662
TLD4,TLC3,2021,392
TLD4,TLC4,2021,1585
TLD4,TLD1,2021,2443
TLD4,TLD3,2021,11218
TLD4,TLD6,2021,1885
TLD4,TLD7,2021,5958
TLD4,TLE1,2021,433
TLD4,TLE2,2021,1682
TLD4,TLE3,2021,1062
TLD4,TLE4,2021,3589
TLD4,TLF1,2021,1254
TLD4,TLF2,2021,853
TLD4,TLF3,2021,399
TLD4,TLG1,2021,559
TLD4,TLG2,2021,1114
TLD4,TLG3,2021,1393
TLD4,TLH2,2021,500
TLD4,TLH3,2021,416
TLD4,TLH4,2021,433
TLD4,TLH5,2021,298
TLD4,TLH6,2021,159
TLD4,TLI3,2021,604
TLD4,TLI4,2021,1116
TLD4,TLI5,2021,430
TLD4,TLI6,2021,291
TLD4,TLI7,2021,663
TLD4,TLJ1,2021,988
TLD4,TLJ2,2021,677
TLD4,TLJ3,2021,472
TLD4,TLJ4,2021,389
TLD4,TLK3,2021,309
TLD4,TLK4,2021,493
TLD4,TLK5,2021,430
TLD4,TLK6,2021,444
TLD4,TLK7,2021,477
TLD4,TLL3,2021,832
TLD4,TLL4,2021,290
TLD4,TLL5,2021,350
TLD4,TLN0,2021,293
TLD6,S92000003,2021,781
TLD6,TLC3,2021,154
TLD6,TLC4,2021,991
TLD6,TLD1,2021,479
TLD6,TLD3,2021,6630
TLD6,TLD4,2021,2008
TLD6,TLD7,2021,6855
TLD6,TLE1,2021,296
TLD6,TLE2,2021,638
TLD6,TLE3,2021,935
TLD6,TLE4,2021,1478
TLD6,TLF1,2021,1528
TLD6,TLF2,2021,586
TLD6,TLF3,2021,278
TLD6,TLG1,2021,514
TLD6,TLG2,2021,3248
TLD6,TLG3,2021,982
TLD6,TLH2,2021,367
TLD6,TLH3,2021,228
TLD6,TLH4,2021,340
TLD6,TLH5,2021,201
TLD6,TLH6,2021,108
TLD6,TLI3,2021,483
TLD6,TLI4,2021,753
TLD6,TLI5,2021,194
TLD6,TLI6,2021,174
TLD6,TLI7,2021,287
TLD6,TLJ1,2021,708
TLD6,TLJ2,2021,575
TLD6,TLJ3,2021,362
TLD6,TLJ4,2021,296
TLD6,TLK3,2021,233
TLD6,TLK4,2021,439
TLD6,TLK5,2021,437
TLD6,TLK6,2021,376
TLD6,TLK7,2021,379
TLD6,TLL3,2021,3454
TLD6,TLL4,2021,365
TLD6,TLL5,2021,314
TLD6,TLN0,2021,149
TLD7,S92000003,2021,1078
TLD7,TLC3,2021,340
TLD7,TLC4,2021,1257
TLD7,TLD1,2021,723
TLD7,TLD3,2021,7817
TLD7,TLD4,2021,6426
TLD7,TLD6,2021,7185
TLD7,TLE1,2021,453
TLD7,TLE2,2021,731
TLD7,TLE3,2021,1044
TLD7,TLE4,2021,2371
TLD7,TLF1,2021,1385
TLD7,TLF2,2021,855
TLD7,TLF3,2021,251
TLD7,TLG1,2021,749
TLD7,TLG2,2021,1486
TLD7,TLG3,2021,1655
TLD7,TLH2,2021,606
TLD7,TLH3,2021,385
TLD7,TLH4,2021,425
TLD7,TLH5,2021,269
TLD7,TLH6,2021,210
TLD7,TLI3,2021,1036
TLD7,TLI4,2021,1558
TLD7,TLI5,2021,488
TLD7,TLI6,2021,411
TLD7,TLI7,2021,1006
TLD7,TLJ1,2021,1013
TLD7,TLJ2,2021,804
TLD7,TLJ3,2021,484
TLD7,TLJ4,2021,345
TLD7,TLK3,2021,285
TLD7,TLK4,2021,421
TLD7,TLK5,2021,577
TLD7,TLK6,2021,507
TLD7,TLK7,2021,468
TLD7,TLL3,2021,2586
TLD7,TLL4,2021,440
TLD7,TLL5,2021,473
TLD7,TLN0,2021,943
TLE1,S92000003,2021,630
TLE1,TLC3,2021,466
TLE1,TLC4,2021,1534
TLE1,TLD1,2021,217
TLE1,TLD3,2021,1390
TLE1,TLD4,2021,508
TLE1,TLD6,2021,272
TLE1,TLD7,2021,559
TLE1,TLE2,2021,3427
TLE1,TLE3,2021,2641
TLE1,TLE4,2021,3531
TLE1,TLF1,2021,1535
TLE1,TLF2,2021,600
TLE1,TLF3,2021,3206
TLE1,TLG1,2021,289
TLE1,TLG2,2021,430
TLE1,TLG3,2021,606
TLE1,TLH2,2021,302
TLE1,TLH3,2021,258
TLE1,TLH4,2021,310
TLE1,TLH5,2021,255
TLE1,TLH6,2021,128
TLE1,TLI3,2021,346
TLE1,TLI4,2021,698
TLE1,TLI5,2021,266
TLE1,TLI6,2021,193
TLE1,TLI7,2021,357
TLE1,TLJ1,2021,443
TLE1,TLJ2,2021,385
TLE1,TLJ3,2021,351
TLE1,TLJ4,2021,234
TLE1,TLK3,2021,144
TLE1,TLK4,2021,255
TLE1,TLK5,2021,148
TLE1,TLK6,2021,228
TLE1,TLK7,2021,237
TLE1,TLL3,2021,127
TLE1,TLL4,2021,124
TLE1,TLL5,2021,181
TLE1,TLN0,2021,77
TLE2,S92000003,2021,1491
TLE2,TLC3,2021,2808
TLE2,TLC4,2021,3700
TLE2,TLD1,2021,641
TLE2,TLD3,2021,1725
TLE2,TLD4,2021,1573
TLE2,TLD6,2021,500
TLE2,TLD7,2021,816
TLE2,TLE1,2021,4110
TLE2,TLE3,2021,1699
TLE2,TLE4,2021,6555
TLE2,TLF1,2021,1482
TLE2,TLF2,2021,751
TLE2,TLF3,2021,616
TLE2,TLG1,2021,465
TLE2,TLG2,2021,572
TLE2,TLG3,2021,599
TLE2,TLH2,2021,477
TLE2,TLH3,2021,373
TLE2,TLH4,2021,610
TLE2,TLH5,2021,415
TLE2,TLH6,2021,310
TLE2,TLI3,2021,846
TLE2,TLI4,2021,1142
TLE2,TLI5,2021,312
TLE2,TLI6,2021,340
TLE2,TLI7,2021,506
TLE2,TLJ1,2021,1013
TLE2,TLJ2,2021,780
TLE2,TLJ3,2021,488
TLE2,TLJ4,2021,401
TLE2,TLK3,2021,209
TLE2,TLK4,2021,398
TLE2,TLK5,2021,422
TLE2,TLK6,2021,361
TLE2,TLK7,2021,690
TLE2,TLL3,2021,204
TLE2,TLL4,2021,218
TLE2,TLL5,2021,229
TLE2,TLN0,2021,178
TLE3,S92000003,2021,946
TLE3,TLC3,2021,585
TLE3,TLC4,2021,1795
TLE3,TLD1,2021,265
TLE3,TLD3,2021,3481
TLE3,TLD4,2021,1041
TLE3,TLD6,2021,916
TLE3,TLD7,2021,1131
TLE3,TLE1,2021,2736
TLE3,TLE2,2021,2083
TLE3,TLE4,2021,7053
TLE3,TLF1,2021,9348
TLE3,TLF2,2021,1538
TLE3,TLF3,2021,1953
TLE3,TLG1,2021,618
TLE3,TLG2,2021,970
TLE3,TLG3,2021,1646
TLE3,TLH2,2021,752
TLE3,TLH3,2021,429
TLE3,TLH4,2021,700
TLE3,TLH5,2021,443
TLE3,TLH6,2021,314
TLE3,TLI3,2021,862
TLE3,TLI4,2021,1663
TLE3,TLI5,2021,573
TLE3,TLI6,2021,417
TLE3,TLI7,2021,812
TLE3,TLJ1,2021,1129
TLE3,TLJ2,2021,891
TLE3,TLJ3,2021,500
TLE3,TLJ4,2021,462
TLE3,TLK3,2021,299
TLE3,TLK4,2021,406
TLE3,TLK5,2021,562
TLE3,TLK6,2021,440
TLE3,TLK7,2021,488
TLE3,TLL3,2021,329
TLE3,TLL4,2021,246
TLE3,TLL5,2021,389
TLE3,TLN0,2021,118
TLE4,S92000003,2021,1872
TLE4,TLC3,2021,1744
TLE4,TLC4,2021,4918
TLE4,TLD1,2021,969
TLE4,TLD3,2021,8600
TLE4,TLD4,2021,4056
TLE4,TLD6,2021,1569
TLE4,TLD7,2021,2803
TLE4,TLE1,2021,4365
TLE4,TLE2,2021,10683
TLE4,TLE3,2021,7792
TLE4,TLF1,2021,3764
TLE4,TLF2,2021,1916
TLE4,TLF3,2021,1405
TLE4,TLG1,2021,936
TLE4,TLG2,2021,1292
TLE4,TLG3,2021,2822
TLE4,TLH2,2021,1396
TLE4,TLH3,2021,831
TLE4,TLH4,2021,1051
TLE4,TLH5,2021,595
TLE4,TLH6,2021,446
TLE4,TLI3,2021,1859
TLE4,TLI4,2021,3286
TLE4,TLI5,2021,1091
TLE4,TLI6,2021,850
TLE4,TLI7,2021,2019
TLE4,TLJ1,2021,1968
TLE4,TLJ2,2021,1621
TLE4,TLJ3,2021,793
TLE4,TLJ4,2021,743
TLE4,TLK3,2021,395
TLE4,TLK4,2021,732
TLE4,TLK5,2021,876
TLE4,TLK6,2021,628
TLE4,TLK7,2021,739
TLE4,TLL3,2021,573
TLE4,TLL4,2021,421
TLE4,TLL5,2021,509
TLE4,TLN0,2021,375
TLF1,S92000003,2021,1538
TLF1,TLC3,2021,485
TLF1,TLC4,2021,2111
TLF1,TLD1,2021,441
TLF1,TLD3,2021,4777
TLF1,TLD4,2021,1378
TLF1,TLD6,2021,1465
TLF1,TLD7,2021,1572
TLF1,TLE1,2021,1541
TLF1,TLE2,2021,1656
TLF1,TLE3,2021,7258
TLF1,TLE4,2021,3815
TLF1,TLF2,2021,7917
TLF1,TLF3,2021,5206
TLF1,TLG1,2021,1992
TLF1,TLG2,2021,5223
TLF1,TLG3,2021,5179
TLF1,TLH2,2021,2538
TLF1,TLH3,2021,1223
TLF1,TLH4,2021,1780
TLF1,TLH5,2021,1191
TLF1,TLH6,2021,784
TLF1,TLI3,2021,1807
TLF1,TLI4,2021,3234
TLF1,TLI5,2021,1473
TLF1,TLI6,2021,974
TLF1,TLI7,2021,2139
TLF1,TLJ1,2021,2842
TLF1,TLJ2,2021,2043
TLF1,TLJ3,2021,1105
TLF1,TLJ4,2021,1010
TLF1,TLK3,2021,751
TLF1,TLK4,2021,1155
TLF1,TLK5,2021,1121
TLF1,TLK6,2021,979
TLF1,TLK7,2021,1092
TLF1,TLL3,2021,580
TLF1,TLL4,2021,581
TLF1,TLL5,2021,729
TLF1,TLN0,2021,256
TLF2,S92000003,2021,1311
TLF2,TLC3,2021,406
TLF2,TLC4,2021,1650
TLF2,TLD1,2021,403
TLF2,TLD3,2021,2197
TLF2,TLD4,2021,1052
TLF2,TLD6,2021,762
TLF2,TLD7,2021,1087
TLF2,TLE1,2021,901
TLF2,TLE2,2021,1141
TLF2,TLE3,2021,1987
TLF2,TLE4,2021,2220
TLF2,TLF1,2021,9157
TLF2,TLF3,2021,3992
TLF2,TLG1,2021,4494
TLF2,TLG2,2021,2227
TLF2,TLG3,2021,6127
TLF2,TLH2,2021,3498
TLF2,TLH3,2021,1316
TLF2,TLH4,2021,2816
TLF2,TLH5,2021,1696
TLF2,TLH6,2021,765
TLF2,TLI3,2021,1708
TLF2,TLI4,2021,3580
TLF2,TLI5,2021,1932
TLF2,TLI6,2021,1194
TLF2,TLI7,2021,2392
TLF2,TLJ1,2021,6043
TLF2,TLJ2,2021,2265
TLF2,TLJ3,2021,1651
TLF2,TLJ4,2021,1149
TLF2,TLK3,2021,876
TLF2,TLK4,2021,1406
TLF2,TLK5,2021,1127
TLF2,TLK6,2021,1285
TLF2,TLK7,2021,1369
TLF2,TLL3,2021,495
TLF2,TLL4,2021,815
TLF2,TLL5,2021,933
TLF2,TLN0,2021,270
TLF3,S92000003,2021,646
TLF3,TLC3,2021,258
TLF3,TLC4,2021,967
TLF3,TLD1,2021,175
TLF3,TLD3,2021,724
TLF3,TLD4,2021,461
TLF3,TLD6,2021,309
TLF3,TLD7,2021,325
TLF3,TLE1,2021,2895
TLF3,TLE2,2021,828
TLF3,TLE3,2021,1828
TLF3,TLE4,2021,1449
TLF3,TLF1,2021,4937
TLF3,TLF2,2021,2781
TLF3,TLG1,2021,553
TLF3,TLG2,2021,554
TLF3,TLG3,2021,782
TLF3,TLH2,2021,793
TLF3,TLH3,2021,551
TLF3,TLH4,2021,2823
TLF3,TLH5,2021,1524
TLF3,TLH6,2021,514
TLF3,TLI3,2021,384
TLF3,TLI4,2021,734
TLF3,TLI5,2021,292
TLF3,TLI6,2021,224
TLF3,TLI7,2021,425
TLF3,TLJ1,2021,827
TLF3,TLJ2,2021,624
TLF3,TLJ3,2021,504
TLF3,TLJ4,2021,401
TLF3,TLK3,2021,242
TLF3,TLK4,2021,318
TLF3,TLK5,2021,230
TLF3,TLK6,2021,374
TLF3,TLK7,2021,426
TLF3,TLL3,2021,163
TLF3,TLL4,2021,181
TLF3,TLL5,2021,168
TLF3,TLN0,2021,90
TLG1,S92000003,2021,884
TLG1,TLC3,2021,201
TLG1,TLC4,2021,782
TLG1,TLD1,2021,220
TLG1,TLD3,2021,1275
TLG1,TLD4,2021,598
TLG1,TLD6,2021,461
TLG1,TLD7,2021,896
TLG1,TLE1,2021,347
TLG1,TLE2,2021,574
TLG1,TLE3,2021,727
TLG1,TLE4,2021,890
TLG1,TLF1,2021,2374
TLG1,TLF2,2021,4365
TLG1,TLF3,2021,594
TLG1,TLG2,2021,4025
TLG1,TLG3,2021,11038
TLG1,TLH2,2021,746
TLG1,TLH3,2021,476
TLG1,TLH4,2021,616
TLG1,TLH5,2021,452
TLG1,TLH6,2021,238
TLG1,TLI3,2021,1145
TLG1,TLI4,2021,1550
TLG1,TLI5,2021,457
TLG1,TLI6,2021,391
TLG1,TLI7,2021,828
TLG1,TLJ1,2021,2586
TLG1,TLJ2,2021,1238
TLG1,TLJ3,2021,1015
TLG1,TLJ4,2021,464
TLG1,TLK3,2021,849
TLG1,TLK4,2021,1655
TLG1,TLK5,2021,1643
TLG1,TLK6,2021,1335
TLG1,TLK7,2021,3773
TLG1,TLL3,2021,456
TLG1,TLL4,2021,1701
TLG1,TLL5,2021,1649
TLG1,TLN0,2021,140
TLG2,S92000003,2021,1026
TLG2,TLC3,2021,254
TLG2,TLC4,2021,821
TLG2,TLD1,2021,316
TLG2,TLD3,2021,2706
TLG2,TLD4,2021,1142
TLG2,TLD6,2021,4052
TLG2,TLD7,2021,1727
TLG2,TLE1,2021,426
TLG2,TLE2,2021,674
TLG2,TLE3,2021,905
TLG2,TLE4,2021,1214
TLG2,TLF1,2021,5762
TLG2,TLF2,2021,2146
TLG2,TLF3,2021,595
TLG2,TLG1,2021,3909
TLG2,TLG3,2021,8819
TLG2,TLH2,2021,668
TLG2,TLH3,2021,421
TLG2,TLH4,2021,579
TLG2,TLH5,2021,442
TLG2,TLH6,2021,274
TLG2,TLI3,2021,692
TLG2,TLI4,2021,998
TLG2,TLI5,2021,472
TLG2,TLI6,2021,309
TLG2,TLI7,2021,716
TLG2,TLJ1,2021,1463
TLG2,TLJ2,2021,865
TLG2,TLJ3,2021,741
TLG2,TLJ4,2021,390
TLG2,TLK3,2021,658
TLG2,TLK4,2021,1010
TLG2,TLK5,2021,721
TLG2,TLK6,2021,878
TLG2,TLK7,2021,980
TLG2,TLL3,2021,1564
TLG2,TLL4,2021,1800
TLG2,TLL5,2021,716
TLG2,TLN0,2021,279
TLG3,S92000003,2021,1589
TLG3,TLC3,2021,421
TLG3,TLC4,2021,1359
TLG3,TLD1,2021,332
TLG3,TLD3,2021,4054
TLG3,TLD4,2021,1676
TLG3,TLD6,2021,1112
TLG3,TLD7,2021,2006
TLG3,TLE1,2021,654
TLG3,TLE2,2021,877
TLG3,TLE3,2021,1665
TLG3,TLE4,2021,2858
TLG3,TLF1,2021,6094
TLG3,TLF2,2021,6777
TLG3,TLF3,2021,1124
TLG3,TLG1,2021,25506
TLG3,TLG2,2021,19971
TLG3,TLH2,2021,2778
TLG3,TLH3,2021,1655
TLG3,TLH4,2021,1481
TLG3,TLH5,2021,782
TLG3,TLH6,2021,537
TLG3,TLI3,2021,2666
TLG3,TLI4,2021,5714
TLG3,TLI5,2021,3059
TLG3,TLI6,2021,1624
TLG3,TLI7,2021,4283
TLG3,TLJ1,2021,4813
TLG3,TLJ2,2021,2611
TLG3,TLJ3,2021,1849
TLG3,TLJ4,2021,1357
TLG3,TLK3,2021,940
TLG3,TLK4,2021,2109
TLG3,TLK5,2021,1838
TLG3,TLK6,2021,1799
TLG3,TLK7,2021,2259
TLG3,TLL3,2021,977
TLG3,TLL4,2021,1548
TLG3,TLL5,2021,1706
TLG3,TLN0,2021,333
TLH2,S92000003,2021,1583
TLH2,TLC3,2021,347
TLH2,TLC4,2021,1466
TLH2,TLD1,2021,345
TLH2,TLD3,2021,1772
TLH2,TLD4,2021,817
TLH2,TLD6,2021,637
TLH2,TLD7,2021,937
TLH2,TLE1,2021,468
TLH2,TLE2,2021,999
TLH2,TLE3,2021,1208
TLH2,TLE4,2021,1954
TLH2,TLF1,2021,3762
TLH2,TLF2,2021,5676
TLH2,TLF3,2021,1936
TLH2,TLG1,2021,1321
TLH2,TLG2,2021,1140
TLH2,TLG3,2021,3265
TLH2,TLH3,2021,5832
TLH2,TLH4,2021,6312
TLH2,TLH5,2021,3106
TLH2,TLH6,2021,1570
TLH2,TLI3,2021,2764
TLH2,TLI4,2021,5319
TLH2,TLI5,2021,3613
TLH2,TLI6,2021,1296
TLH2,TLI7,2021,6038
TLH2,TLJ1,2021,11181
TLH2,TLJ2,2021,3910
TLH2,TLJ3,2021,2631
TLH2,TLJ4,2021,1939
TLH2,TLK3,2021,898
TLH2,TLK4,2021,1938
TLH2,TLK5,2021,1475
TLH2,TLK6,2021,2495
TLH2,TLK7,2021,1301
TLH2,TLL3,2021,307
TLH2,TLL4,2021,715
TLH2,TLL5,2021,842
TLH2,TLN0,2021,345
TLH3,S92000003,2021,1127
TLH3,TLC3,2021,250
TLH3,TLC4,2021,1077
TLH3,TLD1,2021,251
TLH3,TLD3,2021,1045
TLH3,TLD4,2021,620
TLH3,TLD6,2021,337
TLH3,TLD7,2021,563
TLH3,TLE1,2021,424
TLH3,TLE2,2021,671
TLH3,TLE3,2021,681
TLH3,TLE4,2021,982
TLH3,TLF1,2021,2085
TLH3,TLF2,2021,1757
TLH3,TLF3,2021,1445
TLH3,TLG1,2021,697
TLH3,TLG2,2021,681
TLH3,TLG3,2021,1860
TLH3,TLH2,2021,5503
TLH3,TLH4,2021,2903
TLH3,TLH5,2021,4111
TLH3,TLH6,2021,7294
TLH3,TLI3,2021,1697
TLH3,TLI4,2021,5433
TLH3,TLI5,2021,7150
TLH3,TLI6,2021,1288
TLH3,TLI7,2021,2068
TLH3,TLJ1,2021,2329
TLH3,TLJ2,2021,3375
TLH3,TLJ3,2021,1876
TLH3,TLJ4,2021,3756
TLH3,TLK3,2021,681
TLH3,TLK4,2021,1413
TLH3,TLK5,2021,862
TLH3,TLK6,2021,1293
TLH3,TLK7,2021,996
TLH3,TLL3,2021,238
TLH3,TLL4,2021,479
TLH3,TLL5,2021,589
TLH3,TLN0,2021,221
TLH4,S92000003,2021,1169
TLH4,TLC3,2021,208
TLH4,TLC4,2021,1047
TLH4,TLD1,2021,163
TLH4,TLD3,2021,1021
TLH4,TLD4,2021,402
TLH4,TLD6,2021,306
TLH4,TLD7,2021,466
TLH4,TLE1,2021,369
TLH4,TLE2,2021,813
TLH4,TLE3,2021,837
TLH4,TLE4,2021,1332
TLH4,TLF1,2021,2013
TLH4,TLF2,2021,2957
TLH4,TLF3,2021,4478
TLH4,TLG1,2021,666
TLH4,TLG2,2021,530
TLH4,TLG3,2021,1293
TLH4,TLH2,2021,3023
TLH4,TLH3,2021,1720
TLH4,TLH5,2021,3837
TLH4,TLH6,2021,3217
TLH4,TLI3,2021,2167
TLH4,TLI4,2021,3449
TLH4,TLI5,2021,946
TLH4,TLI6,2021,593
TLH4,TLI7,2021,1254
TLH4,TLJ1,2021,2157
TLH4,TLJ2,2021,1581
TLH4,TLJ3,2021,884
TLH4,TLJ4,2021,742
TLH4,TLK3,2021,354
TLH4,TLK4,2021,669
TLH4,TLK5,2021,874
TLH4,TLK6,2021,618
TLH4,TLK7,2021,672
TLH4,TLL3,2021,188
TLH4,TLL4,2021,319
TLH4,TLL5,2021,360
TLH4,TLN0,2021,187
TLH5,S92000003,2021,658
TLH5,TLC3,2021,151
TLH5,TLC4,2021,528
TLH5,TLD1,2021,184
TLH5,TLD3,2021,583
TLH5,TLD4,2021,304
TLH5,TLD6,2021,176
TLH5,TLD7,2021,275
TLH5,TLE1,2021,308
TLH5,TLE2,2021,436
TLH5,TLE3,2021,519
TLH5,TLE4,2021,549
TLH5,TLF1,2021,1266
TLH5,TLF2,2021,1144
TLH5,TLF3,2021,1671
TLH5,TLG1,2021,448
TLH5,TLG2,2021,407
TLH5,TLG3,2021,671
TLH5,TLH2,2021,1135
TLH5,TLH3,2021,1596
TLH5,TLH4,2021,2947
TLH5,TLH6,2021,5325
TLH5,TLI3,2021,758
TLH5,TLI4,2021,1526
TLH5,TLI5,2021,696
TLH5,TLI6,2021,382
TLH5,TLI7,2021,624
TLH5,TLJ1,2021,1052
TLH5,TLJ2,2021,1176
TLH5,TLJ3,2021,632
TLH5,TLJ4,2021,713
TLH5,TLK3,2021,248
TLH5,TLK4,2021,420
TLH5,TLK5,2021,447
TLH5,TLK6,2021,475
TLH5,TLK7,2021,420
TLH5,TLL3,2021,172
TLH5,TLL4,2021,227
TLH5,TLL5,2021,291
TLH5,TLN0,2021,69
TLH6,S92000003,2021,486
TLH6,TLC3,2021,121
TLH6,TLC4,2021,522
TLH6,TLD1,2021,98
TLH6,TLD3,2021,470
TLH6,TLD4,2021,178
TLH6,TLD6,2021,123
TLH6,TLD7,2021,192
TLH6,TLE1,2021,201
TLH6,TLE2,2021,388
TLH6,TLE3,2021,382
TLH6,TLE4,2021,454
TLH6,TLF1,2021,914
TLH6,TLF2,2021,709
TLH6,TLF3,2021,638
TLH6,TLG1,2021,285
TLH6,TLG2,2021,298
TLH6,TLG3,2021,513
TLH6,TLH2,2021,716
TLH6,TLH3,2021,3389
TLH6,TLH4,2021,2630
TLH6,TLH5,2021,6341
TLH6,TLI3,2021,703
TLH6,TLI4,2021,1280
TLH6,TLI5,2021,473
TLH6,TLI6,2021,249
TLH6,TLI7,2021,450
TLH6,TLJ1,2021,779
TLH6,TLJ2,2021,992
TLH6,TLJ3,2021,551
TLH6,TLJ4,2021,538
TLH6,TLK3,2021,242
TLH6,TLK4,2021,402
TLH6,TLK5,2021,432
TLH6,TLK6,2021,470
TLH6,TLK7,2021,401
TLH6,TLL3,2021,133
TLH6,TLL4,2021,244
TLH6,TLL5,2021,214
TLH6,TLN0,2021,78
TLI3,S92000003,2021,2282
TLI3,TLC3,2021,227
TLI3,TLC4,2021,1218
TLI3,TLD1,2021,225
TLI3,TLD3,2021,2027
TLI3,TLD4,2021,593
TLI3,TLD6,2021,619
TLI3,TLD7,2021,825
TLI3,TLE1,2021,298
TLI3,TLE2,2021,902
TLI3,TLE3,2021,678
TLI3,TLE4,2021,1383
TLI3,TLF1,2021,1417
TLI3,TLF2,2021,1555
TLI3,TLF3,2021,395
TLI3,TLG1,2021,1186
TLI3,TLG2,2021,687
TLI3,TLG3,2021,1957
TLI3,TLH2,2021,4523
TLI3,TLH3,2021,2135
TLI3,TLH4,2021,1958
TLI3,TLH5,2021,1009
TLI3,TLH6,2021,909
TLI3,TLI4,2021,35386
TLI3,TLI5,2021,6131
TLI3,TLI6,2021,13445
TLI3,TLI7,2021,23670
TLI3,TLJ1,2021,8167
TLI3,TLJ2,2021,11552
TLI3,TLJ3,2021,3587
TLI3,TLJ4,2021,3365
TLI3,TLK3,2021,625
TLI3,TLK4,2021,1592
TLI3,TLK5,2021,2239
TLI3,TLK6,2021,2359
TLI3,TLK7,2021,2724
TLI3,TLL3,2021,223
TLI3,TLL4,2021,493
TLI3,TLL5,2021,867
TLI3,TLN0,2021,434
TLI4,S92000003,2021,3936
TLI4,TLC3,2021,511
TLI4,TLC4,2021,2189
TLI4,TLD1,2021,468
TLI4,TLD3,2021,4532
TLI4,TLD4,2021,1102
TLI4,TLD6,2021,1096
TLI4,TLD7,2021,1846
TLI4,TLE1,2021,637
TLI4,TLE2,2021,1489
TLI4,TLE3,2021,1658
TLI4,TLE4,2021,3118
TLI4,TLF1,2021,2963
TLI4,TLF2,2021,3649
TLI4,TLF3,2021,810
TLI4,TLG1,2021,1901
TLI4,TLG2,2021,1337
TLI4,TLG3,2021,5239
TLI4,TLH2,2021,9736
TLI4,TLH3,2021,10825
TLI4,TLH4,2021,3387
TLI4,TLH5,2021,2128
TLI4,TLH6,2021,2134
TLI4,TLI3,2021,33500
TLI4,TLI5,2021,48434
TLI4,TLI6,2021,23741
TLI4,TLI7,2021,19946
TLI4,TLJ1,2021,9286
TLI4,TLJ2,2021,15183
TLI4,TLJ3,2021,4336
TLI4,TLJ4,2021,11494
TLI4,TLK3,2021,1154
TLI4,TLK4,2021,2347
TLI4,TLK5,2021,4264
TLI4,TLK6,2021,3484
TLI4,TLK7,2021,3049
TLI4,TLL3,2021,469
TLI4,TLL4,2021,940
TLI4,TLL5,2021,1650
TLI4,TLN0,2021,832
TLI5,S92000003,2021,1367
TLI5,TLC3,2021,332
TLI5,TLC4,2021,875
TLI5,TLD1,2021,214
TLI5,TLD3,2021,2176
TLI5,TLD4,2021,638
TLI5,TLD6,2021,440
TLI5,TLD7,2021,799
TLI5,TLE1,2021,471
TLI5,TLE2,2021,587
TLI5,TLE3,2021,876
TLI5,TLE4,2021,1656
TLI5,TLF1,2021,2479
TLI5,TLF2,2021,2581
TLI5,TLF3,2021,782
TLI5,TLG1,2021,867
TLI5,TLG2,2021,880
TLI5,TLG3,2021,4281
TLI5,TLH2,2021,9596
TLI5,TLH3,2021,23181
TLI5,TLH4,2021,2072
TLI5,TLH5,2021,1899
TLI5,TLH6,2021,1642
TLI5,TLI3,2021,4774
TLI5,TLI4,2021,29065
TLI5,TLI6,2021,6057
TLI5,TLI7,2021,8608
TLI5,TLJ1,2021,3960
TLI5,TLJ2,2021,5683
TLI5,TLJ3,2021,2018
TLI5,TLJ4,2021,13808
TLI5,TLK3,2021,513
TLI5,TLK4,2021,1145
TLI5,TLK5,2021,1153
TLI5,TLK6,2021,1438
TLI5,TLK7,2021,969
TLI5,TLL3,2021,225
TLI5,TLL4,2021,419
TLI5,TLL5,2021,651
TLI5,TLN0,2021,317
TLI6,S92000003,2021,1198
TLI6,TLC3,2021,217
TLI6,TLC4,2021,910
TLI6,TLD1,2021,151
TLI6,TLD3,2021,1368
TLI6,TLD4,2021,456
TLI6,TLD6,2021,368
TLI6,TLD7,2021,800
TLI6,TLE1,2021,301
TLI6,TLE2,2021,581
TLI6,TLE3,2021,613
TLI6,TLE4,2021,1241
TLI6,TLF1,2021,1594
TLI6,TLF2,2021,1604
TLI6,TLF3,2021,431
TLI6,TLG1,2021,798
TLI6,TLG2,2021,607
TLI6,TLG3,2021,2331
TLI6,TLH2,2021,2146
TLI6,TLH3,2021,1805
TLI6,TLH4,2021,1068
TLI6,TLH5,2021,884
TLI6,TLH6,2021,585
TLI6,TLI3,2021,8009
TLI6,TLI4,2021,13171
TLI6,TLI5,2021,5226
TLI6,TLI7,2021,5760
TLI6,TLJ1,2021,3625
TLI6,TLJ2,2021,23975
TLI6,TLJ3,2021,3913
TLI6,TLJ4,2021,9293
TLI6,TLK3,2021,547
TLI6,TLK4,2021,1503
TLI6,TLK5,2021,1325
TLI6,TLK6,2021,2109
TLI6,TLK7,2021,1175
TLI6,TLL3,2021,147
TLI6,TLL4,2021,446
TLI6,TLL5,2021,666
TLI6,TLN0,2021,275
TLI7,S92000003,2021,1990
TLI7,TLC3,2021,343
TLI7,TLC4,2021,1595
TLI7,TLD1,2021,209
TLI7,TLD3,2021,2929
TLI7,TLD4,2021,850
TLI7,TLD6,2021,692
TLI7,TLD7,2021,1294
TLI7,TLE1,2021,495
TLI7,TLE2,2021,831
TLI7,TLE3,2021,1041
TLI7,TLE4,2021,2303
TLI7,TLF1,2021,3151
TLI7,TLF2,2021,4413
TLI7,TLF3,2021,714
TLI7,TLG1,2021,1452
TLI7,TLG2,2021,1184
TLI7,TLG3,2021,5885
TLI7,TLH2,2021,18247
TLI7,TLH3,2021,3076
TLI7,TLH4,2021,2262
TLI7,TLH5,2021,1215
TLI7,TLH6,2021,930
TLI7,TLI3,2021,18207
TLI7,TLI4,2021,18095
TLI7,TLI5,2021,8587
TLI7,TLI6,2021,7281
TLI7,TLJ1,2021,19975
TLI7,TLJ2,2021,15806
TLI7,TLJ3,2021,5261
TLI7,TLJ4,2021,3623
TLI7,TLK3,2021,830
TLI7,TLK4,2021,1966
TLI7,TLK5,2021,2335
TLI7,TLK6,2021,3246
TLI7,TLK7,2021,2533
TLI7,TLL3,2021,249
TLI7,TLL4,2021,698
TLI7,TLL5,2021,1213
TLI7,TLN0,2021,482
TLJ1,S92000003,2021,2944
TLJ1,TLC3,2021,405
TLJ1,TLC4,2021,1900
TLJ1,TLD1,2021,503
TLJ1,TLD3,2021,2523
TLJ1,TLD4,2021,1106
TLJ1,TLD6,2021,976
TLJ1,TLD7,2021,1216
TLJ1,TLE1,2021,643
TLJ1,TLE2,2021,1368
TLJ1,TLE3,2021,1440
TLJ1,TLE4,2021,2232
TLJ1,TLF1,2021,3847
TLJ1,TLF2,2021,8104
TLJ1,TLF3,2021,1407
TLJ1,TLG1,2021,3786
TLJ1,TLG2,2021,1834
TLJ1,TLG3,2021,5098
TLJ1,TLH2,2021,7107
TLJ1,TLH3,2021,1986
TLJ1,TLH4,2021,2560
TLJ1,TLH5,2021,1705
TLJ1,TLH6,2021,1043
TLJ1,TLI3,2021,6105
TLJ1,TLI4,2021,7237
TLJ1,TLI5,2021,1957
TLJ1,TLI6,2021,2020
TLJ1,TLI7,2021,6492
TLJ1,TLJ2,2021,9258
TLJ1,TLJ3,2021,10320
TLJ1,TLJ4,2021,2344
TLJ1,TLK3,2021,1967
TLJ1,TLK4,2021,4323
TLJ1,TLK5,2021,3964
TLJ1,TLK6,2021,5375
TLJ1,TLK7,2021,7278
TLJ1,TLL3,2021,504
TLJ1,TLL4,2021,1891
TLJ1,TLL5,2021,2391
TLJ1,TLN0,2021,486
TLJ2,S92000003,2021,2856
TLJ2,TLC3,2021,411
TLJ2,TLC4,2021,2048
TLJ2,TLD1,2021,472
TLJ2,TLD3,2021,2199
TLJ2,TLD4,2021,906
TLJ2,TLD6,2021,808
TLJ2,TLD7,2021,1208
TLJ2,TLE1,2021,637
TLJ2,TLE2,2021,1255
TLJ2,TLE3,2021,1202
TLJ2,TLE4,2021,2168
TLJ2,TLF1,2021,3134
TLJ2,TLF2,2021,2680
TLJ2,TLF3,2021,1214
TLJ2,TLG1,2021,1878
TLJ2,TLG2,2021,1471
TLJ2,TLG3,2021,2863
TLJ2,TLH2,2021,3052
TLJ2,TLH3,2021,2848
TLJ2,TLH4,2021,2019
TLJ2,TLH5,2021,1919
TLJ2,TLH6,2021,1376
TLJ2,TLI3,2021,6196
TLJ2,TLI4,2021,8492
TLJ2,TLI5,2021,3023
TLJ2,TLI6,2021,8762
TLJ2,TLI7,2021,6235
TLJ2,TLJ1,2021,10252
TLJ2,TLJ3,2021,17713
TLJ2,TLJ4,2021,8334
TLJ2,TLK3,2021,2194
TLJ2,TLK4,2021,4872
TLJ2,TLK5,2021,3812
TLJ2,TLK6,2021,6418
TLJ2,TLK7,2021,3447
TLJ2,TLL3,2021,459
TLJ2,TLL4,2021,1667
TLJ2,TLL5,2021,1827
TLJ2,TLN0,2021,513
TLJ3,S92000003,2021,1694
TLJ3,TLC3,2021,279
TLJ3,TLC4,2021,1117
TLJ3,TLD1,2021,265
TLJ3,TLD3,2021,1212
TLJ3,TLD4,2021,602
TLJ3,TLD6,2021,503
TLJ3,TLD7,2021,642
TLJ3,TLE1,2021,370
TLJ3,TLE2,2021,783
TLJ3,TLE3,2021,551
TLJ3,TLE4,2021,886
TLJ3,TLF1,2021,1504
TLJ3,TLF2,2021,1566
TLJ3,TLF3,2021,654
TLJ3,TLG1,2021,1238
TLJ3,TLG2,2021,1062
TLJ3,TLG3,2021,1683
TLJ3,TLH2,2021,1732
TLJ3,TLH3,2021,1507
TLJ3,TLH4,2021,1041
TLJ3,TLH5,2021,815
TLJ3,TLH6,2021,634
TLJ3,TLI3,2021,2247
TLJ3,TLI4,2021,3384
TLJ3,TLI5,2021,1447
TLJ3,TLI6,2021,1924
TLJ3,TLI7,2021,2456
TLJ3,TLJ1,2021,8251
TLJ3,TLJ2,2021,13197
TLJ3,TLJ4,2021,2181
TLJ3,TLK3,2021,1564
TLJ3,TLK4,2021,3561
TLJ3,TLK5,2021,2843
TLJ3,TLK6,2021,8543
TLJ3,TLK7,2021,5329
TLJ3,TLL3,2021,285
TLJ3,TLL4,2021,1212
TLJ3,TLL5,2021,1750
TLJ3,TLN0,2021,288
TLJ4,S92000003,2021,1426
TLJ4,TLC3,2021,359
TLJ4,TLC4,2021,1232
TLJ4,TLD1,2021,311
TLJ4,TLD3,2021,1015
TLJ4,TLD4,2021,626
TLJ4,TLD6,2021,369
TLJ4,TLD7,2021,583
TLJ4,TLE1,2021,439
TLJ4,TLE2,2021,640
TLJ4,TLE3,2021,668
TLJ4,TLE4,2021,1149
TLJ4,TLF1,2021,1742
TLJ4,TLF2,2021,1418
TLJ4,TLF3,2021,994
TLJ4,TLG1,2021,778
TLJ4,TLG2,2021,725
TLJ4,TLG3,2021,1545
TLJ4,TLH2,2021,1650
TLJ4,TLH3,2021,3104
TLJ4,TLH4,2021,1282
TLJ4,TLH5,2021,1501
TLJ4,TLH6,2021,1038
TLJ4,TLI3,2021,2253
TLJ4,TLI4,2021,5020
TLJ4,TLI5,2021,5319
TLJ4,TLI6,2021,3595
TLJ4,TLI7,2021,2093
TLJ4,TLJ1,2021,2731
TLJ4,TLJ2,2021,9653
TLJ4,TLJ3,2021,2635
TLJ4,TLK3,2021,814
TLJ4,TLK4,2021,1769
TLJ4,TLK5,2021,1136
TLJ4,TLK6,2021,1666
TLJ4,TLK7,2021,1105
TLJ4,TLL3,2021,253
TLJ4,TLL4,2021,730
TLJ4,TLL5,2021,664
TLJ4,TLN0,2021,244
TLK3,S92000003,2021,472
TLK3,TLC3,2021,68
TLK3,TLC4,2021,250
TLK3,TLD1,2021,106
TLK3,TLD3,2021,359
TLK3,TLD4,2021,201
TLK3,TLD6,2021,197
TLK3,TLD7,2021,213
TLK3,TLE1,2021,116
TLK3,TLE2,2021,191
TLK3,TLE3,2021,149
TLK3,TLE4,2021,250
TLK3,TLF1,2021,402
TLK3,TLF2,2021,293
TLK3,TLF3,2021,209
TLK3,TLG1,2021,563
TLK3,TLG2,2021,398
TLK3,TLG3,2021,467
TLK3,TLH2,2021,371
TLK3,TLH3,2021,307
TLK3,TLH4,2021,274
TLK3,TLH5,2021,233
TLK3,TLH6,2021,184
TLK3,TLI3,2021,423
TLK3,TLI4,2021,734
TLK3,TLI5,2021,213
TLK3,TLI6,2021,237
TLK3,TLI7,2021,356
TLK3,TLJ1,2021,880
TLK3,TLJ2,2021,1021
TLK3,TLJ3,2021,856
TLK3,TLJ4,2021,361
TLK3,TLK4,2021,5178
TLK3,TLK5,2021,1441
TLK3,TLK6,2021,1489
TLK3,TLK7,2021,909
TLK3,TLL3,2021,103
TLK3,TLL4,2021,339
TLK3,TLL5,2021,710
TLK3,TLN0,2021,68
TLK4,S92000003,2021,1101
TLK4,TLC3,2021,122
TLK4,TLC4,2021,643
TLK4,TLD1,2021,163
TLK4,TLD3,2021,749
TLK4,TLD4,2021,445
TLK4,TLD6,2021,321
TLK4,TLD7,2021,513
TLK4,TLE1,2021,208
TLK4,TLE2,2021,347
TLK4,TLE3,2021,381
TLK4,TLE4,2021,567
TLK4,TLF1,2021,786
TLK4,TLF2,2021,822
TLK4,TLF3,2021,307
TLK4,TLG1,2021,1167
TLK4,TLG2,2021,701
TLK4,TLG3,2021,1263
TLK4,TLH2,2021,853
TLK4,TLH3,2021,642
TLK4,TLH4,2021,572
TLK4,TLH5,2021,396
TLK4,TLH6,2021,333
TLK4,TLI3,2021,1517
TLK4,TLI4,2021,2016
TLK4,TLI5,2021,618
TLK4,TLI6,2021,613
TLK4,TLI7,2021,1030
TLK4,TLJ1,2021,2585
TLK4,TLJ2,2021,2562
TLK4,TLJ3,2021,2279
TLK4,TLJ4,2021,914
TLK4,TLK3,2021,5367
TLK4,TLK5,2021,4076
TLK4,TLK6,2021,5673
TLK4,TLK7,2021,2451
TLK4,TLL3,2021,225
TLK4,TLL4,2021,867
TLK4,TLL5,2021,2090
TLK4,TLN0,2021,164
TLK5,S92000003,2021,1046
TLK5,TLC3,2021,109
TLK5,TLC4,2021,646
TLK5,TLD1,2021,159
TLK5,TLD3,2021,1244
TLK5,TLD4,2021,380
TLK5,TLD6,2021,419
TLK5,TLD7,2021,540
TLK5,TLE1,2021,127
TLK5,TLE2,2021,379
TLK5,TLE3,2021,555
TLK5,TLE4,2021,768
TLK5,TLF1,2021,906
TLK5,TLF2,2021,848
TLK5,TLF3,2021,209
TLK5,TLG1,2021,1647
TLK5,TLG2,2021,684
TLK5,TLG3,2021,1606
TLK5,TLH2,2021,1018
TLK5,TLH3,2021,671
TLK5,TLH4,2021,779
TLK5,TLH5,2021,402
TLK5,TLH6,2021,292
TLK5,TLI3,2021,2379
TLK5,TLI4,2021,3568
TLK5,TLI5,2021,804
TLK5,TLI6,2021,909
TLK5,TLI7,2021,1652
TLK5,TLJ1,2021,3264
TLK5,TLJ2,2021,2955
TLK5,TLJ3,2021,2273
TLK5,TLJ4,2021,818
TLK5,TLK3,2021,1829
TLK5,TLK4,2021,4192
TLK5,TLK6,2021,10108
TLK5,TLK7,2021,8315
TLK5,TLL3,2021,286
TLK5,TLL4,2021,1647
TLK5,TLL5,2021,5128
TLK5,TLN0,2021,245
TLK6,S92000003,2021,1109
TLK6,TLC3,2021,132
TLK6,TLC4,2021,615
TLK6,TLD1,2021,240
TLK6,TLD3,2021,804
TLK6,TLD4,2021,444
TLK6,TLD6,2021,329
TLK6,TLD7,2021,554
TLK6,TLE1,2021,289
TLK6,TLE2,2021,473
TLK6,TLE3,2021,396
TLK6,TLE4,2021,588
TLK6,TLF1,2021,1006
TLK6,TLF2,2021,950
TLK6,TLF3,2021,343
TLK6,TLG1,2021,1237
TLK6,TLG2,2021,750
TLK6,TLG3,2021,1281
TLK6,TLH2,2021,1161
TLK6,TLH3,2021,801
TLK6,TLH4,2021,542
TLK6,TLH5,2021,473
TLK6,TLH6,2021,378
TLK6,TLI3,2021,1567
TLK6,TLI4,2021,2366
TLK6,TLI5,2021,729
TLK6,TLI6,2021,927
TLK6,TLI7,2021,1232
TLK6,TLJ1,2021,3333
TLK6,TLJ2,2021,3954
TLK6,TLJ3,2021,7301
TLK6,TLJ4,2021,962
TLK6,TLK3,2021,1718
TLK6,TLK4,2021,6689
TLK6,TLK5,2021,6973
TLK6,TLK7,2021,5095
TLK6,TLL3,2021,268
TLK6,TLL4,2021,1145
TLK6,TLL5,2021,2254
TLK6,TLN0,2021,198
TLK7,S92000003,2021,1196
TLK7,TLC3,2021,191
TLK7,TLC4,2021,753
TLK7,TLD1,2021,237
TLK7,TLD3,2021,982
TLK7,TLD4,2021,505
TLK7,TLD6,2021,339
TLK7,TLD7,2021,512
TLK7,TLE1,2021,318
TLK7,TLE2,2021,666
TLK7,TLE3,2021,476
TLK7,TLE4,2021,751
TLK7,TLF1,2021,1173
TLK7,TLF2,2021,1021
TLK7,TLF3,2021,460
TLK7,TLG1,2021,4515
TLK7,TLG2,2021,1128
TLK7,TLG3,2021,1897
TLK7,TLH2,2021,749
TLK7,TLH3,2021,553
TLK7,TLH4,2021,557
TLK7,TLH5,2021,424
TLK7,TLH6,2021,356
TLK7,TLI3,2021,1478
TLK7,TLI4,2021,1792
TLK7,TLI5,2021,451
TLK7,TLI6,2021,456
TLK7,TLI7,2021,1043
TLK7,TLJ1,2021,5301
TLK7,TLJ2,2021,2229
TLK7,TLJ3,2021,4062
TLK7,TLJ4,2021,701
TLK7,TLK3,2021,1408
TLK7,TLK4,2021,3434
TLK7,TLK5,2021,5761
TLK7,TLK6,2021,5116
TLK7,TLL3,2021,335
TLK7,TLL4,2021,1633
TLK7,TLL5,2021,3123
TLK7,TLN0,2021,233
TLL3,S92000003,2021,448
TLL3,TLC3,2021,66
TLL3,TLC4,2021,327
TLL3,TLD1,2021,136
TLL3,TLD3,2021,1870
TLL3,TLD4,2021,877
TLL3,TLD6,2021,3184
TLL3,TLD7,2021,2741
TLL3,TLE1,2021,135
TLL3,TLE2,2021,239
TLL3,TLE3,2021,332
TLL3,TLE4,2021,566
TLL3,TLF1,2021,505
TLL3,TLF2,2021,351
TLL3,TLF3,2021,151
TLL3,TLG1,2021,326
TLL3,TLG2,2021,1601
TLL3,TLG3,2021,656
TLL3,TLH2,2021,203
TLL3,TLH3,2021,141
TLL3,TLH4,2021,193
TLL3,TLH5,2021,101
TLL3,TLH6,2021,85
TLL3,TLI3,2021,211
TLL3,TLI4,2021,372
TLL3,TLI5,2021,118
TLL3,TLI6,2021,102
TLL3,TLI7,2021,242
TLL3,TLJ1,2021,373
TLL3,TLJ2,2021,357
TLL3,TLJ3,2021,267
TLL3,TLJ4,2021,161
TLL3,TLK3,2021,147
TLL3,TLK4,2021,278
TLL3,TLK5,2021,272
TLL3,TLK6,2021,280
TLL3,TLK7,2021,293
TLL3,TLL4,2021,970
TLL3,TLL5,2021,1004
TLL3,TLN0,2021,91
TLL4,S92000003,2021,548
TLL4,TLC3,2021,88
TLL4,TLC4,2021,294
TLL4,TLD1,2021,108
TLL4,TLD3,2021,698
TLL4,TLD4,2021,285
TLL4,TLD6,2021,370
TLL4,TLD7,2021,491
TLL4,TLE1,2021,128
TLL4,TLE2,2021,241
TLL4,TLE3,2021,226
TLL4,TLE4,2021,392
TLL4,TLF1,2021,566
TLL4,TLF2,2021,575
TLL4,TLF3,2021,207
TLL4,TLG1,2021,1471
TLL4,TLG2,2021,1641
TLL4,TLG3,2021,1119
TLL4,TLH2,2021,396
TLL4,TLH3,2021,321
TLL4,TLH4,2021,251
TLL4,TLH5,2021,199
TLL4,TLH6,2021,176
TLL4,TLI3,2021,497
TLL4,TLI4,2021,848
TLL4,TLI5,2021,356
TLL4,TLI6,2021,290
TLL4,TLI7,2021,570
TLL4,TLJ1,2021,1250
TLL4,TLJ2,2021,1089
TLL4,TLJ3,2021,817
TLL4,TLJ4,2021,381
TLL4,TLK3,2021,350
TLL4,TLK4,2021,906
TLL4,TLK5,2021,1662
TLL4,TLK6,2021,936
TLL4,TLK7,2021,1450
TLL4,TLL3,2021,933
TLL4,TLL5,2021,6924
TLL4,TLN0,2021,84
TLL5,S92000003,2021,792
TLL5,TLC3,2021,112
TLL5,TLC4,2021,412
TLL5,TLD1,2021,111
TLL5,TLD3,2021,995
TLL5,TLD4,2021,362
TLL5,TLD6,2021,330
TLL5,TLD7,2021,560
TLL5,TLE1,2021,177
TLL5,TLE2,2021,245
TLL5,TLE3,2021,414
TLL5,TLE4,2021,491
TLL5,TLF1,2021,785
TLL5,TLF2,2021,771
TLL5,TLF3,2021,208
TLL5,TLG1,2021,1788
TLL5,TLG2,2021,751
TLL5,TLG3,2021,1713
TLL5,TLH2,2021,623
TLL5,TLH3,2021,461
TLL5,TLH4,2021,417
TLL5,TLH5,2021,229
TLL5,TLH6,2021,224
TLL5,TLI3,2021,1083
TLL5,TLI4,2021,1602
TLL5,TLI5,2021,514
TLL5,TLI6,2021,529
TLL5,TLI7,2021,1070
TLL5,TLJ1,2021,1963
TLL5,TLJ2,2021,1370
TLL5,TLJ3,2021,1528
TLL5,TLJ4,2021,492
TLL5,TLK3,2021,826
TLL5,TLK4,2021,2156
TLL5,TLK5,2021,3601
TLL5,TLK6,2021,2094
TLL5,TLK7,2021,2816
TLL5,TLL3,2021,993
TLL5,TLL4,2021,7919
TLL5,TLN0,2021,190
TLN0,S92000003,2021,2043
TLN0,TLC3,2021,75
TLN0,TLC4,2021,862
TLN0,TLD1,2021,112
TLN0,TLD3,2021,629
TLN0,TLD4,2021,417
TLN0,TLD6,2021,229
TLN0,TLD7,2021,2283
TLN0,TLE1,2021,62
TLN0,TLE2,2021,167
TLN0,TLE3,2021,160
TLN0,TLE4,2021,336
TLN0,TLF1,2021,379
TLN0,TLF2,2021,258
TLN0,TLF3,2021,86
TLN0,TLG1,2021,173
TLN0,TLG2,2021,275
TLN0,TLG3,2021,390
TLN0,TLH2,2021,235
TLN0,TLH3,2021,177
TLN0,TLH4,2021,198
TLN0,TLH5,2021,105
TLN0,TLH6,2021,56
TLN0,TLI3,2021,599
TLN0,TLI4,2021,1280
TLN0,TLI5,2021,275
TLN0,TLI6,2021,190
TLN0,TLI7,2021,392
TLN0,TLJ1,2021,493
TLN0,TLJ2,2021,538
TLN0,TLJ3,2021,353
TLN0,TLJ4,2021,210
TLN0,TLK3,2021,58
TLN0,TLK4,2021,261
TLN0,TLK5,2021,318
TLN0,TLK6,2021,171
TLN0,TLK7,2021,151
TLN0,TLL3,2021,99
TLN0,TLL4,2021,128
TLN0,TLL5,2021,300
S92000003,TLC3,2022,463
S92000003,TLC4,2022,2603
S92000003,TLD1,2022,1017
S92000003,TLD3,2022,1672
S92000003,TLD4,2022,1180
S92000003,TLD6,2022,831
S92000003,TLD7,2022,904
S92000003,TLE1,2022,462
S92000003,TLE2,2022,856
S92000003,TLE3,2022,598
S92000003,TLE4,2022,1012
S92000003,TLF1,2022,908
S92000003,TLF2,2022,670
S92000003,TLF3,2022,413
S92000003,TLG1,2022,623
S92000003,TLG2,2022,544
S92000003,TLG3,2022,1048
S92000003,TLH2,2022,663
S92000003,TLH3,2022,539
S92000003,TLH4,2022,765
S92000003,TLH5,2022,428
S92000003,TLH6,2022,316
S92000003,TLI3,2022,2207
S92000003,TLI4,2022,3418
S92000003,TLI5,2022,1177
S92000003,TLI6,2022,711
S92000003,TLI7,2022,1778
S92000003,TLJ1,2022,1638
S92000003,TLJ2,2022,1480
S92000003,TLJ3,2022,1005
S92000003,TLJ4,2022,665
S92000003,TLK3,2022,324
S92000003,TLK4,2022,691
S92000003,TLK5,2022,770
S92000003,TLK6,2022,786
S92000003,TLK7,2022,679
S92000003,TLL3,2022,308
S92000003,TLL4,2022,356
S92000003,TLL5,2022,558
S92000003,TLN0,2022,1591
TLC3,S92000003,2022,531
TLC3,TLC4,2022,7362
TLC3,TLD1,2022,287
TLC3,TLD3,2022,983
TLC3,TLD4,2022,397
TLC3,TLD6,2022,185
TLC3,TLD7,2022,405
TLC3,TLE1,2022,410
TLC3,TLE2,2022,2416
TLC3,TLE3,2022,557
TLC3,TLE4,2022,1488
TLC3,TLF1,2022,478
TLC3,TLF2,2022,311
TLC3,TLF3,2022,145
TLC3,TLG1,2022,100
TLC3,TLG2,2022,225
TLC3,TLG3,2022,514
TLC3,TLH2,2022,203
TLC3,TLH3,2022,127
TLC3,TLH4,2022,198
TLC3,TLH5,2022,117
TLC3,TLH6,2022,78
TLC3,TLI3,2022,241
TLC3,TLI4,2022,465
TLC3,TLI5,2022,231
TLC3,TLI6,2022,100
TLC3,TLI7,2022,419
TLC3,TLJ1,2022,309
TLC3,TLJ2,2022,235
TLC3,TLJ3,2022,200
TLC3,TLJ4,2022,144
TLC3,TLK3,2022,55
TLC3,TLK4,2022,109
TLC3,TLK5,2022,107
TLC3,TLK6,2022,155
TLC3,TLK7,2022,176
TLC3,TLL3,2022,67
TLC3,TLL4,2022,84
TLC3,TLL5,2022,88
TLC3,TLN0,2022,39
TLC4,S92000003,2022,2870
TLC4,TLC3,2022,6917
TLC4,TLD1,2022,1553
TLC4,TLD3,2022,3121
TLC4,TLD4,2022,1209
TLC4,TLD6,2022,714
TLC4,TLD7,2022,1224
TLC4,TLE1,2022,1054
TLC4,TLE2,2022,2938
TLC4,TLE3,2022,1430
TLC4,TLE4,2022,4095
TLC4,TLF1,2022,1530
TLC4,TLF2,2022,979
TLC4,TLF3,2022,638
TLC4,TLG1,2022,546
TLC4,TLG2,2022,583
TLC4,TLG3,2022,1127
TLC4,TLH2,2022,901
TLC4,TLH3,2022,593
TLC4,TLH4,2022,967
TLC4,TLH5,2022,412
TLC4,TLH6,2022,360
TLC4,TLI3,2022,2072
TLC4,TLI4,2022,2700
TLC4,TLI5,2022,602
TLC4,TLI6,2022,579
TLC4,TLI7,2022,1417
TLC4,TLJ1,2022,1458
TLC4,TLJ2,2022,1243
TLC4,TLJ3,2022,674
TLC4,TLJ4,2022,602
TLC4,TLK3,2022,188
TLC4,TLK4,2022,549
TLC4,TLK5,2022,668
TLC4,TLK6,2022,529
TLC4,TLK7,2022,580
TLC4,TLL3,2022,211
TLC4,TLL4,2022,248
TLC4,TLL5,2022,379
TLC4,TLN0,2022,373
TLD1,S92000003,2022,1070
TLD1,TLC3,2022,247
TLD1,TLC4,2022,1619
TLD1,TLD3,2022,1019
TLD1,TLD4,2022,2353
TLD1,TLD6,2022,329
TLD1,TLD7,2022,644
TLD1,TLE1,2022,159
TLD1,TLE2,2022,524
TLD1,TLE3,2022,207
TLD1,TLE4,2022,661
TLD1,TLF1,2022,309
TLD1,TLF2,2022,210
TLD1,TLF3,2022,106
TLD1,TLG1,2022,141
TLD1,TLG2,2022,206
TLD1,TLG3,2022,207
TLD1,TLH2,2022,90
TLD1,TLH3,2022,78
TLD1,TLH4,2022,133
TLD1,TLH5,2022,101
TLD1,TLH6,2022,73
TLD1,TLI3,2022,160
TLD1,TLI4,2022,297
TLD1,TLI5,2022,62
TLD1,TLI6,2022,48
TLD1,TLI7,2022,129
TLD1,TLJ1,2022,267
TLD1,TLJ2,2022,202
TLD1,TLJ3,2022,152
TLD1,TLJ4,2022,112
TLD1,TLK3,2022,101
TLD1,TLK4,2022,148
TLD1,TLK5,2022,125
TLD1,TLK6,2022,174
TLD1,TLK7,2022,160
TLD1,TLL3,2022,126
TLD1,TLL4,2022,120
TLD1,TLL5,2022,76
TLD1,TLN0,2022,52
TLD3,S92000003,2022,2179
TLD3,TLC3,2022,744
TLD3,TLC4,2022,2864
TLD3,TLD1,2022,1333
TLD3,TLD4,2022,16841
TLD3,TLD6,2022,11788
TLD3,TLD7,2022,8636
TLD3,TLE1,2022,1089
TLD3,TLE2,2022,1730
TLD3,TLE3,2022,2915
TLD3,TLE4,2022,8093
TLD3,TLF1,2022,4686
TLD3,TLF2,2022,1730
TLD3,TLF3,2022,682
TLD3,TLG1,2022,922
TLD3,TLG2,2022,2616
TLD3,TLG3,2022,3636
TLD3,TLH2,2022,1116
TLD3,TLH3,2022,649
TLD3,TLH4,2022,974
TLD3,TLH5,2022,427
TLD3,TLH6,2022,374
TLD3,TLI3,2022,2256
TLD3,TLI4,2022,4321
TLD3,TLI5,2022,1489
TLD3,TLI6,2022,919
TLD3,TLI7,2022,2451
TLD3,TLJ1,2022,2231
TLD3,TLJ2,2022,1735
TLD3,TLJ3,2022,958
TLD3,TLJ4,2022,734
TLD3,TLK3,2022,532
TLD3,TLK4,2022,907
TLD3,TLK5,2022,1093
TLD3,TLK6,2022,877
TLD3,TLK7,2022,833
TLD3,TLL3,2022,2510
TLD3,TLL4,2022,588
TLD3,TLL5,2022,800
TLD3,TLN0,2022,493
TLD4,S92000003,2022,1456
TLD4,TLC3,2022,372
TLD4,TLC4,2022,1662
TLD4,TLD1,2022,2365
TLD4,TLD3,2022,10981
TLD4,TLD6,2022,1822
TLD4,TLD7,2022,5979
TLD4,TLE1,2022,532
TLD4,TLE2,2022,1565
TLD4,TLE3,2022,990
TLD4,TLE4,2022,3435
TLD4,TLF1,2022,1211
TLD4,TLF2,2022,822
TLD4,TLF3,2022,405
TLD4,TLG1,2022,450
TLD4,TLG2,2022,1065
TLD4,TLG3,2022,1459
TLD4,TLH2,2022,507
TLD4,TLH3,2022,385
TLD4,TLH4,2022,395
TLD4,TLH5,2022,262
TLD4,TLH6,2022,174
TLD4,TLI3,2022,664
TLD4,TLI4,2022,1243
TLD4,TLI5,2022,415
TLD4,TLI6,2022,268
TLD4,TLI7,2022,750
TLD4,TLJ1,2022,865
TLD4,TLJ2,2022,701
TLD4,TLJ3,2022,517
TLD4,TLJ4,2022,382
TLD4,TLK3,2022,225
TLD4,TLK4,2022,420
TLD4,TLK5,2022,450
TLD4,TLK6,2022,412
TLD4,TLK7,2022,487
TLD4,TLL3,2022,860
TLD4,TLL4,2022,303
TLD4,TLL5,2022,315
TLD4,TLN0,2022,225
TLD6,S92000003,2022,723
TLD6,TLC3,2022,183
TLD6,TLC4,2022,958
TLD6,TLD1,2022,553
TLD6,TLD3,2022,6656
TLD6,TLD4,2022,1979
TLD6,TLD7,2022,7032
TLD6,TLE1,2022,238
TLD6,TLE2,2022,580
TLD6,TLE3,2022,805
TLD6,TLE4,2022,1417
TLD6,TLF1,2022,1447
TLD6,TLF2,2022,567
TLD6,TLF3,2022,230
TLD6,TLG1,2022,421
TLD6,TLG2,2022,3104
TLD6,TLG3,2022,915
TLD6,TLH2,2022,280
TLD6,TLH3,2022,204
TLD6,TLH4,2022,322
TLD6,TLH5,2022,129
TLD6,TLH6,2022,158
TLD6,TLI3,2022,487
TLD6,TLI4,2022,669
TLD6,TLI5,2022,218
TLD6,TLI6,2022,128
TLD6,TLI7,2022,292
TLD6,TLJ1,2022,744
TLD6,TLJ2,2022,508
TLD6,TLJ3,2022,359
TLD6,TLJ4,2022,215
TLD6,TLK3,2022,290
TLD6,TLK4,2022,409
TLD6,TLK5,2022,461
TLD6,TLK6,2022,340
TLD6,TLK7,2022,359
TLD6,TLL3,2022,3020
TLD6,TLL4,2022,349
TLD6,TLL5,2022,305
TLD6,TLN0,2022,137
TLD7,S92000003,2022,1085
TLD7,TLC3,2022,251
TLD7,TLC4,2022,1261
TLD7,TLD1,2022,675
TLD7,TLD3,2022,7924
TLD7,TLD4,2022,7333
TLD7,TLD6,2022,6944
TLD7,TLE1,2022,398
TLD7,TLE2,2022,765
TLD7,TLE3,2022,1059
TLD7,TLE4,2022,2348
TLD7,TLF1,2022,1202
TLD7,TLF2,2022,776
TLD7,TLF3,2022,270
TLD7,TLG1,2022,669
TLD7,TLG2,2022,1496
TLD7,TLG3,2022,1760
TLD7,TLH2,2022,602
TLD7,TLH3,2022,384
TLD7,TLH4,2022,422
TLD7,TLH5,2022,209
TLD7,TLH6,2022,144
TLD7,TLI3,2022,990
TLD7,TLI4,2022,1698
TLD7,TLI5,2022,500
TLD7,TLI6,2022,435
TLD7,TLI7,2022,1038
TLD7,TLJ1,2022,939
TLD7,TLJ2,2022,750
TLD7,TLJ3,2022,499
TLD7,TLJ4,2022,428
TLD7,TLK3,2022,265
TLD7,TLK4,2022,455
TLD7,TLK5,2022,558
TLD7,TLK6,2022,455
TLD7,TLK7,2022,467
TLD7,TLL3,2022,2498
TLD7,TLL4,2022,367
TLD7,TLL5,2022,437
TLD7,TLN0,2022,701
TLE1,S92000003,2022,596
TLE1,TLC3,2022,466
TLE1,TLC4,2022,1490
TLE1,TLD1,2022,182
TLE1,TLD3,2022,1461
TLE1,TLD4,2022,528
TLE1,TLD6,2022,279
TLE1,TLD7,2022,585
TLE1,TLE2,2022,3109
TLE1,TLE3,2022,2486
TLE1,TLE4,2022,3597
TLE1,TLF1,2022,1500
TLE1,TLF2,2022,599
TLE1,TLF3,2022,3019
TLE1,TLG1,2022,276
TLE1,TLG2,2022,344
TLE1,TLG3,2022,615
TLE1,TLH2,2022,293
TLE1,TLH3,2022,245
TLE1,TLH4,2022,328
TLE1,TLH5,2022,248
TLE1,TLH6,2022,161
TLE1,TLI3,2022,343
TLE1,TLI4,2022,637
TLE1,TLI5,2022,257
TLE1,TLI6,2022,197
TLE1,TLI7,2022,328
TLE1,TLJ1,2022,436
TLE1,TLJ2,2022,335
TLE1,TLJ3,2022,291
TLE1,TLJ4,2022,233
TLE1,TLK3,2022,148
TLE1,TLK4,2022,214
TLE1,TLK5,2022,174
TLE1,TLK6,2022,222
TLE1,TLK7,2022,224
TLE1,TLL3,2022,125
TLE1,TLL4,2022,145
TLE1,TLL5,2022,176
TLE1,TLN0,2022,71
TLE2,S92000003,2022,1335
TLE2,TLC3,2022,2739
TLE2,TLC4,2022,3351
TLE2,TLD1,2022,644
TLE2,TLD3,2022,1791
TLE2,TLD4,2022,1381
TLE2,TLD6,2022,414
TLE2,TLD7,2022,822
TLE2,TLE1,2022,4215
TLE2,TLE3,2022,1731
TLE2,TLE4,2022,6520
TLE2,TLF1,2022,1289
TLE2,TLF2,2022,644
TLE2,TLF3,2022,662
TLE2,TLG1,2022,434
TLE2,TLG2,2022,473
TLE2,TLG3,2022,614
TLE2,TLH2,2022,433
TLE2,TLH3,2022,348
TLE2,TLH4,2022,618
TLE2,TLH5,2022,339
TLE2,TLH6,2022,301
TLE2,TLI3,2022,869
TLE2,TLI4,2022,1181
TLE2,TLI5,2022,296
TLE2,TLI6,2022,273
TLE2,TLI7,2022,558
TLE2,TLJ1,2022,835
TLE2,TLJ2,2022,796
TLE2,TLJ3,2022,447
TLE2,TLJ4,2022,356
TLE2,TLK3,2022,202
TLE2,TLK4,2022,379
TLE2,TLK5,2022,446
TLE2,TLK6,2022,323
TLE2,TLK7,2022,571
TLE2,TLL3,2022,202
TLE2,TLL4,2022,214
TLE2,TLL5,2022,271
TLE2,TLN0,2022,144
TLE3,S92000003,2022,910
TLE3,TLC3,2022,524
TLE3,TLC4,2022,1741
TLE3,TLD1,2022,237
TLE3,TLD3,2022,3510
TLE3,TLD4,2022,904
TLE3,TLD6,2022,856
TLE3,TLD7,2022,1190
TLE3,TLE1,2022,2821
TLE3,TLE2,2022,2143
TLE3,TLE4,2022,7085
TLE3,TLF1,2022,8986
TLE3,TLF2,2022,1472
TLE3,TLF3,2022,1831
TLE3,TLG1,2022,601
TLE3,TLG2,2022,905
TLE3,TLG3,2022,1623
TLE3,TLH2,2022,728
TLE3,TLH3,2022,400
TLE3,TLH4,2022,818
TLE3,TLH5,2022,433
TLE3,TLH6,2022,221
TLE3,TLI3,2022,807
TLE3,TLI4,2022,1631
TLE3,TLI5,2022,588
TLE3,TLI6,2022,377
TLE3,TLI7,2022,872
TLE3,TLJ1,2022,1151
TLE3,TLJ2,2022,833
TLE3,TLJ3,2022,467
TLE3,TLJ4,2022,433
TLE3,TLK3,2022,234
TLE3,TLK4,2022,430
TLE3,TLK5,2022,623
TLE3,TLK6,2022,384
TLE3,TLK7,2022,431
TLE3,TLL3,2022,278
TLE3,TLL4,2022,233
TLE3,TLL5,2022,376
TLE3,TLN0,2022,105
TLE4,S92000003,2022,1860
TLE4,TLC3,2022,1685
TLE4,TLC4,2022,4859
TLE4,TLD1,2022,789
TLE4,TLD3,2022,8407
TLE4,TLD4,2022,3996
TLE4,TLD6,2022,1406
TLE4,TLD7,2022,2596
TLE4,TLE1,2022,4138
TLE4,TLE2,2022,10000
TLE4,TLE3,2022,7697
TLE4,TLF1,2022,3522
TLE4,TLF2,2022,1773
TLE4,TLF3,2022,1387
TLE4,TLG1,2022,849
TLE4,TLG2,2022,1236
TLE4,TLG3,2022,2980
TLE4,TLH2,2022,1437
TLE4,TLH3,2022,681
TLE4,TLH4,2022,1096
TLE4,TLH5,2022,548
TLE4,TLH6,2022,333
TLE4,TLI3,2022,1877
TLE4,TLI4,2022,3449
TLE4,TLI5,2022,1369
TLE4,TLI6,2022,758
TLE4,TLI7,2022,1966
TLE4,TLJ1,2022,1879
TLE4,TLJ2,2022,1568
TLE4,TLJ3,2022,763
TLE4,TLJ4,2022,840
TLE4,TLK3,2022,362
TLE4,TLK4,2022,655
TLE4,TLK5,2022,854
TLE4,TLK6,2022,627
TLE4,TLK7,2022,667
TLE4,TLL3,2022,540
TLE4,TLL4,2022,397
TLE4,TLL5,2022,472
TLE4,TLN0,2022,291
TLF1,S92000003,2022,1420
TLF1,TLC3,2022,546
TLF1,TLC4,2022,2173
TLF1,TLD1,2022,460
TLF1,TLD3,2022,4785
TLF1,TLD4,2022,1333
TLF1,TLD6,2022,1330
TLF1,TLD7,2022,1706
TLF1,TLE1,2022,1453
TLF1,TLE2,2022,1622
TLF1,TLE3,2022,7046
TLF1,TLE4,2022,3804
TLF1,TLF2,2022,7654
TLF1,TLF3,2022,4790
TLF1,TLG1,2022,1947
TLF1,TLG2,2022,5163
TLF1,TLG3,2022,5374
TLF1,TLH2,2022,2542
TLF1,TLH3,2022,1259
TLF1,TLH4,2022,1696
TLF1,TLH5,2022,1069
TLF1,TLH6,2022,710
TLF1,TLI3,2022,1710
TLF1,TLI4,2022,3264
TLF1,TLI5,2022,1463
TLF1,TLI6,2022,1069
TLF1,TLI7,2022,2255
TLF1,TLJ1,2022,2720
TLF1,TLJ2,2022,1993
TLF1,TLJ3,2022,1111
TLF1,TLJ4,2022,1076
TLF1,TLK3,2022,659
TLF1,TLK4,2022,997
TLF1,TLK5,2022,1128
TLF1,TLK6,2022,1044
TLF1,TLK7,2022,1032
TLF1,TLL3,2022,545
TLF1,TLL4,2022,587
TLF1,TLL5,2022,694
TLF1,TLN0,2022,184
TLF2,S92000003,2022,1250
TLF2,TLC3,2022,407
TLF2,TLC4,2022,1592
TLF2,TLD1,2022,350
TLF2,TLD3,2022,2287
TLF2,TLD4,2022,1058
TLF2,TLD6,2022,720
TLF2,TLD7,2022,1197
TLF2,TLE1,2022,817
TLF2,TLE2,2022,986
TLF2,TLE3,2022,1956
TLF2,TLE4,2022,2030
TLF2,TLF1,2022,8934
TLF2,TLF3,2022,3803
TLF2,TLG1,2022,4253
TLF2,TLG2,2022,2381
TLF2,TLG3,2022,5822
TLF2,TLH2,2022,3222
TLF2,TLH3,2022,1411
TLF2,TLH4,2022,2838
TLF2,TLH5,2022,1603
TLF2,TLH6,2022,646
TLF2,TLI3,2022,1722
TLF2,TLI4,2022,3582
TLF2,TLI5,2022,1957
TLF2,TLI6,2022,1095
TLF2,TLI7,2022,2560
TLF2,TLJ1,2022,5551
TLF2,TLJ2,2022,2184
TLF2,TLJ3,2022,1491
TLF2,TLJ4,2022,1127
TLF2,TLK3,2022,629
TLF2,TLK4,2022,1431
TLF2,TLK5,2022,1202
TLF2,TLK6,2022,1295
TLF2,TLK7,2022,1214
TLF2,TLL3,2022,501
TLF2,TLL4,2022,691
TLF2,TLL5,2022,880
TLF2,TLN0,2022,227
TLF3,S92000003,2022,655
TLF3,TLC3,2022,186
TLF3,TLC4,2022,987
TLF3,TLD1,2022,198
TLF3,TLD3,2022,800
TLF3,TLD4,2022,418
TLF3,TLD6,2022,234
TLF3,TLD7,2022,303
TLF3,TLE1,2022,2939
TLF3,TLE2,2022,779
TLF3,TLE3,2022,1804
TLF3,TLE4,2022,1517
TLF3,TLF1,2022,4919
TLF3,TLF2,2022,2658
TLF3,TLG1,2022,437
TLF3,TLG2,2022,647
TLF3,TLG3,2022,797
TLF3,TLH2,2022,709
TLF3,TLH3,2022,484
TLF3,TLH4,2022,2386
TLF3,TLH5,2022,1340
TLF3,TLH6,2022,459
TLF3,TLI3,2022,370
TLF3,TLI4,2022,705
TLF3,TLI5,2022,318
TLF3,TLI6,2022,197
TLF3,TLI7,2022,401
TLF3,TLJ1,2022,746
TLF3,TLJ2,2022,588
TLF3,TLJ3,2022,439
TLF3,TLJ4,2022,379
TLF3,TLK3,2022,201
TLF3,TLK4,2022,346
TLF3,TLK5,2022,240
TLF3,TLK6,2022,321
TLF3,TLK7,2022,357
TLF3,TLL3,2022,177
TLF3,TLL4,2022,222
TLF3,TLL5,2022,180
TLF3,TLN0,2022,72
TLG1,S92000003,2022,792
TLG1,TLC3,2022,203
TLG1,TLC4,2022,798
TLG1,TLD1,2022,253
TLG1,TLD3,2022,1309
TLG1,TLD4,2022,626
TLG1,TLD6,2022,447
TLG1,TLD7,2022,884
TLG1,TLE1,2022,310
TLG1,TLE2,2022,591
TLG1,TLE3,2022,711
TLG1,TLE4,2022,926
TLG1,TLF1,2022,2364
TLG1,TLF2,2022,4048
TLG1,TLF3,2022,633
TLG1,TLG2,2022,3943
TLG1,TLG3,2022,10593
TLG1,TLH2,2022,755
TLG1,TLH3,2022,390
TLG1,TLH4,2022,564
TLG1,TLH5,2022,422
TLG1,TLH6,2022,217
TLG1,TLI3,2022,1292
TLG1,TLI4,2022,1611
TLG1,TLI5,2022,453
TLG1,TLI6,2022,380
TLG1,TLI7,2022,836
TLG1,TLJ1,2022,2380
TLG1,TLJ2,2022,1308
TLG1,TLJ3,2022,982
TLG1,TLJ4,2022,494
TLG1,TLK3,2022,744
TLG1,TLK4,2022,1613
TLG1,TLK5,2022,1626
TLG1,TLK6,2022,1160
TLG1,TLK7,2022,3349
TLG1,TLL3,2022,388
TLG1,TLL4,2022,1518
TLG1,TLL5,2022,1694
TLG1,TLN0,2022,146
TLG2,S92000003,2022,971
TLG2,TLC3,2022,245
TLG2,TLC4,2022,792
TLG2,TLD1,2022,320
TLG2,TLD3,2022,2663
TLG2,TLD4,2022,1226
TLG2,TLD6,2022,3689
TLG2,TLD7,2022,2092
TLG2,TLE1,2022,432
TLG2,TLE2,2022,656
TLG2,TLE3,2022,952
TLG2,TLE4,2022,1147
TLG2,TLF1,2022,5274
TLG2,TLF2,2022,2003
TLG2,TLF3,2022,567
TLG2,TLG1,2022,3515
TLG2,TLG3,2022,8556
TLG2,TLH2,2022,570
TLG2,TLH3,2022,437
TLG2,TLH4,2022,462
TLG2,TLH5,2022,380
TLG2,TLH6,2022,289
TLG2,TLI3,2022,723
TLG2,TLI4,2022,1024
TLG2,TLI5,2022,465
TLG2,TLI6,2022,281
TLG2,TLI7,2022,670
TLG2,TLJ1,2022,1324
TLG2,TLJ2,2022,927
TLG2,TLJ3,2022,763
TLG2,TLJ4,2022,455
TLG2,TLK3,2022,521
TLG2,TLK4,2022,975
TLG2,TLK5,2022,756
TLG2,TLK6,2022,843
TLG2,TLK7,2022,894
TLG2,TLL3,2022,1596
TLG2,TLL4,2022,1695
TLG2,TLL5,2022,730
TLG2,TLN0,2022,179
TLG3,S92000003,2022,1582
TLG3,TLC3,2022,492
TLG3,TLC4,2022,1450
TLG3,TLD1,2022,371
TLG3,TLD3,2022,4266
TLG3,TLD4,2022,1663
TLG3,TLD6,2022,1106
TLG3,TLD7,2022,2066
TLG3,TLE1,2022,676
TLG3,TLE2,2022,735
TLG3,TLE3,2022,1754
TLG3,TLE4,2022,2940
TLG3,TLF1,2022,6495
TLG3,TLF2,2022,6536
TLG3,TLF3,2022,1008
TLG3,TLG1,2022,24763
TLG3,TLG2,2022,19947
TLG3,TLH2,2022,2656
TLG3,TLH3,2022,1322
TLG3,TLH4,2022,1442
TLG3,TLH5,2022,665
TLG3,TLH6,2022,618
TLG3,TLI3,2022,2680
TLG3,TLI4,2022,5754
TLG3,TLI5,2022,3010
TLG3,TLI6,2022,1746
TLG3,TLI7,2022,4510
TLG3,TLJ1,2022,4584
TLG3,TLJ2,2022,2528
TLG3,TLJ3,2022,1739
TLG3,TLJ4,2022,1444
TLG3,TLK3,2022,891
TLG3,TLK4,2022,1962
TLG3,TLK5,2022,1909
TLG3,TLK6,2022,1779
TLG3,TLK7,2022,2124
TLG3,TLL3,2022,937
TLG3,TLL4,2022,1550
TLG3,TLL5,2022,1701
TLG3,TLN0,2022,284
TLH2,S92000003,2022,1370
TLH2,TLC3,2022,309
TLH2,TLC4,2022,1479
TLH2,TLD1,2022,266
TLH2,TLD3,2022,2001
TLH2,TLD4,2022,807
TLH2,TLD6,2022,571
TLH2,TLD7,2022,1027
TLH2,TLE1,2022,492
TLH2,TLE2,2022,1023
TLH2,TLE3,2022,1262
TLH2,TLE4,2022,2014
TLH2,TLF1,2022,3902
TLH2,TLF2,2022,5796
TLH2,TLF3,2022,1752
TLH2,TLG1,2022,1145
TLH2,TLG2,2022,1053
TLH2,TLG3,2022,3436
TLH2,TLH3,2022,5178
TLH2,TLH4,2022,5787
TLH2,TLH5,2022,2713
TLH2,TLH6,2022,1486
TLH2,TLI3,2022,2547
TLH2,TLI4,2022,5233
TLH2,TLI5,2022,3356
TLH2,TLI6,2022,1255
TLH2,TLI7,2022,6454
TLH2,TLJ1,2022,10386
TLH2,TLJ2,2022,3778
TLH2,TLJ3,2022,2290
TLH2,TLJ4,2022,1899
TLH2,TLK3,2022,783
TLH2,TLK4,2022,1864
TLH2,TLK5,2022,1627
TLH2,TLK6,2022,2243
TLH2,TLK7,2022,1330
TLH2,TLL3,2022,283
TLH2,TLL4,2022,677
TLH2,TLL5,2022,878
TLH2,TLN0,2022,289
TLH3,S92000003,2022,1037
TLH3,TLC3,2022,276
TLH3,TLC4,2022,1046
TLH3,TLD1,2022,290
TLH3,TLD3,2022,1133
TLH3,TLD4,2022,603
TLH3,TLD6,2022,405
TLH3,TLD7,2022,648
TLH3,TLE1,2022,448
TLH3,TLE2,2022,645
TLH3,TLE3,2022,702
TLH3,TLE4,2022,1075
TLH3,TLF1,2022,1979
TLH3,TLF2,2022,1758
TLH3,TLF3,2022,1257
TLH3,TLG1,2022,650
TLH3,TLG2,2022,694
TLH3,TLG3,2022,1694
TLH3,TLH2,2022,4697
TLH3,TLH4,2022,2797
TLH3,TLH5,2022,3772
TLH3,TLH6,2022,7132
TLH3,TLI3,2022,1652
TLH3,TLI4,2022,5250
TLH3,TLI5,2022,6651
TLH3,TLI6,2022,1101
TLH3,TLI7,2022,1994
TLH3,TLJ1,2022,2158
TLH3,TLJ2,2022,3186
TLH3,TLJ3,2022,1577
TLH3,TLJ4,2022,3300
TLH3,TLK3,2022,717
TLH3,TLK4,2022,1286
TLH3,TLK5,2022,1056
TLH3,TLK6,2022,1199
TLH3,TLK7,2022,829
TLH3,TLL3,2022,224
TLH3,TLL4,2022,521
TLH3,TLL5,2022,591
TLH3,TLN0,2022,186
TLH4,S92000003,2022,1043
TLH4,TLC3,2022,193
TLH4,TLC4,2022,1077
TLH4,TLD1,2022,165
TLH4,TLD3,2022,1003
TLH4,TLD4,2022,414
TLH4,TLD6,2022,329
TLH4,TLD7,2022,409
TLH4,TLE1,2022,394
TLH4,TLE2,2022,622
TLH4,TLE3,2022,858
TLH4,TLE4,2022,1240
TLH4,TLF1,2022,1907
TLH4,TLF2,2022,2920
TLH4,TLF3,2022,4015
TLH4,TLG1,2022,539
TLH4,TLG2,2022,475
TLH4,TLG3,2022,1368
TLH4,TLH2,2022,2720
TLH4,TLH3,2022,1480
TLH4,TLH5,2022,3523
TLH4,TLH6,2022,2911
TLH4,TLI3,2022,2224
TLH4,TLI4,2022,3232
TLH4,TLI5,2022,906
TLH4,TLI6,2022,601
TLH4,TLI7,2022,1380
TLH4,TLJ1,2022,2043
TLH4,TLJ2,2022,1627
TLH4,TLJ3,2022,798
TLH4,TLJ4,2022,755
TLH4,TLK3,2022,277
TLH4,TLK4,2022,627
TLH4,TLK5,2022,885
TLH4,TLK6,2022,605
TLH4,TLK7,2022,561
TLH4,TLL3,2022,172
TLH4,TLL4,2022,281
TLH4,TLL5,2022,421
TLH4,TLN0,2022,177
TLH5,S92000003,2022,659
TLH5,TLC3,2022,147
TLH5,TLC4,2022,566
TLH5,TLD1,2022,129
TLH5,TLD3,2022,580
TLH5,TLD4,2022,291
TLH5,TLD6,2022,171
TLH5,TLD7,2022,219
TLH5,TLE1,2022,319
TLH5,TLE2,2022,489
TLH5,TLE3,2022,553
TLH5,TLE4,2022,634
TLH5,TLF1,2022,1254
TLH5,TLF2,2022,1221
TLH5,TLF3,2022,1652
TLH5,TLG1,2022,401
TLH5,TLG2,2022,459
TLH5,TLG3,2022,675
TLH5,TLH2,2022,1150
TLH5,TLH3,2022,1571
TLH5,TLH4,2022,2794
TLH5,TLH6,2022,4955
TLH5,TLI3,2022,762
TLH5,TLI4,2022,1513
TLH5,TLI5,2022,762
TLH5,TLI6,2022,371
TLH5,TLI7,2022,728
TLH5,TLJ1,2022,1080
TLH5,TLJ2,2022,1224
TLH5,TLJ3,2022,540
TLH5,TLJ4,2022,682
TLH5,TLK3,2022,241
TLH5,TLK4,2022,459
TLH5,TLK5,2022,494
TLH5,TLK6,2022,433
TLH5,TLK7,2022,378
TLH5,TLL3,2022,129
TLH5,TLL4,2022,225
TLH5,TLL5,2022,247
TLH5,TLN0,2022,84
TLH6,S92000003,2022,510
TLH6,TLC3,2022,114
TLH6,TLC4,2022,533
TLH6,TLD1,2022,112
TLH6,TLD3,2022,479
TLH6,TLD4,2022,229
TLH6,TLD6,2022,154
TLH6,TLD7,2022,241
TLH6,TLE1,2022,187
TLH6,TLE2,2022,374
TLH6,TLE3,2022,381
TLH6,TLE4,2022,550
TLH6,TLF1,2022,996
TLH6,TLF2,2022,660
TLH6,TLF3,2022,529
TLH6,TLG1,2022,253
TLH6,TLG2,2022,305
TLH6,TLG3,2022,578
TLH6,TLH2,2022,702
TLH6,TLH3,2022,3165
TLH6,TLH4,2022,2409
TLH6,TLH5,2022,5898
TLH6,TLI3,2022,754
TLH6,TLI4,2022,1155
TLH6,TLI5,2022,489
TLH6,TLI6,2022,225
TLH6,TLI7,2022,507
TLH6,TLJ1,2022,796
TLH6,TLJ2,2022,969
TLH6,TLJ3,2022,607
TLH6,TLJ4,2022,552
TLH6,TLK3,2022,223
TLH6,TLK4,2022,378
TLH6,TLK5,2022,414
TLH6,TLK6,2022,360
TLH6,TLK7,2022,351
TLH6,TLL3,2022,103
TLH6,TLL4,2022,207
TLH6,TLL5,2022,211
TLH6,TLN0,2022,83
TLI3,S92000003,2022,1718
TLI3,TLC3,2022,218
TLI3,TLC4,2022,1189
TLI3,TLD1,2022,172
TLI3,TLD3,2022,1705
TLI3,TLD4,2022,444
TLI3,TLD6,2022,441
TLI3,TLD7,2022,649
TLI3,TLE1,2022,219
TLI3,TLE2,2022,666
TLI3,TLE3,2022,493
TLI3,TLE4,2022,1138
TLI3,TLF1,2022,1187
TLI3,TLF2,2022,1286
TLI3,TLF3,2022,305
TLI3,TLG1,2022,824
TLI3,TLG2,2022,552
TLI3,TLG3,2022,1822
TLI3,TLH2,2022,3614
TLI3,TLH3,2022,1562
TLI3,TLH4,2022,1809
TLI3,TLH5,2022,659
TLI3,TLH6,2022,567
TLI3,TLI4,2022,30028
TLI3,TLI5,2022,5258
TLI3,TLI6,2022,11704
TLI3,TLI7,2022,22031
TLI3,TLJ1,2022,6443
TLI3,TLJ2,2022,9187
TLI3,TLJ3,2022,2443
TLI3,TLJ4,2022,2583
TLI3,TLK3,2022,380
TLI3,TLK4,2022,1167
TLI3,TLK5,2022,1951
TLI3,TLK6,2022,1536
TLI3,TLK7,2022,1718
TLI3,TLL3,2022,138
TLI3,TLL4,2022,337
TLI3,TLL5,2022,638
TLI3,TLN0,2022,245
TLI4,S92000003,2022,2939
TLI4,TLC3,2022,485
TLI4,TLC4,2022,1829
TLI4,TLD1,2022,312
TLI4,TLD3,2022,3846
TLI4,TLD4,2022,921
TLI4,TLD6,2022,674
TLI4,TLD7,2022,1385
TLI4,TLE1,2022,538
TLI4,TLE2,2022,983
TLI4,TLE3,2022,1511
TLI4,TLE4,2022,2552
TLI4,TLF1,2022,2696
TLI4,TLF2,2022,2978
TLI4,TLF3,2022,754
TLI4,TLG1,2022,1339
TLI4,TLG2,2022,1014
TLI4,TLG3,2022,5070
TLI4,TLH2,2022,8372
TLI4,TLH3,2022,9667
TLI4,TLH4,2022,2892
TLI4,TLH5,2022,1516
TLI4,TLH6,2022,1515
TLI4,TLI3,2022,27123
TLI4,TLI5,2022,46694
TLI4,TLI6,2022,21068
TLI4,TLI7,2022,18840
TLI4,TLJ1,2022,7279
TLI4,TLJ2,2022,11635
TLI4,TLJ3,2022,3116
TLI4,TLJ4,2022,10223
TLI4,TLK3,2022,790
TLI4,TLK4,2022,1675
TLI4,TLK5,2022,3343
TLI4,TLK6,2022,2420
TLI4,TLK7,2022,2133
TLI4,TLL3,2022,232
TLI4,TLL4,2022,732
TLI4,TLL5,2022,1163
TLI4,TLN0,2022,530
TLI5,S92000003,2022,1209
TLI5,TLC3,2022,316
TLI5,TLC4,2022,858
TLI5,TLD1,2022,178
TLI5,TLD3,2022,1990
TLI5,TLD4,2022,698
TLI5,TLD6,2022,409
TLI5,TLD7,2022,854
TLI5,TLE1,2022,383
TLI5,TLE2,2022,523
TLI5,TLE3,2022,839
TLI5,TLE4,2022,1462
TLI5,TLF1,2022,2491
TLI5,TLF2,2022,2678
TLI5,TLF3,2022,805
TLI5,TLG1,2022,771
TLI5,TLG2,2022,931
TLI5,TLG3,2022,4434
TLI5,TLH2,2022,8774
TLI5,TLH3,2022,22211
TLI5,TLH4,2022,1970
TLI5,TLH5,2022,1676
TLI5,TLH6,2022,1529
TLI5,TLI3,2022,4284
TLI5,TLI4,2022,26973
TLI5,TLI6,2022,5660
TLI5,TLI7,2022,8966
TLI5,TLJ1,2022,3742
TLI5,TLJ2,2022,4907
TLI5,TLJ3,2022,1894
TLI5,TLJ4,2022,14160
TLI5,TLK3,2022,375
TLI5,TLK4,2022,1116
TLI5,TLK5,2022,1219
TLI5,TLK6,2022,1304
TLI5,TLK7,2022,906
TLI5,TLL3,2022,202
TLI5,TLL4,2022,443
TLI5,TLL5,2022,593
TLI5,TLN0,2022,290
TLI6,S92000003,2022,1007
TLI6,TLC3,2022,203
TLI6,TLC4,2022,847
TLI6,TLD1,2022,111
TLI6,TLD3,2022,1379
TLI6,TLD4,2022,416
TLI6,TLD6,2022,325
TLI6,TLD7,2022,624
TLI6,TLE1,2022,271
TLI6,TLE2,2022,474
TLI6,TLE3,2022,647
TLI6,TLE4,2022,1022
TLI6,TLF1,2022,1804
TLI6,TLF2,2022,1637
TLI6,TLF3,2022,421
TLI6,TLG1,2022,698
TLI6,TLG2,2022,580
TLI6,TLG3,2022,2284
TLI6,TLH2,2022,1869
TLI6,TLH3,2022,1656
TLI6,TLH4,2022,964
TLI6,TLH5,2022,758
TLI6,TLH6,2022,483
TLI6,TLI3,2022,6788
TLI6,TLI4,2022,11963
TLI6,TLI5,2022,4955
TLI6,TLI7,2022,5505
TLI6,TLJ1,2022,3229
TLI6,TLJ2,2022,21066
TLI6,TLJ3,2022,3438
TLI6,TLJ4,2022,8973
TLI6,TLK3,2022,435
TLI6,TLK4,2022,1206
TLI6,TLK5,2022,1372
TLI6,TLK6,2022,1848
TLI6,TLK7,2022,1019
TLI6,TLL3,2022,120
TLI6,TLL4,2022,393
TLI6,TLL5,2022,709
TLI6,TLN0,2022,209
TLI7,S92000003,2022,1783
TLI7,TLC3,2022,317
TLI7,TLC4,2022,1547
TLI7,TLD1,2022,187
TLI7,TLD3,2022,2863
TLI7,TLD4,2022,867
TLI7,TLD6,2022,470
TLI7,TLD7,2022,1075
TLI7,TLE1,2022,395
TLI7,TLE2,2022,698
TLI7,TLE3,2022,1147
TLI7,TLE4,2022,2139
TLI7,TLF1,2022,3158
TLI7,TLF2,2022,4013
TLI7,TLF3,2022,720
TLI7,TLG1,2022,1285
TLI7,TLG2,2022,980
TLI7,TLG3,2022,5966
TLI7,TLH2,2022,17604
TLI7,TLH3,2022,2943
TLI7,TLH4,2022,2069
TLI7,TLH5,2022,929
TLI7,TLH6,2022,635
TLI7,TLI3,2022,15893
TLI7,TLI4,2022,15380
TLI7,TLI5,2022,8388
TLI7,TLI6,2022,6109
TLI7,TLJ1,2022,18561
TLI7,TLJ2,2022,13939
TLI7,TLJ3,2022,4300
TLI7,TLJ4,2022,3026
TLI7,TLK3,2022,578
TLI7,TLK4,2022,1694
TLI7,TLK5,2022,2340
TLI7,TLK6,2022,2724
TLI7,TLK7,2022,2207
TLI7,TLL3,2022,223
TLI7,TLL4,2022,639
TLI7,TLL5,2022,1082
TLI7,TLN0,2022,315
TLJ1,S92000003,2022,2503
TLJ1,TLC3,2022,420
TLJ1,TLC4,2022,2073
TLJ1,TLD1,2022,401
TLJ1,TLD3,2022,2507
TLJ1,TLD4,2022,1228
TLJ1,TLD6,2022,963
TLJ1,TLD7,2022,1199
TLJ1,TLE1,2022,665
TLJ1,TLE2,2022,1214
TLJ1,TLE3,2022,1392
TLJ1,TLE4,2022,2008
TLJ1,TLF1,2022,3854
TLJ1,TLF2,2022,7765
TLJ1,TLF3,2022,1300
TLJ1,TLG1,2022,3450
TLJ1,TLG2,2022,1897
TLJ1,TLG3,2022,5134
TLJ1,TLH2,2022,6530
TLJ1,TLH3,2022,1597
TLJ1,TLH4,2022,2311
TLJ1,TLH5,2022,1430
TLJ1,TLH6,2022,941
TLJ1,TLI3,2022,6080
TLJ1,TLI4,2022,7041
TLJ1,TLI5,2022,2022
TLJ1,TLI6,2022,1856
TLJ1,TLI7,2022,6935
TLJ1,TLJ2,2022,8600
TLJ1,TLJ3,2022,9188
TLJ1,TLJ4,2022,2296
TLJ1,TLK3,2022,1484
TLJ1,TLK4,2022,3853
TLJ1,TLK5,2022,4078
TLJ1,TLK6,2022,4695
TLJ1,TLK7,2022,6218
TLJ1,TLL3,2022,453
TLJ1,TLL4,2022,1721
TLJ1,TLL5,2022,2224
TLJ1,TLN0,2022,360
TLJ2,S92000003,2022,2589
TLJ2,TLC3,2022,331
TLJ2,TLC4,2022,1960
TLJ2,TLD1,2022,422
TLJ2,TLD3,2022,2477
TLJ2,TLD4,2022,956
TLJ2,TLD6,2022,693
TLJ2,TLD7,2022,1241
TLJ2,TLE1,2022,475
TLJ2,TLE2,2022,1149
TLJ2,TLE3,2022,1126
TLJ2,TLE4,2022,1954
TLJ2,TLF1,2022,3166
TLJ2,TLF2,2022,2662
TLJ2,TLF3,2022,1112
TLJ2,TLG1,2022,1626
TLJ2,TLG2,2022,1318
TLJ2,TLG3,2022,2825
TLJ2,TLH2,2022,2702
TLJ2,TLH3,2022,2553
TLJ2,TLH4,2022,1862
TLJ2,TLH5,2022,1696
TLJ2,TLH6,2022,1244
TLJ2,TLI3,2022,6471
TLJ2,TLI4,2022,8696
TLJ2,TLI5,2022,2869
TLJ2,TLI6,2022,8252
TLJ2,TLI7,2022,6529
TLJ2,TLJ1,2022,9779
TLJ2,TLJ3,2022,16178
TLJ2,TLJ4,2022,7766
TLJ2,TLK3,2022,1703
TLJ2,TLK4,2022,4284
TLJ2,TLK5,2022,4344
TLJ2,TLK6,2022,5584
TLJ2,TLK7,2022,2942
TLJ2,TLL3,2022,459
TLJ2,TLL4,2022,1558
TLJ2,TLL5,2022,1906
TLJ2,TLN0,2022,385
TLJ3,S92000003,2022,1726
TLJ3,TLC3,2022,284
TLJ3,TLC4,2022,1053
TLJ3,TLD1,2022,316
TLJ3,TLD3,2022,1257
TLJ3,TLD4,2022,614
TLJ3,TLD6,2022,436
TLJ3,TLD7,2022,675
TLJ3,TLE1,2022,512
TLJ3,TLE2,2022,733
TLJ3,TLE3,2022,657
TLJ3,TLE4,2022,883
TLJ3,TLF1,2022,1446
TLJ3,TLF2,2022,1406
TLJ3,TLF3,2022,719
TLJ3,TLG1,2022,1071
TLJ3,TLG2,2022,1061
TLJ3,TLG3,2022,1772
TLJ3,TLH2,2022,1679
TLJ3,TLH3,2022,1331
TLJ3,TLH4,2022,931
TLJ3,TLH5,2022,777
TLJ3,TLH6,2022,559
TLJ3,TLI3,2022,2284
TLJ3,TLI4,2022,3411
TLJ3,TLI5,2022,1367
TLJ3,TLI6,2022,1808
TLJ3,TLI7,2022,2364
TLJ3,TLJ1,2022,7325
TLJ3,TLJ2,2022,12077
TLJ3,TLJ4,2022,1904
TLJ3,TLK3,2022,1293
TLJ3,TLK4,2022,3191
TLJ3,TLK5,2022,2804
TLJ3,TLK6,2022,7917
TLJ3,TLK7,2022,4513
TLJ3,TLL3,2022,304
TLJ3,TLL4,2022,1122
TLJ3,TLL5,2022,1755
TLJ3,TLN0,2022,276
TLJ4,S92000003,2022,1292
TLJ4,TLC3,2022,359
TLJ4,TLC4,2022,1239
TLJ4,TLD1,2022,285
TLJ4,TLD3,2022,1167
TLJ4,TLD4,2022,700
TLJ4,TLD6,2022,367
TLJ4,TLD7,2022,740
TLJ4,TLE1,2022,425
TLJ4,TLE2,2022,663
TLJ4,TLE3,2022,831
TLJ4,TLE4,2022,1136
TLJ4,TLF1,2022,1859
TLJ4,TLF2,2022,1633
TLJ4,TLF3,2022,1061
TLJ4,TLG1,2022,701
TLJ4,TLG2,2022,755
TLJ4,TLG3,2022,1654
TLJ4,TLH2,2022,1468
TLJ4,TLH3,2022,2992
TLJ4,TLH4,2022,1295
TLJ4,TLH5,2022,1496
TLJ4,TLH6,2022,933
TLJ4,TLI3,2022,2251
TLJ4,TLI4,2022,5257
TLJ4,TLI5,2022,5356
TLJ4,TLI6,2022,3096
TLJ4,TLI7,2022,2092
TLJ4,TLJ1,2022,2483
TLJ4,TLJ2,2022,9138
TLJ4,TLJ3,2022,2524
TLJ4,TLK3,2022,719
TLJ4,TLK4,2022,1539
TLJ4,TLK5,2022,1368
TLJ4,TLK6,2022,1669
TLJ4,TLK7,2022,1177
TLJ4,TLL3,2022,295
TLJ4,TLL4,2022,695
TLJ4,TLL5,2022,722
TLJ4,TLN0,2022,196
TLK3,S92000003,2022,505
TLK3,TLC3,2022,63
TLK3,TLC4,2022,266
TLK3,TLD1,2022,122
TLK3,TLD3,2022,398
TLK3,TLD4,2022,223
TLK3,TLD6,2022,206
TLK3,TLD7,2022,230
TLK3,TLE1,2022,126
TLK3,TLE2,2022,224
TLK3,TLE3,2022,165
TLK3,TLE4,2022,292
TLK3,TLF1,2022,426
TLK3,TLF2,2022,353
TLK3,TLF3,2022,196
TLK3,TLG1,2022,474
TLK3,TLG2,2022,416
TLK3,TLG3,2022,451
TLK3,TLH2,2022,335
TLK3,TLH3,2022,267
TLK3,TLH4,2022,294
TLK3,TLH5,2022,186
TLK3,TLH6,2022,174
TLK3,TLI3,2022,498
TLK3,TLI4,2022,698
TLK3,TLI5,2022,192
TLK3,TLI6,2022,236
TLK3,TLI7,2022,380
TLK3,TLJ1,2022,800
TLK3,TLJ2,2022,991
TLK3,TLJ3,2022,816
TLK3,TLJ4,2022,351
TLK3,TLK4,2022,4972
TLK3,TLK5,2022,1648
TLK3,TLK6,2022,1221
TLK3,TLK7,2022,832
TLK3,TLL3,2022,115
TLK3,TLL4,2022,358
TLK3,TLL5,2022,762
TLK3,TLN0,2022,49
TLK4,S92000003,2022,1022
TLK4,TLC3,2022,139
TLK4,TLC4,2022,621
TLK4,TLD1,2022,194
TLK4,TLD3,2022,840
TLK4,TLD4,2022,434
TLK4,TLD6,2022,347
TLK4,TLD7,2022,497
TLK4,TLE1,2022,260
TLK4,TLE2,2022,361
TLK4,TLE3,2022,398
TLK4,TLE4,2022,637
TLK4,TLF1,2022,780
TLK4,TLF2,2022,746
TLK4,TLF3,2022,326
TLK4,TLG1,2022,1105
TLK4,TLG2,2022,728
TLK4,TLG3,2022,1277
TLK4,TLH2,2022,769
TLK4,TLH3,2022,680
TLK4,TLH4,2022,537
TLK4,TLH5,2022,325
TLK4,TLH6,2022,364
TLK4,TLI3,2022,1610
TLK4,TLI4,2022,2153
TLK4,TLI5,2022,656
TLK4,TLI6,2022,710
TLK4,TLI7,2022,1041
TLK4,TLJ1,2022,2402
TLK4,TLJ2,2022,2488
TLK4,TLJ3,2022,2168
TLK4,TLJ4,2022,841
TLK4,TLK3,2022,4563
TLK4,TLK5,2022,4113
TLK4,TLK6,2022,5522
TLK4,TLK7,2022,2243
TLK4,TLL3,2022,233
TLK4,TLL4,2022,1042
TLK4,TLL5,2022,2084
TLK4,TLN0,2022,149
TLK5,S92000003,2022,968
TLK5,TLC3,2022,107
TLK5,TLC4,2022,615
TLK5,TLD1,2022,159
TLK5,TLD3,2022,1302
TLK5,TLD4,2022,373
TLK5,TLD6,2022,362
TLK5,TLD7,2022,497
TLK5,TLE1,2022,141
TLK5,TLE2,2022,362
TLK5,TLE3,2022,528
TLK5,TLE4,2022,755
TLK5,TLF1,2022,891
TLK5,TLF2,2022,813
TLK5,TLF3,2022,192
TLK5,TLG1,2022,1362
TLK5,TLG2,2022,658
TLK5,TLG3,2022,1569
TLK5,TLH2,2022,1040
TLK5,TLH3,2022,636
TLK5,TLH4,2022,768
TLK5,TLH5,2022,330
TLK5,TLH6,2022,329
TLK5,TLI3,2022,2567
TLK5,TLI4,2022,3773
TLK5,TLI5,2022,831
TLK5,TLI6,2022,933
TLK5,TLI7,2022,1770
TLK5,TLJ1,2022,3098
TLK5,TLJ2,2022,2666
TLK5,TLJ3,2022,1847
TLK5,TLJ4,2022,785
TLK5,TLK3,2022,1397
TLK5,TLK4,2022,3792
TLK5,TLK6,2022,9311
TLK5,TLK7,2022,8052
TLK5,TLL3,2022,221
TLK5,TLL4,2022,1409
TLK5,TLL5,2022,4803
TLK5,TLN0,2022,140
TLK6,S92000003,2022,1096
TLK6,TLC3,2022,161
TLK6,TLC4,2022,753
TLK6,TLD1,2022,235
TLK6,TLD3,2022,999
TLK6,TLD4,2022,505
TLK6,TLD6,2022,375
TLK6,TLD7,2022,515
TLK6,TLE1,2022,236
TLK6,TLE2,2022,400
TLK6,TLE3,2022,385
TLK6,TLE4,2022,719
TLK6,TLF1,2022,1030
TLK6,TLF2,2022,950
TLK6,TLF3,2022,383
TLK6,TLG1,2022,1104
TLK6,TLG2,2022,716
TLK6,TLG3,2022,1192
TLK6,TLH2,2022,1066
TLK6,TLH3,2022,726
TLK6,TLH4,2022,541
TLK6,TLH5,2022,391
TLK6,TLH6,2022,388
TLK6,TLI3,2022,1703
TLK6,TLI4,2022,2412
TLK6,TLI5,2022,692
TLK6,TLI6,2022,912
TLK6,TLI7,2022,1489
TLK6,TLJ1,2022,3266
TLK6,TLJ2,2022,3712
TLK6,TLJ3,2022,6977
TLK6,TLJ4,2022,988
TLK6,TLK3,2022,1658
TLK6,TLK4,2022,6293
TLK6,TLK5,2022,6633
TLK6,TLK7,2022,4580
TLK6,TLL3,2022,236
TLK6,TLL4,2022,1120
TLK6,TLL5,2022,2527
TLK6,TLN0,2022,173
TLK7,S92000003,2022,1218
TLK7,TLC3,2022,174
TLK7,TLC4,2022,917
TLK7,TLD1,2022,257
TLK7,TLD3,2022,1050
TLK7,TLD4,2022,507
TLK7,TLD6,2022,360
TLK7,TLD7,2022,532
TLK7,TLE1,2022,251
TLK7,TLE2,2022,605
TLK7,TLE3,2022,417
TLK7,TLE4,2022,772
TLK7,TLF1,2022,1193
TLK7,TLF2,2022,1025
TLK7,TLF3,2022,382
TLK7,TLG1,2022,4188
TLK7,TLG2,2022,1021
TLK7,TLG3,2022,1766
TLK7,TLH2,2022,722
TLK7,TLH3,2022,458
TLK7,TLH4,2022,599
TLK7,TLH5,2022,416
TLK7,TLH6,2022,302
TLK7,TLI3,2022,1556
TLK7,TLI4,2022,1917
TLK7,TLI5,2022,562
TLK7,TLI6,2022,449
TLK7,TLI7,2022,1034
TLK7,TLJ1,2022,5074
TLK7,TLJ2,2022,2074
TLK7,TLJ3,2022,3748
TLK7,TLJ4,2022,730
TLK7,TLK3,2022,1249
TLK7,TLK4,2022,3074
TLK7,TLK5,2022,5414
TLK7,TLK6,2022,4632
TLK7,TLL3,2022,316
TLK7,TLL4,2022,1688
TLK7,TLL5,2022,2922
TLK7,TLN0,2022,213
TLL3,S92000003,2022,457
TLL3,TLC3,2022,82
TLL3,TLC4,2022,295
TLL3,TLD1,2022,166
TLL3,TLD3,2022,1695
TLL3,TLD4,2022,801
TLL3,TLD6,2022,2799
TLL3,TLD7,2022,2734
TLL3,TLE1,2022,95
TLL3,TLE2,2022,282
TLL3,TLE3,2022,256
TLL3,TLE4,2022,556
TLL3,TLF1,2022,460
TLL3,TLF2,2022,336
TLL3,TLF3,2022,137
TLL3,TLG1,2022,335
TLL3,TLG2,2022,1372
TLL3,TLG3,2022,592
TLL3,TLH2,2022,148
TLL3,TLH3,2022,101
TLL3,TLH4,2022,160
TLL3,TLH5,2022,115
TLL3,TLH6,2022,80
TLL3,TLI3,2022,213
TLL3,TLI4,2022,370
TLL3,TLI5,2022,93
TLL3,TLI6,2022,105
TLL3,TLI7,2022,186
TLL3,TLJ1,2022,391
TLL3,TLJ2,2022,275
TLL3,TLJ3,2022,228
TLL3,TLJ4,2022,160
TLL3,TLK3,2022,119
TLL3,TLK4,2022,201
TLL3,TLK5,2022,271
TLL3,TLK6,2022,244
TLL3,TLK7,2022,280
TLL3,TLL4,2022,900
TLL3,TLL5,2022,963
TLL3,TLN0,2022,98
TLL4,S92000003,2022,511
TLL4,TLC3,2022,58
TLL4,TLC4,2022,293
TLL4,TLD1,2022,87
TLL4,TLD3,2022,636
TLL4,TLD4,2022,302
TLL4,TLD6,2022,304
TLL4,TLD7,2022,536
TLL4,TLE1,2022,126
TLL4,TLE2,2022,179
TLL4,TLE3,2022,224
TLL4,TLE4,2022,357
TLL4,TLF1,2022,490
TLL4,TLF2,2022,418
TLL4,TLF3,2022,183
TLL4,TLG1,2022,1144
TLL4,TLG2,2022,1425
TLL4,TLG3,2022,984
TLL4,TLH2,2022,358
TLL4,TLH3,2022,253
TLL4,TLH4,2022,262
TLL4,TLH5,2022,182
TLL4,TLH6,2022,151
TLL4,TLI3,2022,478
TLL4,TLI4,2022,723
TLL4,TLI5,2022,298
TLL4,TLI6,2022,262
TLL4,TLI7,2022,584
TLL4,TLJ1,2022,1005
TLL4,TLJ2,2022,854
TLL4,TLJ3,2022,641
TLL4,TLJ4,2022,299
TLL4,TLK3,2022,306
TLL4,TLK4,2022,788
TLL4,TLK5,2022,1523
TLL4,TLK6,2022,794
TLL4,TLK7,2022,1186
TLL4,TLL3,2022,813
TLL4,TLL5,2022,6638
TLL4,TLN0,2022,110
TLL5,S92000003,2022,802
TLL5,TLC3,2022,110
TLL5,TLC4,2022,437
TLL5,TLD1,2022,80
TLL5,TLD3,2022,1062
TLL5,TLD4,2022,334
TLL5,TLD6,2022,264
TLL5,TLD7,2022,586
TLL5,TLE1,2022,161
TLL5,TLE2,2022,247
TLL5,TLE3,2022,346
TLL5,TLE4,2022,536
TLL5,TLF1,2022,698
TLL5,TLF2,2022,675
TLL5,TLF3,2022,178
TLL5,TLG1,2022,1520
TLL5,TLG2,2022,639
TLL5,TLG3,2022,1609
TLL5,TLH2,2022,561
TLL5,TLH3,2022,342
TLL5,TLH4,2022,437
TLL5,TLH5,2022,195
TLL5,TLH6,2022,194
TLL5,TLI3,2022,1115
TLL5,TLI4,2022,1742
TLL5,TLI5,2022,494
TLL5,TLI6,2022,486
TLL5,TLI7,2022,1113
TLL5,TLJ1,2022,1722
TLL5,TLJ2,2022,1248
TLL5,TLJ3,2022,1244
TLL5,TLJ4,2022,478
TLL5,TLK3,2022,681
TLL5,TLK4,2022,1841
TLL5,TLK5,2022,3500
TLL5,TLK6,2022,1749
TLL5,TLK7,2022,2712
TLL5,TLL3,2022,1036
TLL5,TLL4,2022,7160
TLL5,TLN0,2022,195
TLN0,S92000003,2022,1929
TLN0,TLC3,2022,72
TLN0,TLC4,2022,880
TLN0,TLD1,2022,82
TLN0,TLD3,2022,626
TLN0,TLD4,2022,361
TLN0,TLD6,2022,125
TLN0,TLD7,2022,1962
TLN0,TLE1,2022,59
TLN0,TLE2,2022,90
TLN0,TLE3,2022,165
TLN0,TLE4,2022,291
TLN0,TLF1,2022,289
TLN0,TLF2,2022,161
TLN0,TLF3,2022,62
TLN0,TLG1,2022,145
TLN0,TLG2,2022,200
TLN0,TLG3,2022,356
TLN0,TLH2,2022,167
TLN0,TLH3,2022,121
TLN0,TLH4,2022,133
TLN0,TLH5,2022,82
TLN0,TLH6,2022,51
TLN0,TLI3,2022,528
TLN0,TLI4,2022,813
TLN0,TLI5,2022,212
TLN0,TLI6,2022,134
TLN0,TLI7,2022,278
TLN0,TLJ1,2022,367
TLN0,TLJ2,2022,313
TLN0,TLJ3,2022,244
TLN0,TLJ4,2022,129
TLN0,TLK3,2022,59
TLN0,TLK4,2022,227
TLN0,TLK5,2022,280
TLN0,TLK6,2022,169
TLN0,TLK7,2022,125
TLN0,TLL3,2022,71
TLN0,TLL4,2022,112
TLN0,TLL5,2022,305
S92000003,TLC3,2023,381
S92000003,TLC4,2023,2615
S92000003,TLD1,2023,911
S92000003,TLD3,2023,1642
S92000003,TLD4,2023,997
S92000003,TLD6,2023,593
S92000003,TLD7,2023,780
S92000003,TLE1,2023,450
S92000003,TLE2,2023,709
S92000003,TLE3,2023,641
S92000003,TLE4,2023,864
S92000003,TLF1,2023,773
S92000003,TLF2,2023,560
S92000003,TLF3,2023,314
S92000003,TLG1,2023,653
S92000003,TLG2,2023,592
S92000003,TLG3,2023,843
S92000003,TLH2,2023,666
S92000003,TLH3,2023,513
S92000003,TLH4,2023,703
S92000003,TLH5,2023,380
S92000003,TLH6,2023,335
S92000003,TLI3,2023,1644
S92000003,TLI4,2023,2826
S92000003,TLI5,2023,919
S92000003,TLI6,2023,588
S92000003,TLI7,2023,1345
S92000003,TLJ1,2023,2000
S92000003,TLJ2,2023,1366
S92000003,TLJ3,2023,863
S92000003,TLJ4,2023,496
S92000003,TLK3,2023,279
S92000003,TLK4,2023,635
S92000003,TLK5,2023,597
S92000003,TLK6,2023,622
S92000003,TLK7,2023,672
S92000003,TLL3,2023,240
S92000003,TLL4,2023,375
S92000003,TLL5,2023,440
S92000003,TLN0,2023,1691
TLC3,S92000003,2023,479
TLC3,TLC4,2023,7575
TLC3,TLD1,2023,235
TLC3,TLD3,2023,963
TLC3,TLD4,2023,514
TLC3,TLD6,2023,191
TLC3,TLD7,2023,410
TLC3,TLE1,2023,408
TLC3,TLE2,2023,2396
TLC3,TLE3,2023,521
TLC3,TLE4,2023,1397
TLC3,TLF1,2023,450
TLC3,TLF2,2023,326
TLC3,TLF3,2023,198
TLC3,TLG1,2023,134
TLC3,TLG2,2023,219
TLC3,TLG3,2023,488
TLC3,TLH2,2023,186
TLC3,TLH3,2023,150
TLC3,TLH4,2023,199
TLC3,TLH5,2023,134
TLC3,TLH6,2023,85
TLC3,TLI3,2023,184
TLC3,TLI4,2023,420
TLC3,TLI5,2023,234
TLC3,TLI6,2023,136
TLC3,TLI7,2023,298
TLC3,TLJ1,2023,298
TLC3,TLJ2,2023,296
TLC3,TLJ3,2023,212
TLC3,TLJ4,2023,249
TLC3,TLK3,2023,67
TLC3,TLK4,2023,106
TLC3,TLK5,2023,131
TLC3,TLK6,2023,162
TLC3,TLK7,2023,175
TLC3,TLL3,2023,41
TLC3,TLL4,2023,64
TLC3,TLL5,2023,147
TLC3,TLN0,2023,67
TLC4,S92000003,2023,2715
TLC4,TLC3,2023,6610
TLC4,TLD1,2023,1595
TLC4,TLD3,2023,3182
TLC4,TLD4,2023,1434
TLC4,TLD6,2023,701
TLC4,TLD7,2023,1230
TLC4,TLE1,2023,999
TLC4,TLE2,2023,3199
TLC4,TLE3,2023,1475
TLC4,TLE4,2023,4101
TLC4,TLF1,2023,1544
TLC4,TLF2,2023,971
TLC4,TLF3,2023,623
TLC4,TLG1,2023,569
TLC4,TLG2,2023,612
TLC4,TLG3,2023,1171
TLC4,TLH2,2023,879
TLC4,TLH3,2023,588
TLC4,TLH4,2023,907
TLC4,TLH5,2023,453
TLC4,TLH6,2023,345
TLC4,TLI3,2023,1872
TLC4,TLI4,2023,2768
TLC4,TLI5,2023,680
TLC4,TLI6,2023,649
TLC4,TLI7,2023,1462
TLC4,TLJ1,2023,1499
TLC4,TLJ2,2023,1492
TLC4,TLJ3,2023,750
TLC4,TLJ4,2023,680
TLC4,TLK3,2023,193
TLC4,TLK4,2023,446
TLC4,TLK5,2023,659
TLC4,TLK6,2023,493
TLC4,TLK7,2023,619
TLC4,TLL3,2023,232
TLC4,TLL4,2023,235
TLC4,TLL5,2023,338
TLC4,TLN0,2023,418
TLD1,S92000003,2023,1031
TLD1,TLC3,2023,238
TLD1,TLC4,2023,1696
TLD1,TLD3,2023,1105
TLD1,TLD4,2023,2321
TLD1,TLD6,2023,374
TLD1,TLD7,2023,575
TLD1,TLE1,2023,145
TLD1,TLE2,2023,550
TLD1,TLE3,2023,220
TLD1,TLE4,2023,625
TLD1,TLF1,2023,291
TLD1,TLF2,2023,185
TLD1,TLF3,2023,116
TLD1,TLG1,2023,156
TLD1,TLG2,2023,235
TLD1,TLG3,2023,259
TLD1,TLH2,2023,109
TLD1,TLH3,2023,79
TLD1,TLH4,2023,94
TLD1,TLH5,2023,79
TLD1,TLH6,2023,67
TLD1,TLI3,2023,114
TLD1,TLI4,2023,220
TLD1,TLI5,2023,76
TLD1,TLI6,2023,60
TLD1,TLI7,2023,124
TLD1,TLJ1,2023,211
TLD1,TLJ2,2023,195
TLD1,TLJ3,2023,148
TLD1,TLJ4,2023,84
TLD1,TLK3,2023,89
TLD1,TLK4,2023,146
TLD1,TLK5,2023,118
TLD1,TLK6,2023,123
TLD1,TLK7,2023,140
TLD1,TLL3,2023,136
TLD1,TLL4,2023,113
TLD1,TLL5,2023,64
TLD1,TLN0,2023,89
TLD3,S92000003,2023,2211
TLD3,TLC3,2023,744
TLD3,TLC4,2023,2969
TLD3,TLD1,2023,1435
TLD3,TLD4,2023,18004
TLD3,TLD6,2023,11932
TLD3,TLD7,2023,8535
TLD3,TLE1,2023,1205
TLD3,TLE2,2023,1707
TLD3,TLE3,2023,3161
TLD3,TLE4,2023,7792
TLD3,TLF1,2023,4792
TLD3,TLF2,2023,1750
TLD3,TLF3,2023,762
TLD3,TLG1,2023,1100
TLD3,TLG2,2023,2568
TLD3,TLG3,2023,3940
TLD3,TLH2,2023,1360
TLD3,TLH3,2023,753
TLD3,TLH4,2023,988
TLD3,TLH5,2023,460
TLD3,TLH6,2023,402
TLD3,TLI3,2023,2166
TLD3,TLI4,2023,4341
TLD3,TLI5,2023,1458
TLD3,TLI6,2023,974
TLD3,TLI7,2023,2746
TLD3,TLJ1,2023,2336
TLD3,TLJ2,2023,1865
TLD3,TLJ3,2023,1007
TLD3,TLJ4,2023,867
TLD3,TLK3,2023,458
TLD3,TLK4,2023,937
TLD3,TLK5,2023,1207
TLD3,TLK6,2023,925
TLD3,TLK7,2023,912
TLD3,TLL3,2023,2363
TLD3,TLL4,2023,644
TLD3,TLL5,2023,845
TLD3,TLN0,2023,577
TLD4,S92000003,2023,1320
TLD4,TLC3,2023,385
TLD4,TLC4,2023,1596
TLD4,TLD1,2023,2405
TLD4,TLD3,2023,10902
TLD4,TLD6,2023,1895
TLD4,TLD7,2023,6080
TLD4,TLE1,2023,483
TLD4,TLE2,2023,1486
TLD4,TLE3,2023,958
TLD4,TLE4,2023,3184
TLD4,TLF1,2023,1118
TLD4,TLF2,2023,856
TLD4,TLF3,2023,406
TLD4,TLG1,2023,490
TLD4,TLG2,2023,1048
TLD4,TLG3,2023,1427
TLD4,TLH2,2023,513
TLD4,TLH3,2023,357
TLD4,TLH4,2023,387
TLD4,TLH5,2023,316
TLD4,TLH6,2023,146
TLD4,TLI3,2023,545
TLD4,TLI4,2023,1059
TLD4,TLI5,2023,512
TLD4,TLI6,2023,296
TLD4,TLI7,2023,725
TLD4,TLJ1,2023,897
TLD4,TLJ2,2023,736
TLD4,TLJ3,2023,489
TLD4,TLJ4,2023,397
TLD4,TLK3,2023,287
TLD4,TLK4,2023,386
TLD4,TLK5,2023,397
TLD4,TLK6,2023,409
TLD4,TLK7,2023,446
TLD4,TLL3,2023,680
TLD4,TLL4,2023,320
TLD4,TLL5,2023,383
TLD4,TLN0,2023,226
TLD6,S92000003,2023,704
TLD6,TLC3,2023,178
TLD6,TLC4,2023,928
TLD6,TLD1,2023,434
TLD6,TLD3,2023,6553
TLD6,TLD4,2023,1907
TLD6,TLD7,2023,6803
TLD6,TLE1,2023,254
TLD6,TLE2,2023,568
TLD6,TLE3,2023,904
TLD6,TLE4,2023,1369
TLD6,TLF1,2023,1268
TLD6,TLF2,2023,584
TLD6,TLF3,2023,252
TLD6,TLG1,2023,406
TLD6,TLG2,2023,3058
TLD6,TLG3,2023,872
TLD6,TLH2,2023,334
TLD6,TLH3,2023,208
TLD6,TLH4,2023,308
TLD6,TLH5,2023,147
TLD6,TLH6,2023,112
TLD6,TLI3,2023,398
TLD6,TLI4,2023,646
TLD6,TLI5,2023,209
TLD6,TLI6,2023,216
TLD6,TLI7,2023,343
TLD6,TLJ1,2023,770
TLD6,TLJ2,2023,520
TLD6,TLJ3,2023,337
TLD6,TLJ4,2023,177
TLD6,TLK3,2023,257
TLD6,TLK4,2023,371
TLD6,TLK5,2023,460
TLD6,TLK6,2023,391
TLD6,TLK7,2023,373
TLD6,TLL3,2023,3206
TLD6,TLL4,2023,354
TLD6,TLL5,2023,303
TLD6,TLN0,2023,190
TLD7,S92000003,2023,1021
TLD7,TLC3,2023,293
TLD7,TLC4,2023,1316
TLD7,TLD1,2023,738
TLD7,TLD3,2023,7761
TLD7,TLD4,2023,6968
TLD7,TLD6,2023,7021
TLD7,TLE1,2023,416
TLD7,TLE2,2023,819
TLD7,TLE3,2023,1091
TLD7,TLE4,2023,2322
TLD7,TLF1,2023,1285
TLD7,TLF2,2023,797
TLD7,TLF3,2023,261
TLD7,TLG1,2023,699
TLD7,TLG2,2023,1504
TLD7,TLG3,2023,1776
TLD7,TLH2,2023,688
TLD7,TLH3,2023,373
TLD7,TLH4,2023,405
TLD7,TLH5,2023,184
TLD7,TLH6,2023,162
TLD7,TLI3,2023,883
TLD7,TLI4,2023,1572
TLD7,TLI5,2023,566
TLD7,TLI6,2023,432
TLD7,TLI7,2023,989
TLD7,TLJ1,2023,1007
TLD7,TLJ2,2023,823
TLD7,TLJ3,2023,511
TLD7,TLJ4,2023,448
TLD7,TLK3,2023,220
TLD7,TLK4,2023,403
TLD7,TLK5,2023,553
TLD7,TLK6,2023,486
TLD7,TLK7,2023,442
TLD7,TLL3,2023,2587
TLD7,TLL4,2023,441
TLD7,TLL5,2023,505
TLD7,TLN0,2023,844
TLE1,S92000003,2023,575
TLE1,TLC3,2023,417
TLE1,TLC4,2023,1482
TLE1,TLD1,2023,182
TLE1,TLD3,2023,1435
TLE1,TLD4,2023,454
TLE1,TLD6,2023,282
TLE1,TLD7,2023,496
TLE1,TLE2,2023,3043
TLE1,TLE3,2023,2534
TLE1,TLE4,2023,3330
TLE1,TLF1,2023,1187
TLE1,TLF2,2023,584
TLE1,TLF3,2023,2728
TLE1,TLG1,2023,235
TLE1,TLG2,2023,333
TLE1,TLG3,2023,603
TLE1,TLH2,2023,284
TLE1,TLH3,2023,264
TLE1,TLH4,2023,308
TLE1,TLH5,2023,218
TLE1,TLH6,2023,134
TLE1,TLI3,2023,247
TLE1,TLI4,2023,506
TLE1,TLI5,2023,298
TLE1,TLI6,2023,178
TLE1,TLI7,2023,369
TLE1,TLJ1,2023,426
TLE1,TLJ2,2023,397
TLE1,TLJ3,2023,275
TLE1,TLJ4,2023,237
TLE1,TLK3,2023,130
TLE1,TLK4,2023,160
TLE1,TLK5,2023,193
TLE1,TLK6,2023,204
TLE1,TLK7,2023,266
TLE1,TLL3,2023,110
TLE1,TLL4,2023,121
TLE1,TLL5,2023,138
TLE1,TLN0,2023,69
TLE2,S92000003,2023,1239
TLE2,TLC3,2023,2715
TLE2,TLC4,2023,3741
TLE2,TLD1,2023,600
TLE2,TLD3,2023,1791
TLE2,TLD4,2023,1510
TLE2,TLD6,2023,558
TLE2,TLD7,2023,773
TLE2,TLE1,2023,4431
TLE2,TLE3,2023,1729
TLE2,TLE4,2023,6868
TLE2,TLF1,2023,1344
TLE2,TLF2,2023,734
TLE2,TLF3,2023,605
TLE2,TLG1,2023,422
TLE2,TLG2,2023,540
TLE2,TLG3,2023,647
TLE2,TLH2,2023,538
TLE2,TLH3,2023,367
TLE2,TLH4,2023,616
TLE2,TLH5,2023,298
TLE2,TLH6,2023,276
TLE2,TLI3,2023,736
TLE2,TLI4,2023,1048
TLE2,TLI5,2023,304
TLE2,TLI6,2023,287
TLE2,TLI7,2023,555
TLE2,TLJ1,2023,901
TLE2,TLJ2,2023,838
TLE2,TLJ3,2023,541
TLE2,TLJ4,2023,388
TLE2,TLK3,2023,192
TLE2,TLK4,2023,339
TLE2,TLK5,2023,416
TLE2,TLK6,2023,344
TLE2,TLK7,2023,474
TLE2,TLL3,2023,219
TLE2,TLL4,2023,199
TLE2,TLL5,2023,246
TLE2,TLN0,2023,166
TLE3,S92000003,2023,851
TLE3,TLC3,2023,582
TLE3,TLC4,2023,1981
TLE3,TLD1,2023,233
TLE3,TLD3,2023,3814
TLE3,TLD4,2023,1004
TLE3,TLD6,2023,830
TLE3,TLD7,2023,1145
TLE3,TLE1,2023,2733
TLE3,TLE2,2023,1867
TLE3,TLE4,2023,6767
TLE3,TLF1,2023,8791
TLE3,TLF2,2023,1574
TLE3,TLF3,2023,1704
TLE3,TLG1,2023,614
TLE3,TLG2,2023,800
TLE3,TLG3,2023,1556
TLE3,TLH2,2023,711
TLE3,TLH3,2023,459
TLE3,TLH4,2023,735
TLE3,TLH5,2023,389
TLE3,TLH6,2023,238
TLE3,TLI3,2023,713
TLE3,TLI4,2023,1505
TLE3,TLI5,2023,573
TLE3,TLI6,2023,386
TLE3,TLI7,2023,998
TLE3,TLJ1,2023,1049
TLE3,TLJ2,2023,861
TLE3,TLJ3,2023,506
TLE3,TLJ4,2023,452
TLE3,TLK3,2023,213
TLE3,TLK4,2023,338
TLE3,TLK5,2023,548
TLE3,TLK6,2023,411
TLE3,TLK7,2023,425
TLE3,TLL3,2023,265
TLE3,TLL4,2023,245
TLE3,TLL5,2023,365
TLE3,TLN0,2023,146
TLE4,S92000003,2023,1768
TLE4,TLC3,2023,1579
TLE4,TLC4,2023,4774
TLE4,TLD1,2023,890
TLE4,TLD3,2023,8572
TLE4,TLD4,2023,4022
TLE4,TLD6,2023,1452
TLE4,TLD7,2023,2579
TLE4,TLE1,2023,4156
TLE4,TLE2,2023,9798
TLE4,TLE3,2023,8019
TLE4,TLF1,2023,3504
TLE4,TLF2,2023,1895
TLE4,TLF3,2023,1398
TLE4,TLG1,2023,883
TLE4,TLG2,2023,1222
TLE4,TLG3,2023,2931
TLE4,TLH2,2023,1523
TLE4,TLH3,2023,815
TLE4,TLH4,2023,1222
TLE4,TLH5,2023,605
TLE4,TLH6,2023,451
TLE4,TLI3,2023,1631
TLE4,TLI4,2023,3192
TLE4,TLI5,2023,1329
TLE4,TLI6,2023,807
TLE4,TLI7,2023,1989
TLE4,TLJ1,2023,2010
TLE4,TLJ2,2023,1711
TLE4,TLJ3,2023,829
TLE4,TLJ4,2023,869
TLE4,TLK3,2023,321
TLE4,TLK4,2023,579
TLE4,TLK5,2023,873
TLE4,TLK6,2023,669
TLE4,TLK7,2023,681
TLE4,TLL3,2023,653
TLE4,TLL4,2023,385
TLE4,TLL5,2023,493
TLE4,TLN0,2023,314
TLF1,S92000003,2023,1345
TLF1,TLC3,2023,483
TLF1,TLC4,2023,1981
TLF1,TLD1,2023,362
TLF1,TLD3,2023,4698
TLF1,TLD4,2023,1305
TLF1,TLD6,2023,1510
TLF1,TLD7,2023,1587
TLF1,TLE1,2023,1387
TLF1,TLE2,2023,1632
TLF1,TLE3,2023,6877
TLF1,TLE4,2023,3635
TLF1,TLF2,2023,7797
TLF1,TLF3,2023,4876
TLF1,TLG1,2023,2117
TLF1,TLG2,2023,4968
TLF1,TLG3,2023,5506
TLF1,TLH2,2023,2924
TLF1,TLH3,2023,1491
TLF1,TLH4,2023,1902
TLF1,TLH5,2023,1125
TLF1,TLH6,2023,789
TLF1,TLI3,2023,1635
TLF1,TLI4,2023,3133
TLF1,TLI5,2023,1701
TLF1,TLI6,2023,1214
TLF1,TLI7,2023,2531
TLF1,TLJ1,2023,3056
TLF1,TLJ2,2023,2339
TLF1,TLJ3,2023,1139
TLF1,TLJ4,2023,1177
TLF1,TLK3,2023,719
TLF1,TLK4,2023,972
TLF1,TLK5,2023,1098
TLF1,TLK6,2023,897
TLF1,TLK7,2023,989
TLF1,TLL3,2023,612
TLF1,TLL4,2023,639
TLF1,TLL5,2023,767
TLF1,TLN0,2023,213
TLF2,S92000003,2023,1329
TLF2,TLC3,2023,400
TLF2,TLC4,2023,1450
TLF2,TLD1,2023,325
TLF2,TLD3,2023,2540
TLF2,TLD4,2023,1126
TLF2,TLD6,2023,618
TLF2,TLD7,2023,1154
TLF2,TLE1,2023,808
TLF2,TLE2,2023,1013
TLF2,TLE3,2023,2026
TLF2,TLE4,2023,2065
TLF2,TLF1,2023,8531
TLF2,TLF3,2023,3505
TLF2,TLG1,2023,4408
TLF2,TLG2,2023,2175
TLF2,TLG3,2023,6234
TLF2,TLH2,2023,3142
TLF2,TLH3,2023,1330
TLF2,TLH4,2023,2853
TLF2,TLH5,2023,1403
TLF2,TLH6,2023,776
TLF2,TLI3,2023,1500
TLF2,TLI4,2023,3420
TLF2,TLI5,2023,1891
TLF2,TLI6,2023,1088
TLF2,TLI7,2023,2612
TLF2,TLJ1,2023,5462
TLF2,TLJ2,2023,2420
TLF2,TLJ3,2023,1505
TLF2,TLJ4,2023,1182
TLF2,TLK3,2023,732
TLF2,TLK4,2023,1239
TLF2,TLK5,2023,1235
TLF2,TLK6,2023,1207
TLF2,TLK7,2023,1090
TLF2,TLL3,2023,482
TLF2,TLL4,2023,731
TLF2,TLL5,2023,786
TLF2,TLN0,2023,293
TLF3,S92000003,2023,532
TLF3,TLC3,2023,210
TLF3,TLC4,2023,976
TLF3,TLD1,2023,168
TLF3,TLD3,2023,942
TLF3,TLD4,2023,434
TLF3,TLD6,2023,311
TLF3,TLD7,2023,350
TLF3,TLE1,2023,3063
TLF3,TLE2,2023,775
TLF3,TLE3,2023,1845
TLF3,TLE4,2023,1346
TLF3,TLF1,2023,4633
TLF3,TLF2,2023,2549
TLF3,TLG1,2023,435
TLF3,TLG2,2023,619
TLF3,TLG3,2023,849
TLF3,TLH2,2023,698
TLF3,TLH3,2023,510
TLF3,TLH4,2023,2525
TLF3,TLH5,2023,1265
TLF3,TLH6,2023,422
TLF3,TLI3,2023,312
TLF3,TLI4,2023,594
TLF3,TLI5,2023,371
TLF3,TLI6,2023,207
TLF3,TLI7,2023,460
TLF3,TLJ1,2023,830
TLF3,TLJ2,2023,638
TLF3,TLJ3,2023,420
TLF3,TLJ4,2023,374
TLF3,TLK3,2023,211
TLF3,TLK4,2023,312
TLF3,TLK5,2023,268
TLF3,TLK6,2023,319
TLF3,TLK7,2023,325
TLF3,TLL3,2023,174
TLF3,TLL4,2023,178
TLF3,TLL5,2023,186
TLF3,TLN0,2023,85
TLG1,S92000003,2023,798
TLG1,TLC3,2023,172
TLG1,TLC4,2023,732
TLG1,TLD1,2023,217
TLG1,TLD3,2023,1247
TLG1,TLD4,2023,546
TLG1,TLD6,2023,452
TLG1,TLD7,2023,862
TLG1,TLE1,2023,306
TLG1,TLE2,2023,559
TLG1,TLE3,2023,677
TLG1,TLE4,2023,890
TLG1,TLF1,2023,2087
TLG1,TLF2,2023,3756
TLG1,TLF3,2023,567
TLG1,TLG2,2023,3708
TLG1,TLG3,2023,10430
TLG1,TLH2,2023,735
TLG1,TLH3,2023,403
TLG1,TLH4,2023,522
TLG1,TLH5,2023,333
TLG1,TLH6,2023,253
TLG1,TLI3,2023,1057
TLG1,TLI4,2023,1439
TLG1,TLI5,2023,464
TLG1,TLI6,2023,372
TLG1,TLI7,2023,856
TLG1,TLJ1,2023,2261
TLG1,TLJ2,2023,1273
TLG1,TLJ3,2023,977
TLG1,TLJ4,2023,396
TLG1,TLK3,2023,766
TLG1,TLK4,2023,1475
TLG1,TLK5,2023,1558
TLG1,TLK6,2023,1232
TLG1,TLK7,2023,3251
TLG1,TLL3,2023,416
TLG1,TLL4,2023,1361
TLG1,TLL5,2023,1679
TLG1,TLN0,2023,182
TLG2,S92000003,2023,878
TLG2,TLC3,2023,238
TLG2,TLC4,2023,740
TLG2,TLD1,2023,342
TLG2,TLD3,2023,2754
TLG2,TLD4,2023,1183
TLG2,TLD6,2023,3497
TLG2,TLD7,2023,1867
TLG2,TLE1,2023,389
TLG2,TLE2,2023,643
TLG2,TLE3,2023,923
TLG2,TLE4,2023,1210
TLG2,TLF1,2023,4928
TLG2,TLF2,2023,1915
TLG2,TLF3,2023,651
TLG2,TLG1,2023,3351
TLG2,TLG3,2023,7904
TLG2,TLH2,2023,576
TLG2,TLH3,2023,466
TLG2,TLH4,2023,535
TLG2,TLH5,2023,360
TLG2,TLH6,2023,319
TLG2,TLI3,2023,573
TLG2,TLI4,2023,1025
TLG2,TLI5,2023,504
TLG2,TLI6,2023,277
TLG2,TLI7,2023,620
TLG2,TLJ1,2023,1266
TLG2,TLJ2,2023,940
TLG2,TLJ3,2023,651
TLG2,TLJ4,2023,417
TLG2,TLK3,2023,468
TLG2,TLK4,2023,948
TLG2,TLK5,2023,777
TLG2,TLK6,2023,770
TLG2,TLK7,2023,935
TLG2,TLL3,2023,1570
TLG2,TLL4,2023,1637
TLG2,TLL5,2023,732
TLG2,TLN0,2023,226
TLG3,S92000003,2023,1713
TLG3,TLC3,2023,499
TLG3,TLC4,2023,1522
TLG3,TLD1,2023,301
TLG3,TLD3,2023,4578
TLG3,TLD4,2023,1733
TLG3,TLD6,2023,1297
TLG3,TLD7,2023,2157
TLG3,TLE1,2023,694
TLG3,TLE2,2023,759
TLG3,TLE3,2023,1887
TLG3,TLE4,2023,2917
TLG3,TLF1,2023,6088
TLG3,TLF2,2023,6882
TLG3,TLF3,2023,1024
TLG3,TLG1,2023,22753
TLG3,TLG2,2023,19362
TLG3,TLH2,2023,2759
TLG3,TLH3,2023,1457
TLG3,TLH4,2023,1530
TLG3,TLH5,2023,762
TLG3,TLH6,2023,565
TLG3,TLI3,2023,2375
TLG3,TLI4,2023,5685
TLG3,TLI5,2023,3337
TLG3,TLI6,2023,1899
TLG3,TLI7,2023,4713
TLG3,TLJ1,2023,5025
TLG3,TLJ2,2023,2775
TLG3,TLJ3,2023,1909
TLG3,TLJ4,2023,1568
TLG3,TLK3,2023,781
TLG3,TLK4,2023,2032
TLG3,TLK5,2023,2015
TLG3,TLK6,2023,1776
TLG3,TLK7,2023,2198
TLG3,TLL3,2023,984
TLG3,TLL4,2023,1449
TLG3,TLL5,2023,1761
TLG3,TLN0,2023,395
TLH2,S92000003,2023,1288
TLH2,TLC3,2023,328
TLH2,TLC4,2023,1547
TLH2,TLD1,2023,315
TLH2,TLD3,2023,1930
TLH2,TLD4,2023,859
TLH2,TLD6,2023,662
TLH2,TLD7,2023,970
TLH2,TLE1,2023,502
TLH2,TLE2,2023,921
TLH2,TLE3,2023,1146
TLH2,TLE4,2023,1908
TLH2,TLF1,2023,3377
TLH2,TLF2,2023,5625
TLH2,TLF3,2023,1585
TLH2,TLG1,2023,1159
TLH2,TLG2,2023,1178
TLH2,TLG3,2023,3436
TLH2,TLH3,2023,5192
TLH2,TLH4,2023,5801
TLH2,TLH5,2023,2428
TLH2,TLH6,2023,1500
TLH2,TLI3,2023,2232
TLH2,TLI4,2023,4620
TLH2,TLI5,2023,3311
TLH2,TLI6,2023,1294
TLH2,TLI7,2023,6548
TLH2,TLJ1,2023,10332
TLH2,TLJ2,2023,3839
TLH2,TLJ3,2023,2263
TLH2,TLJ4,2023,1887
TLH2,TLK3,2023,768
TLH2,TLK4,2023,1597
TLH2,TLK5,2023,1431
TLH2,TLK6,2023,2145
TLH2,TLK7,2023,1259
TLH2,TLL3,2023,302
TLH2,TLL4,2023,657
TLH2,TLL5,2023,796
TLH2,TLN0,2023,277
TLH3,S92000003,2023,1016
TLH3,TLC3,2023,344
TLH3,TLC4,2023,1009
TLH3,TLD1,2023,247
TLH3,TLD3,2023,1072
TLH3,TLD4,2023,598
TLH3,TLD6,2023,296
TLH3,TLD7,2023,632
TLH3,TLE1,2023,464
TLH3,TLE2,2023,595
TLH3,TLE3,2023,804
TLH3,TLE4,2023,1059
TLH3,TLF1,2023,1909
TLH3,TLF2,2023,1752
TLH3,TLF3,2023,1189
TLH3,TLG1,2023,639
TLH3,TLG2,2023,747
TLH3,TLG3,2023,1768
TLH3,TLH2,2023,4727
TLH3,TLH4,2023,2698
TLH3,TLH5,2023,3293
TLH3,TLH6,2023,6376
TLH3,TLI3,2023,1493
TLH3,TLI4,2023,4616
TLH3,TLI5,2023,6432
TLH3,TLI6,2023,1093
TLH3,TLI7,2023,1872
TLH3,TLJ1,2023,2206
TLH3,TLJ2,2023,3124
TLH3,TLJ3,2023,1603
TLH3,TLJ4,2023,3285
TLH3,TLK3,2023,545
TLH3,TLK4,2023,1085
TLH3,TLK5,2023,928
TLH3,TLK6,2023,1075
TLH3,TLK7,2023,778
TLH3,TLL3,2023,235
TLH3,TLL4,2023,534
TLH3,TLL5,2023,484
TLH3,TLN0,2023,220
TLH4,S92000003,2023,993
TLH4,TLC3,2023,199
TLH4,TLC4,2023,1030
TLH4,TLD1,2023,155
TLH4,TLD3,2023,1077
TLH4,TLD4,2023,432
TLH4,TLD6,2023,283
TLH4,TLD7,2023,477
TLH4,TLE1,2023,381
TLH4,TLE2,2023,790
TLH4,TLE3,2023,903
TLH4,TLE4,2023,1237
TLH4,TLF1,2023,1795
TLH4,TLF2,2023,3182
TLH4,TLF3,2023,4209
TLH4,TLG1,2023,583
TLH4,TLG2,2023,552
TLH4,TLG3,2023,1460
TLH4,TLH2,2023,2958
TLH4,TLH3,2023,1672
TLH4,TLH5,2023,3338
TLH4,TLH6,2023,3302
TLH4,TLI3,2023,1951
TLH4,TLI4,2023,3242
TLH4,TLI5,2023,933
TLH4,TLI6,2023,639
TLH4,TLI7,2023,1403
TLH4,TLJ1,2023,2135
TLH4,TLJ2,2023,1567
TLH4,TLJ3,2023,834
TLH4,TLJ4,2023,718
TLH4,TLK3,2023,284
TLH4,TLK4,2023,650
TLH4,TLK5,2023,891
TLH4,TLK6,2023,585
TLH4,TLK7,2023,571
TLH4,TLL3,2023,150
TLH4,TLL4,2023,277
TLH4,TLL5,2023,396
TLH4,TLN0,2023,182
TLH5,S92000003,2023,624
TLH5,TLC3,2023,118
TLH5,TLC4,2023,587
TLH5,TLD1,2023,146
TLH5,TLD3,2023,671
TLH5,TLD4,2023,253
TLH5,TLD6,2023,192
TLH5,TLD7,2023,210
TLH5,TLE1,2023,292
TLH5,TLE2,2023,450
TLH5,TLE3,2023,477
TLH5,TLE4,2023,669
TLH5,TLF1,2023,1106
TLH5,TLF2,2023,1050
TLH5,TLF3,2023,1487
TLH5,TLG1,2023,343
TLH5,TLG2,2023,334
TLH5,TLG3,2023,657
TLH5,TLH2,2023,1195
TLH5,TLH3,2023,1654
TLH5,TLH4,2023,2944
TLH5,TLH6,2023,5299
TLH5,TLI3,2023,704
TLH5,TLI4,2023,1401
TLH5,TLI5,2023,752
TLH5,TLI6,2023,422
TLH5,TLI7,2023,757
TLH5,TLJ1,2023,971
TLH5,TLJ2,2023,1090
TLH5,TLJ3,2023,584
TLH5,TLJ4,2023,752
TLH5,TLK3,2023,213
TLH5,TLK4,2023,436
TLH5,TLK5,2023,440
TLH5,TLK6,2023,437
TLH5,TLK7,2023,301
TLH5,TLL3,2023,139
TLH5,TLL4,2023,210
TLH5,TLL5,2023,195
TLH5,TLN0,2023,90
TLH6,S92000003,2023,475
TLH6,TLC3,2023,104
TLH6,TLC4,2023,443
TLH6,TLD1,2023,92
TLH6,TLD3,2023,498
TLH6,TLD4,2023,239
TLH6,TLD6,2023,145
TLH6,TLD7,2023,217
TLH6,TLE1,2023,180
TLH6,TLE2,2023,414
TLH6,TLE3,2023,352
TLH6,TLE4,2023,555
TLH6,TLF1,2023,760
TLH6,TLF2,2023,662
TLH6,TLF3,2023,547
TLH6,TLG1,2023,243
TLH6,TLG2,2023,354
TLH6,TLG3,2023,573
TLH6,TLH2,2023,699
TLH6,TLH3,2023,2933
TLH6,TLH4,2023,2326
TLH6,TLH5,2023,5661
TLH6,TLI3,2023,574
TLH6,TLI4,2023,1027
TLH6,TLI5,2023,489
TLH6,TLI6,2023,264
TLH6,TLI7,2023,507
TLH6,TLJ1,2023,757
TLH6,TLJ2,2023,977
TLH6,TLJ3,2023,530
TLH6,TLJ4,2023,559
TLH6,TLK3,2023,249
TLH6,TLK4,2023,415
TLH6,TLK5,2023,426
TLH6,TLK6,2023,385
TLH6,TLK7,2023,310
TLH6,TLL3,2023,96
TLH6,TLL4,2023,188
TLH6,TLL5,2023,193
TLH6,TLN0,2023,94
TLI3,S92000003,2023,1557
TLI3,TLC3,2023,219
TLI3,TLC4,2023,1095
TLI3,TLD1,2023,162
TLI3,TLD3,2023,1669
TLI3,TLD4,2023,423
TLI3,TLD6,2023,396
TLI3,TLD7,2023,775
TLI3,TLE1,2023,192
TLI3,TLE2,2023,608
TLI3,TLE3,2023,482
TLI3,TLE4,2023,1221
TLI3,TLF1,2023,1179
TLI3,TLF2,2023,1345
TLI3,TLF3,2023,304
TLI3,TLG1,2023,729
TLI3,TLG2,2023,465
TLI3,TLG3,2023,1811
TLI3,TLH2,2023,3693
TLI3,TLH3,2023,1645
TLI3,TLH4,2023,1656
TLI3,TLH5,2023,594
TLI3,TLH6,2023,575
TLI3,TLI4,2023,29750
TLI3,TLI5,2023,5481
TLI3,TLI6,2023,11517
TLI3,TLI7,2023,22525
TLI3,TLJ1,2023,6505
TLI3,TLJ2,2023,8821
TLI3,TLJ3,2023,2449
TLI3,TLJ4,2023,2546
TLI3,TLK3,2023,419
TLI3,TLK4,2023,1141
TLI3,TLK5,2023,1951
TLI3,TLK6,2023,1593
TLI3,TLK7,2023,1649
TLI3,TLL3,2023,162
TLI3,TLL4,2023,348
TLI3,TLL5,2023,662
TLI3,TLN0,2023,281
TLI4,S92000003,2023,2616
TLI4,TLC3,2023,405
TLI4,TLC4,2023,1828
TLI4,TLD1,2023,323
TLI4,TLD3,2023,4091
TLI4,TLD4,2023,1063
TLI4,TLD6,2023,730
TLI4,TLD7,2023,1465
TLI4,TLE1,2023,505
TLI4,TLE2,2023,893
TLI4,TLE3,2023,1564
TLI4,TLE4,2023,2622
TLI4,TLF1,2023,2544
TLI4,TLF2,2023,3251
TLI4,TLF3,2023,664
TLI4,TLG1,2023,1280
TLI4,TLG2,2023,1061
TLI4,TLG3,2023,4933
TLI4,TLH2,2023,8277
TLI4,TLH3,2023,10166
TLI4,TLH4,2023,2951
TLI4,TLH5,2023,1523
TLI4,TLH6,2023,1504
TLI4,TLI3,2023,25240
TLI4,TLI5,2023,47546
TLI4,TLI6,2023,21262
TLI4,TLI7,2023,19795
TLI4,TLJ1,2023,7533
TLI4,TLJ2,2023,11564
TLI4,TLJ3,2023,3233
TLI4,TLJ4,2023,10263
TLI4,TLK3,2023,724
TLI4,TLK4,2023,1725
TLI4,TLK5,2023,3172
TLI4,TLK6,2023,2423
TLI4,TLK7,2023,2082
TLI4,TLL3,2023,288
TLI4,TLL4,2023,645
TLI4,TLL5,2023,1201
TLI4,TLN0,2023,590
TLI5,S92000003,2023,1210
TLI5,TLC3,2023,333
TLI5,TLC4,2023,900
TLI5,TLD1,2023,155
TLI5,TLD3,2023,2224
TLI5,TLD4,2023,770
TLI5,TLD6,2023,402
TLI5,TLD7,2023,801
TLI5,TLE1,2023,439
TLI5,TLE2,2023,485
TLI5,TLE3,2023,976
TLI5,TLE4,2023,1568
TLI5,TLF1,2023,2363
TLI5,TLF2,2023,2863
TLI5,TLF3,2023,693
TLI5,TLG1,2023,787
TLI5,TLG2,2023,808
TLI5,TLG3,2023,4532
TLI5,TLH2,2023,9485
TLI5,TLH3,2023,22446
TLI5,TLH4,2023,2080
TLI5,TLH5,2023,1616
TLI5,TLH6,2023,1558
TLI5,TLI3,2023,3911
TLI5,TLI4,2023,25355
TLI5,TLI6,2023,6065
TLI5,TLI7,2023,8611
TLI5,TLJ1,2023,3811
TLI5,TLJ2,2023,4949
TLI5,TLJ3,2023,1951
TLI5,TLJ4,2023,13789
TLI5,TLK3,2023,385
TLI5,TLK4,2023,955
TLI5,TLK5,2023,1171
TLI5,TLK6,2023,1188
TLI5,TLK7,2023,893
TLI5,TLL3,2023,130
TLI5,TLL4,2023,449
TLI5,TLL5,2023,674
TLI5,TLN0,2023,338
TLI6,S92000003,2023,938
TLI6,TLC3,2023,210
TLI6,TLC4,2023,817
TLI6,TLD1,2023,141
TLI6,TLD3,2023,1305
TLI6,TLD4,2023,467
TLI6,TLD6,2023,374
TLI6,TLD7,2023,707
TLI6,TLE1,2023,218
TLI6,TLE2,2023,474
TLI6,TLE3,2023,604
TLI6,TLE4,2023,940
TLI6,TLF1,2023,1613
TLI6,TLF2,2023,1603
TLI6,TLF3,2023,372
TLI6,TLG1,2023,654
TLI6,TLG2,2023,565
TLI6,TLG3,2023,2209
TLI6,TLH2,2023,1965
TLI6,TLH3,2023,1792
TLI6,TLH4,2023,993
TLI6,TLH5,2023,662
TLI6,TLH6,2023,439
TLI6,TLI3,2023,6353
TLI6,TLI4,2023,11628
TLI6,TLI5,2023,4810
TLI6,TLI7,2023,5320
TLI6,TLJ1,2023,3368
TLI6,TLJ2,2023,20254
TLI6,TLJ3,2023,3124
TLI6,TLJ4,2023,8149
TLI6,TLK3,2023,437
TLI6,TLK4,2023,1021
TLI6,TLK5,2023,1465
TLI6,TLK6,2023,1686
TLI6,TLK7,2023,935
TLI6,TLL3,2023,153
TLI6,TLL4,2023,394
TLI6,TLL5,2023,614
TLI6,TLN0,2023,232
TLI7,S92000003,2023,1756
TLI7,TLC3,2023,332
TLI7,TLC4,2023,1581
TLI7,TLD1,2023,211
TLI7,TLD3,2023,2858
TLI7,TLD4,2023,846
TLI7,TLD6,2023,559
TLI7,TLD7,2023,1178
TLI7,TLE1,2023,451
TLI7,TLE2,2023,643
TLI7,TLE3,2023,1166
TLI7,TLE4,2023,2109
TLI7,TLF1,2023,2828
TLI7,TLF2,2023,4243
TLI7,TLF3,2023,579
TLI7,TLG1,2023,1318
TLI7,TLG2,2023,1052
TLI7,TLG3,2023,6156
TLI7,TLH2,2023,18266
TLI7,TLH3,2023,3034
TLI7,TLH4,2023,2013
TLI7,TLH5,2023,992
TLI7,TLH6,2023,728
TLI7,TLI3,2023,14615
TLI7,TLI4,2023,14629
TLI7,TLI5,2023,9073
TLI7,TLI6,2023,6667
TLI7,TLJ1,2023,18399
TLI7,TLJ2,2023,13642
TLI7,TLJ3,2023,4218
TLI7,TLJ4,2023,3193
TLI7,TLK3,2023,604
TLI7,TLK4,2023,1528
TLI7,TLK5,2023,2226
TLI7,TLK6,2023,2585
TLI7,TLK7,2023,2245
TLI7,TLL3,2023,219
TLI7,TLL4,2023,642
TLI7,TLL5,2023,1049
TLI7,TLN0,2023,406
TLJ1,S92000003,2023,2446
TLJ1,TLC3,2023,443
TLJ1,TLC4,2023,2034
TLJ1,TLD1,2023,416
TLJ1,TLD3,2023,2723
TLJ1,TLD4,2023,1314
TLJ1,TLD6,2023,876
TLJ1,TLD7,2023,1208
TLJ1,TLE1,2023,680
TLJ1,TLE2,2023,1205
TLJ1,TLE3,2023,1445
TLJ1,TLE4,2023,2180
TLJ1,TLF1,2023,3674
TLJ1,TLF2,2023,7780
TLJ1,TLF3,2023,1275
TLJ1,TLG1,2023,3468
TLJ1,TLG2,2023,1788
TLJ1,TLG3,2023,5112
TLJ1,TLH2,2023,6831
TLJ1,TLH3,2023,1853
TLJ1,TLH4,2023,2339
TLJ1,TLH5,2023,1330
TLJ1,TLH6,2023,915
TLJ1,TLI3,2023,5632
TLJ1,TLI4,2023,6695
TLJ1,TLI5,2023,1996
TLJ1,TLI6,2023,2060
TLJ1,TLI7,2023,6970
TLJ1,TLJ2,2023,9162
TLJ1,TLJ3,2023,8963
TLJ1,TLJ4,2023,2396
TLJ1,TLK3,2023,1532
TLJ1,TLK4,2023,3412
TLJ1,TLK5,2023,4021
TLJ1,TLK6,2023,4623
TLJ1,TLK7,2023,6141
TLJ1,TLL3,2023,478
TLJ1,TLL4,2023,1633
TLJ1,TLL5,2023,2319
TLJ1,TLN0,2023,476
TLJ2,S92000003,2023,2446
TLJ2,TLC3,2023,418
TLJ2,TLC4,2023,2099
TLJ2,TLD1,2023,421
TLJ2,TLD3,2023,2417
TLJ2,TLD4,2023,984
TLJ2,TLD6,2023,679
TLJ2,TLD7,2023,1338
TLJ2,TLE1,2023,597
TLJ2,TLE2,2023,1175
TLJ2,TLE3,2023,1195
TLJ2,TLE4,2023,1929
TLJ2,TLF1,2023,3025
TLJ2,TLF2,2023,2616
TLJ2,TLF3,2023,1042
TLJ2,TLG1,2023,1441
TLJ2,TLG2,2023,1380
TLJ2,TLG3,2023,2781
TLJ2,TLH2,2023,2965
TLJ2,TLH3,2023,2633
TLJ2,TLH4,2023,1797
TLJ2,TLH5,2023,1651
TLJ2,TLH6,2023,1120
TLJ2,TLI3,2023,5465
TLJ2,TLI4,2023,7795
TLJ2,TLI5,2023,2976
TLJ2,TLI6,2023,8343
TLJ2,TLI7,2023,6846
TLJ2,TLJ1,2023,9648
TLJ2,TLJ3,2023,16142
TLJ2,TLJ4,2023,7680
TLJ2,TLK3,2023,1654
TLJ2,TLK4,2023,3733
TLJ2,TLK5,2023,4019
TLJ2,TLK6,2023,5151
TLJ2,TLK7,2023,2770
TLJ2,TLL3,2023,453
TLJ2,TLL4,2023,1447
TLJ2,TLL5,2023,1843
TLJ2,TLN0,2023,473
TLJ3,S92000003,2023,1501
TLJ3,TLC3,2023,265
TLJ3,TLC4,2023,1028
TLJ3,TLD1,2023,277
TLJ3,TLD3,2023,1290
TLJ3,TLD4,2023,612
TLJ3,TLD6,2023,449
TLJ3,TLD7,2023,669
TLJ3,TLE1,2023,480
TLJ3,TLE2,2023,573
TLJ3,TLE3,2023,692
TLJ3,TLE4,2023,861
TLJ3,TLF1,2023,1403
TLJ3,TLF2,2023,1429
TLJ3,TLF3,2023,618
TLJ3,TLG1,2023,1136
TLJ3,TLG2,2023,905
TLJ3,TLG3,2023,1722
TLJ3,TLH2,2023,1717
TLJ3,TLH3,2023,1328
TLJ3,TLH4,2023,977
TLJ3,TLH5,2023,660
TLJ3,TLH6,2023,575
TLJ3,TLI3,2023,1989
TLJ3,TLI4,2023,3224
TLJ3,TLI5,2023,1400
TLJ3,TLI6,2023,1892
TLJ3,TLI7,2023,2518
TLJ3,TLJ1,2023,7398
TLJ3,TLJ2,2023,12440
TLJ3,TLJ4,2023,1949
TLJ3,TLK3,2023,1125
TLJ3,TLK4,2023,2962
TLJ3,TLK5,2023,2884
TLJ3,TLK6,2023,7180
TLJ3,TLK7,2023,4603
TLJ3,TLL3,2023,342
TLJ3,TLL4,2023,979
TLJ3,TLL5,2023,1695
TLJ3,TLN0,2023,287
TLJ4,S92000003,2023,1150
TLJ4,TLC3,2023,426
TLJ4,TLC4,2023,1373
TLJ4,TLD1,2023,294
TLJ4,TLD3,2023,1075
TLJ4,TLD4,2023,768
TLJ4,TLD6,2023,348
TLJ4,TLD7,2023,661
TLJ4,TLE1,2023,481
TLJ4,TLE2,2023,557
TLJ4,TLE3,2023,779
TLJ4,TLE4,2023,1089
TLJ4,TLF1,2023,1797
TLJ4,TLF2,2023,1594
TLJ4,TLF3,2023,931
TLJ4,TLG1,2023,676
TLJ4,TLG2,2023,765
TLJ4,TLG3,2023,1734
TLJ4,TLH2,2023,1690
TLJ4,TLH3,2023,3110
TLJ4,TLH4,2023,1119
TLJ4,TLH5,2023,1317
TLJ4,TLH6,2023,871
TLJ4,TLI3,2023,1973
TLJ4,TLI4,2023,4744
TLJ4,TLI5,2023,5369
TLJ4,TLI6,2023,3443
TLJ4,TLI7,2023,2141
TLJ4,TLJ1,2023,2510
TLJ4,TLJ2,2023,8569
TLJ4,TLJ3,2023,2528
TLJ4,TLK3,2023,769
TLJ4,TLK4,2023,1489
TLJ4,TLK5,2023,1226
TLJ4,TLK6,2023,1538
TLJ4,TLK7,2023,1121
TLJ4,TLL3,2023,320
TLJ4,TLL4,2023,621
TLJ4,TLL5,2023,658
TLJ4,TLN0,2023,249
TLK3,S92000003,2023,457
TLK3,TLC3,2023,78
TLK3,TLC4,2023,204
TLK3,TLD1,2023,113
TLK3,TLD3,2023,400
TLK3,TLD4,2023,193
TLK3,TLD6,2023,205
TLK3,TLD7,2023,201
TLK3,TLE1,2023,137
TLK3,TLE2,2023,200
TLK3,TLE3,2023,193
TLK3,TLE4,2023,254
TLK3,TLF1,2023,489
TLK3,TLF2,2023,376
TLK3,TLF3,2023,190
TLK3,TLG1,2023,487
TLK3,TLG2,2023,414
TLK3,TLG3,2023,403
TLK3,TLH2,2023,328
TLK3,TLH3,2023,250
TLK3,TLH4,2023,224
TLK3,TLH5,2023,186
TLK3,TLH6,2023,165
TLK3,TLI3,2023,408
TLK3,TLI4,2023,703
TLK3,TLI5,2023,204
TLK3,TLI6,2023,228
TLK3,TLI7,2023,390
TLK3,TLJ1,2023,768
TLK3,TLJ2,2023,926
TLK3,TLJ3,2023,815
TLK3,TLJ4,2023,369
TLK3,TLK4,2023,5028
TLK3,TLK5,2023,1407
TLK3,TLK6,2023,1291
TLK3,TLK7,2023,824
TLK3,TLL3,2023,116
TLK3,TLL4,2023,310
TLK3,TLL5,2023,792
TLK3,TLN0,2023,76
TLK4,S92000003,2023,916
TLK4,TLC3,2023,127
TLK4,TLC4,2023,668
TLK4,TLD1,2023,197
TLK4,TLD3,2023,927
TLK4,TLD4,2023,447
TLK4,TLD6,2023,330
TLK4,TLD7,2023,485
TLK4,TLE1,2023,245
TLK4,TLE2,2023,397
TLK4,TLE3,2023,391
TLK4,TLE4,2023,572
TLK4,TLF1,2023,798
TLK4,TLF2,2023,811
TLK4,TLF3,2023,311
TLK4,TLG1,2023,1071
TLK4,TLG2,2023,720
TLK4,TLG3,2023,1291
TLK4,TLH2,2023,885
TLK4,TLH3,2023,746
TLK4,TLH4,2023,456
TLK4,TLH5,2023,343
TLK4,TLH6,2023,357
TLK4,TLI3,2023,1427
TLK4,TLI4,2023,2100
TLK4,TLI5,2023,625
TLK4,TLI6,2023,684
TLK4,TLI7,2023,1168
TLK4,TLJ1,2023,2337
TLK4,TLJ2,2023,2629
TLK4,TLJ3,2023,2061
TLK4,TLJ4,2023,897
TLK4,TLK3,2023,4834
TLK4,TLK5,2023,3766
TLK4,TLK6,2023,5342
TLK4,TLK7,2023,2323
TLK4,TLL3,2023,252
TLK4,TLL4,2023,893
TLK4,TLL5,2023,2057
TLK4,TLN0,2023,168
TLK5,S92000003,2023,903
TLK5,TLC3,2023,134
TLK5,TLC4,2023,634
TLK5,TLD1,2023,175
TLK5,TLD3,2023,1419
TLK5,TLD4,2023,409
TLK5,TLD6,2023,392
TLK5,TLD7,2023,505
TLK5,TLE1,2023,170
TLK5,TLE2,2023,361
TLK5,TLE3,2023,583
TLK5,TLE4,2023,804
TLK5,TLF1,2023,957
TLK5,TLF2,2023,860
TLK5,TLF3,2023,188
TLK5,TLG1,2023,1416
TLK5,TLG2,2023,646
TLK5,TLG3,2023,1671
TLK5,TLH2,2023,1044
TLK5,TLH3,2023,693
TLK5,TLH4,2023,667
TLK5,TLH5,2023,331
TLK5,TLH6,2023,293
TLK5,TLI3,2023,2397
TLK5,TLI4,2023,3613
TLK5,TLI5,2023,968
TLK5,TLI6,2023,1005
TLK5,TLI7,2023,1941
TLK5,TLJ1,2023,2962
TLK5,TLJ2,2023,2726
TLK5,TLJ3,2023,1995
TLK5,TLJ4,2023,798
TLK5,TLK3,2023,1451
TLK5,TLK4,2023,3646
TLK5,TLK6,2023,9398
TLK5,TLK7,2023,7669
TLK5,TLL3,2023,215
TLK5,TLL4,2023,1424
TLK5,TLL5,2023,5160
TLK5,TLN0,2023,219
TLK6,S92000003,2023,1076
TLK6,TLC3,2023,176
TLK6,TLC4,2023,658
TLK6,TLD1,2023,198
TLK6,TLD3,2023,996
TLK6,TLD4,2023,493
TLK6,TLD6,2023,363
TLK6,TLD7,2023,538
TLK6,TLE1,2023,240
TLK6,TLE2,2023,390
TLK6,TLE3,2023,456
TLK6,TLE4,2023,698
TLK6,TLF1,2023,999
TLK6,TLF2,2023,942
TLK6,TLF3,2023,383
TLK6,TLG1,2023,1192
TLK6,TLG2,2023,838
TLK6,TLG3,2023,1234
TLK6,TLH2,2023,1097
TLK6,TLH3,2023,699
TLK6,TLH4,2023,537
TLK6,TLH5,2023,381
TLK6,TLH6,2023,295
TLK6,TLI3,2023,1419
TLK6,TLI4,2023,2125
TLK6,TLI5,2023,750
TLK6,TLI6,2023,851
TLK6,TLI7,2023,1375
TLK6,TLJ1,2023,3149
TLK6,TLJ2,2023,3737
TLK6,TLJ3,2023,6532
TLK6,TLJ4,2023,928
TLK6,TLK3,2023,1466
TLK6,TLK4,2023,5576
TLK6,TLK5,2023,6266
TLK6,TLK7,2023,4521
TLK6,TLL3,2023,271
TLK6,TLL4,2023,1093
TLK6,TLL5,2023,2329
TLK6,TLN0,2023,193
TLK7,S92000003,2023,1121
TLK7,TLC3,2023,181
TLK7,TLC4,2023,800
TLK7,TLD1,2023,236
TLK7,TLD3,2023,1072
TLK7,TLD4,2023,512
TLK7,TLD6,2023,312
TLK7,TLD7,2023,564
TLK7,TLE1,2023,280
TLK7,TLE2,2023,591
TLK7,TLE3,2023,461
TLK7,TLE4,2023,683
TLK7,TLF1,2023,1044
TLK7,TLF2,2023,1004
TLK7,TLF3,2023,394
TLK7,TLG1,2023,3874
TLK7,TLG2,2023,912
TLK7,TLG3,2023,1833
TLK7,TLH2,2023,673
TLK7,TLH3,2023,574
TLK7,TLH4,2023,490
TLK7,TLH5,2023,399
TLK7,TLH6,2023,331
TLK7,TLI3,2023,1341
TLK7,TLI4,2023,1569
TLK7,TLI5,2023,523
TLK7,TLI6,2023,451
TLK7,TLI7,2023,988
TLK7,TLJ1,2023,4513
TLK7,TLJ2,2023,2100
TLK7,TLJ3,2023,3585
TLK7,TLJ4,2023,653
TLK7,TLK3,2023,1207
TLK7,TLK4,2023,2720
TLK7,TLK5,2023,5162
TLK7,TLK6,2023,4408
TLK7,TLL3,2023,340
TLK7,TLL4,2023,1542
TLK7,TLL5,2023,2893
TLK7,TLN0,2023,222
TLL3,S92000003,2023,400
TLL3,TLC3,2023,78
TLL3,TLC4,2023,321
TLL3,TLD1,2023,173
TLL3,TLD3,2023,1801
TLL3,TLD4,2023,769
TLL3,TLD6,2023,2751
TLL3,TLD7,2023,2345
TLL3,TLE1,2023,109
TLL3,TLE2,2023,276
TLL3,TLE3,2023,260
TLL3,TLE4,2023,514
TLL3,TLF1,2023,454
TLL3,TLF2,2023,319
TLL3,TLF3,2023,130
TLL3,TLG1,2023,345
TLL3,TLG2,2023,1303
TLL3,TLG3,2023,594
TLL3,TLH2,2023,167
TLL3,TLH3,2023,116
TLL3,TLH4,2023,116
TLL3,TLH5,2023,104
TLL3,TLH6,2023,74
TLL3,TLI3,2023,163
TLL3,TLI4,2023,336
TLL3,TLI5,2023,147
TLL3,TLI6,2023,88
TLL3,TLI7,2023,194
TLL3,TLJ1,2023,343
TLL3,TLJ2,2023,264
TLL3,TLJ3,2023,226
TLL3,TLJ4,2023,151
TLL3,TLK3,2023,129
TLL3,TLK4,2023,202
TLL3,TLK5,2023,253
TLL3,TLK6,2023,195
TLL3,TLK7,2023,249
TLL3,TLL4,2023,863
TLL3,TLL5,2023,1036
TLL3,TLN0,2023,94
TLL4,S92000003,2023,515
TLL4,TLC3,2023,81
TLL4,TLC4,2023,317
TLL4,TLD1,2023,79
TLL4,TLD3,2023,706
TLL4,TLD4,2023,305
TLL4,TLD6,2023,362
TLL4,TLD7,2023,545
TLL4,TLE1,2023,112
TLL4,TLE2,2023,204
TLL4,TLE3,2023,228
TLL4,TLE4,2023,386
TLL4,TLF1,2023,500
TLL4,TLF2,2023,528
TLL4,TLF3,2023,176
TLL4,TLG1,2023,1148
TLL4,TLG2,2023,1374
TLL4,TLG3,2023,1019
TLL4,TLH2,2023,424
TLL4,TLH3,2023,298
TLL4,TLH4,2023,278
TLL4,TLH5,2023,198
TLL4,TLH6,2023,144
TLL4,TLI3,2023,392
TLL4,TLI4,2023,682
TLL4,TLI5,2023,265
TLL4,TLI6,2023,240
TLL4,TLI7,2023,592
TLL4,TLJ1,2023,1038
TLL4,TLJ2,2023,821
TLL4,TLJ3,2023,635
TLL4,TLJ4,2023,321
TLL4,TLK3,2023,278
TLL4,TLK4,2023,726
TLL4,TLK5,2023,1508
TLL4,TLK6,2023,759
TLL4,TLK7,2023,1163
TLL4,TLL3,2023,884
TLL4,TLL5,2023,6295
TLL4,TLN0,2023,95
TLL5,S92000003,2023,798
TLL5,TLC3,2023,109
TLL5,TLC4,2023,457
TLL5,TLD1,2023,114
TLL5,TLD3,2023,1067
TLL5,TLD4,2023,356
TLL5,TLD6,2023,292
TLL5,TLD7,2023,610
TLL5,TLE1,2023,138
TLL5,TLE2,2023,193
TLL5,TLE3,2023,429
TLL5,TLE4,2023,623
TLL5,TLF1,2023,757
TLL5,TLF2,2023,700
TLL5,TLF3,2023,194
TLL5,TLG1,2023,1434
TLL5,TLG2,2023,596
TLL5,TLG3,2023,1651
TLL5,TLH2,2023,603
TLL5,TLH3,2023,398
TLL5,TLH4,2023,368
TLL5,TLH5,2023,222
TLL5,TLH6,2023,155
TLL5,TLI3,2023,852
TLL5,TLI4,2023,1460
TLL5,TLI5,2023,530
TLL5,TLI6,2023,481
TLL5,TLI7,2023,984
TLL5,TLJ1,2023,1770
TLL5,TLJ2,2023,1282
TLL5,TLJ3,2023,1212
TLL5,TLJ4,2023,468
TLL5,TLK3,2023,709
TLL5,TLK4,2023,1760
TLL5,TLK5,2023,3353
TLL5,TLK6,2023,1766
TLL5,TLK7,2023,2534
TLL5,TLL3,2023,940
TLL5,TLL4,2023,6926
TLL5,TLN0,2023,225
TLN0,S92000003,2023,1719
TLN0,TLC3,2023,69
TLN0,TLC4,2023,580
TLN0,TLD1,2023,115
TLN0,TLD3,2023,829
TLN0,TLD4,2023,272
TLN0,TLD6,2023,138
TLN0,TLD7,2023,1603
TLN0,TLE1,2023,44
TLN0,TLE2,2023,126
TLN0,TLE3,2023,162
TLN0,TLE4,2023,291
TLN0,TLF1,2023,239
TLN0,TLF2,2023,206
TLN0,TLF3,2023,41
TLN0,TLG1,2023,191
TLN0,TLG2,2023,207
TLN0,TLG3,2023,254
TLN0,TLH2,2023,157
TLN0,TLH3,2023,111
TLN0,TLH4,2023,157
TLN0,TLH5,2023,70
TLN0,TLH6,2023,45
TLN0,TLI3,2023,415
TLN0,TLI4,2023,853
TLN0,TLI5,2023,174
TLN0,TLI6,2023,140
TLN0,TLI7,2023,326
TLN0,TLJ1,2023,343
TLN0,TLJ2,2023,363
TLN0,TLJ3,2023,227
TLN0,TLJ4,2023,135
TLN0,TLK3,2023,57
TLN0,TLK4,2023,184
TLN0,TLK5,2023,192
TLN0,TLK6,2023,122
TLN0,TLK7,2023,136
TLN0,TLL3,2023,62
TLN0,TLL4,2023,130
TLN0,TLL5,2023,271
S92000003,TLC3,2024,351
S92000003,TLC4,2024,2164
S92000003,TLD1,2024,1103
S92000003,TLD3,2024,1893
S92000003,TLD4,2024,1100
S92000003,TLD6,2024,519
S92000003,TLD7,2024,824
S92000003,TLE1,2024,405
S92000003,TLE2,2024,758
S92000003,TLE3,2024,564
S92000003,TLE4,2024,941
S92000003,TLF1,2024,765
S92000003,TLF2,2024,596
S92000003,TLF3,2024,346
S92000003,TLG1,2024,578
S92000003,TLG2,2024,555
S92000003,TLG3,2024,952
S92000003,TLH2,2024,655
S92000003,TLH3,2024,531
S92000003,TLH4,2024,715
S92000003,TLH5,2024,380
S92000003,TLH6,2024,333
S92000003,TLI3,2024,1749
S92000003,TLI4,2024,2677
S92000003,TLI5,2024,782
S92000003,TLI6,2024,612
S92000003,TLI7,2024,1240
S92000003,TLJ1,2024,1709
S92000003,TLJ2,2024,1398
S92000003,TLJ3,2024,1071
S92000003,TLJ4,2024,648
S92000003,TLK3,2024,334
S92000003,TLK4,2024,633
S92000003,TLK5,2024,747
S92000003,TLK6,2024,682
S92000003,TLK7,2024,607
S92000003,TLL3,2024,227
S92000003,TLL4,2024,324
S92000003,TLL5,2024,499
S92000003,TLN0,2024,1653
TLC3,S92000003,2024,568
TLC3,TLC4,2024,7244
TLC3,TLD1,2024,307
TLC3,TLD3,2024,998
TLC3,TLD4,2024,425
TLC3,TLD6,2024,186
TLC3,TLD7,2024,363
TLC3,TLE1,2024,505
TLC3,TLE2,2024,2418
TLC3,TLE3,2024,558
TLC3,TLE4,2024,1566
TLC3,TLF1,2024,492
TLC3,TLF2,2024,354
TLC3,TLF3,2024,169
TLC3,TLG1,2024,141
TLC3,TLG2,2024,234
TLC3,TLG3,2024,573
TLC3,TLH2,2024,193
TLC3,TLH3,2024,199
TLC3,TLH4,2024,203
TLC3,TLH5,2024,116
TLC3,TLH6,2024,115
TLC3,TLI3,2024,201
TLC3,TLI4,2024,453
TLC3,TLI5,2024,252
TLC3,TLI6,2024,158
TLC3,TLI7,2024,347
TLC3,TLJ1,2024,330
TLC3,TLJ2,2024,278
TLC3,TLJ3,2024,213
TLC3,TLJ4,2024,264
TLC3,TLK3,2024,40
TLC3,TLK4,2024,145
TLC3,TLK5,2024,123
TLC3,TLK6,2024,173
TLC3,TLK7,2024,144
TLC3,TLL3,2024,111
TLC3,TLL4,2024,85
TLC3,TLL5,2024,92
TLC3,TLN0,2024,80
TLC4,S92000003,2024,2685
TLC4,TLC3,2024,6600
TLC4,TLD1,2024,1496
TLC4,TLD3,2024,3180
TLC4,TLD4,2024,1435
TLC4,TLD6,2024,735
TLC4,TLD7,2024,1286
TLC4,TLE1,2024,1312
TLC4,TLE2,2024,3265
TLC4,TLE3,2024,1684
TLC4,TLE4,2024,4222
TLC4,TLF1,2024,1525
TLC4,TLF2,2024,1033
TLC4,TLF3,2024,635
TLC4,TLG1,2024,570
TLC4,TLG2,2024,681
TLC4,TLG3,2024,1303
TLC4,TLH2,2024,952
TLC4,TLH3,2024,626
TLC4,TLH4,2024,922
TLC4,TLH5,2024,421
TLC4,TLH6,2024,400
TLC4,TLI3,2024,2085
TLC4,TLI4,2024,2747
TLC4,TLI5,2024,815
TLC4,TLI6,2024,724
TLC4,TLI7,2024,1583
TLC4,TLJ1,2024,1643
TLC4,TLJ2,2024,1461
TLC4,TLJ3,2024,772
TLC4,TLJ4,2024,730
TLC4,TLK3,2024,203
TLC4,TLK4,2024,578
TLC4,TLK5,2024,718
TLC4,TLK6,2024,545
TLC4,TLK7,2024,664
TLC4,TLL3,2024,250
TLC4,TLL4,2024,243
TLC4,TLL5,2024,349
TLC4,TLN0,2024,464
TLD1,S92000003,2024,978
TLD1,TLC3,2024,231
TLD1,TLC4,2024,1640
TLD1,TLD3,2024,1065
TLD1,TLD4,2024,2297
TLD1,TLD6,2024,370
TLD1,TLD7,2024,693
TLD1,TLE1,2024,185
TLD1,TLE2,2024,518
TLD1,TLE3,2024,207
TLD1,TLE4,2024,628
TLD1,TLF1,2024,287
TLD1,TLF2,2024,160
TLD1,TLF3,2024,95
TLD1,TLG1,2024,127
TLD1,TLG2,2024,234
TLD1,TLG3,2024,228
TLD1,TLH2,2024,92
TLD1,TLH3,2024,57
TLD1,TLH4,2024,128
TLD1,TLH5,2024,87
TLD1,TLH6,2024,63
TLD1,TLI3,2024,129
TLD1,TLI4,2024,211
TLD1,TLI5,2024,74
TLD1,TLI6,2024,63
TLD1,TLI7,2024,131
TLD1,TLJ1,2024,256
TLD1,TLJ2,2024,215
TLD1,TLJ3,2024,133
TLD1,TLJ4,2024,145
TLD1,TLK3,2024,127
TLD1,TLK4,2024,148
TLD1,TLK5,2024,136
TLD1,TLK6,2024,127
TLD1,TLK7,2024,124
TLD1,TLL3,2024,119
TLD1,TLL4,2024,76
TLD1,TLL5,2024,85
TLD1,TLN0,2024,67
TLD3,S92000003,2024,2364
TLD3,TLC3,2024,748
TLD3,TLC4,2024,3071
TLD3,TLD1,2024,1455
TLD3,TLD4,2024,18662
TLD3,TLD6,2024,11973
TLD3,TLD7,2024,9208
TLD3,TLE1,2024,1282
TLD3,TLE2,2024,1883
TLD3,TLE3,2024,3333
TLD3,TLE4,2024,8173
TLD3,TLF1,2024,4983
TLD3,TLF2,2024,1924
TLD3,TLF3,2024,702
TLD3,TLG1,2024,1174
TLD3,TLG2,2024,2875
TLD3,TLG3,2024,4327
TLD3,TLH2,2024,1463
TLD3,TLH3,2024,901
TLD3,TLH4,2024,1042
TLD3,TLH5,2024,511
TLD3,TLH6,2024,432
TLD3,TLI3,2024,2095
TLD3,TLI4,2024,4276
TLD3,TLI5,2024,1575
TLD3,TLI6,2024,1040
TLD3,TLI7,2024,2791
TLD3,TLJ1,2024,2482
TLD3,TLJ2,2024,2070
TLD3,TLJ3,2024,1059
TLD3,TLJ4,2024,933
TLD3,TLK3,2024,507
TLD3,TLK4,2024,868
TLD3,TLK5,2024,1266
TLD3,TLK6,2024,922
TLD3,TLK7,2024,936
TLD3,TLL3,2024,2341
TLD3,TLL4,2024,587
TLD3,TLL5,2024,825
TLD3,TLN0,2024,575
TLD4,S92000003,2024,1351
TLD4,TLC3,2024,386
TLD4,TLC4,2024,1807
TLD4,TLD1,2024,2373
TLD4,TLD3,2024,11294
TLD4,TLD6,2024,2019
TLD4,TLD7,2024,6276
TLD4,TLE1,2024,544
TLD4,TLE2,2024,1550
TLD4,TLE3,2024,980
TLD4,TLE4,2024,3202
TLD4,TLF1,2024,1305
TLD4,TLF2,2024,791
TLD4,TLF3,2024,385
TLD4,TLG1,2024,558
TLD4,TLG2,2024,1066
TLD4,TLG3,2024,1581
TLD4,TLH2,2024,588
TLD4,TLH3,2024,436
TLD4,TLH4,2024,426
TLD4,TLH5,2024,343
TLD4,TLH6,2024,223
TLD4,TLI3,2024,550
TLD4,TLI4,2024,1126
TLD4,TLI5,2024,554
TLD4,TLI6,2024,376
TLD4,TLI7,2024,828
TLD4,TLJ1,2024,915
TLD4,TLJ2,2024,761
TLD4,TLJ3,2024,480
TLD4,TLJ4,2024,448
TLD4,TLK3,2024,280
TLD4,TLK4,2024,408
TLD4,TLK5,2024,440
TLD4,TLK6,2024,425
TLD4,TLK7,2024,459
TLD4,TLL3,2024,736
TLD4,TLL4,2024,267
TLD4,TLL5,2024,342
TLD4,TLN0,2024,244
TLD6,S92000003,2024,629
TLD6,TLC3,2024,108
TLD6,TLC4,2024,973
TLD6,TLD1,2024,483
TLD6,TLD3,2024,6624
TLD6,TLD4,2024,2235
TLD6,TLD7,2024,6729
TLD6,TLE1,2024,239
TLD6,TLE2,2024,661
TLD6,TLE3,2024,902
TLD6,TLE4,2024,1316
TLD6,TLF1,2024,1310
TLD6,TLF2,2024,611
TLD6,TLF3,2024,213
TLD6,TLG1,2024,456
TLD6,TLG2,2024,2992
TLD6,TLG3,2024,994
TLD6,TLH2,2024,296
TLD6,TLH3,2024,217
TLD6,TLH4,2024,220
TLD6,TLH5,2024,148
TLD6,TLH6,2024,137
TLD6,TLI3,2024,398
TLD6,TLI4,2024,630
TLD6,TLI5,2024,222
TLD6,TLI6,2024,156
TLD6,TLI7,2024,319
TLD6,TLJ1,2024,773
TLD6,TLJ2,2024,525
TLD6,TLJ3,2024,322
TLD6,TLJ4,2024,230
TLD6,TLK3,2024,276
TLD6,TLK4,2024,347
TLD6,TLK5,2024,374
TLD6,TLK6,2024,299
TLD6,TLK7,2024,311
TLD6,TLL3,2024,2761
TLD6,TLL4,2024,318
TLD6,TLL5,2024,272
TLD6,TLN0,2024,159
TLD7,S92000003,2024,984
TLD7,TLC3,2024,317
TLD7,TLC4,2024,1291
TLD7,TLD1,2024,768
TLD7,TLD3,2024,8509
TLD7,TLD4,2024,7060
TLD7,TLD6,2024,7118
TLD7,TLE1,2024,427
TLD7,TLE2,2024,753
TLD7,TLE3,2024,995
TLD7,TLE4,2024,2291
TLD7,TLF1,2024,1310
TLD7,TLF2,2024,847
TLD7,TLF3,2024,266
TLD7,TLG1,2024,812
TLD7,TLG2,2024,1653
TLD7,TLG3,2024,2035
TLD7,TLH2,2024,770
TLD7,TLH3,2024,430
TLD7,TLH4,2024,484
TLD7,TLH5,2024,186
TLD7,TLH6,2024,260
TLD7,TLI3,2024,895
TLD7,TLI4,2024,1691
TLD7,TLI5,2024,603
TLD7,TLI6,2024,413
TLD7,TLI7,2024,1010
TLD7,TLJ1,2024,1086
TLD7,TLJ2,2024,949
TLD7,TLJ3,2024,527
TLD7,TLJ4,2024,427
TLD7,TLK3,2024,238
TLD7,TLK4,2024,487
TLD7,TLK5,2024,622
TLD7,TLK6,2024,528
TLD7,TLK7,2024,437
TLD7,TLL3,2024,2436
TLD7,TLL4,2024,443
TLD7,TLL5,2024,531
TLD7,TLN0,2024,919
TLE1,S92000003,2024,516
TLE1,TLC3,2024,506
TLE1,TLC4,2024,1666
TLE1,TLD1,2024,199
TLE1,TLD3,2024,1519
TLE1,TLD4,2024,505
TLE1,TLD6,2024,253
TLE1,TLD7,2024,546
TLE1,TLE2,2024,3170
TLE1,TLE3,2024,2401
TLE1,TLE4,2024,3314
TLE1,TLF1,2024,1245
TLE1,TLF2,2024,574
TLE1,TLF3,2024,2799
TLE1,TLG1,2024,277
TLE1,TLG2,2024,379
TLE1,TLG3,2024,713
TLE1,TLH2,2024,304
TLE1,TLH3,2024,254
TLE1,TLH4,2024,301
TLE1,TLH5,2024,243
TLE1,TLH6,2024,144
TLE1,TLI3,2024,236
TLE1,TLI4,2024,549
TLE1,TLI5,2024,312
TLE1,TLI6,2024,172
TLE1,TLI7,2024,412
TLE1,TLJ1,2024,497
TLE1,TLJ2,2024,401
TLE1,TLJ3,2024,287
TLE1,TLJ4,2024,257
TLE1,TLK3,2024,134
TLE1,TLK4,2024,173
TLE1,TLK5,2024,184
TLE1,TLK6,2024,205
TLE1,TLK7,2024,206
TLE1,TLL3,2024,107
TLE1,TLL4,2024,101
TLE1,TLL5,2024,143
TLE1,TLN0,2024,71
TLE2,S92000003,2024,1277
TLE2,TLC3,2024,2795
TLE2,TLC4,2024,3628
TLE2,TLD1,2024,573
TLE2,TLD3,2024,1803
TLE2,TLD4,2024,1497
TLE2,TLD6,2024,479
TLE2,TLD7,2024,873
TLE2,TLE1,2024,4374
TLE2,TLE3,2024,1846
TLE2,TLE4,2024,6885
TLE2,TLF1,2024,1291
TLE2,TLF2,2024,632
TLE2,TLF3,2024,688
TLE2,TLG1,2024,419
TLE2,TLG2,2024,521
TLE2,TLG3,2024,622
TLE2,TLH2,2024,515
TLE2,TLH3,2024,378
TLE2,TLH4,2024,586
TLE2,TLH5,2024,343
TLE2,TLH6,2024,281
TLE2,TLI3,2024,747
TLE2,TLI4,2024,1031
TLE2,TLI5,2024,354
TLE2,TLI6,2024,270
TLE2,TLI7,2024,524
TLE2,TLJ1,2024,896
TLE2,TLJ2,2024,820
TLE2,TLJ3,2024,456
TLE2,TLJ4,2024,397
TLE2,TLK3,2024,145
TLE2,TLK4,2024,333
TLE2,TLK5,2024,402
TLE2,TLK6,2024,346
TLE2,TLK7,2024,481
TLE2,TLL3,2024,209
TLE2,TLL4,2024,173
TLE2,TLL5,2024,170
TLE2,TLN0,2024,115
TLE3,S92000003,2024,882
TLE3,TLC3,2024,643
TLE3,TLC4,2024,1887
TLE3,TLD1,2024,262
TLE3,TLD3,2024,3693
TLE3,TLD4,2024,990
TLE3,TLD6,2024,789
TLE3,TLD7,2024,1180
TLE3,TLE1,2024,2692
TLE3,TLE2,2024,2002
TLE3,TLE4,2024,7055
TLE3,TLF1,2024,9095
TLE3,TLF2,2024,1547
TLE3,TLF3,2024,1736
TLE3,TLG1,2024,602
TLE3,TLG2,2024,780
TLE3,TLG3,2024,1727
TLE3,TLH2,2024,690
TLE3,TLH3,2024,439
TLE3,TLH4,2024,739
TLE3,TLH5,2024,379
TLE3,TLH6,2024,292
TLE3,TLI3,2024,695
TLE3,TLI4,2024,1581
TLE3,TLI5,2024,624
TLE3,TLI6,2024,435
TLE3,TLI7,2024,947
TLE3,TLJ1,2024,1210
TLE3,TLJ2,2024,912
TLE3,TLJ3,2024,477
TLE3,TLJ4,2024,420
TLE3,TLK3,2024,244
TLE3,TLK4,2024,393
TLE3,TLK5,2024,653
TLE3,TLK6,2024,421
TLE3,TLK7,2024,372
TLE3,TLL3,2024,289
TLE3,TLL4,2024,182
TLE3,TLL5,2024,320
TLE3,TLN0,2024,137
TLE4,S92000003,2024,1784
TLE4,TLC3,2024,1824
TLE4,TLC4,2024,5157
TLE4,TLD1,2024,884
TLE4,TLD3,2024,8998
TLE4,TLD4,2024,3901
TLE4,TLD6,2024,1415
TLE4,TLD7,2024,2583
TLE4,TLE1,2024,4244
TLE4,TLE2,2024,9433
TLE4,TLE3,2024,8410
TLE4,TLF1,2024,3773
TLE4,TLF2,2024,1891
TLE4,TLF3,2024,1382
TLE4,TLG1,2024,921
TLE4,TLG2,2024,1296
TLE4,TLG3,2024,3305
TLE4,TLH2,2024,1454
TLE4,TLH3,2024,859
TLE4,TLH4,2024,1166
TLE4,TLH5,2024,615
TLE4,TLH6,2024,512
TLE4,TLI3,2024,1652
TLE4,TLI4,2024,3304
TLE4,TLI5,2024,1332
TLE4,TLI6,2024,933
TLE4,TLI7,2024,2290
TLE4,TLJ1,2024,2002
TLE4,TLJ2,2024,1966
TLE4,TLJ3,2024,842
TLE4,TLJ4,2024,917
TLE4,TLK3,2024,326
TLE4,TLK4,2024,662
TLE4,TLK5,2024,896
TLE4,TLK6,2024,675
TLE4,TLK7,2024,735
TLE4,TLL3,2024,564
TLE4,TLL4,2024,371
TLE4,TLL5,2024,592
TLE4,TLN0,2024,314
TLF1,S92000003,2024,1335
TLF1,TLC3,2024,476
TLF1,TLC4,2024,1951
TLF1,TLD1,2024,424
TLF1,TLD3,2024,4845
TLF1,TLD4,2024,1309
TLF1,TLD6,2024,1533
TLF1,TLD7,2024,1586
TLF1,TLE1,2024,1533
TLF1,TLE2,2024,1509
TLF1,TLE3,2024,6990
TLF1,TLE4,2024,3495
TLF1,TLF2,2024,7572
TLF1,TLF3,2024,4679
TLF1,TLG1,2024,2137
TLF1,TLG2,2024,4991
TLF1,TLG3,2024,5669
TLF1,TLH2,2024,2570
TLF1,TLH3,2024,1326
TLF1,TLH4,2024,1726
TLF1,TLH5,2024,1091
TLF1,TLH6,2024,811
TLF1,TLI3,2024,1557
TLF1,TLI4,2024,3014
TLF1,TLI5,2024,1695
TLF1,TLI6,2024,1173
TLF1,TLI7,2024,2587
TLF1,TLJ1,2024,3067
TLF1,TLJ2,2024,2404
TLF1,TLJ3,2024,1171
TLF1,TLJ4,2024,1165
TLF1,TLK3,2024,583
TLF1,TLK4,2024,1016
TLF1,TLK5,2024,1178
TLF1,TLK6,2024,1006
TLF1,TLK7,2024,1037
TLF1,TLL3,2024,569
TLF1,TLL4,2024,571
TLF1,TLL5,2024,677
TLF1,TLN0,2024,275
TLF2,S92000003,2024,1287
TLF2,TLC3,2024,462
TLF2,TLC4,2024,1429
TLF2,TLD1,2024,377
TLF2,TLD3,2024,2756
TLF2,TLD4,2024,1207
TLF2,TLD6,2024,721
TLF2,TLD7,2024,1297
TLF2,TLE1,2024,794
TLF2,TLE2,2024,1029
TLF2,TLE3,2024,2092
TLF2,TLE4,2024,2064
TLF2,TLF1,2024,8829
TLF2,TLF3,2024,3278
TLF2,TLG1,2024,4292
TLF2,TLG2,2024,2289
TLF2,TLG3,2024,6378
TLF2,TLH2,2024,3286
TLF2,TLH3,2024,1415
TLF2,TLH4,2024,2935
TLF2,TLH5,2024,1358
TLF2,TLH6,2024,780
TLF2,TLI3,2024,1512
TLF2,TLI4,2024,3374
TLF2,TLI5,2024,2116
TLF2,TLI6,2024,1238
TLF2,TLI7,2024,3074
TLF2,TLJ1,2024,5523
TLF2,TLJ2,2024,2400
TLF2,TLJ3,2024,1484
TLF2,TLJ4,2024,1347
TLF2,TLK3,2024,705
TLF2,TLK4,2024,1188
TLF2,TLK5,2024,1222
TLF2,TLK6,2024,1231
TLF2,TLK7,2024,1292
TLF2,TLL3,2024,401
TLF2,TLL4,2024,624
TLF2,TLL5,2024,796
TLF2,TLN0,2024,284
TLF3,S92000003,2024,574
TLF3,TLC3,2024,186
TLF3,TLC4,2024,901
TLF3,TLD1,2024,131
TLF3,TLD3,2024,958
TLF3,TLD4,2024,428
TLF3,TLD6,2024,230
TLF3,TLD7,2024,355
TLF3,TLE1,2024,2973
TLF3,TLE2,2024,826
TLF3,TLE3,2024,1682
TLF3,TLE4,2024,1374
TLF3,TLF1,2024,4583
TLF3,TLF2,2024,2671
TLF3,TLG1,2024,443
TLF3,TLG2,2024,554
TLF3,TLG3,2024,864
TLF3,TLH2,2024,725
TLF3,TLH3,2024,466
TLF3,TLH4,2024,2356
TLF3,TLH5,2024,1220
TLF3,TLH6,2024,456
TLF3,TLI3,2024,330
TLF3,TLI4,2024,631
TLF3,TLI5,2024,321
TLF3,TLI6,2024,195
TLF3,TLI7,2024,387
TLF3,TLJ1,2024,723
TLF3,TLJ2,2024,587
TLF3,TLJ3,2024,391
TLF3,TLJ4,2024,363
TLF3,TLK3,2024,225
TLF3,TLK4,2024,297
TLF3,TLK5,2024,215
TLF3,TLK6,2024,309
TLF3,TLK7,2024,304
TLF3,TLL3,2024,143
TLF3,TLL4,2024,159
TLF3,TLL5,2024,143
TLF3,TLN0,2024,72
TLG1,S92000003,2024,767
TLG1,TLC3,2024,147
TLG1,TLC4,2024,703
TLG1,TLD1,2024,202
TLG1,TLD3,2024,1339
TLG1,TLD4,2024,569
TLG1,TLD6,2024,506
TLG1,TLD7,2024,866
TLG1,TLE1,2024,280
TLG1,TLE2,2024,548
TLG1,TLE3,2024,668
TLG1,TLE4,2024,823
TLG1,TLF1,2024,2125
TLG1,TLF2,2024,4079
TLG1,TLF3,2024,575
TLG1,TLG2,2024,3679
TLG1,TLG3,2024,10429
TLG1,TLH2,2024,737
TLG1,TLH3,2024,460
TLG1,TLH4,2024,628
TLG1,TLH5,2024,408
TLG1,TLH6,2024,206
TLG1,TLI3,2024,1022
TLG1,TLI4,2024,1470
TLG1,TLI5,2024,489
TLG1,TLI6,2024,397
TLG1,TLI7,2024,961
TLG1,TLJ1,2024,2531
TLG1,TLJ2,2024,1251
TLG1,TLJ3,2024,888
TLG1,TLJ4,2024,401
TLG1,TLK3,2024,638
TLG1,TLK4,2024,1466
TLG1,TLK5,2024,1566
TLG1,TLK6,2024,1233
TLG1,TLK7,2024,3231
TLG1,TLL3,2024,395
TLG1,TLL4,2024,1338
TLG1,TLL5,2024,1376
TLG1,TLN0,2024,126
TLG2,S92000003,2024,877
TLG2,TLC3,2024,244
TLG2,TLC4,2024,807
TLG2,TLD1,2024,287
TLG2,TLD3,2024,2960
TLG2,TLD4,2024,1147
TLG2,TLD6,2024,3340
TLG2,TLD7,2024,1952
TLG2,TLE1,2024,378
TLG2,TLE2,2024,641
TLG2,TLE3,2024,872
TLG2,TLE4,2024,1195
TLG2,TLF1,2024,5290
TLG2,TLF2,2024,2032
TLG2,TLF3,2024,563
TLG2,TLG1,2024,3460
TLG2,TLG3,2024,8714
TLG2,TLH2,2024,709
TLG2,TLH3,2024,434
TLG2,TLH4,2024,539
TLG2,TLH5,2024,384
TLG2,TLH6,2024,300
TLG2,TLI3,2024,513
TLG2,TLI4,2024,1009
TLG2,TLI5,2024,518
TLG2,TLI6,2024,295
TLG2,TLI7,2024,730
TLG2,TLJ1,2024,1345
TLG2,TLJ2,2024,915
TLG2,TLJ3,2024,728
TLG2,TLJ4,2024,438
TLG2,TLK3,2024,498
TLG2,TLK4,2024,862
TLG2,TLK5,2024,716
TLG2,TLK6,2024,694
TLG2,TLK7,2024,952
TLG2,TLL3,2024,1489
TLG2,TLL4,2024,1496
TLG2,TLL5,2024,634
TLG2,TLN0,2024,209
TLG3,S92000003,2024,1948
TLG3,TLC3,2024,524
TLG3,TLC4,2024,1521
TLG3,TLD1,2024,389
TLG3,TLD3,2024,5464
TLG3,TLD4,2024,1848
TLG3,TLD6,2024,1253
TLG3,TLD7,2024,2366
TLG3,TLE1,2024,770
TLG3,TLE2,2024,784
TLG3,TLE3,2024,1920
TLG3,TLE4,2024,3242
TLG3,TLF1,2024,6362
TLG3,TLF2,2024,6906
TLG3,TLF3,2024,1006
TLG3,TLG1,2024,23464
TLG3,TLG2,2024,18618
TLG3,TLH2,2024,3031
TLG3,TLH3,2024,1504
TLG3,TLH4,2024,1604
TLG3,TLH5,2024,854
TLG3,TLH6,2024,626
TLG3,TLI3,2024,2489
TLG3,TLI4,2024,5695
TLG3,TLI5,2024,3490
TLG3,TLI6,2024,2032
TLG3,TLI7,2024,4957
TLG3,TLJ1,2024,5304
TLG3,TLJ2,2024,2895
TLG3,TLJ3,2024,1793
TLG3,TLJ4,2024,1651
TLG3,TLK3,2024,791
TLG3,TLK4,2024,2026
TLG3,TLK5,2024,2141
TLG3,TLK6,2024,1843
TLG3,TLK7,2024,2212
TLG3,TLL3,2024,919
TLG3,TLL4,2024,1321
TLG3,TLL5,2024,1559
TLG3,TLN0,2024,408
TLH2,S92000003,2024,1308
TLH2,TLC3,2024,399
TLH2,TLC4,2024,1409
TLH2,TLD1,2024,287
TLH2,TLD3,2024,2125
TLH2,TLD4,2024,911
TLH2,TLD6,2024,550
TLH2,TLD7,2024,1039
TLH2,TLE1,2024,554
TLH2,TLE2,2024,937
TLH2,TLE3,2024,1229
TLH2,TLE4,2024,2015
TLH2,TLF1,2024,3352
TLH2,TLF2,2024,5814
TLH2,TLF3,2024,1474
TLH2,TLG1,2024,1101
TLH2,TLG2,2024,1097
TLH2,TLG3,2024,3433
TLH2,TLH3,2024,5321
TLH2,TLH4,2024,5445
TLH2,TLH5,2024,2371
TLH2,TLH6,2024,1294
TLH2,TLI3,2024,2445
TLH2,TLI4,2024,4868
TLH2,TLI5,2024,3744
TLH2,TLI6,2024,1271
TLH2,TLI7,2024,6821
TLH2,TLJ1,2024,9796
TLH2,TLJ2,2024,3923
TLH2,TLJ3,2024,2183
TLH2,TLJ4,2024,2001
TLH2,TLK3,2024,657
TLH2,TLK4,2024,1467
TLH2,TLK5,2024,1459
TLH2,TLK6,2024,1996
TLH2,TLK7,2024,1236
TLH2,TLL3,2024,323
TLH2,TLL4,2024,623
TLH2,TLL5,2024,770
TLH2,TLN0,2024,301
TLH3,S92000003,2024,1072
TLH3,TLC3,2024,322
TLH3,TLC4,2024,1066
TLH3,TLD1,2024,221
TLH3,TLD3,2024,1205
TLH3,TLD4,2024,532
TLH3,TLD6,2024,338
TLH3,TLD7,2024,587
TLH3,TLE1,2024,415
TLH3,TLE2,2024,650
TLH3,TLE3,2024,747
TLH3,TLE4,2024,1008
TLH3,TLF1,2024,1867
TLH3,TLF2,2024,1913
TLH3,TLF3,2024,1217
TLH3,TLG1,2024,616
TLH3,TLG2,2024,666
TLH3,TLG3,2024,1835
TLH3,TLH2,2024,4798
TLH3,TLH4,2024,2639
TLH3,TLH5,2024,2997
TLH3,TLH6,2024,6323
TLH3,TLI3,2024,1615
TLH3,TLI4,2024,4924
TLH3,TLI5,2024,6873
TLH3,TLI6,2024,1227
TLH3,TLI7,2024,2265
TLH3,TLJ1,2024,2240
TLH3,TLJ2,2024,3020
TLH3,TLJ3,2024,1505
TLH3,TLJ4,2024,3433
TLH3,TLK3,2024,674
TLH3,TLK4,2024,1123
TLH3,TLK5,2024,1008
TLH3,TLK6,2024,1222
TLH3,TLK7,2024,754
TLH3,TLL3,2024,232
TLH3,TLL4,2024,400
TLH3,TLL5,2024,561
TLH3,TLN0,2024,245
TLH4,S92000003,2024,881
TLH4,TLC3,2024,224
TLH4,TLC4,2024,1017
TLH4,TLD1,2024,167
TLH4,TLD3,2024,1120
TLH4,TLD4,2024,450
TLH4,TLD6,2024,290
TLH4,TLD7,2024,482
TLH4,TLE1,2024,381
TLH4,TLE2,2024,766
TLH4,TLE3,2024,810
TLH4,TLE4,2024,1073
TLH4,TLF1,2024,1937
TLH4,TLF2,2024,3057
TLH4,TLF3,2024,3978
TLH4,TLG1,2024,581
TLH4,TLG2,2024,567
TLH4,TLG3,2024,1550
TLH4,TLH2,2024,2838
TLH4,TLH3,2024,1550
TLH4,TLH5,2024,3199
TLH4,TLH6,2024,2990
TLH4,TLI3,2024,1868
TLH4,TLI4,2024,3189
TLH4,TLI5,2024,1031
TLH4,TLI6,2024,637
TLH4,TLI7,2024,1577
TLH4,TLJ1,2024,2125
TLH4,TLJ2,2024,1710
TLH4,TLJ3,2024,804
TLH4,TLJ4,2024,728
TLH4,TLK3,2024,303
TLH4,TLK4,2024,592
TLH4,TLK5,2024,845
TLH4,TLK6,2024,611
TLH4,TLK7,2024,547
TLH4,TLL3,2024,200
TLH4,TLL4,2024,251
TLH4,TLL5,2024,336
TLH4,TLN0,2024,150
TLH5,S92000003,2024,578
TLH5,TLC3,2024,128
TLH5,TLC4,2024,559
TLH5,TLD1,2024,130
TLH5,TLD3,2024,695
TLH5,TLD4,2024,314
TLH5,TLD6,2024,190
TLH5,TLD7,2024,325
TLH5,TLE1,2024,281
TLH5,TLE2,2024,423
TLH5,TLE3,2024,511
TLH5,TLE4,2024,659
TLH5,TLF1,2024,1152
TLH5,TLF2,2024,1077
TLH5,TLF3,2024,1471
TLH5,TLG1,2024,367
TLH5,TLG2,2024,420
TLH5,TLG3,2024,858
TLH5,TLH2,2024,1019
TLH5,TLH3,2024,1652
TLH5,TLH4,2024,2911
TLH5,TLH6,2024,4896
TLH5,TLI3,2024,697
TLH5,TLI4,2024,1315
TLH5,TLI5,2024,708
TLH5,TLI6,2024,409
TLH5,TLI7,2024,786
TLH5,TLJ1,2024,1096
TLH5,TLJ2,2024,1154
TLH5,TLJ3,2024,513
TLH5,TLJ4,2024,648
TLH5,TLK3,2024,179
TLH5,TLK4,2024,367
TLH5,TLK5,2024,428
TLH5,TLK6,2024,400
TLH5,TLK7,2024,366
TLH5,TLL3,2024,113
TLH5,TLL4,2024,161
TLH5,TLL5,2024,207
TLH5,TLN0,2024,92
TLH6,S92000003,2024,449
TLH6,TLC3,2024,82
TLH6,TLC4,2024,430
TLH6,TLD1,2024,86
TLH6,TLD3,2024,488
TLH6,TLD4,2024,250
TLH6,TLD6,2024,128
TLH6,TLD7,2024,208
TLH6,TLE1,2024,168
TLH6,TLE2,2024,393
TLH6,TLE3,2024,298
TLH6,TLE4,2024,484
TLH6,TLF1,2024,828
TLH6,TLF2,2024,649
TLH6,TLF3,2024,483
TLH6,TLG1,2024,279
TLH6,TLG2,2024,287
TLH6,TLG3,2024,534
TLH6,TLH2,2024,581
TLH6,TLH3,2024,3035
TLH6,TLH4,2024,2417
TLH6,TLH5,2024,5223
TLH6,TLI3,2024,468
TLH6,TLI4,2024,1004
TLH6,TLI5,2024,468
TLH6,TLI6,2024,260
TLH6,TLI7,2024,458
TLH6,TLJ1,2024,693
TLH6,TLJ2,2024,932
TLH6,TLJ3,2024,545
TLH6,TLJ4,2024,499
TLH6,TLK3,2024,224
TLH6,TLK4,2024,386
TLH6,TLK5,2024,400
TLH6,TLK6,2024,350
TLH6,TLK7,2024,332
TLH6,TLL3,2024,64
TLH6,TLL4,2024,169
TLH6,TLL5,2024,145
TLH6,TLN0,2024,79
TLI3,S92000003,2024,1519
TLI3,TLC3,2024,139
TLI3,TLC4,2024,1152
TLI3,TLD1,2024,119
TLI3,TLD3,2024,1831
TLI3,TLD4,2024,421
TLI3,TLD6,2024,428
TLI3,TLD7,2024,623
TLI3,TLE1,2024,206
TLI3,TLE2,2024,643
TLI3,TLE3,2024,535
TLI3,TLE4,2024,1084
TLI3,TLF1,2024,1152
TLI3,TLF2,2024,1361
TLI3,TLF3,2024,283
TLI3,TLG1,2024,787
TLI3,TLG2,2024,458
TLI3,TLG3,2024,1775
TLI3,TLH2,2024,3776
TLI3,TLH3,2024,1675
TLI3,TLH4,2024,1661
TLI3,TLH5,2024,557
TLI3,TLH6,2024,619
TLI3,TLI4,2024,30627
TLI3,TLI5,2024,5965
TLI3,TLI6,2024,11669
TLI3,TLI7,2024,23008
TLI3,TLJ1,2024,6358
TLI3,TLJ2,2024,8221
TLI3,TLJ3,2024,2135
TLI3,TLJ4,2024,2265
TLI3,TLK3,2024,352
TLI3,TLK4,2024,1143
TLI3,TLK5,2024,1932
TLI3,TLK6,2024,1549
TLI3,TLK7,2024,1578
TLI3,TLL3,2024,164
TLI3,TLL4,2024,351
TLI3,TLL5,2024,599
TLI3,TLN0,2024,254
TLI4,S92000003,2024,2821
TLI4,TLC3,2024,458
TLI4,TLC4,2024,2016
TLI4,TLD1,2024,329
TLI4,TLD3,2024,4343
TLI4,TLD4,2024,1131
TLI4,TLD6,2024,740
TLI4,TLD7,2024,1569
TLI4,TLE1,2024,615
TLI4,TLE2,2024,1004
TLI4,TLE3,2024,1539
TLI4,TLE4,2024,2770
TLI4,TLF1,2024,2712
TLI4,TLF2,2024,3470
TLI4,TLF3,2024,650
TLI4,TLG1,2024,1277
TLI4,TLG2,2024,1114
TLI4,TLG3,2024,5274
TLI4,TLH2,2024,8267
TLI4,TLH3,2024,10299
TLI4,TLH4,2024,2887
TLI4,TLH5,2024,1431
TLI4,TLH6,2024,1468
TLI4,TLI3,2024,26805
TLI4,TLI5,2024,51580
TLI4,TLI6,2024,22755
TLI4,TLI7,2024,21419
TLI4,TLJ1,2024,7647
TLI4,TLJ2,2024,11257
TLI4,TLJ3,2024,3219
TLI4,TLJ4,2024,10228
TLI4,TLK3,2024,710
TLI4,TLK4,2024,1769
TLI4,TLK5,2024,3492
TLI4,TLK6,2024,2460
TLI4,TLK7,2024,2191
TLI4,TLL3,2024,356
TLI4,TLL4,2024,662
TLI4,TLL5,2024,1219
TLI4,TLN0,2024,543
TLI5,S92000003,2024,1293
TLI5,TLC3,2024,454
TLI5,TLC4,2024,1122
TLI5,TLD1,2024,180
TLI5,TLD3,2024,2422
TLI5,TLD4,2024,936
TLI5,TLD6,2024,419
TLI5,TLD7,2024,983
TLI5,TLE1,2024,512
TLI5,TLE2,2024,501
TLI5,TLE3,2024,1138
TLI5,TLE4,2024,1724
TLI5,TLF1,2024,2387
TLI5,TLF2,2024,3202
TLI5,TLF3,2024,639
TLI5,TLG1,2024,832
TLI5,TLG2,2024,899
TLI5,TLG3,2024,4720
TLI5,TLH2,2024,9153
TLI5,TLH3,2024,21198
TLI5,TLH4,2024,2116
TLI5,TLH5,2024,1462
TLI5,TLH6,2024,1491
TLI5,TLI3,2024,4308
TLI5,TLI4,2024,28795
TLI5,TLI6,2024,6540
TLI5,TLI7,2024,9802
TLI5,TLJ1,2024,4011
TLI5,TLJ2,2024,4859
TLI5,TLJ3,2024,1860
TLI5,TLJ4,2024,13843
TLI5,TLK3,2024,351
TLI5,TLK4,2024,919
TLI5,TLK5,2024,1193
TLI5,TLK6,2024,1237
TLI5,TLK7,2024,960
TLI5,TLL3,2024,168
TLI5,TLL4,2024,436
TLI5,TLL5,2024,649
TLI5,TLN0,2024,300
TLI6,S92000003,2024,1059
TLI6,TLC3,2024,205
TLI6,TLC4,2024,850
TLI6,TLD1,2024,132
TLI6,TLD3,2024,1412
TLI6,TLD4,2024,508
TLI6,TLD6,2024,346
TLI6,TLD7,2024,743
TLI6,TLE1,2024,245
TLI6,TLE2,2024,495
TLI6,TLE3,2024,680
TLI6,TLE4,2024,1044
TLI6,TLF1,2024,1659
TLI6,TLF2,2024,1699
TLI6,TLF3,2024,338
TLI6,TLG1,2024,695
TLI6,TLG2,2024,596
TLI6,TLG3,2024,2200
TLI6,TLH2,2024,2019
TLI6,TLH3,2024,1677
TLI6,TLH4,2024,1100
TLI6,TLH5,2024,649
TLI6,TLH6,2024,472
TLI6,TLI3,2024,6891
TLI6,TLI4,2024,12308
TLI6,TLI5,2024,5262
TLI6,TLI7,2024,5801
TLI6,TLJ1,2024,3353
TLI6,TLJ2,2024,19519
TLI6,TLJ3,2024,3060
TLI6,TLJ4,2024,8186
TLI6,TLK3,2024,457
TLI6,TLK4,2024,1078
TLI6,TLK5,2024,1377
TLI6,TLK6,2024,1533
TLI6,TLK7,2024,922
TLI6,TLL3,2024,123
TLI6,TLL4,2024,369
TLI6,TLL5,2024,635
TLI6,TLN0,2024,214
TLI7,S92000003,2024,1739
TLI7,TLC3,2024,418
TLI7,TLC4,2024,1817
TLI7,TLD1,2024,184
TLI7,TLD3,2024,2991
TLI7,TLD4,2024,939
TLI7,TLD6,2024,499
TLI7,TLD7,2024,1314
TLI7,TLE1,2024,421
TLI7,TLE2,2024,670
TLI7,TLE3,2024,1335
TLI7,TLE4,2024,2280
TLI7,TLF1,2024,2910
TLI7,TLF2,2024,4267
TLI7,TLF3,2024,522
TLI7,TLG1,2024,1496
TLI7,TLG2,2024,1109
TLI7,TLG3,2024,6513
TLI7,TLH2,2024,17582
TLI7,TLH3,2024,3228
TLI7,TLH4,2024,2021
TLI7,TLH5,2024,996
TLI7,TLH6,2024,785
TLI7,TLI3,2024,15545
TLI7,TLI4,2024,16731
TLI7,TLI5,2024,9958
TLI7,TLI6,2024,7232
TLI7,TLJ1,2024,19447
TLI7,TLJ2,2024,14319
TLI7,TLJ3,2024,4159
TLI7,TLJ4,2024,3355
TLI7,TLK3,2024,458
TLI7,TLK4,2024,1578
TLI7,TLK5,2024,2504
TLI7,TLK6,2024,2687
TLI7,TLK7,2024,2079
TLI7,TLL3,2024,187
TLI7,TLL4,2024,640
TLI7,TLL5,2024,1184
TLI7,TLN0,2024,435
TLJ1,S92000003,2024,2230
TLJ1,TLC3,2024,442
TLJ1,TLC4,2024,2044
TLJ1,TLD1,2024,463
TLJ1,TLD3,2024,2963
TLJ1,TLD4,2024,1258
TLJ1,TLD6,2024,878
TLJ1,TLD7,2024,1403
TLJ1,TLE1,2024,701
TLJ1,TLE2,2024,1268
TLJ1,TLE3,2024,1444
TLJ1,TLE4,2024,2076
TLJ1,TLF1,2024,3701
TLJ1,TLF2,2024,7710
TLJ1,TLF3,2024,1198
TLJ1,TLG1,2024,3337
TLJ1,TLG2,2024,1915
TLJ1,TLG3,2024,5389
TLJ1,TLH2,2024,6814
TLJ1,TLH3,2024,2022
TLJ1,TLH4,2024,2592
TLJ1,TLH5,2024,1347
TLJ1,TLH6,2024,992
TLJ1,TLI3,2024,5827
TLJ1,TLI4,2024,7073
TLJ1,TLI5,2024,2661
TLJ1,TLI6,2024,2264
TLJ1,TLI7,2024,8175
TLJ1,TLJ2,2024,9447
TLJ1,TLJ3,2024,8892
TLJ1,TLJ4,2024,2369
TLJ1,TLK3,2024,1313
TLJ1,TLK4,2024,3458
TLJ1,TLK5,2024,4047
TLJ1,TLK6,2024,4744
TLJ1,TLK7,2024,6106
TLJ1,TLL3,2024,473
TLJ1,TLL4,2024,1433
TLJ1,TLL5,2024,2114
TLJ1,TLN0,2024,401
TLJ2,S92000003,2024,2222
TLJ2,TLC3,2024,333
TLJ2,TLC4,2024,2079
TLJ2,TLD1,2024,414
TLJ2,TLD3,2024,2550
TLJ2,TLD4,2024,988
TLJ2,TLD6,2024,737
TLJ2,TLD7,2024,1279
TLJ2,TLE1,2024,682
TLJ2,TLE2,2024,1112
TLJ2,TLE3,2024,1357
TLJ2,TLE4,2024,2181
TLJ2,TLF1,2024,2964
TLJ2,TLF2,2024,2522
TLJ2,TLF3,2024,964
TLJ2,TLG1,2024,1649
TLJ2,TLG2,2024,1338
TLJ2,TLG3,2024,2956
TLJ2,TLH2,2024,3198
TLJ2,TLH3,2024,2655
TLJ2,TLH4,2024,1850
TLJ2,TLH5,2024,1522
TLJ2,TLH6,2024,1061
TLJ2,TLI3,2024,5951
TLJ2,TLI4,2024,8283
TLJ2,TLI5,2024,3212
TLJ2,TLI6,2024,8419
TLJ2,TLI7,2024,7503
TLJ2,TLJ1,2024,9630
TLJ2,TLJ3,2024,15272
TLJ2,TLJ4,2024,7667
TLJ2,TLK3,2024,1515
TLJ2,TLK4,2024,3817
TLJ2,TLK5,2024,4155
TLJ2,TLK6,2024,4988
TLJ2,TLK7,2024,2818
TLJ2,TLL3,2024,391
TLJ2,TLL4,2024,1278
TLJ2,TLL5,2024,1847
TLJ2,TLN0,2024,405
TLJ3,S92000003,2024,1357
TLJ3,TLC3,2024,306
TLJ3,TLC4,2024,980
TLJ3,TLD1,2024,254
TLJ3,TLD3,2024,1399
TLJ3,TLD4,2024,577
TLJ3,TLD6,2024,419
TLJ3,TLD7,2024,654
TLJ3,TLE1,2024,388
TLJ3,TLE2,2024,673
TLJ3,TLE3,2024,624
TLJ3,TLE4,2024,914
TLJ3,TLF1,2024,1381
TLJ3,TLF2,2024,1491
TLJ3,TLF3,2024,579
TLJ3,TLG1,2024,1181
TLJ3,TLG2,2024,925
TLJ3,TLG3,2024,1793
TLJ3,TLH2,2024,1800
TLJ3,TLH3,2024,1416
TLJ3,TLH4,2024,918
TLJ3,TLH5,2024,685
TLJ3,TLH6,2024,591
TLJ3,TLI3,2024,2040
TLJ3,TLI4,2024,3220
TLJ3,TLI5,2024,1629
TLJ3,TLI6,2024,1877
TLJ3,TLI7,2024,2708
TLJ3,TLJ1,2024,7460
TLJ3,TLJ2,2024,12798
TLJ3,TLJ4,2024,2005
TLJ3,TLK3,2024,1184
TLJ3,TLK4,2024,2653
TLJ3,TLK5,2024,2703
TLJ3,TLK6,2024,7128
TLJ3,TLK7,2024,4441
TLJ3,TLL3,2024,347
TLJ3,TLL4,2024,921
TLJ3,TLL5,2024,1556
TLJ3,TLN0,2024,308
TLJ4,S92000003,2024,1226
TLJ4,TLC3,2024,372
TLJ4,TLC4,2024,1289
TLJ4,TLD1,2024,313
TLJ4,TLD3,2024,1237
TLJ4,TLD4,2024,700
TLJ4,TLD6,2024,381
TLJ4,TLD7,2024,704
TLJ4,TLE1,2024,473
TLJ4,TLE2,2024,752
TLJ4,TLE3,2024,708
TLJ4,TLE4,2024,1122
TLJ4,TLF1,2024,1786
TLJ4,TLF2,2024,1674
TLJ4,TLF3,2024,880
TLJ4,TLG1,2024,672
TLJ4,TLG2,2024,777
TLJ4,TLG3,2024,1862
TLJ4,TLH2,2024,1587
TLJ4,TLH3,2024,3045
TLJ4,TLH4,2024,1038
TLJ4,TLH5,2024,1311
TLJ4,TLH6,2024,852
TLJ4,TLI3,2024,1902
TLJ4,TLI4,2024,5218
TLJ4,TLI5,2024,5410
TLJ4,TLI6,2024,3317
TLJ4,TLI7,2024,2355
TLJ4,TLJ1,2024,2564
TLJ4,TLJ2,2024,8382
TLJ4,TLJ3,2024,2287
TLJ4,TLK3,2024,682
TLJ4,TLK4,2024,1537
TLJ4,TLK5,2024,1283
TLJ4,TLK6,2024,1509
TLJ4,TLK7,2024,1215
TLJ4,TLL3,2024,241
TLJ4,TLL4,2024,478
TLJ4,TLL5,2024,647
TLJ4,TLN0,2024,250
TLK3,S92000003,2024,409
TLK3,TLC3,2024,81
TLK3,TLC4,2024,201
TLK3,TLD1,2024,119
TLK3,TLD3,2024,360
TLK3,TLD4,2024,190
TLK3,TLD6,2024,203
TLK3,TLD7,2024,177
TLK3,TLE1,2024,147
TLK3,TLE2,2024,217
TLK3,TLE3,2024,180
TLK3,TLE4,2024,243
TLK3,TLF1,2024,475
TLK3,TLF2,2024,393
TLK3,TLF3,2024,172
TLK3,TLG1,2024,444
TLK3,TLG2,2024,376
TLK3,TLG3,2024,430
TLK3,TLH2,2024,369
TLK3,TLH3,2024,278
TLK3,TLH4,2024,189
TLK3,TLH5,2024,205
TLK3,TLH6,2024,180
TLK3,TLI3,2024,379
TLK3,TLI4,2024,704
TLK3,TLI5,2024,214
TLK3,TLI6,2024,239
TLK3,TLI7,2024,313
TLK3,TLJ1,2024,784
TLK3,TLJ2,2024,1066
TLK3,TLJ3,2024,762
TLK3,TLJ4,2024,308
TLK3,TLK4,2024,4601
TLK3,TLK5,2024,1426
TLK3,TLK6,2024,1308
TLK3,TLK7,2024,851
TLK3,TLL3,2024,122
TLK3,TLL4,2024,315
TLK3,TLL5,2024,691
TLK3,TLN0,2024,57
TLK4,S92000003,2024,1010
TLK4,TLC3,2024,138
TLK4,TLC4,2024,630
TLK4,TLD1,2024,232
TLK4,TLD3,2024,954
TLK4,TLD4,2024,416
TLK4,TLD6,2024,310
TLK4,TLD7,2024,496
TLK4,TLE1,2024,197
TLK4,TLE2,2024,338
TLK4,TLE3,2024,357
TLK4,TLE4,2024,571
TLK4,TLF1,2024,810
TLK4,TLF2,2024,802
TLK4,TLF3,2024,243
TLK4,TLG1,2024,1054
TLK4,TLG2,2024,685
TLK4,TLG3,2024,1309
TLK4,TLH2,2024,841
TLK4,TLH3,2024,774
TLK4,TLH4,2024,456
TLK4,TLH5,2024,336
TLK4,TLH6,2024,343
TLK4,TLI3,2024,1477
TLK4,TLI4,2024,1911
TLK4,TLI5,2024,712
TLK4,TLI6,2024,778
TLK4,TLI7,2024,1240
TLK4,TLJ1,2024,2235
TLK4,TLJ2,2024,2562
TLK4,TLJ3,2024,1990
TLK4,TLJ4,2024,831
TLK4,TLK3,2024,4809
TLK4,TLK5,2024,3926
TLK4,TLK6,2024,5313
TLK4,TLK7,2024,1989
TLK4,TLL3,2024,215
TLK4,TLL4,2024,752
TLK4,TLL5,2024,1826
TLK4,TLN0,2024,179
TLK5,S92000003,2024,875
TLK5,TLC3,2024,133
TLK5,TLC4,2024,670
TLK5,TLD1,2024,143
TLK5,TLD3,2024,1491
TLK5,TLD4,2024,357
TLK5,TLD6,2024,419
TLK5,TLD7,2024,625
TLK5,TLE1,2024,149
TLK5,TLE2,2024,347
TLK5,TLE3,2024,526
TLK5,TLE4,2024,763
TLK5,TLF1,2024,934
TLK5,TLF2,2024,878
TLK5,TLF3,2024,202
TLK5,TLG1,2024,1389
TLK5,TLG2,2024,705
TLK5,TLG3,2024,1757
TLK5,TLH2,2024,1152
TLK5,TLH3,2024,711
TLK5,TLH4,2024,737
TLK5,TLH5,2024,329
TLK5,TLH6,2024,313
TLK5,TLI3,2024,2553
TLK5,TLI4,2024,3807
TLK5,TLI5,2024,957
TLK5,TLI6,2024,1024
TLK5,TLI7,2024,2226
TLK5,TLJ1,2024,3410
TLK5,TLJ2,2024,3005
TLK5,TLJ3,2024,1992
TLK5,TLJ4,2024,875
TLK5,TLK3,2024,1377
TLK5,TLK4,2024,3735
TLK5,TLK6,2024,9460
TLK5,TLK7,2024,7401
TLK5,TLL3,2024,236
TLK5,TLL4,2024,1429
TLK5,TLL5,2024,4888
TLK5,TLN0,2024,180
TLK6,S92000003,2024,1046
TLK6,TLC3,2024,173
TLK6,TLC4,2024,693
TLK6,TLD1,2024,212
TLK6,TLD3,2024,1031
TLK6,TLD4,2024,426
TLK6,TLD6,2024,296
TLK6,TLD7,2024,517
TLK6,TLE1,2024,258
TLK6,TLE2,2024,405
TLK6,TLE3,2024,411
TLK6,TLE4,2024,642
TLK6,TLF1,2024,849
TLK6,TLF2,2024,870
TLK6,TLF3,2024,389
TLK6,TLG1,2024,990
TLK6,TLG2,2024,755
TLK6,TLG3,2024,1343
TLK6,TLH2,2024,1162
TLK6,TLH3,2024,761
TLK6,TLH4,2024,607
TLK6,TLH5,2024,402
TLK6,TLH6,2024,318
TLK6,TLI3,2024,1456
TLK6,TLI4,2024,2195
TLK6,TLI5,2024,834
TLK6,TLI6,2024,897
TLK6,TLI7,2024,1585
TLK6,TLJ1,2024,3059
TLK6,TLJ2,2024,3695
TLK6,TLJ3,2024,6231
TLK6,TLJ4,2024,1064
TLK6,TLK3,2024,1387
TLK6,TLK4,2024,5648
TLK6,TLK5,2024,6142
TLK6,TLK7,2024,4426
TLK6,TLL3,2024,258
TLK6,TLL4,2024,967
TLK6,TLL5,2024,2169
TLK6,TLN0,2024,186
TLK7,S92000003,2024,1073
TLK7,TLC3,2024,210
TLK7,TLC4,2024,798
TLK7,TLD1,2024,225
TLK7,TLD3,2024,1130
TLK7,TLD4,2024,527
TLK7,TLD6,2024,360
TLK7,TLD7,2024,528
TLK7,TLE1,2024,288
TLK7,TLE2,2024,595
TLK7,TLE3,2024,518
TLK7,TLE4,2024,782
TLK7,TLF1,2024,1169
TLK7,TLF2,2024,1034
TLK7,TLF3,2024,369
TLK7,TLG1,2024,3740
TLK7,TLG2,2024,1015
TLK7,TLG3,2024,1830
TLK7,TLH2,2024,679
TLK7,TLH3,2024,612
TLK7,TLH4,2024,578
TLK7,TLH5,2024,315
TLK7,TLH6,2024,335
TLK7,TLI3,2024,1326
TLK7,TLI4,2024,1742
TLK7,TLI5,2024,528
TLK7,TLI6,2024,509
TLK7,TLI7,2024,1159
TLK7,TLJ1,2024,4448
TLK7,TLJ2,2024,2059
TLK7,TLJ3,2024,3511
TLK7,TLJ4,2024,752
TLK7,TLK3,2024,1113
TLK7,TLK4,2024,2722
TLK7,TLK5,2024,5311
TLK7,TLK6,2024,4328
TLK7,TLL3,2024,284
TLK7,TLL4,2024,1330
TLK7,TLL5,2024,2622
TLK7,TLN0,2024,195
TLL3,S92000003,2024,399
TLL3,TLC3,2024,47
TLL3,TLC4,2024,298
TLL3,TLD1,2024,130
TLL3,TLD3,2024,1706
TLL3,TLD4,2024,696
TLL3,TLD6,2024,2651
TLL3,TLD7,2024,2283
TLL3,TLE1,2024,118
TLL3,TLE2,2024,293
TLL3,TLE3,2024,304
TLL3,TLE4,2024,556
TLL3,TLF1,2024,481
TLL3,TLF2,2024,342
TLL3,TLF3,2024,140
TLL3,TLG1,2024,268
TLL3,TLG2,2024,1271
TLL3,TLG3,2024,617
TLL3,TLH2,2024,129
TLL3,TLH3,2024,105
TLL3,TLH4,2024,151
TLL3,TLH5,2024,106
TLL3,TLH6,2024,91
TLL3,TLI3,2024,162
TLL3,TLI4,2024,306
TLL3,TLI5,2024,106
TLL3,TLI6,2024,85
TLL3,TLI7,2024,217
TLL3,TLJ1,2024,346
TLL3,TLJ2,2024,316
TLL3,TLJ3,2024,209
TLL3,TLJ4,2024,123
TLL3,TLK3,2024,119
TLL3,TLK4,2024,203
TLL3,TLK5,2024,282
TLL3,TLK6,2024,222
TLL3,TLK7,2024,230
TLL3,TLL4,2024,767
TLL3,TLL5,2024,924
TLL3,TLN0,2024,72
TLL4,S92000003,2024,501
TLL4,TLC3,2024,81
TLL4,TLC4,2024,277
TLL4,TLD1,2024,90
TLL4,TLD3,2024,705
TLL4,TLD4,2024,288
TLL4,TLD6,2024,328
TLL4,TLD7,2024,465
TLL4,TLE1,2024,103
TLL4,TLE2,2024,224
TLL4,TLE3,2024,239
TLL4,TLE4,2024,372
TLL4,TLF1,2024,500
TLL4,TLF2,2024,515
TLL4,TLF3,2024,175
TLL4,TLG1,2024,1121
TLL4,TLG2,2024,1447
TLL4,TLG3,2024,1034
TLL4,TLH2,2024,406
TLL4,TLH3,2024,340
TLL4,TLH4,2024,281
TLL4,TLH5,2024,225
TLL4,TLH6,2024,149
TLL4,TLI3,2024,391
TLL4,TLI4,2024,777
TLL4,TLI5,2024,343
TLL4,TLI6,2024,244
TLL4,TLI7,2024,619
TLL4,TLJ1,2024,1089
TLL4,TLJ2,2024,990
TLL4,TLJ3,2024,669
TLL4,TLJ4,2024,346
TLL4,TLK3,2024,263
TLL4,TLK4,2024,798
TLL4,TLK5,2024,1492
TLL4,TLK6,2024,766
TLL4,TLK7,2024,1174
TLL4,TLL3,2024,879
TLL4,TLL5,2024,5991
TLL4,TLN0,2024,106
TLL5,S92000003,2024,726
TLL5,TLC3,2024,96
TLL5,TLC4,2024,497
TLL5,TLD1,2024,93
TLL5,TLD3,2024,1135
TLL5,TLD4,2024,376
TLL5,TLD6,2024,314
TLL5,TLD7,2024,609
TLL5,TLE1,2024,173
TLL5,TLE2,2024,248
TLL5,TLE3,2024,417
TLL5,TLE4,2024,607
TLL5,TLF1,2024,808
TLL5,TLF2,2024,783
TLL5,TLF3,2024,264
TLL5,TLG1,2024,1578
TLL5,TLG2,2024,686
TLL5,TLG3,2024,1664
TLL5,TLH2,2024,608
TLL5,TLH3,2024,475
TLL5,TLH4,2024,428
TLL5,TLH5,2024,196
TLL5,TLH6,2024,179
TLL5,TLI3,2024,899
TLL5,TLI4,2024,1544
TLL5,TLI5,2024,602
TLL5,TLI6,2024,516
TLL5,TLI7,2024,1069
TLL5,TLJ1,2024,1754
TLL5,TLJ2,2024,1396
TLL5,TLJ3,2024,1357
TLL5,TLJ4,2024,501
TLL5,TLK3,2024,755
TLL5,TLK4,2024,1905
TLL5,TLK5,2024,3666
TLL5,TLK6,2024,1936
TLL5,TLK7,2024,2698
TLL5,TLL3,2024,961
TLL5,TLL4,2024,6433
TLL5,TLN0,2024,220
TLN0,S92000003,2024,1841
TLN0,TLC3,2024,58
TLN0,TLC4,2024,554
TLN0,TLD1,2024,76
TLN0,TLD3,2024,868
TLN0,TLD4,2024,270
TLN0,TLD6,2024,177
TLN0,TLD7,2024,1400
TLN0,TLE1,2024,63
TLN0,TLE2,2024,92
TLN0,TLE3,2024,114
TLN0,TLE4,2024,249
TLN0,TLF1,2024,212
TLN0,TLF2,2024,183
TLN0,TLF3,2024,59
TLN0,TLG1,2024,158
TLN0,TLG2,2024,234
TLN0,TLG3,2024,343
TLN0,TLH2,2024,152
TLN0,TLH3,2024,126
TLN0,TLH4,2024,154
TLN0,TLH5,2024,51
TLN0,TLH6,2024,58
TLN0,TLI3,2024,461
TLN0,TLI4,2024,678
TLN0,TLI5,2024,214
TLN0,TLI6,2024,156
TLN0,TLI7,2024,316
TLN0,TLJ1,2024,345
TLN0,TLJ2,2024,339
TLN0,TLJ3,2024,226
TLN0,TLJ4,2024,135
TLN0,TLK3,2024,51
TLN0,TLK4,2024,165
TLN0,TLK5,2024,295
TLN0,TLK6,2024,143
TLN0,TLK7,2024,127
TLN0,TLL3,2024,82
TLN0,TLL4,2024,88
TLN0,TLL5,2024,252
S92000003,TLC3,2025,506
S92000003,TLC4,2025,2994
S92000003,TLD1,2025,1335
S92000003,TLD3,2025,2230
S92000003,TLD4,2025,1348
S92000003,TLD6,2025,659
S92000003,TLD7,2025,1034
S92000003,TLE1,2025,513
S92000003,TLE2,2025,953
S92000003,TLE3,2025,711
S92000003,TLE4,2025,1253
S92000003,TLF1,2025,926
S92000003,TLF2,2025,827
S92000003,TLF3,2025,438
S92000003,TLG1,2025,723
S92000003,TLG2,2025,641
S92000003,TLG3,2025,1203
S92000003,TLH2,2025,800
S92000003,TLH3,2025,616
S92000003,TLH4,2025,790
S92000003,TLH5,2025,492
S92000003,TLH6,2025,329
S92000003,TLI3,2025,2043
S92000003,TLI4,2025,3272
S92000003,TLI5,2025,884
S92000003,TLI6,2025,737
S92000003,TLI7,2025,1456
S92000003,TLJ1,2025,2013
S92000003,TLJ2,2025,1755
S92000003,TLJ3,2025,1040
S92000003,TLJ4,2025,779
S92000003,TLK3,2025,401
S92000003,TLK4,2025,727
S92000003,TLK5,2025,822
S92000003,TLK6,2025,891
S92000003,TLK7,2025,737
S92000003,TLL3,2025,343
S92000003,TLL4,2025,404
S92000003,TLL5,2025,487
S92000003,TLN0,2025,1495
TLC3,S92000003,2025,581
TLC3,TLC4,2025,7528
TLC3,TLD1,2025,316
TLC3,TLD3,2025,1006
TLC3,TLD4,2025,438
TLC3,TLD6,2025,179
TLC3,TLD7,2025,385
TLC3,TLE1,2025,436
TLC3,TLE2,2025,2627
TLC3,TLE3,2025,763
TLC3,TLE4,2025,1603
TLC3,TLF1,2025,454
TLC3,TLF2,2025,329
TLC3,TLF3,2025,185
TLC3,TLG1,2025,107
TLC3,TLG2,2025,230
TLC3,TLG3,2025,518
TLC3,TLH2,2025,198
TLC3,TLH3,2025,200
TLC3,TLH4,2025,183
TLC3,TLH5,2025,128
TLC3,TLH6,2025,98
TLC3,TLI3,2025,213
TLC3,TLI4,2025,413
TLC3,TLI5,2025,271
TLC3,TLI6,2025,152
TLC3,TLI7,2025,301
TLC3,TLJ1,2025,308
TLC3,TLJ2,2025,307
TLC3,TLJ3,2025,189
TLC3,TLJ4,2025,258
TLC3,TLK3,2025,80
TLC3,TLK4,2025,136
TLC3,TLK5,2025,146
TLC3,TLK6,2025,193
TLC3,TLK7,2025,178
TLC3,TLL3,2025,63
TLC3,TLL4,2025,79
TLC3,TLL5,2025,110
TLC3,TLN0,2025,73
TLC4,S92000003,2025,2723
TLC4,TLC3,2025,6753
TLC4,TLD1,2025,1619
TLC4,TLD3,2025,3530
TLC4,TLD4,2025,1419
TLC4,TLD6,2025,787
TLC4,TLD7,2025,1347
TLC4,TLE1,2025,1162
TLC4,TLE2,2025,3524
TLC4,TLE3,2025,1683
TLC4,TLE4,2025,4296
TLC4,TLF1,2025,1792
TLC4,TLF2,2025,985
TLC4,TLF3,2025,620
TLC4,TLG1,2025,611
TLC4,TLG2,2025,663
TLC4,TLG3,2025,1333
TLC4,TLH2,2025,956
TLC4,TLH3,2025,746
TLC4,TLH4,2025,886
TLC4,TLH5,2025,495
TLC4,TLH6,2025,378
TLC4,TLI3,2025,2031
TLC4,TLI4,2025,2681
TLC4,TLI5,2025,808
TLC4,TLI6,2025,718
TLC4,TLI7,2025,1736
TLC4,TLJ1,2025,1690
TLC4,TLJ2,2025,1580
TLC4,TLJ3,2025,777
TLC4,TLJ4,2025,837
TLC4,TLK3,2025,218
TLC4,TLK4,2025,541
TLC4,TLK5,2025,731
TLC4,TLK6,2025,501
TLC4,TLK7,2025,643
TLC4,TLL3,2025,300
TLC4,TLL4,2025,208
TLC4,TLL5,2025,392
TLC4,TLN0,2025,555
TLD1,S92000003,2025,947
TLD1,TLC3,2025,274
TLD1,TLC4,2025,1554
TLD1,TLD3,2025,1036
TLD1,TLD4,2025,2367
TLD1,TLD6,2025,329
TLD1,TLD7,2025,617
TLD1,TLE1,2025,178
TLD1,TLE2,2025,583
TLD1,TLE3,2025,252
TLD1,TLE4,2025,559
TLD1,TLF1,2025,296
TLD1,TLF2,2025,195
TLD1,TLF3,2025,83
TLD1,TLG1,2025,122
TLD1,TLG2,2025,232
TLD1,TLG3,2025,253
TLD1,TLH2,2025,132
TLD1,TLH3,2025,100
TLD1,TLH4,2025,97
TLD1,TLH5,2025,109
TLD1,TLH6,2025,83
TLD1,TLI3,2025,128
TLD1,TLI4,2025,204
TLD1,TLI5,2025,86
TLD1,TLI6,2025,52
TLD1,TLI7,2025,112
TLD1,TLJ1,2025,271
TLD1,TLJ2,2025,227
TLD1,TLJ3,2025,119
TLD1,TLJ4,2025,122
TLD1,TLK3,2025,106
TLD1,TLK4,2025,155
TLD1,TLK5,2025,126
TLD1,TLK6,2025,152
TLD1,TLK7,2025,142
TLD1,TLL3,2025,135
TLD1,TLL4,2025,98
TLD1,TLL5,2025,65
TLD1,TLN0,2025,69
TLD3,S92000003,2025,2381
TLD3,TLC3,2025,761
TLD3,TLC4,2025,3215
TLD3,TLD1,2025,1624
TLD3,TLD4,2025,19223
TLD3,TLD6,2025,12767
TLD3,TLD7,2025,10052
TLD3,TLE1,2025,1440
TLD3,TLE2,2025,2245
TLD3,TLE3,2025,3330
TLD3,TLE4,2025,8155
TLD3,TLF1,2025,5040
TLD3,TLF2,2025,2010
TLD3,TLF3,2025,840
TLD3,TLG1,2025,1247
TLD3,TLG2,2025,3166
TLD3,TLG3,2025,4337
TLD3,TLH2,2025,1570
TLD3,TLH3,2025,933
TLD3,TLH4,2025,1022
TLD3,TLH5,2025,573
TLD3,TLH6,2025,531
TLD3,TLI3,2025,2171
TLD3,TLI4,2025,4396
TLD3,TLI5,2025,1771
TLD3,TLI6,2025,1104
TLD3,TLI7,2025,2876
TLD3,TLJ1,2025,2549
TLD3,TLJ2,2025,2232
TLD3,TLJ3,2025,1133
TLD3,TLJ4,2025,964
TLD3,TLK3,2025,543
TLD3,TLK4,2025,931
TLD3,TLK5,2025,1332
TLD3,TLK6,2025,919
TLD3,TLK7,2025,991
TLD3,TLL3,2025,2406
TLD3,TLL4,2025,624
TLD3,TLL5,2025,803
TLD3,TLN0,2025,546
TLD4,S92000003,2025,1494
TLD4,TLC3,2025,391
TLD4,TLC4,2025,1633
TLD4,TLD1,2025,2396
TLD4,TLD3,2025,11724
TLD4,TLD6,2025,2083
TLD4,TLD7,2025,6429
TLD4,TLE1,2025,525
TLD4,TLE2,2025,1706
TLD4,TLE3,2025,991
TLD4,TLE4,2025,3345
TLD4,TLF1,2025,1256
TLD4,TLF2,2025,849
TLD4,TLF3,2025,443
TLD4,TLG1,2025,531
TLD4,TLG2,2025,1111
TLD4,TLG3,2025,1628
TLD4,TLH2,2025,484
TLD4,TLH3,2025,476
TLD4,TLH4,2025,393
TLD4,TLH5,2025,283
TLD4,TLH6,2025,194
TLD4,TLI3,2025,524
TLD4,TLI4,2025,1099
TLD4,TLI5,2025,569
TLD4,TLI6,2025,341
TLD4,TLI7,2025,801
TLD4,TLJ1,2025,962
TLD4,TLJ2,2025,753
TLD4,TLJ3,2025,410
TLD4,TLJ4,2025,410
TLD4,TLK3,2025,298
TLD4,TLK4,2025,453
TLD4,TLK5,2025,408
TLD4,TLK6,2025,404
TLD4,TLK7,2025,426
TLD4,TLL3,2025,701
TLD4,TLL4,2025,286
TLD4,TLL5,2025,364
TLD4,TLN0,2025,247
TLD6,S92000003,2025,700
TLD6,TLC3,2025,141
TLD6,TLC4,2025,933
TLD6,TLD1,2025,433
TLD6,TLD3,2025,7074
TLD6,TLD4,2025,2221
TLD6,TLD7,2025,7361
TLD6,TLE1,2025,233
TLD6,TLE2,2025,656
TLD6,TLE3,2025,851
TLD6,TLE4,2025,1309
TLD6,TLF1,2025,1239
TLD6,TLF2,2025,558
TLD6,TLF3,2025,203
TLD6,TLG1,2025,412
TLD6,TLG2,2025,3312
TLD6,TLG3,2025,959
TLD6,TLH2,2025,276
TLD6,TLH3,2025,221
TLD6,TLH4,2025,279
TLD6,TLH5,2025,195
TLD6,TLH6,2025,102
TLD6,TLI3,2025,434
TLD6,TLI4,2025,604
TLD6,TLI5,2025,249
TLD6,TLI6,2025,166
TLD6,TLI7,2025,387
TLD6,TLJ1,2025,702
TLD6,TLJ2,2025,512
TLD6,TLJ3,2025,306
TLD6,TLJ4,2025,231
TLD6,TLK3,2025,222
TLD6,TLK4,2025,332
TLD6,TLK5,2025,420
TLD6,TLK6,2025,283
TLD6,TLK7,2025,270
TLD6,TLL3,2025,2956
TLD6,TLL4,2025,308
TLD6,TLL5,2025,288
TLD6,TLN0,2025,132
TLD7,S92000003,2025,1021
TLD7,TLC3,2025,346
TLD7,TLC4,2025,1270
TLD7,TLD1,2025,895
TLD7,TLD3,2025,9753
TLD7,TLD4,2025,7334
TLD7,TLD6,2025,7596
TLD7,TLE1,2025,431
TLD7,TLE2,2025,889
TLD7,TLE3,2025,1026
TLD7,TLE4,2025,2395
TLD7,TLF1,2025,1433
TLD7,TLF2,2025,1072
TLD7,TLF3,2025,317
TLD7,TLG1,2025,702
TLD7,TLG2,2025,1896
TLD7,TLG3,2025,1859
TLD7,TLH2,2025,689
TLD7,TLH3,2025,440
TLD7,TLH4,2025,490
TLD7,TLH5,2025,249
TLD7,TLH6,2025,218
TLD7,TLI3,2025,830
TLD7,TLI4,2025,1577
TLD7,TLI5,2025,610
TLD7,TLI6,2025,491
TLD7,TLI7,2025,1176
TLD7,TLJ1,2025,1105
TLD7,TLJ2,2025,968
TLD7,TLJ3,2025,525
TLD7,TLJ4,2025,423
TLD7,TLK3,2025,225
TLD7,TLK4,2025,428
TLD7,TLK5,2025,639
TLD7,TLK6,2025,500
TLD7,TLK7,2025,488
TLD7,TLL3,2025,2479
TLD7,TLL4,2025,430
TLD7,TLL5,2025,502
TLD7,TLN0,2025,787
TLE1,S92000003,2025,609
TLE1,TLC3,2025,494
TLE1,TLC4,2025,1356
TLE1,TLD1,2025,200
TLE1,TLD3,2025,1490
TLE1,TLD4,2025,508
TLE1,TLD6,2025,268
TLE1,TLD7,2025,584
TLE1,TLE2,2025,3504
TLE1,TLE3,2025,2488
TLE1,TLE4,2025,3163
TLE1,TLF1,2025,1246
TLE1,TLF2,2025,563
TLE1,TLF3,2025,2717
TLE1,TLG1,2025,240
TLE1,TLG2,2025,340
TLE1,TLG3,2025,641
TLE1,TLH2,2025,263
TLE1,TLH3,2025,253
TLE1,TLH4,2025,327
TLE1,TLH5,2025,264
TLE1,TLH6,2025,153
TLE1,TLI3,2025,214
TLE1,TLI4,2025,527
TLE1,TLI5,2025,278
TLE1,TLI6,2025,181
TLE1,TLI7,2025,333
TLE1,TLJ1,2025,469
TLE1,TLJ2,2025,398
TLE1,TLJ3,2025,323
TLE1,TLJ4,2025,283
TLE1,TLK3,2025,147
TLE1,TLK4,2025,185
TLE1,TLK5,2025,235
TLE1,TLK6,2025,252
TLE1,TLK7,2025,259
TLE1,TLL3,2025,89
TLE1,TLL4,2025,97
TLE1,TLL5,2025,183
TLE1,TLN0,2025,84
TLE2,S92000003,2025,1396
TLE2,TLC3,2025,2620
TLE2,TLC4,2025,3748
TLE2,TLD1,2025,578
TLE2,TLD3,2025,1915
TLE2,TLD4,2025,1491
TLE2,TLD6,2025,546
TLE2,TLD7,2025,856
TLE2,TLE1,2025,4436
TLE2,TLE3,2025,1852
TLE2,TLE4,2025,6605
TLE2,TLF1,2025,1206
TLE2,TLF2,2025,693
TLE2,TLF3,2025,597
TLE2,TLG1,2025,488
TLE2,TLG2,2025,531
TLE2,TLG3,2025,635
TLE2,TLH2,2025,547
TLE2,TLH3,2025,418
TLE2,TLH4,2025,648
TLE2,TLH5,2025,372
TLE2,TLH6,2025,303
TLE2,TLI3,2025,837
TLE2,TLI4,2025,1096
TLE2,TLI5,2025,403
TLE2,TLI6,2025,353
TLE2,TLI7,2025,663
TLE2,TLJ1,2025,1042
TLE2,TLJ2,2025,881
TLE2,TLJ3,2025,438
TLE2,TLJ4,2025,426
TLE2,TLK3,2025,189
TLE2,TLK4,2025,349
TLE2,TLK5,2025,454
TLE2,TLK6,2025,392
TLE2,TLK7,2025,506
TLE2,TLL3,2025,212
TLE2,TLL4,2025,149
TLE2,TLL5,2025,213
TLE2,TLN0,2025,111
TLE3,S92000003,2025,838
TLE3,TLC3,2025,611
TLE3,TLC4,2025,1988
TLE3,TLD1,2025,300
TLE3,TLD3,2025,3866
TLE3,TLD4,2025,1016
TLE3,TLD6,2025,883
TLE3,TLD7,2025,1233
TLE3,TLE1,2025,2813
TLE3,TLE2,2025,2125
TLE3,TLE4,2025,6598
TLE3,TLF1,2025,9260
TLE3,TLF2,2025,1493
TLE3,TLF3,2025,1698
TLE3,TLG1,2025,658
TLE3,TLG2,2025,848
TLE3,TLG3,2025,1734
TLE3,TLH2,2025,768
TLE3,TLH3,2025,464
TLE3,TLH4,2025,782
TLE3,TLH5,2025,484
TLE3,TLH6,2025,272
TLE3,TLI3,2025,587
TLE3,TLI4,2025,1516
TLE3,TLI5,2025,659
TLE3,TLI6,2025,433
TLE3,TLI7,2025,998
TLE3,TLJ1,2025,1224
TLE3,TLJ2,2025,940
TLE3,TLJ3,2025,472
TLE3,TLJ4,2025,461
TLE3,TLK3,2025,254
TLE3,TLK4,2025,360
TLE3,TLK5,2025,652
TLE3,TLK6,2025,408
TLE3,TLK7,2025,467
TLE3,TLL3,2025,308
TLE3,TLL4,2025,212
TLE3,TLL5,2025,298
TLE3,TLN0,2025,146
TLE4,S92000003,2025,1963
TLE4,TLC3,2025,1790
TLE4,TLC4,2025,5219
TLE4,TLD1,2025,922
TLE4,TLD3,2025,8869
TLE4,TLD4,2025,4282
TLE4,TLD6,2025,1457
TLE4,TLD7,2025,2731
TLE4,TLE1,2025,4617
TLE4,TLE2,2025,10229
TLE4,TLE3,2025,8133
TLE4,TLF1,2025,3716
TLE4,TLF2,2025,1926
TLE4,TLF3,2025,1566
TLE4,TLG1,2025,887
TLE4,TLG2,2025,1327
TLE4,TLG3,2025,3170
TLE4,TLH2,2025,1521
TLE4,TLH3,2025,869
TLE4,TLH4,2025,1127
TLE4,TLH5,2025,604
TLE4,TLH6,2025,484
TLE4,TLI3,2025,1568
TLE4,TLI4,2025,3119
TLE4,TLI5,2025,1305
TLE4,TLI6,2025,895
TLE4,TLI7,2025,2328
TLE4,TLJ1,2025,2105
TLE4,TLJ2,2025,1897
TLE4,TLJ3,2025,849
TLE4,TLJ4,2025,929
TLE4,TLK3,2025,384
TLE4,TLK4,2025,620
TLE4,TLK5,2025,991
TLE4,TLK6,2025,696
TLE4,TLK7,2025,723
TLE4,TLL3,2025,590
TLE4,TLL4,2025,341
TLE4,TLL5,2025,490
TLE4,TLN0,2025,372
TLF1,S92000003,2025,1512
TLF1,TLC3,2025,512
TLF1,TLC4,2025,2128
TLF1,TLD1,2025,452
TLF1,TLD3,2025,5175
TLF1,TLD4,2025,1408
TLF1,TLD6,2025,1471
TLF1,TLD7,2025,1585
TLF1,TLE1,2025,1503
TLF1,TLE2,2025,1834
TLF1,TLE3,2025,7282
TLF1,TLE4,2025,3401
TLF1,TLF2,2025,7931
TLF1,TLF3,2025,4678
TLF1,TLG1,2025,2064
TLF1,TLG2,2025,5292
TLF1,TLG3,2025,5145
TLF1,TLH2,2025,2540
TLF1,TLH3,2025,1448
TLF1,TLH4,2025,1746
TLF1,TLH5,2025,1022
TLF1,TLH6,2025,797
TLF1,TLI3,2025,1661
TLF1,TLI4,2025,2972
TLF1,TLI5,2025,1753
TLF1,TLI6,2025,1337
TLF1,TLI7,2025,2679
TLF1,TLJ1,2025,3180
TLF1,TLJ2,2025,2463
TLF1,TLJ3,2025,1094
TLF1,TLJ4,2025,1256
TLF1,TLK3,2025,603
TLF1,TLK4,2025,966
TLF1,TLK5,2025,1052
TLF1,TLK6,2025,905
TLF1,TLK7,2025,951
TLF1,TLL3,2025,577
TLF1,TLL4,2025,572
TLF1,TLL5,2025,688
TLF1,TLN0,2025,262
TLF2,S92000003,2025,1358
TLF2,TLC3,2025,399
TLF2,TLC4,2025,1518
TLF2,TLD1,2025,367
TLF2,TLD3,2025,2661
TLF2,TLD4,2025,1115
TLF2,TLD6,2025,722
TLF2,TLD7,2025,1307
TLF2,TLE1,2025,790
TLF2,TLE2,2025,1142
TLF2,TLE3,2025,1881
TLF2,TLE4,2025,2011
TLF2,TLF1,2025,9034
TLF2,TLF3,2025,3319
TLF2,TLG1,2025,4461
TLF2,TLG2,2025,2286
TLF2,TLG3,2025,6706
TLF2,TLH2,2025,3452
TLF2,TLH3,2025,1544
TLF2,TLH4,2025,2843
TLF2,TLH5,2025,1537
TLF2,TLH6,2025,790
TLF2,TLI3,2025,1521
TLF2,TLI4,2025,3223
TLF2,TLI5,2025,2055
TLF2,TLI6,2025,1216
TLF2,TLI7,2025,2852
TLF2,TLJ1,2025,6134
TLF2,TLJ2,2025,2423
TLF2,TLJ3,2025,1643
TLF2,TLJ4,2025,1289
TLF2,TLK3,2025,642
TLF2,TLK4,2025,1160
TLF2,TLK5,2025,1119
TLF2,TLK6,2025,1208
TLF2,TLK7,2025,1183
TLF2,TLL3,2025,456
TLF2,TLL4,2025,701
TLF2,TLL5,2025,711
TLF2,TLN0,2025,247
TLF3,S92000003,2025,535
TLF3,TLC3,2025,177
TLF3,TLC4,2025,873
TLF3,TLD1,2025,137
TLF3,TLD3,2025,803
TLF3,TLD4,2025,406
TLF3,TLD6,2025,246
TLF3,TLD7,2025,343
TLF3,TLE1,2025,2795
TLF3,TLE2,2025,819
TLF3,TLE3,2025,1703
TLF3,TLE4,2025,1489
TLF3,TLF1,2025,4476
TLF3,TLF2,2025,2415
TLF3,TLG1,2025,392
TLF3,TLG2,2025,486
TLF3,TLG3,2025,787
TLF3,TLH2,2025,699
TLF3,TLH3,2025,502
TLF3,TLH4,2025,2521
TLF3,TLH5,2025,1354
TLF3,TLH6,2025,411
TLF3,TLI3,2025,279
TLF3,TLI4,2025,561
TLF3,TLI5,2025,333
TLF3,TLI6,2025,161
TLF3,TLI7,2025,436
TLF3,TLJ1,2025,728
TLF3,TLJ2,2025,650
TLF3,TLJ3,2025,454
TLF3,TLJ4,2025,339
TLF3,TLK3,2025,190
TLF3,TLK4,2025,270
TLF3,TLK5,2025,221
TLF3,TLK6,2025,317
TLF3,TLK7,2025,299
TLF3,TLL3,2025,156
TLF3,TLL4,2025,127
TLF3,TLL5,2025,133
TLF3,TLN0,2025,69
TLG1,S92000003,2025,840
TLG1,TLC3,2025,136
TLG1,TLC4,2025,711
TLG1,TLD1,2025,196
TLG1,TLD3,2025,1417
TLG1,TLD4,2025,621
TLG1,TLD6,2025,426
TLG1,TLD7,2025,914
TLG1,TLE1,2025,288
TLG1,TLE2,2025,619
TLG1,TLE3,2025,674
TLG1,TLE4,2025,808
TLG1,TLF1,2025,2283
TLG1,TLF2,2025,4234
TLG1,TLF3,2025,504
TLG1,TLG2,2025,3444
TLG1,TLG3,2025,10716
TLG1,TLH2,2025,697
TLG1,TLH3,2025,392
TLG1,TLH4,2025,622
TLG1,TLH5,2025,440
TLG1,TLH6,2025,261
TLG1,TLI3,2025,1032
TLG1,TLI4,2025,1325
TLG1,TLI5,2025,481
TLG1,TLI6,2025,388
TLG1,TLI7,2025,970
TLG1,TLJ1,2025,2517
TLG1,TLJ2,2025,1168
TLG1,TLJ3,2025,930
TLG1,TLJ4,2025,462
TLG1,TLK3,2025,769
TLG1,TLK4,2025,1455
TLG1,TLK5,2025,1558
TLG1,TLK6,2025,1142
TLG1,TLK7,2025,3237
TLG1,TLL3,2025,392
TLG1,TLL4,2025,1353
TLG1,TLL5,2025,1394
TLG1,TLN0,2025,154
TLG2,S92000003,2025,934
TLG2,TLC3,2025,193
TLG2,TLC4,2025,920
TLG2,TLD1,2025,342
TLG2,TLD3,2025,3185
TLG2,TLD4,2025,1354
TLG2,TLD6,2025,3411
TLG2,TLD7,2025,1999
TLG2,TLE1,2025,429
TLG2,TLE2,2025,761
TLG2,TLE3,2025,961
TLG2,TLE4,2025,1267
TLG2,TLF1,2025,5476
TLG2,TLF2,2025,2211
TLG2,TLF3,2025,619
TLG2,TLG1,2025,3559
TLG2,TLG3,2025,8761
TLG2,TLH2,2025,606
TLG2,TLH3,2025,453
TLG2,TLH4,2025,596
TLG2,TLH5,2025,422
TLG2,TLH6,2025,306
TLG2,TLI3,2025,580
TLG2,TLI4,2025,1008
TLG2,TLI5,2025,486
TLG2,TLI6,2025,328
TLG2,TLI7,2025,739
TLG2,TLJ1,2025,1367
TLG2,TLJ2,2025,909
TLG2,TLJ3,2025,743
TLG2,TLJ4,2025,454
TLG2,TLK3,2025,538
TLG2,TLK4,2025,944
TLG2,TLK5,2025,718
TLG2,TLK6,2025,780
TLG2,TLK7,2025,1035
TLG2,TLL3,2025,1455
TLG2,TLL4,2025,1490
TLG2,TLL5,2025,699
TLG2,TLN0,2025,229
TLG3,S92000003,2025,2084
TLG3,TLC3,2025,575
TLG3,TLC4,2025,1558
TLG3,TLD1,2025,488
TLG3,TLD3,2025,5393
TLG3,TLD4,2025,2014
TLG3,TLD6,2025,1408
TLG3,TLD7,2025,2557
TLG3,TLE1,2025,919
TLG3,TLE2,2025,946
TLG3,TLE3,2025,2074
TLG3,TLE4,2025,3444
TLG3,TLF1,2025,6817
TLG3,TLF2,2025,7654
TLG3,TLF3,2025,1191
TLG3,TLG1,2025,24975
TLG3,TLG2,2025,19671
TLG3,TLH2,2025,2799
TLG3,TLH3,2025,1623
TLG3,TLH4,2025,1789
TLG3,TLH5,2025,886
TLG3,TLH6,2025,706
TLG3,TLI3,2025,2434
TLG3,TLI4,2025,5623
TLG3,TLI5,2025,3735
TLG3,TLI6,2025,2011
TLG3,TLI7,2025,5194
TLG3,TLJ1,2025,5564
TLG3,TLJ2,2025,3053
TLG3,TLJ3,2025,1780
TLG3,TLJ4,2025,1640
TLG3,TLK3,2025,932
TLG3,TLK4,2025,1871
TLG3,TLK5,2025,2181
TLG3,TLK6,2025,1836
TLG3,TLK7,2025,2255
TLG3,TLL3,2025,1033
TLG3,TLL4,2025,1364
TLG3,TLL5,2025,1747
TLG3,TLN0,2025,447
TLH2,S92000003,2025,1283
TLH2,TLC3,2025,441
TLH2,TLC4,2025,1541
TLH2,TLD1,2025,266
TLH2,TLD3,2025,2136
TLH2,TLD4,2025,925
TLH2,TLD6,2025,534
TLH2,TLD7,2025,1139
TLH2,TLE1,2025,491
TLH2,TLE2,2025,1005
TLH2,TLE3,2025,1256
TLH2,TLE4,2025,2061
TLH2,TLF1,2025,3319
TLH2,TLF2,2025,6152
TLH2,TLF3,2025,1459
TLH2,TLG1,2025,1185
TLH2,TLG2,2025,1104
TLH2,TLG3,2025,3487
TLH2,TLH3,2025,5760
TLH2,TLH4,2025,5781
TLH2,TLH5,2025,2470
TLH2,TLH6,2025,1366
TLH2,TLI3,2025,2452
TLH2,TLI4,2025,5083
TLH2,TLI5,2025,3987
TLH2,TLI6,2025,1357
TLH2,TLI7,2025,7188
TLH2,TLJ1,2025,9925
TLH2,TLJ2,2025,4107
TLH2,TLJ3,2025,2268
TLH2,TLJ4,2025,2020
TLH2,TLK3,2025,706
TLH2,TLK4,2025,1467
TLH2,TLK5,2025,1647
TLH2,TLK6,2025,1772
TLH2,TLK7,2025,1072
TLH2,TLL3,2025,332
TLH2,TLL4,2025,584
TLH2,TLL5,2025,803
TLH2,TLN0,2025,303
TLH3,S92000003,2025,1043
TLH3,TLC3,2025,314
TLH3,TLC4,2025,1100
TLH3,TLD1,2025,327
TLH3,TLD3,2025,1170
TLH3,TLD4,2025,723
TLH3,TLD6,2025,343
TLH3,TLD7,2025,634
TLH3,TLE1,2025,492
TLH3,TLE2,2025,768
TLH3,TLE3,2025,858
TLH3,TLE4,2025,1056
TLH3,TLF1,2025,1939
TLH3,TLF2,2025,1954
TLH3,TLF3,2025,1050
TLH3,TLG1,2025,592
TLH3,TLG2,2025,736
TLH3,TLG3,2025,1703
TLH3,TLH2,2025,5007
TLH3,TLH4,2025,2430
TLH3,TLH5,2025,3336
TLH3,TLH6,2025,6297
TLH3,TLI3,2025,1476
TLH3,TLI4,2025,4917
TLH3,TLI5,2025,7333
TLH3,TLI6,2025,1198
TLH3,TLI7,2025,2164
TLH3,TLJ1,2025,2266
TLH3,TLJ2,2025,3141
TLH3,TLJ3,2025,1697
TLH3,TLJ4,2025,3220
TLH3,TLK3,2025,662
TLH3,TLK4,2025,1144
TLH3,TLK5,2025,1025
TLH3,TLK6,2025,1083
TLH3,TLK7,2025,850
TLH3,TLL3,2025,219
TLH3,TLL4,2025,441
TLH3,TLL5,2025,520
TLH3,TLN0,2025,203
TLH4,S92000003,2025,999
TLH4,TLC3,2025,175
TLH4,TLC4,2025,1048
TLH4,TLD1,2025,190
TLH4,TLD3,2025,1215
TLH4,TLD4,2025,430
TLH4,TLD6,2025,338
TLH4,TLD7,2025,513
TLH4,TLE1,2025,379
TLH4,TLE2,2025,828
TLH4,TLE3,2025,882
TLH4,TLE4,2025,1197
TLH4,TLF1,2025,1837
TLH4,TLF2,2025,2961
TLH4,TLF3,2025,4304
TLH4,TLG1,2025,532
TLH4,TLG2,2025,559
TLH4,TLG3,2025,1370
TLH4,TLH2,2025,3014
TLH4,TLH3,2025,1757
TLH4,TLH5,2025,3478
TLH4,TLH6,2025,3013
TLH4,TLI3,2025,1919
TLH4,TLI4,2025,3133
TLH4,TLI5,2025,1053
TLH4,TLI6,2025,703
TLH4,TLI7,2025,1495
TLH4,TLJ1,2025,2189
TLH4,TLJ2,2025,1641
TLH4,TLJ3,2025,770
TLH4,TLJ4,2025,760
TLH4,TLK3,2025,303
TLH4,TLK4,2025,594
TLH4,TLK5,2025,866
TLH4,TLK6,2025,514
TLH4,TLK7,2025,550
TLH4,TLL3,2025,188
TLH4,TLL4,2025,233
TLH4,TLL5,2025,376
TLH4,TLN0,2025,182
TLH5,S92000003,2025,572
TLH5,TLC3,2025,99
TLH5,TLC4,2025,485
TLH5,TLD1,2025,145
TLH5,TLD3,2025,642
TLH5,TLD4,2025,276
TLH5,TLD6,2025,165
TLH5,TLD7,2025,332
TLH5,TLE1,2025,319
TLH5,TLE2,2025,465
TLH5,TLE3,2025,491
TLH5,TLE4,2025,590
TLH5,TLF1,2025,1040
TLH5,TLF2,2025,999
TLH5,TLF3,2025,1291
TLH5,TLG1,2025,377
TLH5,TLG2,2025,397
TLH5,TLG3,2025,680
TLH5,TLH2,2025,1089
TLH5,TLH3,2025,1781
TLH5,TLH4,2025,2731
TLH5,TLH6,2025,4931
TLH5,TLI3,2025,662
TLH5,TLI4,2025,1239
TLH5,TLI5,2025,807
TLH5,TLI6,2025,418
TLH5,TLI7,2025,700
TLH5,TLJ1,2025,999
TLH5,TLJ2,2025,1082
TLH5,TLJ3,2025,481
TLH5,TLJ4,2025,663
TLH5,TLK3,2025,195
TLH5,TLK4,2025,395
TLH5,TLK5,2025,354
TLH5,TLK6,2025,358
TLH5,TLK7,2025,337
TLH5,TLL3,2025,120
TLH5,TLL4,2025,149
TLH5,TLL5,2025,181
TLH5,TLN0,2025,86
TLH6,S92000003,2025,409
TLH6,TLC3,2025,86
TLH6,TLC4,2025,482
TLH6,TLD1,2025,102
TLH6,TLD3,2025,439
TLH6,TLD4,2025,222
TLH6,TLD6,2025,102
TLH6,TLD7,2025,244
TLH6,TLE1,2025,168
TLH6,TLE2,2025,439
TLH6,TLE3,2025,303
TLH6,TLE4,2025,443
TLH6,TLF1,2025,698
TLH6,TLF2,2025,630
TLH6,TLF3,2025,482
TLH6,TLG1,2025,259
TLH6,TLG2,2025,267
TLH6,TLG3,2025,465
TLH6,TLH2,2025,616
TLH6,TLH3,2025,3437
TLH6,TLH4,2025,2569
TLH6,TLH5,2025,5554
TLH6,TLI3,2025,495
TLH6,TLI4,2025,1039
TLH6,TLI5,2025,488
TLH6,TLI6,2025,292
TLH6,TLI7,2025,409
TLH6,TLJ1,2025,795
TLH6,TLJ2,2025,868
TLH6,TLJ3,2025,516
TLH6,TLJ4,2025,571
TLH6,TLK3,2025,193
TLH6,TLK4,2025,396
TLH6,TLK5,2025,381
TLH6,TLK6,2025,357
TLH6,TLK7,2025,356
TLH6,TLL3,2025,91
TLH6,TLL4,2025,145
TLH6,TLL5,2025,192
TLH6,TLN0,2025,93
TLI3,S92000003,2025,1500
TLI3,TLC3,2025,173
TLI3,TLC4,2025,1172
TLI3,TLD1,2025,184
TLI3,TLD3,2025,1825
TLI3,TLD4,2025,361
TLI3,TLD6,2025,387
TLI3,TLD7,2025,682
TLI3,TLE1,2025,195
TLI3,TLE2,2025,732
TLI3,TLE3,2025,543
TLI3,TLE4,2025,1051
TLI3,TLF1,2025,1043
TLI3,TLF2,2025,1245
TLI3,TLF3,2025,290
TLI3,TLG1,2025,722
TLI3,TLG2,2025,560
TLI3,TLG3,2025,1636
TLI3,TLH2,2025,3587
TLI3,TLH3,2025,1710
TLI3,TLH4,2025,1681
TLI3,TLH5,2025,511
TLI3,TLH6,2025,592
TLI3,TLI4,2025,31098
TLI3,TLI5,2025,5966
TLI3,TLI6,2025,11295
TLI3,TLI7,2025,23541
TLI3,TLJ1,2025,6238
TLI3,TLJ2,2025,8169
TLI3,TLJ3,2025,2185
TLI3,TLJ4,2025,2471
TLI3,TLK3,2025,398
TLI3,TLK4,2025,1052
TLI3,TLK5,2025,2004
TLI3,TLK6,2025,1407
TLI3,TLK7,2025,1459
TLI3,TLL3,2025,119
TLI3,TLL4,2025,265
TLI3,TLL5,2025,580
TLI3,TLN0,2025,279
TLI4,S92000003,2025,2825
TLI4,TLC3,2025,498
TLI4,TLC4,2025,2063
TLI4,TLD1,2025,316
TLI4,TLD3,2025,4244
TLI4,TLD4,2025,1130
TLI4,TLD6,2025,698
TLI4,TLD7,2025,1628
TLI4,TLE1,2025,615
TLI4,TLE2,2025,1100
TLI4,TLE3,2025,1540
TLI4,TLE4,2025,2633
TLI4,TLF1,2025,2582
TLI4,TLF2,2025,3483
TLI4,TLF3,2025,668
TLI4,TLG1,2025,1265
TLI4,TLG2,2025,1169
TLI4,TLG3,2025,4964
TLI4,TLH2,2025,8446
TLI4,TLH3,2025,10742
TLI4,TLH4,2025,3054
TLI4,TLH5,2025,1534
TLI4,TLH6,2025,1366
TLI4,TLI3,2025,28112
TLI4,TLI5,2025,55489
TLI4,TLI6,2025,23515
TLI4,TLI7,2025,22539
TLI4,TLJ1,2025,7974
TLI4,TLJ2,2025,11279
TLI4,TLJ3,2025,3319
TLI4,TLJ4,2025,10106
TLI4,TLK3,2025,770
TLI4,TLK4,2025,1758
TLI4,TLK5,2025,3501
TLI4,TLK6,2025,2261
TLI4,TLK7,2025,1944
TLI4,TLL3,2025,264
TLI4,TLL4,2025,614
TLI4,TLL5,2025,1227
TLI4,TLN0,2025,552
TLI5,S92000003,2025,1293
TLI5,TLC3,2025,470
TLI5,TLC4,2025,1167
TLI5,TLD1,2025,177
TLI5,TLD3,2025,2523
TLI5,TLD4,2025,926
TLI5,TLD6,2025,398
TLI5,TLD7,2025,958
TLI5,TLE1,2025,430
TLI5,TLE2,2025,544
TLI5,TLE3,2025,1098
TLI5,TLE4,2025,1715
TLI5,TLF1,2025,2345
TLI5,TLF2,2025,3119
TLI5,TLF3,2025,725
TLI5,TLG1,2025,794
TLI5,TLG2,2025,1018
TLI5,TLG3,2025,4429
TLI5,TLH2,2025,9067
TLI5,TLH3,2025,24405
TLI5,TLH4,2025,2025
TLI5,TLH5,2025,1474
TLI5,TLH6,2025,1480
TLI5,TLI3,2025,4234
TLI5,TLI4,2025,31154
TLI5,TLI6,2025,6928
TLI5,TLI7,2025,10544
TLI5,TLJ1,2025,4226
TLI5,TLJ2,2025,5220
TLI5,TLJ3,2025,1999
TLI5,TLJ4,2025,14271
TLI5,TLK3,2025,368
TLI5,TLK4,2025,945
TLI5,TLK5,2025,1251
TLI5,TLK6,2025,1249
TLI5,TLK7,2025,934
TLI5,TLL3,2025,170
TLI5,TLL4,2025,405
TLI5,TLL5,2025,647
TLI5,TLN0,2025,320
TLI6,S92000003,2025,1016
TLI6,TLC3,2025,262
TLI6,TLC4,2025,956
TLI6,TLD1,2025,123
TLI6,TLD3,2025,1509
TLI6,TLD4,2025,416
TLI6,TLD6,2025,312
TLI6,TLD7,2025,790
TLI6,TLE1,2025,202
TLI6,TLE2,2025,566
TLI6,TLE3,2025,598
TLI6,TLE4,2025,1040
TLI6,TLF1,2025,1552
TLI6,TLF2,2025,1740
TLI6,TLF3,2025,364
TLI6,TLG1,2025,673
TLI6,TLG2,2025,634
TLI6,TLG3,2025,2239
TLI6,TLH2,2025,1917
TLI6,TLH3,2025,1888
TLI6,TLH4,2025,1047
TLI6,TLH5,2025,649
TLI6,TLH6,2025,475
TLI6,TLI3,2025,7314
TLI6,TLI4,2025,13614
TLI6,TLI5,2025,5419
TLI6,TLI7,2025,5809
TLI6,TLJ1,2025,3298
TLI6,TLJ2,2025,20401
TLI6,TLJ3,2025,3034
TLI6,TLJ4,2025,7776
TLI6,TLK3,2025,414
TLI6,TLK4,2025,1138
TLI6,TLK5,2025,1433
TLI6,TLK6,2025,1471
TLI6,TLK7,2025,980
TLI6,TLL3,2025,150
TLI6,TLL4,2025,344
TLI6,TLL5,2025,594
TLI6,TLN0,2025,198
TLI7,S92000003,2025,1941
TLI7,TLC3,2025,453
TLI7,TLC4,2025,1821
TLI7,TLD1,2025,208
TLI7,TLD3,2025,3196
TLI7,TLD4,2025,967
TLI7,TLD6,2025,548
TLI7,TLD7,2025,1315
TLI7,TLE1,2025,413
TLI7,TLE2,2025,796
TLI7,TLE3,2025,1176
TLI7,TLE4,2025,2302
TLI7,TLF1,2025,2849
TLI7,TLF2,2025,4370
TLI7,TLF3,2025,723
TLI7,TLG1,2025,1383
TLI7,TLG2,2025,1087
TLI7,TLG3,2025,6191
TLI7,TLH2,2025,17804
TLI7,TLH3,2025,3164
TLI7,TLH4,2025,2084
TLI7,TLH5,2025,1075
TLI7,TLH6,2025,738
TLI7,TLI3,2025,16431
TLI7,TLI4,2025,17566
TLI7,TLI5,2025,11063
TLI7,TLI6,2025,7730
TLI7,TLJ1,2025,20372
TLI7,TLJ2,2025,14502
TLI7,TLJ3,2025,4352
TLI7,TLJ4,2025,3356
TLI7,TLK3,2025,517
TLI7,TLK4,2025,1498
TLI7,TLK5,2025,2633
TLI7,TLK6,2025,2370
TLI7,TLK7,2025,2087
TLI7,TLL3,2025,196
TLI7,TLL4,2025,590
TLI7,TLL5,2025,1090
TLI7,TLN0,2025,347
TLJ1,S92000003,2025,2439
TLJ1,TLC3,2025,430
TLJ1,TLC4,2025,2160
TLJ1,TLD1,2025,443
TLJ1,TLD3,2025,2979
TLJ1,TLD4,2025,1242
TLJ1,TLD6,2025,930
TLJ1,TLD7,2025,1469
TLJ1,TLE1,2025,579
TLJ1,TLE2,2025,1407
TLJ1,TLE3,2025,1438
TLJ1,TLE4,2025,2143
TLJ1,TLF1,2025,3589
TLJ1,TLF2,2025,8340
TLJ1,TLF3,2025,1209
TLJ1,TLG1,2025,3503
TLJ1,TLG2,2025,1784
TLJ1,TLG3,2025,5332
TLJ1,TLH2,2025,7330
TLJ1,TLH3,2025,2078
TLJ1,TLH4,2025,2511
TLJ1,TLH5,2025,1475
TLJ1,TLH6,2025,885
TLJ1,TLI3,2025,5678
TLJ1,TLI4,2025,6877
TLJ1,TLI5,2025,2701
TLJ1,TLI6,2025,2182
TLJ1,TLI7,2025,8530
TLJ1,TLJ2,2025,9322
TLJ1,TLJ3,2025,9096
TLJ1,TLJ4,2025,2361
TLJ1,TLK3,2025,1337
TLJ1,TLK4,2025,3434
TLJ1,TLK5,2025,4358
TLJ1,TLK6,2025,4316
TLJ1,TLK7,2025,6238
TLJ1,TLL3,2025,472
TLJ1,TLL4,2025,1468
TLJ1,TLL5,2025,2057
TLJ1,TLN0,2025,414
TLJ2,S92000003,2025,2260
TLJ2,TLC3,2025,422
TLJ2,TLC4,2025,2097
TLJ2,TLD1,2025,476
TLJ2,TLD3,2025,2571
TLJ2,TLD4,2025,1051
TLJ2,TLD6,2025,676
TLJ2,TLD7,2025,1250
TLJ2,TLE1,2025,495
TLJ2,TLE2,2025,1322
TLJ2,TLE3,2025,1282
TLJ2,TLE4,2025,2027
TLJ2,TLF1,2025,2839
TLJ2,TLF2,2025,2696
TLJ2,TLF3,2025,900
TLJ2,TLG1,2025,1555
TLJ2,TLG2,2025,1175
TLJ2,TLG3,2025,2927
TLJ2,TLH2,2025,2977
TLJ2,TLH3,2025,2677
TLJ2,TLH4,2025,1885
TLJ2,TLH5,2025,1499
TLJ2,TLH6,2025,1021
TLJ2,TLI3,2025,5737
TLJ2,TLI4,2025,7980
TLJ2,TLI5,2025,3061
TLJ2,TLI6,2025,8838
TLJ2,TLI7,2025,7457
TLJ2,TLJ1,2025,9917
TLJ2,TLJ3,2025,15755
TLJ2,TLJ4,2025,7565
TLJ2,TLK3,2025,1544
TLJ2,TLK4,2025,3536
TLJ2,TLK5,2025,4304
TLJ2,TLK6,2025,4616
TLJ2,TLK7,2025,2837
TLJ2,TLL3,2025,427
TLJ2,TLL4,2025,1203
TLJ2,TLL5,2025,1772
TLJ2,TLN0,2025,412
TLJ3,S92000003,2025,1450
TLJ3,TLC3,2025,278
TLJ3,TLC4,2025,1129
TLJ3,TLD1,2025,296
TLJ3,TLD3,2025,1356
TLJ3,TLD4,2025,560
TLJ3,TLD6,2025,430
TLJ3,TLD7,2025,727
TLJ3,TLE1,2025,389
TLJ3,TLE2,2025,641
TLJ3,TLE3,2025,668
TLJ3,TLE4,2025,862
TLJ3,TLF1,2025,1353
TLJ3,TLF2,2025,1548
TLJ3,TLF3,2025,611
TLJ3,TLG1,2025,1113
TLJ3,TLG2,2025,875
TLJ3,TLG3,2025,1742
TLJ3,TLH2,2025,1728
TLJ3,TLH3,2025,1440
TLJ3,TLH4,2025,831
TLJ3,TLH5,2025,668
TLJ3,TLH6,2025,591
TLJ3,TLI3,2025,1960
TLJ3,TLI4,2025,3077
TLJ3,TLI5,2025,1501
TLJ3,TLI6,2025,1957
TLJ3,TLI7,2025,2485
TLJ3,TLJ1,2025,7739
TLJ3,TLJ2,2025,13214
TLJ3,TLJ4,2025,1983
TLJ3,TLK3,2025,1199
TLJ3,TLK4,2025,2751
TLJ3,TLK5,2025,2803
TLJ3,TLK6,2025,7000
TLJ3,TLK7,2025,4505
TLJ3,TLL3,2025,277
TLJ3,TLL4,2025,909
TLJ3,TLL5,2025,1508
TLJ3,TLN0,2025,264
TLJ4,S92000003,2025,1191
TLJ4,TLC3,2025,378
TLJ4,TLC4,2025,1285
TLJ4,TLD1,2025,230
TLJ4,TLD3,2025,1280
TLJ4,TLD4,2025,729
TLJ4,TLD6,2025,351
TLJ4,TLD7,2025,619
TLJ4,TLE1,2025,483
TLJ4,TLE2,2025,716
TLJ4,TLE3,2025,692
TLJ4,TLE4,2025,1054
TLJ4,TLF1,2025,1750
TLJ4,TLF2,2025,1663
TLJ4,TLF3,2025,832
TLJ4,TLG1,2025,742
TLJ4,TLG2,2025,750
TLJ4,TLG3,2025,1716
TLJ4,TLH2,2025,1579
TLJ4,TLH3,2025,3201
TLJ4,TLH4,2025,1079
TLJ4,TLH5,2025,1303
TLJ4,TLH6,2025,961
TLJ4,TLI3,2025,2015
TLJ4,TLI4,2025,5040
TLJ4,TLI5,2025,5797
TLJ4,TLI6,2025,3437
TLJ4,TLI7,2025,2190
TLJ4,TLJ1,2025,2545
TLJ4,TLJ2,2025,8658
TLJ4,TLJ3,2025,2356
TLJ4,TLK3,2025,650
TLJ4,TLK4,2025,1430
TLJ4,TLK5,2025,1280
TLJ4,TLK6,2025,1468
TLJ4,TLK7,2025,1095
TLJ4,TLL3,2025,243
TLJ4,TLL4,2025,611
TLJ4,TLL5,2025,638
TLJ4,TLN0,2025,196
TLK3,S92000003,2025,387
TLK3,TLC3,2025,73
TLK3,TLC4,2025,217
TLK3,TLD1,2025,129
TLK3,TLD3,2025,354
TLK3,TLD4,2025,217
TLK3,TLD6,2025,197
TLK3,TLD7,2025,277
TLK3,TLE1,2025,147
TLK3,TLE2,2025,210
TLK3,TLE3,2025,178
TLK3,TLE4,2025,227
TLK3,TLF1,2025,391
TLK3,TLF2,2025,391
TLK3,TLF3,2025,180
TLK3,TLG1,2025,521
TLK3,TLG2,2025,354
TLK3,TLG3,2025,382
TLK3,TLH2,2025,306
TLK3,TLH3,2025,379
TLK3,TLH4,2025,239
TLK3,TLH5,2025,214
TLK3,TLH6,2025,170
TLK3,TLI3,2025,400
TLK3,TLI4,2025,632
TLK3,TLI5,2025,235
TLK3,TLI6,2025,286
TLK3,TLI7,2025,380
TLK3,TLJ1,2025,805
TLK3,TLJ2,2025,1019
TLK3,TLJ3,2025,762
TLK3,TLJ4,2025,340
TLK3,TLK4,2025,4838
TLK3,TLK5,2025,1349
TLK3,TLK6,2025,1259
TLK3,TLK7,2025,816
TLK3,TLL3,2025,97
TLK3,TLL4,2025,317
TLK3,TLL5,2025,669
TLK3,TLN0,2025,89
TLK4,S92000003,2025,912
TLK4,TLC3,2025,153
TLK4,TLC4,2025,587
TLK4,TLD1,2025,204
TLK4,TLD3,2025,1039
TLK4,TLD4,2025,407
TLK4,TLD6,2025,306
TLK4,TLD7,2025,486
TLK4,TLE1,2025,206
TLK4,TLE2,2025,355
TLK4,TLE3,2025,427
TLK4,TLE4,2025,584
TLK4,TLF1,2025,750
TLK4,TLF2,2025,907
TLK4,TLF3,2025,252
TLK4,TLG1,2025,1108
TLK4,TLG2,2025,656
TLK4,TLG3,2025,1354
TLK4,TLH2,2025,900
TLK4,TLH3,2025,831
TLK4,TLH4,2025,494
TLK4,TLH5,2025,344
TLK4,TLH6,2025,340
TLK4,TLI3,2025,1610
TLK4,TLI4,2025,1862
TLK4,TLI5,2025,670
TLK4,TLI6,2025,782
TLK4,TLI7,2025,1251
TLK4,TLJ1,2025,2527
TLK4,TLJ2,2025,2740
TLK4,TLJ3,2025,2025
TLK4,TLJ4,2025,893
TLK4,TLK3,2025,4966
TLK4,TLK5,2025,3830
TLK4,TLK6,2025,5110
TLK4,TLK7,2025,2212
TLK4,TLL3,2025,200
TLK4,TLL4,2025,671
TLK4,TLL5,2025,1811
TLK4,TLN0,2025,207
TLK5,S92000003,2025,922
TLK5,TLC3,2025,125
TLK5,TLC4,2025,630
TLK5,TLD1,2025,187
TLK5,TLD3,2025,1494
TLK5,TLD4,2025,443
TLK5,TLD6,2025,412
TLK5,TLD7,2025,680
TLK5,TLE1,2025,161
TLK5,TLE2,2025,469
TLK5,TLE3,2025,591
TLK5,TLE4,2025,869
TLK5,TLF1,2025,957
TLK5,TLF2,2025,926
TLK5,TLF3,2025,182
TLK5,TLG1,2025,1457
TLK5,TLG2,2025,640
TLK5,TLG3,2025,1703
TLK5,TLH2,2025,1063
TLK5,TLH3,2025,773
TLK5,TLH4,2025,824
TLK5,TLH5,2025,381
TLK5,TLH6,2025,340
TLK5,TLI3,2025,2425
TLK5,TLI4,2025,3628
TLK5,TLI5,2025,1010
TLK5,TLI6,2025,1169
TLK5,TLI7,2025,2407
TLK5,TLJ1,2025,3592
TLK5,TLJ2,2025,3278
TLK5,TLJ3,2025,2077
TLK5,TLJ4,2025,992
TLK5,TLK3,2025,1591
TLK5,TLK4,2025,3716
TLK5,TLK6,2025,9992
TLK5,TLK7,2025,7707
TLK5,TLL3,2025,247
TLK5,TLL4,2025,1511
TLK5,TLL5,2025,4842
TLK5,TLN0,2025,219
TLK6,S92000003,2025,1009
TLK6,TLC3,2025,158
TLK6,TLC4,2025,783
TLK6,TLD1,2025,199
TLK6,TLD3,2025,1034
TLK6,TLD4,2025,494
TLK6,TLD6,2025,324
TLK6,TLD7,2025,551
TLK6,TLE1,2025,229
TLK6,TLE2,2025,493
TLK6,TLE3,2025,386
TLK6,TLE4,2025,568
TLK6,TLF1,2025,869
TLK6,TLF2,2025,939
TLK6,TLF3,2025,375
TLK6,TLG1,2025,1048
TLK6,TLG2,2025,711
TLK6,TLG3,2025,1285
TLK6,TLH2,2025,1092
TLK6,TLH3,2025,832
TLK6,TLH4,2025,535
TLK6,TLH5,2025,412
TLK6,TLH6,2025,371
TLK6,TLI3,2025,1382
TLK6,TLI4,2025,2032
TLK6,TLI5,2025,724
TLK6,TLI6,2025,788
TLK6,TLI7,2025,1454
TLK6,TLJ1,2025,3315
TLK6,TLJ2,2025,3765
TLK6,TLJ3,2025,6448
TLK6,TLJ4,2025,1083
TLK6,TLK3,2025,1466
TLK6,TLK4,2025,5478
TLK6,TLK5,2025,6430
TLK6,TLK7,2025,4388
TLK6,TLL3,2025,222
TLK6,TLL4,2025,829
TLK6,TLL5,2025,2136
TLK6,TLN0,2025,198
TLK7,S92000003,2025,1128
TLK7,TLC3,2025,267
TLK7,TLC4,2025,785
TLK7,TLD1,2025,234
TLK7,TLD3,2025,1109
TLK7,TLD4,2025,630
TLK7,TLD6,2025,348
TLK7,TLD7,2025,577
TLK7,TLE1,2025,290
TLK7,TLE2,2025,680
TLK7,TLE3,2025,530
TLK7,TLE4,2025,762
TLK7,TLF1,2025,1034
TLK7,TLF2,2025,1156
TLK7,TLF3,2025,476
TLK7,TLG1,2025,4017
TLK7,TLG2,2025,1147
TLK7,TLG3,2025,1766
TLK7,TLH2,2025,720
TLK7,TLH3,2025,582
TLK7,TLH4,2025,513
TLK7,TLH5,2025,349
TLK7,TLH6,2025,327
TLK7,TLI3,2025,1306
TLK7,TLI4,2025,1633
TLK7,TLI5,2025,569
TLK7,TLI6,2025,480
TLK7,TLI7,2025,1056
TLK7,TLJ1,2025,4632
TLK7,TLJ2,2025,2243
TLK7,TLJ3,2025,3718
TLK7,TLJ4,2025,726
TLK7,TLK3,2025,1128
TLK7,TLK4,2025,2588
TLK7,TLK5,2025,5570
TLK7,TLK6,2025,4366
TLK7,TLL3,2025,276
TLK7,TLL4,2025,1286
TLK7,TLL5,2025,2697
TLK7,TLN0,2025,243
TLL3,S92000003,2025,461
TLL3,TLC3,2025,46
TLL3,TLC4,2025,297
TLL3,TLD1,2025,142
TLL3,TLD3,2025,1887
TLL3,TLD4,2025,709
TLL3,TLD6,2025,2736
TLL3,TLD7,2025,2321
TLL3,TLE1,2025,132
TLL3,TLE2,2025,289
TLL3,TLE3,2025,261
TLL3,TLE4,2025,406
TLL3,TLF1,2025,433
TLL3,TLF2,2025,353
TLL3,TLF3,2025,126
TLL3,TLG1,2025,295
TLL3,TLG2,2025,1292
TLL3,TLG3,2025,508
TLL3,TLH2,2025,157
TLL3,TLH3,2025,161
TLL3,TLH4,2025,132
TLL3,TLH5,2025,125
TLL3,TLH6,2025,82
TLL3,TLI3,2025,142
TLL3,TLI4,2025,265
TLL3,TLI5,2025,127
TLL3,TLI6,2025,90
TLL3,TLI7,2025,213
TLL3,TLJ1,2025,366
TLL3,TLJ2,2025,268
TLL3,TLJ3,2025,165
TLL3,TLJ4,2025,131
TLL3,TLK3,2025,121
TLL3,TLK4,2025,225
TLL3,TLK5,2025,222
TLL3,TLK6,2025,189
TLL3,TLK7,2025,232
TLL3,TLL4,2025,838
TLL3,TLL5,2025,896
TLL3,TLN0,2025,76
TLL4,S92000003,2025,569
TLL4,TLC3,2025,92
TLL4,TLC4,2025,266
TLL4,TLD1,2025,106
TLL4,TLD3,2025,730
TLL4,TLD4,2025,294
TLL4,TLD6,2025,342
TLL4,TLD7,2025,490
TLL4,TLE1,2025,110
TLL4,TLE2,2025,187
TLL4,TLE3,2025,269
TLL4,TLE4,2025,399
TLL4,TLF1,2025,497
TLL4,TLF2,2025,535
TLL4,TLF3,2025,206
TLL4,TLG1,2025,1182
TLL4,TLG2,2025,1451
TLL4,TLG3,2025,979
TLL4,TLH2,2025,422
TLL4,TLH3,2025,305
TLL4,TLH4,2025,207
TLL4,TLH5,2025,192
TLL4,TLH6,2025,168
TLL4,TLI3,2025,428
TLL4,TLI4,2025,634
TLL4,TLI5,2025,306
TLL4,TLI6,2025,249
TLL4,TLI7,2025,516
TLL4,TLJ1,2025,1085
TLL4,TLJ2,2025,813
TLL4,TLJ3,2025,690
TLL4,TLJ4,2025,344
TLL4,TLK3,2025,327
TLL4,TLK4,2025,776
TLL4,TLK5,2025,1637
TLL4,TLK6,2025,842
TLL4,TLK7,2025,1179
TLL4,TLL3,2025,808
TLL4,TLL5,2025,6332
TLL4,TLN0,2025,116
TLL5,S92000003,2025,813
TLL5,TLC3,2025,93
TLL5,TLC4,2025,423
TLL5,TLD1,2025,107
TLL5,TLD3,2025,1089
TLL5,TLD4,2025,362
TLL5,TLD6,2025,317
TLL5,TLD7,2025,612
TLL5,TLE1,2025,151
TLL5,TLE2,2025,237
TLL5,TLE3,2025,411
TLL5,TLE4,2025,534
TLL5,TLF1,2025,710
TLL5,TLF2,2025,719
TLL5,TLF3,2025,227
TLL5,TLG1,2025,1551
TLL5,TLG2,2025,661
TLL5,TLG3,2025,1583
TLL5,TLH2,2025,581
TLL5,TLH3,2025,409
TLL5,TLH4,2025,371
TLL5,TLH5,2025,239
TLL5,TLH6,2025,169
TLL5,TLI3,2025,943
TLL5,TLI4,2025,1434
TLL5,TLI5,2025,515
TLL5,TLI6,2025,525
TLL5,TLI7,2025,1184
TLL5,TLJ1,2025,1939
TLL5,TLJ2,2025,1456
TLL5,TLJ3,2025,1398
TLL5,TLJ4,2025,500
TLL5,TLK3,2025,751
TLL5,TLK4,2025,1832
TLL5,TLK5,2025,3878
TLL5,TLK6,2025,2015
TLL5,TLK7,2025,2793
TLL5,TLL3,2025,885
TLL5,TLL4,2025,6526
TLL5,TLN0,2025,209
TLN0,S92000003,2025,1880
TLN0,TLC3,2025,70
TLN0,TLC4,2025,783
TLN0,TLD1,2025,108
TLN0,TLD3,2025,1089
TLN0,TLD4,2025,385
TLN0,TLD6,2025,220
TLN0,TLD7,2025,1804
TLN0,TLE1,2025,59
TLN0,TLE2,2025,169
TLN0,TLE3,2025,145
TLN0,TLE4,2025,326
TLN0,TLF1,2025,335
TLN0,TLF2,2025,192
TLN0,TLF3,2025,50
TLN0,TLG1,2025,175
TLN0,TLG2,2025,281
TLN0,TLG3,2025,372
TLN0,TLH2,2025,170
TLN0,TLH3,2025,118
TLN0,TLH4,2025,166
TLN0,TLH5,2025,90
TLN0,TLH6,2025,55
TLN0,TLI3,2025,452
TLN0,TLI4,2025,844
TLN0,TLI5,2025,245
TLN0,TLI6,2025,189
TLN0,TLI7,2025,373
TLN0,TLJ1,2025,486
TLN0,TLJ2,2025,348
TLN0,TLJ3,2025,278
TLN0,TLJ4,2025,187
TLN0,TLK3,2025,79
TLN0,TLK4,2025,211
TLN0,TLK5,2025,330
TLN0,TLK6,2025,177
TLN0,TLK7,2025,159
TLN0,TLL3,2025,97
TLN0,TLL4,2025,135
TLN0,TLL5,2025,252
