itl2_code,itl2_name,year,filled_jobs,hours_worked_weekly,gva_per_hour_gbp,gva_per_hour_gbp_smoothed,gva_per_hour_real_index,gva_per_job_gbp,gva_per_job_gbp_smoothed,gva_per_job_real_index,gva_per_hour_real_2022gbp,gva_per_job_real_2022gbp
TLC3,Tees Valley,2002,273128.09375,,,,,31666.0,32700.0,78.44,,43043.16559999999
TLC4,"Northumberland, Durham and Tyne & Wear",2002,791093.875,,,,,31458.0,32634.0,84.31,,45946.4207
TLD1,Cumbria,2002,220677.6484375,,,,,32405.0,32017.0,89.21,,48679.22069999999
TLD3,Greater Manchester,2002,1215437.5859375,,,,,32727.0,33491.0,76.58,,47118.908200000005
TLD4,Lancashire,2002,649827.888671875,,,,,31425.0,33246.0,83.13,,47754.8598
TLD6,Cheshire,2002,452293.8046875,,,,,39888.0,40871.0,86.17,,60881.6901
TLD7,Merseyside,2002,623568.41015625,,,,,31838.0,33668.0,88.26,,49424.7174
TLE1,East Yorkshire and Northern Lincolnshire,2002,382906.078125,,,,,32904.0,33947.0,89.41,,52435.38859999999
TLE2,North Yorkshire,2002,391531.96875,,,,,33783.0,35125.0,93.53,,54766.491500000004
TLE3,South Yorkshire,2002,537295.7578125,,,,,29998.0,30864.0,90.23,,46824.8585
TLE4,West Yorkshire,2002,1003366.0546875,,,,,32197.0,33376.0,82.82,,47657.94079999999
TLF1,Derbyshire and Nottinghamshire,2002,892645.552734375,,,,,31987.0,33007.0,92.37,,50476.510200000004
TLF2,"Leicestershire, Rutland and Northamptonshire",2002,766860.404296875,,,,,32259.0,33255.0,90.51,,50462.9454
TLF3,Lincolnshire,2002,285930.560546875,,,,,32494.0,33119.0,97.78,,50988.3588
TLG1,"Herefordshire, Worcestershire and Warwickshire",2002,570629.744140625,,,,,34353.0,34987.0,86.14,,51224.8738
TLG2,Shropshire and Staffordshire,2002,679245.822265625,,,,,30665.0,31945.0,90.1,,47265.558999999994
TLG3,West Midlands,2002,1255807.640625,,,,,32039.0,33142.0,89.87,,50311.922099999996
TLH2,Bedfordshire and Hertfordshire,2002,799911.38671875,,,,,39718.0,40677.0,86.47,,55286.323899999996
TLH3,Essex,2002,719640.56640625,,,,,34235.0,36174.0,84.85,,52905.67199999999
TLH4,Cambridgeshire and Peterborough,2002,391523.814453125,,,,,36940.0,38396.0,86.25,,55057.6875
TLH5,Norfolk,2002,362645.5,,,,,29999.0,30553.0,87.93,,47137.51440000001
TLH6,Suffolk,2002,325294.88671875,,,,,34108.0,35417.0,82.64,,47976.652
TLI3,Inner London - West,2002,1588574.09375,,,,,54623.0,58108.0,76.9,,87010.812
TLI4,Inner London - East,2002,951118.2265625,,,,,51925.0,53520.0,94.24,,79207.7776
TLI5,Outer London - East and North East,2002,543750.2109375,,,,,41230.0,42792.0,97.53,,62171.4738
TLI6,Outer London - South,2002,489432.5703125,,,,,42267.0,43699.0,98.87,,63431.037200000006
TLI7,Outer London - West and North West,2002,847446.6484375,,,,,47362.0,48860.0,89.24,,64028.8076
TLJ1,"Berkshire, Buckinghamshire and Oxfordshire",2002,1217048.2578125,,,,,44487.0,45968.0,74.01,,57169.0245
TLJ2,"Surrey, East and West Sussex",2002,1291742.814453125,,,,,38861.0,39985.0,85.53,,58184.348399999995
TLJ3,Hampshire and Isle of Wight,2002,918388.900390625,,,,,36218.0,37802.0,76.3,,53061.308999999994
TLJ4,Kent,2002,722696.34765625,,,,,33627.0,35232.0,88.89,,53020.2183
TLK3,Cornwall and Isles of Scilly,2002,225250.00451660156,,,,,27156.0,28587.0,87.99,,44006.4387
TLK4,Devon,2002,508818.51171875,,,,,29280.0,30576.0,89.01,,45409.3416
TLK5,West of England,2002,473282.6484375,,,,,35664.0,36863.0,85.42,,55189.862
TLK6,"North Somerset, Somerset and Dorset",2002,622795.4296875,,,,,32865.0,33683.0,98.47,,53136.3814
TLK7,Gloucestershire and Wiltshire,2002,612891.47265625,,,,,37080.0,38012.0,86.08,,57655.5232
TLL3,North Wales,2002,278798.447265625,,,,,30592.0,31592.0,90.87,,47882.1291
TLL4,Mid and South West Wales,2002,349379.673828125,,,,,28456.0,29229.0,92.92,,45691.5516
TLL5,South East Wales,2002,617309.28515625,,,,,31389.0,32807.0,82.98,,46603.2276
TLM0,Eastern Scotland,2002,394470.8271484375,,,,,30038.0,31624.0,79.85,,46061.4725
TLM1,East Central Scotland,2002,513939.11328125,,,,,36518.0,38309.0,75.96,,57695.418
TLM2,Highlands and Islands,2002,228937.88598632812,,,,,28794.0,29999.0,80.75,,44774.26
TLM3,West Central Scotland,2002,721917.09765625,,,,,31631.0,33231.0,77.56,,46719.8172
TLM5,North Eastern Scotland,2002,260840.703125,,,,,36313.0,36716.0,81.32,,50907.1332
TLM9,Southern Scotland,2002,361601.578125,,,,,32887.0,33739.0,92.12,,52836.347200000004
TLN0,Northern Ireland,2002,763362.6875,,,,,31491.0,32904.0,87.8,,51621.132000000005
TLC3,Tees Valley,2003,283255.41796875,,,,,32776.0,33319.0,80.15,,43981.511000000006
TLC4,"Northumberland, Durham and Tyne & Wear",2003,801143.21484375,,,,,32676.0,33353.0,85.75,,46731.1775
TLD1,Cumbria,2003,242771.84375,,,,,31552.0,32502.0,84.96,,46360.123199999995
TLD3,Greater Manchester,2003,1233484.6875,,,,,33677.0,34096.0,77.09,,47432.7061
TLD4,Lancashire,2003,646367.34765625,,,,,34174.0,34028.0,88.56,,50874.177599999995
TLD6,Cheshire,2003,449864.8046875,,,,,40710.0,41621.0,86.22,,60917.0166
TLD7,Merseyside,2003,623525.2890625,,,,,34409.0,34430.0,92.72,,51922.272800000006
TLE1,East Yorkshire and Northern Lincolnshire,2003,394004.4453125,,,,,34459.0,34542.0,90.71,,53197.78659999999
TLE2,North Yorkshire,2003,398491.7734375,,,,,35150.0,35818.0,95.02,,55638.960999999996
TLE3,South Yorkshire,2003,548670.0859375,,,,,31330.0,31264.0,91.56,,47515.062000000005
TLE4,West Yorkshire,2003,1015185.6015625,,,,,34016.0,34017.0,85.66,,49292.1904
TLF1,Derbyshire and Nottinghamshire,2003,894074.712890625,,,,,33169.0,33572.0,93.85,,51285.27099999999
TLF2,"Leicestershire, Rutland and Northamptonshire",2003,781752.7578125,,,,,33591.0,33729.0,92.52,,51583.6008
TLF3,Lincolnshire,2003,293194.859375,,,,,33473.0,33281.0,98.18,,51196.942800000004
TLG1,"Herefordshire, Worcestershire and Warwickshire",2003,590178.90234375,,,,,35142.0,35376.0,86.0,,51141.62
TLG2,Shropshire and Staffordshire,2003,679244.35546875,,,,,32281.0,32624.0,92.2,,48367.198
TLG3,West Midlands,2003,1259565.453125,,,,,33375.0,33795.0,91.38,,51157.265400000004
TLH2,Bedfordshire and Hertfordshire,2003,815504.29296875,,,,,41170.0,41308.0,87.84,,56162.260800000004
TLH3,Essex,2003,724043.87109375,,,,,37249.0,36960.0,89.9,,56054.448000000004
TLH4,Cambridgeshire and Peterborough,2003,392901.544921875,,,,,38485.0,39374.0,87.66,,55957.761
TLH5,Norfolk,2003,370366.72265625,,,,,31010.0,30835.0,88.43,,47405.5544
TLH6,Suffolk,2003,319896.08984375,,,,,36343.0,36098.0,86.12,,49996.96600000001
TLI3,Inner London - West,2003,1569554.7265625,,,,,58833.0,60226.0,81.12,,91785.65759999999
TLI4,Inner London - East,2003,965397.1796875,,,,,54178.0,54528.0,96.9,,81443.481
TLI5,Outer London - East and North East,2003,550016.7265625,,,,,43166.0,43697.0,100.22,,63886.241200000004
TLI6,Outer London - South,2003,492605.7109375,,,,,44407.0,44622.0,102.02,,65451.9512
TLI7,Outer London - West and North West,2003,853178.90625,,,,,49174.0,49740.0,91.99,,66001.9051
TLJ1,"Berkshire, Buckinghamshire and Oxfordshire",2003,1226331.0546875,,,,,47034.0,46775.0,76.96,,59447.75199999999
TLJ2,"Surrey, East and West Sussex",2003,1298258.51953125,,,,,40070.0,40686.0,85.84,,58395.2352
TLJ3,Hampshire and Isle of Wight,2003,898101.162109375,,,,,38457.0,38526.0,78.81,,54806.8383
TLJ4,Kent,2003,719227.736328125,,,,,35697.0,36050.0,91.45,,54547.181500000006
TLK3,Cornwall and Isles of Scilly,2003,227556.47009277344,,,,,29197.0,29290.0,91.06,,45541.8378
TLK4,Devon,2003,507965.703125,,,,,31020.0,31233.0,91.25,,46552.1
TLK5,West of England,2003,474652.5234375,,,,,37387.0,37451.0,87.3,,56404.53
TLK6,"North Somerset, Somerset and Dorset",2003,631272.9296875,,,,,33933.0,34114.0,98.46,,53130.985199999996
TLK7,Gloucestershire and Wiltshire,2003,625676.06640625,,,,,38144.0,38704.0,86.07,,57648.8253
TLL3,North Wales,2003,285802.91796875,,,,,31791.0,32062.0,92.34,,48656.7162
TLL4,Mid and South West Wales,2003,366818.33984375,,,,,28859.0,29725.0,90.67,,44585.159100000004
TLL5,South East Wales,2003,615370.88671875,,,,,33604.0,33413.0,86.66,,48669.989199999996
TLM0,Eastern Scotland,2003,389547.8193359375,,,,,32366.0,32257.0,83.9,,48397.715
TLM1,East Central Scotland,2003,525681.080078125,,,,,38546.0,39397.0,77.42,,58804.361000000004
TLM2,Highlands and Islands,2003,241494.05981445312,,,,,29889.0,30885.0,81.24,,45045.9552
TLM3,West Central Scotland,2003,716602.267578125,,,,,33574.0,34068.0,80.37,,48412.4769
TLM5,North Eastern Scotland,2003,262560.3515625,,,,,36494.0,37322.0,80.1,,50143.401
TLM9,Southern Scotland,2003,367601.3671875,,,,,34007.0,34242.0,92.93,,53300.9308
TLN0,Northern Ireland,2003,772675.453125,,,,,33599.0,33511.0,90.61,,53273.2434
TLC3,Tees Valley,2004,284187.16015625,8504133.1875,22.34,23.12,84.67,34769.0,34380.0,83.65,29.499028000000003,45902.101
TLC4,"Northumberland, Durham and Tyne & Wear",2004,813242.66796875,24888108.0,22.05,22.62,86.58,35087.0,34596.0,89.81,30.753216000000002,48943.7557
TLD1,Cumbria,2004,246004.8671875,7335595.25,20.74,22.86,85.44,32158.0,33556.0,84.99,29.912543999999997,46376.4933
TLD3,Greater Manchester,2004,1261668.5546875,38227374.5,22.05,22.85,78.34,34747.0,35368.0,77.64,30.317580000000003,47771.1156
TLD4,Lancashire,2004,665657.927734375,20058040.8125,22.48,22.86,89.91,35222.0,35196.0,89.76,32.90706,51563.5296
TLD6,Cheshire,2004,450549.4375,13949870.0,26.92,28.21,89.94,43334.0,43110.0,90.55,39.735492,63976.29149999999
TLD7,Merseyside,2004,625632.31640625,18743694.125,23.14,23.68,95.13,36056.0,35843.0,94.6,33.999462,52975.054
TLE1,East Yorkshire and Northern Lincolnshire,2004,407354.109375,12431753.5,22.13,23.14,86.92,35122.0,35668.0,89.96,33.246900000000004,52757.94159999999
TLE2,North Yorkshire,2004,385506.4375,11112496.0,25.33,25.02,101.89,37968.0,36909.0,99.8,38.98311399999999,58437.89
TLE3,South Yorkshire,2004,573688.625,17369526.25,20.17,20.7,90.76,31751.0,32011.0,90.18,29.723900000000004,46798.91100000001
TLE4,West Yorkshire,2004,1059374.1640625,32372648.25,21.76,22.68,84.73,34575.0,35197.0,85.03,30.790882000000007,48929.6632
TLF1,Derbyshire and Nottinghamshire,2004,904109.03515625,27594828.875,21.97,22.47,99.38,34866.0,34557.0,96.74,33.312176,52864.5404
TLF2,"Leicestershire, Rutland and Northamptonshire",2004,798221.10546875,24545115.75,21.7,21.91,93.06,34697.0,34683.0,93.38,32.561694,52063.085199999994
TLF3,Lincolnshire,2004,288669.78515625,8562487.5,21.86,21.47,94.92,33724.0,33562.0,96.96,32.775876000000004,50560.76159999999
TLG1,"Herefordshire, Worcestershire and Warwickshire",2004,601037.775390625,18631618.125,22.35,22.82,83.14,36031.0,36098.0,85.84,31.668026000000005,51046.4728
TLG2,Shropshire and Staffordshire,2004,683102.01171875,20911438.6875,21.36,22.08,94.27,33996.0,33702.0,95.07,31.335348,49872.7713
TLG3,West Midlands,2004,1251368.375,38475228.75,21.91,22.29,93.03,35032.0,34854.0,93.23,32.64422700000001,52192.950899999996
TLH2,Bedfordshire and Hertfordshire,2004,831251.25,25227115.75,26.43,27.17,87.61,41711.0,42498.0,87.44,35.429483999999995,55906.512800000004
TLH3,Essex,2004,723629.673828125,22209714.8125,23.87,24.84,93.26,38094.0,38148.0,89.8,35.084412,55992.096
TLH4,Cambridgeshire and Peterborough,2004,382125.978515625,11615451.25,26.16,26.13,94.21,41350.0,40828.0,91.48,36.949161999999994,58396.258
TLH5,Norfolk,2004,384745.5390625,11103111.125,20.52,20.9,87.4,30787.0,31374.0,85.79,30.651180000000004,45990.3032
TLH6,Suffolk,2004,332750.59375,10196970.25,22.77,24.08,76.54,36291.0,37157.0,83.97,30.593038,48748.7835
TLI3,Inner London - West,2004,1523731.6484375,52673897.25,35.66,37.21,84.82,64101.0,63863.0,85.95,54.098196,97250.70599999999
TLI4,Inner London - East,2004,996481.453125,32657767.25,32.61,34.05,96.66,55578.0,56405.0,97.42,48.049686,81880.5358
TLI5,Outer London - East and North East,2004,545701.52734375,15982428.75,29.79,30.93,105.56,45375.0,45617.0,103.15,43.17404,65753.99900000001
TLI6,Outer London - South,2004,503828.640625,15324443.125,28.64,30.18,98.19,45301.0,46112.0,101.4,41.131791,65054.184
TLI7,Outer London - West and North West,2004,840831.203125,26351984.5,31.56,32.21,95.52,51431.0,51341.0,95.61,42.095664,68599.21889999999
TLJ1,"Berkshire, Buckinghamshire and Oxfordshire",2004,1250572.37109375,38225465.75,29.52,30.76,78.53,46921.0,48099.0,75.75,36.814864,58513.0875
TLJ2,"Surrey, East and West Sussex",2004,1262952.08984375,38069734.5625,26.94,27.44,85.69,42233.0,42011.0,87.73,38.072067,59680.964400000004
TLJ3,Hampshire and Isle of Wight,2004,916826.884765625,26940972.0625,26.07,26.84,80.13,39843.0,39764.0,79.71,36.282864,55432.72529999999
TLJ4,Kent,2004,714440.97265625,21769894.6875,23.8,24.56,97.36,37716.0,37458.0,94.24,35.477984,56211.3328
TLK3,Cornwall and Isles of Scilly,2004,226851.52368164062,6626885.98046875,20.01,20.43,94.69,30390.0,30367.0,91.94,30.272392999999997,45981.9522
TLK4,Devon,2004,528138.703125,15364780.6875,21.44,21.77,94.81,32437.0,32316.0,92.53,31.201971,47205.1048
TLK5,West of England,2004,486240.40625,14866324.0,24.12,24.41,87.8,38347.0,38578.0,86.92,35.32194,56159.012
TLK6,"North Somerset, Somerset and Dorset",2004,643223.015625,19038904.25,22.69,23.14,97.29,34923.0,34928.0,98.38,34.489305,53087.815599999994
TLK7,Gloucestershire and Wiltshire,2004,626127.939453125,18851843.375,25.39,26.41,84.0,39744.0,39958.0,86.68,37.077600000000004,58057.39720000001
TLL3,North Wales,2004,288924.033203125,8911050.625,20.78,21.17,89.41,33331.0,32977.0,94.42,31.02527,49752.7306
TLL4,Mid and South West Wales,2004,361458.578125,10913152.375,20.18,20.13,94.42,31677.0,30616.0,95.92,30.044444,47166.7416
TLL5,South East Wales,2004,633875.63671875,19351646.25,21.53,22.01,85.99,34187.0,34366.0,85.65,30.302876,48102.753000000004
TLM0,Eastern Scotland,2004,394737.1640625,11209143.59375,22.68,23.04,88.65,33488.0,33405.0,84.3,32.933475,48628.455
TLM1,East Central Scotland,2004,526010.4921875,15997831.375,26.35,27.01,76.96,41672.0,41302.0,80.0,38.418431999999996,60764.0
TLM2,Highlands and Islands,2004,237569.17993164062,6594075.46875,22.75,23.17,87.51,32833.0,32296.0,86.79,33.34131,48123.3192
TLM3,West Central Scotland,2004,716438.341796875,22678156.6875,21.85,22.41,78.99,35963.0,35491.0,83.41,30.529635,50243.6817
TLM5,North Eastern Scotland,2004,266297.328125,8146035.0,23.92,24.61,86.06,38051.0,38955.0,82.29,32.384378,51514.3629
TLM9,Southern Scotland,2004,373107.8046875,11291166.5,22.25,22.87,91.29,35011.0,35172.0,93.34,34.023783,53536.0904
TLN0,Northern Ireland,2004,789560.89453125,26027206.0,20.12,20.67,86.91,34490.0,34550.0,90.72,31.11378,53337.9168
TLC3,Tees Valley,2005,286521.37890625,8362750.125,23.46,22.99,86.05,35599.0,35563.0,82.92,29.97982,45501.5208
TLC4,"Northumberland, Durham and Tyne & Wear",2005,834553.05078125,25298336.625,22.83,22.53,86.69,35986.0,35947.0,89.08,30.792288000000003,48545.927599999995
TLD1,Cumbria,2005,226008.046875,6609473.75,24.13,22.53,96.92,36702.0,35181.0,94.55,33.931692,51593.09849999999
TLD3,Greater Manchester,2005,1256928.0859375,39132696.25,22.96,22.71,79.61,37172.0,37210.0,81.07,30.809070000000002,49881.56029999999
TLD4,Lancashire,2005,658847.33984375,20451641.1875,22.82,22.79,88.94,36837.0,36546.0,91.47,32.552040000000005,52545.8562
TLD6,Cheshire,2005,461665.7421875,13841890.0,28.68,28.0,93.84,44708.0,45057.0,91.49,41.458512,64640.4297
TLD7,Merseyside,2005,637038.0234375,19133847.625,23.54,23.58,94.24,36762.0,37489.0,93.94,33.681376,52605.4606
TLE1,East Yorkshire and Northern Lincolnshire,2005,398762.5,12287588.25,23.28,22.97,87.61,37298.0,37356.0,91.56,33.510825,53696.2776
TLE2,North Yorkshire,2005,399162.3359375,11797692.75,24.58,25.06,96.04,37779.0,38049.0,96.45,36.744904,56476.2975
TLE3,South Yorkshire,2005,578337.2734375,17726015.75,20.62,20.6,89.38,32870.0,33243.0,89.91,29.271949999999997,46658.7945
TLE4,West Yorkshire,2005,1056272.5703125,32705017.5,22.96,22.53,87.0,36973.0,36943.0,88.45,31.615800000000004,50897.668
TLF1,Derbyshire and Nottinghamshire,2005,945667.1171875,28852710.1875,22.44,22.38,98.77,35596.0,35685.0,96.12,33.107704000000005,52525.7352
TLF2,"Leicestershire, Rutland and Northamptonshire",2005,819204.30078125,25847072.8125,21.56,21.86,89.22,35365.0,35993.0,91.85,31.218078000000002,51210.04899999999
TLF3,Lincolnshire,2005,297431.2578125,9174293.0625,20.85,21.52,89.75,33450.0,33913.0,95.33,30.990675,49710.7818
TLG1,"Herefordshire, Worcestershire and Warwickshire",2005,607920.984375,19007206.5,22.77,22.74,82.42,37021.0,36931.0,85.82,31.393778,51034.579399999995
TLG2,Shropshire and Staffordshire,2005,687909.69140625,20534223.0625,22.64,21.97,97.2,35138.0,34944.0,95.59,32.30928,50145.5581
TLG3,West Midlands,2005,1262829.4453125,39536082.5,22.37,22.22,91.79,36412.0,36152.0,93.67,32.20911100000001,52439.2761
TLH2,Bedfordshire and Hertfordshire,2005,831864.453125,26069646.875,27.34,27.05,88.89,44546.0,44222.0,91.62,35.947115999999994,58579.0794
TLH3,Essex,2005,718330.60546875,21769075.5,25.21,24.68,96.31,39721.0,39566.0,91.57,36.231821999999994,57095.7264
TLH4,Cambridgeshire and Peterborough,2005,387283.54296875,12418130.375,26.03,26.13,92.79,43407.0,42304.0,95.05,36.392238,60675.1675
TLH5,Norfolk,2005,382979.07421875,11385778.875,20.91,20.83,87.31,32328.0,32355.0,88.29,30.619617,47330.50320000001
TLH6,Suffolk,2005,322991.89453125,9952996.5625,24.64,23.87,81.69,39487.0,38606.0,90.13,32.651493,52324.97149999999
TLI3,Inner London - West,2005,1561879.9453125,55452766.0,37.33,36.94,87.05,68920.0,68554.0,90.6,55.52049,102512.08799999999
TLI4,Inner London - East,2005,1021122.390625,33791986.0,34.48,33.81,99.94,59332.0,59263.0,101.71,49.680173999999994,85486.2379
TLI5,Outer London - East and North East,2005,551154.19140625,16204131.125,30.95,30.73,106.46,47313.0,48392.0,104.42,43.542139999999996,66563.5732
TLI6,Outer London - South,2005,489026.2265625,14935429.25,31.02,29.94,103.64,49265.0,48298.0,107.46,43.414795999999996,68942.0376
TLI7,Outer London - West and North West,2005,851897.609375,27159434.0,32.11,32.09,95.98,53240.0,53479.0,97.72,42.298386,70113.1228
TLJ1,"Berkshire, Buckinghamshire and Oxfordshire",2005,1215554.29296875,37859088.25,31.45,30.57,82.45,50929.0,50080.0,81.04,38.65256,62599.348000000005
TLJ2,"Surrey, East and West Sussex",2005,1286076.294921875,39322655.4375,27.29,27.35,85.02,43393.0,43646.0,88.29,37.774386,60061.921200000004
TLJ3,Hampshire and Isle of Wight,2005,934535.609375,27202723.75,27.14,26.72,81.89,41081.0,41352.0,80.71,37.079792000000005,56128.15529999999
TLJ4,Kent,2005,731297.359375,22465057.125,24.41,24.42,97.36,39001.0,39031.0,95.01,35.477984,56670.614700000006
TLK3,Cornwall and Isles of Scilly,2005,226799.8485107422,6709448.39453125,20.81,20.37,96.25,32019.0,31442.0,94.65,30.771124999999998,47337.3045
TLK4,Devon,2005,527948.23046875,15815467.5,21.63,21.71,92.95,33700.0,33557.0,93.41,30.589844999999997,47654.0456
TLK5,West of England,2005,485749.65625,15274745.25,24.31,24.36,86.5,39753.0,40201.0,88.08,34.79895,56908.488
TLK6,"North Somerset, Somerset and Dorset",2005,664256.2578125,19551510.75,23.36,23.07,97.01,35753.0,35954.0,97.55,34.39004500000001,52639.931
TLK7,Gloucestershire and Wiltshire,2005,619590.21484375,18678784.25,26.75,26.24,86.42,41939.0,41623.0,89.29,38.145788,59805.549100000004
TLL3,North Wales,2005,300386.41015625,9130353.1875,21.16,21.11,88.21,33437.0,34065.0,91.8,30.608870000000003,48372.17399999999
TLL4,Mid and South West Wales,2005,379809.0625,11323131.0625,20.0,20.13,90.54,31008.0,31544.0,90.82,28.809828000000003,44658.9186
TLL5,South East Wales,2005,638361.453125,19969747.8125,21.95,21.92,85.12,35705.0,35660.0,86.87,29.996288000000003,48787.9294
TLM0,Eastern Scotland,2005,403964.5966796875,11689144.59375,22.74,22.97,86.62,34211.0,34955.0,83.94,32.17933,48420.789
TLM1,East Central Scotland,2005,529704.697265625,16422790.375,27.07,26.9,77.68,43647.0,43584.0,82.32,38.77785600000001,62526.155999999995
TLM2,Highlands and Islands,2005,241563.62866210938,6725848.2421875,23.86,23.12,88.88,34542.0,33726.0,88.42,33.86328,49027.1216
TLM3,West Central Scotland,2005,745920.4140625,23593107.0,22.49,22.32,79.35,36985.0,37032.0,83.73,30.668774999999997,50436.4401
TLM5,North Eastern Scotland,2005,262851.4453125,8542929.5,24.1,24.47,84.81,40730.0,41690.0,86.15,31.914003,53930.7615
TLM9,Southern Scotland,2005,379224.05859375,11423895.625,23.24,22.77,93.32,36398.0,36342.0,94.98,34.780364,54476.7288
TLN0,Northern Ireland,2005,806205.703125,26732259.75,20.68,20.57,87.4,35657.0,35918.0,91.77,31.2892,53955.2538
TLC3,Tees Valley,2006,291852.234375,8558112.125,24.07,24.05,87.18,36697.0,36791.0,84.4,30.373512000000005,46313.656
TLC4,"Northumberland, Durham and Tyne & Wear",2006,848541.640625,25982922.5,23.44,23.42,87.04,37322.0,37073.0,90.33,30.916608000000007,49227.1401
TLD1,Cumbria,2006,244891.421875,6961640.75,24.77,23.78,97.68,36620.0,36677.0,92.63,34.197768,50545.4121
TLD3,Greater Manchester,2006,1241747.40625,38899872.875,24.34,24.32,82.54,39644.0,39056.0,84.57,31.942980000000006,52035.0753
TLD4,Lancashire,2006,660320.662109375,20116879.5,23.77,23.69,91.03,37650.0,37507.0,91.88,33.31698,52781.38479999999
TLD6,Cheshire,2006,467542.421875,14148170.0,30.04,29.84,97.01,47262.0,46963.0,95.45,42.859018000000006,67438.28850000001
TLD7,Merseyside,2006,627408.54296875,19316979.25,25.13,24.86,97.65,40235.0,39143.0,99.78,34.900110000000005,55875.8022
TLE1,East Yorkshire and Northern Lincolnshire,2006,398567.84375,12008224.125,25.04,24.94,94.2,39225.0,39296.0,96.24,36.0315,56440.9104
TLE2,North Yorkshire,2006,406638.4453125,11948981.0,25.28,25.59,95.24,38634.0,39088.0,95.09,36.438824,55679.9495
TLE3,South Yorkshire,2006,581945.3359375,17535204.5,21.99,22.06,93.09,34452.0,34589.0,92.06,30.486975,47774.537000000004
TLE4,West Yorkshire,2006,1054738.9375,32782749.75,24.05,24.06,88.44,38875.0,38585.0,90.26,32.139096,51939.214400000004
TLF1,Derbyshire and Nottinghamshire,2006,945954.181640625,28412253.375,23.62,23.42,101.72,36896.0,36816.0,97.44,34.096544,53247.0624
TLF2,"Leicestershire, Rutland and Northamptonshire",2006,819966.587890625,25872948.5,23.09,23.05,94.65,37881.0,37582.0,97.46,33.118035000000006,54337.848399999995
TLF3,Lincolnshire,2006,308139.04296875,9336514.9375,21.93,21.87,92.49,34549.0,34619.0,96.5,31.936797000000002,50320.89
TLG1,"Herefordshire, Worcestershire and Warwickshire",2006,625851.90234375,19152444.375,23.95,23.7,85.23,38113.0,37715.0,86.87,32.464107000000006,51658.9829
TLG2,Shropshire and Staffordshire,2006,696021.93359375,21356682.3125,22.45,22.88,95.29,35826.0,36038.0,96.33,31.674396000000005,50533.7547
TLG3,West Midlands,2006,1273521.4453125,39495625.75,22.93,23.04,92.15,36974.0,37334.0,93.15,32.335435000000004,52148.1645
TLH2,Bedfordshire and Hertfordshire,2006,823043.70703125,25727428.625,28.42,28.4,91.26,46203.0,45905.0,93.82,36.905544,59985.6934
TLH3,Essex,2006,726637.36328125,21824475.5,26.17,26.04,98.0,40870.0,40673.0,92.34,36.867599999999996,57575.836800000005
TLH4,Cambridgeshire and Peterborough,2006,426253.5,13315427.625,26.27,26.69,90.04,42679.0,43237.0,89.86,35.313688,57362.130999999994
TLH5,Norfolk,2006,398606.79296875,11764820.5,21.72,21.99,88.35,33334.0,33666.0,88.69,30.984344999999998,47544.93519999999
TLH6,Suffolk,2006,342528.48046875,10197305.25,25.69,25.47,82.3,39772.0,39774.0,87.72,32.89531,50925.846
TLI3,Inner London - West,2006,1581397.59375,54582476.5,40.31,40.19,90.96,72340.0,72654.0,92.03,58.01428799999999,104130.1044
TLI4,Inner London - East,2006,1033619.4296875,33969852.75,36.26,36.15,103.02,61970.0,62065.0,104.12,51.211242,87511.81880000001
TLI5,Outer London - East and North East,2006,530101.38671875,15977714.625,33.33,33.1,112.37,52239.0,51234.0,113.0,45.95933,72032.98
TLI6,Outer London - South,2006,511627.8046875,15357006.75,31.71,31.81,102.91,49493.0,50041.0,104.87,43.108999000000004,67280.3972
TLI7,Outer London - West and North West,2006,866144.96875,27392378.25,33.8,33.64,101.34,55590.0,55609.0,102.36,44.660538,73442.2764
TLJ1,"Berkshire, Buckinghamshire and Oxfordshire",2006,1241325.96484375,38567985.75,32.01,32.06,83.25,51716.0,51839.0,81.63,39.0276,63055.093499999995
TLJ2,"Surrey, East and West Sussex",2006,1306859.345703125,39744898.9375,28.84,28.8,86.92,45613.0,45449.0,89.77,38.618556,61068.73559999999
TLJ3,Hampshire and Isle of Wight,2006,918411.466796875,27279206.5,27.88,28.1,82.56,43057.0,43026.0,83.03,37.383168,57741.5529
TLJ4,Kent,2006,715494.22265625,21277209.5625,26.48,25.85,102.63,40954.0,40527.0,96.94,37.398371999999995,57821.801799999994
TLK3,Cornwall and Isles of Scilly,2006,239010.58325195312,7278545.431640625,20.55,20.76,92.09,32542.0,32054.0,93.22,29.441173,46622.1186
TLK4,Devon,2006,540348.23046875,15897945.375,22.75,22.76,95.44,34813.0,34665.0,94.2,31.409304,48057.072
TLK5,West of England,2006,478283.0,15369014.25,25.27,25.7,87.06,42220.0,42030.0,90.59,35.024238,58530.199
TLK6,"North Somerset, Somerset and Dorset",2006,663818.7578125,20141034.25,23.67,23.72,95.99,37351.0,37042.0,99.51,34.028455,53697.5862
TLK7,Gloucestershire and Wiltshire,2006,624578.9609375,18562283.6875,27.92,27.98,87.4,43143.0,43311.0,89.01,38.57836,59618.0079
TLL3,North Wales,2006,296828.33984375,9250325.6875,22.06,21.9,90.61,35755.0,35171.0,96.68,31.441670000000002,50943.5924
TLL4,Mid and South West Wales,2006,379298.234375,11628435.125,20.28,20.71,90.1,32323.0,32608.0,92.94,28.66982,45701.3862
TLL5,South East Wales,2006,653959.09765625,19961288.6875,23.14,23.12,87.9,36729.0,36769.0,87.54,30.975960000000004,49164.2148
TLM0,Eastern Scotland,2006,403672.921875,11738526.4375,24.46,24.36,90.25,36988.0,36746.0,87.89,33.527875,50699.34650000001
TLM1,East Central Scotland,2006,532008.615234375,16548614.375,28.31,28.1,77.75,45796.0,45620.0,82.66,38.8128,62784.403
TLM2,Highlands and Islands,2006,251493.03149414062,7376842.6640625,22.63,23.28,82.05,34514.0,34816.0,86.0,31.26105,47685.28
TLM3,West Central Scotland,2006,747532.30859375,23740802.0625,23.48,23.29,80.39,38784.0,38291.0,85.18,31.070735,51309.8766
TLM5,North Eastern Scotland,2006,266225.0625,8605155.5,27.18,27.09,94.85,45679.0,45317.0,95.83,35.692055,59990.5383
TLM9,Southern Scotland,2006,390610.41796875,12127813.0,23.42,23.64,91.06,37813.0,37520.0,95.52,33.938062,54786.4512
TLN0,Northern Ireland,2006,813343.953125,26866781.125,21.82,21.7,89.51,37480.0,37160.0,93.63,32.04458,55048.822199999995
TLC3,Tees Valley,2007,292855.453125,8553000.625,24.73,24.79,87.02,37558.0,37939.0,83.91,30.317768,46044.7734
TLC4,"Northumberland, Durham and Tyne & Wear",2007,847049.46875,25814739.375,24.02,23.98,87.21,38073.0,37809.0,90.09,30.976992,49096.3473
TLD1,Cumbria,2007,246117.984375,7751941.5,22.85,24.07,86.79,37417.0,37850.0,91.19,30.385178999999997,49759.6473
TLD3,Greater Manchester,2007,1261662.7734375,38547864.375,25.75,25.39,86.22,40912.0,40518.0,86.17,33.367140000000006,53019.5393
TLD4,Lancashire,2007,674543.130859375,20621178.9375,24.21,24.22,90.16,38487.0,38047.0,91.32,32.998560000000005,52459.6872
TLD6,Cheshire,2007,467053.4765625,14196878.0,31.31,30.81,98.75,49489.0,48326.0,97.6,43.62775,68957.328
TLD7,Merseyside,2007,632227.9921875,18887018.0,25.83,25.82,98.54,40123.0,40475.0,97.7,35.218196000000006,54711.023
TLE1,East Yorkshire and Northern Lincolnshire,2007,402088.0,12220265.25,26.04,26.21,92.71,41160.0,41016.0,95.55,35.461574999999996,56036.253
TLE2,North Yorkshire,2007,406950.09375,12118443.25,26.31,26.06,95.84,40747.0,39814.0,96.97,36.668384,56780.7835
TLE3,South Yorkshire,2007,581838.4453125,17504845.25,23.55,23.03,96.78,36845.0,35805.0,95.55,31.69545,49585.6725
TLE4,West Yorkshire,2007,1060017.5546875,32614040.5,25.41,24.98,92.75,40650.0,39928.0,93.71,33.70535,53924.48239999999
TLF1,Derbyshire and Nottinghamshire,2007,958453.513671875,29328671.875,23.68,24.16,98.69,37680.0,37767.0,96.32,33.080888,52635.0272
TLF2,"Leicestershire, Rutland and Northamptonshire",2007,839035.2578125,26250634.625,24.03,23.98,94.97,39098.0,39017.0,96.95,33.230003,54053.503
TLF3,Lincolnshire,2007,321605.4765625,9785140.0625,22.03,22.32,88.66,34847.0,35481.0,92.9,30.614297999999998,48443.634000000005
TLG1,"Herefordshire, Worcestershire and Warwickshire",2007,635325.103515625,19028252.8125,24.33,24.2,83.7,37888.0,38219.0,83.49,31.881330000000002,49648.9983
TLG2,Shropshire and Staffordshire,2007,687319.59375,20798239.5625,23.61,23.48,96.88,37153.0,36844.0,96.59,32.202912,50670.148100000006
TLG3,West Midlands,2007,1264430.2734375,40199348.5,23.44,23.8,92.19,38749.0,38525.0,95.53,32.349471,53480.5599
TLH2,Bedfordshire and Hertfordshire,2007,840199.52734375,25965865.125,29.47,29.26,92.46,47361.0,47182.0,93.98,37.390823999999995,60087.992600000005
TLH3,Essex,2007,737458.404296875,22083419.9375,26.81,26.78,97.66,41752.0,41487.0,91.75,36.739692,57207.96
TLH4,Cambridgeshire and Peterborough,2007,428104.501953125,13218429.25,27.39,27.29,93.74,43971.0,44044.0,92.47,36.764827999999994,59028.224500000004
TLH5,Norfolk,2007,392337.44140625,11393012.3125,23.15,23.0,91.06,34962.0,35226.0,89.94,31.934742,48215.0352
TLH6,Suffolk,2007,344130.1875,10175994.75,26.36,26.45,83.44,40525.0,40836.0,88.34,33.350967999999995,51285.787000000004
TLI3,Inner London - West,2007,1607972.8828125,55894028.0,43.44,42.15,97.82,78513.0,75920.0,99.68,62.38959599999999,112785.92640000001
TLI4,Inner London - East,2007,1068820.9921875,35542723.25,38.22,37.53,107.04,66096.0,64547.0,109.46,53.20958400000001,92000.0354
TLI5,Outer London - East and North East,2007,526698.01953125,15926107.875,35.1,34.27,114.71,55195.0,53072.0,115.73,46.91638999999999,73773.2458
TLI6,Outer London - South,2007,506935.5078125,15446511.25,33.38,33.04,106.42,52894.0,51579.0,110.1,44.579338,70635.756
TLI7,Outer London - West and North West,2007,868641.3671875,28082303.0,34.72,34.55,102.1,58376.0,57136.0,105.42,44.99547,75637.7958
TLJ1,"Berkshire, Buckinghamshire and Oxfordshire",2007,1255750.32421875,39460890.125,32.82,33.08,83.6,53628.0,53518.0,82.91,39.19168,64043.8295
TLJ2,"Surrey, East and West Sussex",2007,1316306.30859375,39688628.4375,29.89,29.87,89.41,46871.0,46991.0,91.56,39.724863,62286.436799999996
TLJ3,Hampshire and Isle of Wight,2007,933469.763671875,27527293.5625,29.13,29.24,84.83,44665.0,44685.0,84.7,38.411024000000005,58902.921
TLJ4,Kent,2007,738094.48828125,22277410.4375,26.28,26.64,98.42,41241.0,41633.0,94.36,35.864247999999996,56282.9092
TLK3,Cornwall and Isles of Scilly,2007,248954.43310546875,7084702.59375,21.53,21.01,92.44,31857.0,32282.0,87.44,29.553068,43731.3672
TLK4,Devon,2007,538748.3828125,15534306.0625,23.6,23.49,95.44,35389.0,35466.0,92.32,31.409304,47097.9712
TLK5,West of England,2007,485878.40625,15372759.5,26.76,26.97,91.46,44030.0,43708.0,93.7,36.794357999999995,60539.57
TLK6,"North Somerset, Somerset and Dorset",2007,672085.5390625,20575898.25,23.77,24.2,93.44,37848.0,37882.0,97.73,33.124480000000005,52737.0626
TLK7,Gloucestershire and Wiltshire,2007,638388.85546875,18807163.875,29.29,29.13,90.84,44874.0,44796.0,91.71,40.096776,61426.4409
TLL3,North Wales,2007,298729.84765625,9291742.625,22.45,22.44,88.91,36310.0,35908.0,94.7,30.851770000000002,49900.27100000001
TLL4,Mid and South West Wales,2007,377057.05859375,11484833.1875,21.47,21.26,91.1,34011.0,33379.0,93.36,28.988019999999995,45907.912800000006
TLL5,South East Wales,2007,652199.009765625,19978826.1875,24.1,23.99,90.07,38386.0,37789.0,90.02,31.740668,50557.032400000004
TLM0,Eastern Scotland,2007,403645.5849609375,11801534.15625,25.42,25.28,91.05,38645.0,38451.0,89.15,33.825075,51426.1775
TLM1,East Central Scotland,2007,533321.427734375,16926882.5625,28.98,29.06,80.97,47834.0,47408.0,87.84,40.420224000000005,66718.872
TLM2,Highlands and Islands,2007,254201.3154296875,7497081.421875,23.04,23.78,80.21,35330.0,35917.0,84.53,30.56001,46870.19440000001
TLM3,West Central Scotland,2007,751181.083984375,23755572.25,23.88,24.05,80.76,39266.0,39231.0,85.21,31.21374,51327.9477
TLM5,North Eastern Scotland,2007,277087.609375,8902473.75,29.37,29.1,98.76,49064.0,48716.0,99.18,37.163388000000005,62087.671800000004
TLM9,Southern Scotland,2007,391965.6328125,12032882.375,23.95,24.5,89.18,38233.0,38723.0,92.49,33.23738600000001,53048.564399999996
TLN0,Northern Ireland,2007,814718.77734375,26840426.75,22.62,22.43,89.11,38754.0,38122.0,92.97,31.90138,54660.7818
TLC3,Tees Valley,2008,285554.68359375,8601705.0625,25.5,25.45,86.11,39943.0,39055.0,85.64,30.000724000000005,46994.0936
TLC4,"Northumberland, Durham and Tyne & Wear",2008,857902.7890625,25723447.625,24.68,24.51,86.32,38487.0,38404.0,87.72,30.660864,47804.7684
TLD1,Cumbria,2008,247955.8125,7590021.75,25.03,24.24,91.1,39834.0,38695.0,93.02,31.894109999999998,50758.223399999995
TLD3,Greater Manchester,2008,1259941.546875,38266222.875,26.38,26.2,85.61,41660.0,41455.0,85.05,33.13107,52330.4145
TLD4,Lancashire,2008,682043.16015625,20062493.375,25.33,24.62,90.88,38741.0,38214.0,88.56,33.26208,50874.177599999995
TLD6,Cheshire,2008,470075.5703125,14060434.25,31.6,31.36,96.19,49154.0,49094.0,93.55,42.496742,66095.88149999999
TLD7,Merseyside,2008,635992.1484375,19286337.0,26.48,26.78,97.62,41754.0,41759.0,98.25,34.889388000000004,55019.0175
TLE1,East Yorkshire and Northern Lincolnshire,2008,398156.71875,11792135.0,28.54,27.14,96.1,43950.0,42102.0,96.52,36.75825,56605.1192
TLE2,North Yorkshire,2008,413243.671875,11879470.5,27.34,26.36,95.75,40874.0,40088.0,93.53,36.63395,54766.491500000004
TLE3,South Yorkshire,2008,578183.609375,17023138.0,24.01,23.79,94.63,36767.0,36573.0,91.44,30.991324999999996,47452.788
TLE4,West Yorkshire,2008,1062144.5625,32185130.75,25.9,25.58,91.42,40816.0,40634.0,90.97,33.222028,52347.7768
TLF1,Derbyshire and Nottinghamshire,2008,948434.6796875,27875282.75,25.67,24.94,103.12,39239.0,38644.0,96.66,34.565824000000006,52820.823599999996
TLF2,"Leicestershire, Rutland and Northamptonshire",2008,838175.15234375,26076704.375,25.33,24.88,95.89,40975.0,40279.0,97.35,33.551911,54276.51899999999
TLF3,Lincolnshire,2008,315721.564453125,9756877.9375,23.4,22.93,90.9,37603.0,36475.0,96.74,31.387770000000003,50446.0404
TLG1,"Herefordshire, Worcestershire and Warwickshire",2008,641229.654296875,19440618.0625,24.9,24.59,82.73,39251.0,38836.0,83.53,31.511857000000006,49672.7851
TLG2,Shropshire and Staffordshire,2008,701569.66796875,20944092.8125,24.66,23.95,97.75,38280.0,37415.0,96.14,32.4921,50434.082599999994
TLG3,West Midlands,2008,1255632.6328125,38240824.0,25.09,24.69,95.24,39735.0,39647.0,94.54,33.419716,52926.3282
TLH2,Bedfordshire and Hertfordshire,2008,858093.74609375,26742781.0,30.24,29.86,91.56,49010.0,47860.0,93.85,37.026864,60004.87449999999
TLH3,Essex,2008,748226.84375,21841450.625,27.94,27.41,98.39,42407.0,42099.0,90.11,37.014317999999996,56185.3872
TLH4,Cambridgeshire and Peterborough,2008,429541.49609375,13087977.1875,28.4,27.92,94.44,44992.0,44845.0,91.93,37.039367999999996,58683.51550000001
TLH5,Norfolk,2008,381245.49609375,11438202.375,24.12,23.89,91.81,37624.0,36727.0,93.69,32.197767,50225.335199999994
TLH6,Suffolk,2008,338078.98046875,10050338.4375,27.38,27.2,84.32,42330.0,41479.0,89.74,33.702704,52098.55699999999
TLI3,Inner London - West,2008,1661691.3828125,57145463.0,43.56,43.46,96.71,77895.0,77915.0,97.49,61.68163799999999,110307.9852
TLI4,Inner London - East,2008,1120847.9296875,37015824.5,38.57,38.77,105.64,66244.0,66482.0,107.29,52.513644000000006,90176.17210000001
TLI5,Outer London - East and North East,2008,547240.4296875,15791708.875,35.99,34.95,113.04,53998.0,53635.0,108.83,46.233360000000005,69374.7718
TLI6,Outer London - South,2008,515685.5,15369439.0,33.73,33.77,103.93,52268.0,52275.0,105.16,43.536277,67466.44959999999
TLI7,Outer London - West and North West,2008,876203.5078125,27541126.0,36.13,35.25,101.52,59050.0,57870.0,101.92,44.739864,73126.5808
TLJ1,"Berkshire, Buckinghamshire and Oxfordshire",2008,1276494.8359375,39464855.375,34.44,34.12,85.24,55374.0,54809.0,83.16,39.960512,64236.942
TLJ2,"Surrey, East and West Sussex",2008,1319549.95703125,40067247.0625,31.31,30.81,90.32,49439.0,48249.0,93.14,40.129176,63361.2792
TLJ3,Hampshire and Isle of Wight,2008,937804.201171875,27506122.5,30.64,30.48,86.44,46729.0,46200.0,85.84,39.140032,59695.7112
TLJ4,Kent,2008,745702.609375,22366047.4375,28.01,27.41,100.91,43685.0,42582.0,96.14,36.771603999999996,57344.6258
TLK3,Cornwall and Isles of Scilly,2008,255987.326171875,7861973.0390625,20.48,21.0,84.06,32713.0,32383.0,85.82,26.873982,42921.156599999995
TLK4,Devon,2008,536352.560546875,15424481.125,24.69,24.11,95.53,36927.0,36125.0,92.17,31.438922999999996,47021.447199999995
TLK5,West of England,2008,492925.1875,14821722.75,29.23,28.35,96.83,45697.0,45091.0,94.28,38.954709,60914.308
TLK6,"North Somerset, Somerset and Dorset",2008,684408.046875,20229048.25,25.51,24.75,96.02,39205.0,38498.0,96.96,34.03909,52321.555199999995
TLK7,Gloucestershire and Wiltshire,2008,636230.19140625,18769706.5,30.64,30.15,91.85,47000.0,46055.0,92.86,40.54259,62196.699400000005
TLL3,North Wales,2008,303853.9296875,9276949.1875,22.96,22.97,87.02,36448.0,36417.0,90.97,30.19594,47934.8221
TLL4,Mid and South West Wales,2008,374536.890625,11190267.25,22.39,21.76,91.1,34792.0,33902.0,91.58,28.988019999999995,45032.6334
TLL5,South East Wales,2008,654137.642578125,19265604.5,25.05,24.84,90.83,38363.0,38510.0,87.28,32.008492000000004,49018.193600000006
TLM0,Eastern Scotland,2008,394935.37890625,11467922.6875,26.86,26.1,93.01,40551.0,39880.0,90.44,34.553215,52170.31399999999
TLM1,East Central Scotland,2008,534375.095703125,16893072.4375,29.54,30.14,80.94,48558.0,48952.0,87.46,40.405248,66430.243
TLM2,Highlands and Islands,2008,257308.31103515625,7339221.75,25.1,24.72,84.26,37228.0,37208.0,85.88,32.103060000000006,47618.742399999996
TLM3,West Central Scotland,2008,776463.931640625,24162860.375,24.6,24.9,80.87,39804.0,40092.0,83.95,31.256255,50568.961500000005
TLM5,North Eastern Scotland,2008,283062.9140625,9221061.25,31.39,30.97,100.98,53179.0,51464.0,102.82,37.998774000000004,64366.34819999999
TLM9,Southern Scotland,2008,394985.9921875,11746530.625,25.85,25.57,92.58,39971.0,40015.0,93.02,34.504566000000004,53352.5512
TLN0,Northern Ireland,2008,825517.1484375,26530312.125,23.15,22.98,87.57,38690.0,38542.0,89.12,31.350059999999996,52397.2128
TLC3,Tees Valley,2009,286825.6953125,8349766.625,26.35,26.06,87.15,39895.0,39938.0,83.76,30.363060000000004,45962.462400000004
TLC4,"Northumberland, Durham and Tyne & Wear",2009,852267.0546875,25526957.75,24.69,25.05,83.43,38455.0,38965.0,84.7,29.634336000000005,46158.959
TLD1,Cumbria,2009,248424.6484375,7596659.75,24.39,24.47,86.07,38788.0,39184.0,87.8,30.133106999999995,47909.825999999994
TLD3,Greater Manchester,2009,1252629.296875,37828787.625,26.84,26.76,84.88,42144.0,42060.0,83.85,32.84856,51592.06649999999
TLD4,Lancashire,2009,673058.955078125,19885349.0625,24.31,24.68,85.08,37343.0,38133.0,83.28,31.13928,47841.0288
TLD6,Cheshire,2009,468499.40625,14049448.25,31.38,31.75,91.95,48931.0,49611.0,89.66,40.62351,63347.479799999994
TLD7,Merseyside,2009,628501.1484375,18528305.125,28.16,27.64,100.36,43165.0,42722.0,98.19,35.868664,54985.418099999995
TLE1,East Yorkshire and Northern Lincolnshire,2009,401888.703125,11870029.0,27.36,27.05,90.9,42017.0,42065.0,91.05,34.76925,53397.183
TLE2,North Yorkshire,2009,418556.03125,12284351.5,25.74,26.29,87.53,39290.0,40022.0,87.29,33.488977999999996,51112.6595
TLE3,South Yorkshire,2009,572855.953125,16700058.25,24.01,24.23,92.03,36402.0,37106.0,88.05,30.139825000000002,45693.5475
TLE4,West Yorkshire,2009,1046649.296875,32088648.0,25.75,25.94,87.93,41044.0,41014.0,88.53,31.953762000000005,50943.7032
TLF1,Derbyshire and Nottinghamshire,2009,928970.095703125,27462214.625,25.36,25.42,98.98,38992.0,39256.0,93.32,33.178096000000004,50995.6472
TLF2,"Leicestershire, Rutland and Northamptonshire",2009,818212.521484375,25301430.71875,25.36,25.42,93.47,40782.0,40932.0,94.32,32.705153,52587.17279999999
TLF3,Lincolnshire,2009,310354.2890625,9482047.625,23.31,23.19,88.46,37035.0,36894.0,93.07,30.545237999999998,48532.282199999994
TLG1,"Herefordshire, Worcestershire and Warwickshire",2009,632362.755859375,19223826.0,24.39,24.9,79.47,38560.0,39517.0,80.46,30.270123,47847.148199999996
TLG2,Shropshire and Staffordshire,2009,697164.072265625,20895871.625,23.6,24.37,91.52,36786.0,37830.0,90.37,30.421248000000002,47407.198300000004
TLG3,West Midlands,2009,1195089.515625,36708257.5,25.45,25.46,93.06,40649.0,40700.0,93.17,32.654754000000004,52159.3611
TLH2,Bedfordshire and Hertfordshire,2009,845703.3671875,25607691.0,30.22,30.03,89.34,47579.0,47832.0,88.96,36.129096,56878.3552
TLH3,Essex,2009,736086.08203125,21780375.5625,27.2,27.73,94.19,41851.0,42454.0,87.44,35.43427799999999,54520.5888
TLH4,Cambridgeshire and Peterborough,2009,414631.052734375,13004521.3125,28.04,28.53,90.46,45732.0,45861.0,90.63,35.478412,57853.6605
TLH5,Norfolk,2009,383399.0546875,11184327.125,24.99,24.55,93.44,37903.0,37785.0,92.71,32.769408,49699.9768
TLH6,Suffolk,2009,331809.9609375,9562086.4375,28.2,27.68,85.25,42256.0,41722.0,87.96,34.074425,51065.178
TLI3,Inner London - West,2009,1668035.390625,57174723.0,43.96,44.3,91.65,78351.0,79320.0,92.09,58.45437000000001,104197.9932
TLI4,Inner London - East,2009,1120386.5234375,37006480.25,38.93,39.98,101.4,66872.0,68554.0,103.0,50.40594,86570.47
TLI5,Outer London - East and North East,2009,525875.83984375,15756801.25,33.55,35.0,103.92,52273.0,53607.0,103.88,42.50328,66219.34479999999
TLI6,Outer London - South,2009,480605.4765625,13800495.375,35.32,34.44,107.07,52738.0,52860.0,104.39,44.851623,66972.4484
TLI7,Outer London - West and North West,2009,862375.03125,26988046.25,34.77,35.5,96.68,56579.0,57866.0,96.63,42.606876,69331.0587
TLJ1,"Berkshire, Buckinghamshire and Oxfordshire",2009,1247362.6015625,38254451.0,34.91,35.04,85.32,55669.0,55903.0,82.57,39.998016,63781.19649999999
TLJ2,"Surrey, East and West Sussex",2009,1316215.900390625,39137580.0,31.57,31.37,88.83,48810.0,48844.0,89.71,39.467169,61027.9188
TLJ3,Hampshire and Isle of Wight,2009,915780.28515625,26481858.0625,31.6,31.57,87.3,47520.0,47374.0,85.47,39.52944,59438.4021
TLJ4,Kent,2009,728431.189453125,21751060.875,27.5,27.82,96.9,42699.0,43049.0,91.91,35.31036,54821.5577
TLK3,Cornwall and Isles of Scilly,2009,245725.26025390625,7100591.9375,21.59,21.21,88.09,32435.0,32417.0,84.61,28.162373000000002,42315.999299999996
TLK4,Devon,2009,540903.044921875,15510479.375,24.04,24.47,91.62,35849.0,36526.0,88.14,30.152141999999998,44965.502400000005
TLK5,West of England,2009,495900.59375,14943268.0,29.16,29.27,92.87,45695.0,45929.0,90.61,37.361601,58543.121
TLK6,"North Somerset, Somerset and Dorset",2009,678839.953125,20293505.0,24.79,24.98,91.49,38529.0,38745.0,93.44,32.433205,50422.092800000006
TLK7,Gloucestershire and Wiltshire,2009,640828.533203125,18730316.0625,30.47,30.83,87.93,46317.0,46822.0,88.08,38.812302,58995.103200000005
TLL3,North Wales,2009,297386.986328125,8896839.1875,23.4,23.51,86.74,36397.0,36913.0,88.85,30.09878,46817.7305
TLL4,Mid and South West Wales,2009,383286.640625,11297471.3125,21.62,22.01,86.18,33145.0,34046.0,85.47,27.422476000000003,42028.1631
TLL5,South East Wales,2009,644822.591796875,19117023.25,25.33,25.54,89.11,39053.0,39342.0,86.2,31.402364000000002,48411.644
TLM0,Eastern Scotland,2009,391686.021484375,11859638.9375,25.93,26.59,87.67,40831.0,40828.0,88.9,32.569405,51281.965
TLM1,East Central Scotland,2009,523181.078125,16053856.6875,31.85,31.25,82.89,50816.0,50197.0,86.94,41.378688000000004,66035.277
TLM2,Highlands and Islands,2009,242554.50854492188,7148757.5625,25.6,25.88,85.31,39237.0,38764.0,89.84,32.50311,49814.4832
TLM3,West Central Scotland,2009,742032.1796875,22448657.0,26.14,25.83,83.5,41118.0,41029.0,84.28,32.27275,50767.7436
TLM5,North Eastern Scotland,2009,279763.8046875,8731910.75,32.54,32.3,103.14,52805.0,52942.0,100.62,38.811582,62989.1262
TLM9,Southern Scotland,2009,371362.59765625,11100371.625,26.92,26.43,93.61,41846.0,41151.0,94.54,34.888447,54224.362400000005
TLN0,Northern Ireland,2009,807221.5546875,25776650.1875,23.39,23.4,85.88,38842.0,38747.0,86.84,30.745039999999996,51056.7096
TLC3,Tees Valley,2010,286980.27734375,8413647.25,26.28,26.55,87.61,40062.0,40767.0,84.8,30.523324000000002,46533.152
TLC4,"Northumberland, Durham and Tyne & Wear",2010,837838.94140625,24940112.375,25.71,25.75,87.01,39794.0,39833.0,87.8,30.905952000000006,47848.365999999995
TLD1,Cumbria,2010,248117.5703125,7945538.75,23.85,24.88,83.58,39723.0,39547.0,89.28,29.261357999999994,48717.4176
TLD3,Greater Manchester,2010,1266974.4375,37952358.25,27.2,27.18,86.63,42362.0,42670.0,84.88,33.52581,52225.8152
TLD4,Lancashire,2010,668307.248046875,19876156.125,24.83,24.87,87.13,38394.0,38475.0,85.86,31.889580000000002,49323.135599999994
TLD6,Cheshire,2010,475030.8671875,14342977.75,32.02,32.22,93.49,50279.0,50409.0,91.78,41.303881999999994,64845.3234
TLD7,Merseyside,2010,626708.5859375,18525841.375,28.47,28.09,101.37,43759.0,43394.0,99.45,36.229638,55691.0055
TLE1,East Yorkshire and Northern Lincolnshire,2010,400716.1328125,11943663.5,26.77,26.6,87.36,41486.0,41699.0,88.3,33.4152,51784.418
TLE2,North Yorkshire,2010,417522.609375,12289647.75,25.78,26.27,87.51,39459.0,40084.0,87.52,33.481325999999996,51247.335999999996
TLE3,South Yorkshire,2010,565025.6875,16518706.5,24.94,24.6,94.98,37908.0,37803.0,91.13,31.105950000000004,47291.913499999995
TLE4,West Yorkshire,2010,1056603.1484375,31858264.25,26.14,26.23,89.11,40988.0,41352.0,88.23,32.382574000000005,50771.0712
TLF1,Derbyshire and Nottinghamshire,2010,944991.7734375,28183291.5625,25.69,25.87,100.3,39838.0,39934.0,95.4,33.62056,52132.28400000001
TLF2,"Leicestershire, Rutland and Northamptonshire",2010,826809.4453125,25599247.84375,26.05,25.83,95.9,41946.0,41444.0,96.89,33.55541,54020.050599999995
TLF3,Lincolnshire,2010,312975.40625,9496962.3125,23.54,23.49,88.64,37150.0,37317.0,92.62,30.607392,48297.6252
TLG1,"Herefordshire, Worcestershire and Warwickshire",2010,616363.125,19119691.75,25.27,25.48,82.71,40760.0,40751.0,85.44,31.504239000000002,50808.604799999994
TLG2,Shropshire and Staffordshire,2010,692196.087890625,20618865.6875,24.66,24.77,95.11,38190.0,38460.0,93.33,31.614564,48959.9847
TLG3,West Midlands,2010,1205496.1640625,36936373.5,26.26,26.13,96.01,41844.0,41600.0,95.89,33.68990900000001,53682.0987
TLH2,Bedfordshire and Hertfordshire,2010,835655.4375,25356761.25,30.19,29.96,90.53,47630.0,47674.0,90.34,36.610332,57760.6858
TLH3,Essex,2010,730290.384765625,21365912.8125,28.65,27.95,99.45,43594.0,42779.0,91.28,37.41309,56914.905600000006
TLH4,Cambridgeshire and Peterborough,2010,419675.60546875,12965527.25,28.97,29.31,93.1,46543.0,47028.0,91.89,36.513819999999996,58657.9815
TLH5,Norfolk,2010,379487.8828125,11426125.375,24.66,24.88,91.84,38605.0,38451.0,94.06,32.208288,50423.6848
TLH6,Suffolk,2010,345854.2890625,9776964.75,27.88,27.89,85.4,40985.0,41874.0,86.43,34.13438,50176.9365
TLI3,Inner London - West,2010,1679569.3125,57977867.75,45.39,44.82,93.39,81477.0,80442.0,94.5,59.564142000000004,106924.86
TLI4,Inner London - East,2010,1093943.2734375,35405358.25,42.6,41.21,109.25,71698.0,70752.0,108.74,54.308175,91394.8826
TLI5,Outer London - East and North East,2010,533319.62109375,15288991.75,35.92,35.36,112.61,53548.0,53974.0,107.7,46.05749,68654.442
TLI6,Outer London - South,2010,481653.828125,14575867.25,33.62,34.87,103.59,52911.0,53386.0,106.43,43.393851000000005,68281.2308
TLI7,Outer London - West and North West,2010,856505.7578125,26528117.25,36.12,35.86,101.12,58179.0,58077.0,100.02,44.563584,71763.3498
TLJ1,"Berkshire, Buckinghamshire and Oxfordshire",2010,1248793.5703125,37631253.125,36.28,35.79,90.38,56846.0,56918.0,85.95,42.370144,66392.0775
TLJ2,"Surrey, East and West Sussex",2010,1342075.091796875,39980620.875,31.6,31.69,90.51,48947.0,49259.0,91.57,40.213593,62293.2396
TLJ3,Hampshire and Isle of Wight,2010,935858.349609375,26240577.5625,33.05,32.37,92.68,48184.0,48369.0,87.98,41.965504,61183.93140000001
TLJ4,Kent,2010,738441.962890625,21492581.25,28.64,28.25,102.3,43348.0,43634.0,94.58,37.278119999999994,56414.1326
TLK3,Cornwall and Isles of Scilly,2010,250261.24633789062,7444722.265625,20.81,21.4,85.08,32186.0,32685.0,84.13,27.200076,42075.93689999999
TLK4,Devon,2010,541927.435546875,15508802.9375,24.9,24.9,95.6,37051.0,37045.0,91.79,31.461959999999994,46827.58640000001
TLK5,West of England,2010,500602.109375,14905617.0,30.39,29.98,97.65,47057.0,46800.0,94.15,39.284594999999996,60830.315
TLK6,"North Somerset, Somerset and Dorset",2010,685042.2734375,20055371.25,25.46,25.22,93.85,38764.0,39080.0,93.87,33.269825,50654.129400000005
TLK7,Gloucestershire and Wiltshire,2010,646092.443359375,18629386.875,31.99,31.38,93.17,47970.0,47674.0,92.07,41.125237999999996,61667.565299999995
TLL3,North Wales,2010,299086.5234375,8876704.625,24.13,24.1,88.81,37237.0,37698.0,90.25,30.817070000000005,47555.4325
TLL4,Mid and South West Wales,2010,382081.0546875,11308492.625,22.16,22.32,87.52,34111.0,34451.0,87.16,27.848864,42859.186799999996
TLL5,South East Wales,2010,645886.21484375,18787767.125,26.38,26.31,92.65,39897.0,40387.0,87.93,32.649860000000004,49383.2466
TLM0,Eastern Scotland,2010,384730.1796875,11262825.125,27.15,27.35,92.82,41322.0,41756.0,90.99,34.48262999999999,52487.58149999999
TLM1,East Central Scotland,2010,515238.603515625,15703792.75,32.68,31.97,86.32,51795.0,50883.0,89.92,43.090944,68298.736
TLM2,Highlands and Islands,2010,244805.05200195312,6818504.58203125,27.3,27.19,90.98,39546.0,40289.0,90.54,34.663380000000004,50202.6192
TLM3,West Central Scotland,2010,715581.177734375,21521950.9375,26.77,26.65,86.28,41867.0,42088.0,86.57,33.34722,52147.1709
TLM5,North Eastern Scotland,2010,279757.3515625,8685994.5,33.59,33.26,106.26,54226.0,54037.0,103.12,39.985638,64554.1512
TLM9,Southern Scotland,2010,365224.9921875,10806220.0,27.46,27.06,95.59,42251.0,42073.0,95.56,35.626393,54809.3936
TLN0,Northern Ireland,2010,812873.5078125,25338598.8125,23.53,23.89,86.18,38136.0,39200.0,85.07,30.85244,50016.055799999995
TLC3,Tees Valley,2011,275779.0859375,8226288.5625,27.2,27.05,89.94,42190.0,41661.0,88.58,31.335096000000004,48607.3892
TLC4,"Northumberland, Durham and Tyne & Wear",2011,835278.04296875,24576111.75,26.59,26.42,89.81,40688.0,40802.0,89.57,31.900512000000003,48812.9629
TLD1,Cumbria,2011,245932.4609375,7118894.0,26.42,25.52,90.98,39763.0,39815.0,87.85,31.852098,47937.10949999999
TLD3,Greater Manchester,2011,1244267.8671875,37696811.375,27.39,27.6,86.44,43156.0,43487.0,85.66,33.45228,52705.7414
TLD4,Lancashire,2011,680664.107421875,20374128.75,24.68,25.16,86.07,38415.0,39166.0,85.35,31.50162,49030.16099999999
TLD6,Cheshire,2011,473719.5,14142375.75,33.08,32.77,95.39,51353.0,51505.0,92.6,42.143302000000006,65424.678
TLD7,Merseyside,2011,626692.33203125,18505277.0,28.56,28.28,100.16,43860.0,43754.0,98.16,35.797184,54968.6184
TLE1,East Yorkshire and Northern Lincolnshire,2011,401408.9921875,12646324.0,24.72,26.11,79.87,40500.0,41454.0,85.33,30.550275000000003,50042.631799999996
TLE2,North Yorkshire,2011,415863.7265625,12185420.25,26.85,26.46,90.96,40912.0,40604.0,90.56,34.801296,53027.407999999996
TLE3,South Yorkshire,2011,567560.875,17132154.0,24.56,25.03,93.17,38551.0,38713.0,92.3,30.513175,47899.085
TLE4,West Yorkshire,2011,1060308.796875,31807388.25,26.75,26.51,90.85,41732.0,41940.0,89.5,33.01489,51501.88
TLF1,Derbyshire and Nottinghamshire,2011,958838.1875,28392064.75,26.3,26.29,102.45,40497.0,40746.0,96.75,34.34124,52870.005
TLF2,"Leicestershire, Rutland and Northamptonshire",2011,840109.12109375,25622623.84375,25.92,26.15,95.1,41103.0,41852.0,94.64,33.27549,52765.5856
TLF3,Lincolnshire,2011,322982.185546875,9921123.0,22.91,23.95,86.39,36590.0,38010.0,91.38,29.830467000000002,47651.0148
TLG1,"Herefordshire, Worcestershire and Warwickshire",2011,628514.546875,19375362.4375,26.24,26.39,85.81,42061.0,42308.0,88.1,32.68502900000001,52390.426999999996
TLG2,Shropshire and Staffordshire,2011,680542.333984375,19956495.125,26.25,25.16,101.47,40022.0,39234.0,98.03,33.728628,51425.557700000005
TLG3,West Midlands,2011,1213914.6953125,37140053.0,26.68,26.56,97.28,42447.0,42395.0,97.01,34.135552000000004,54309.1083
TLH2,Bedfordshire and Hertfordshire,2011,843405.390625,26063962.125,29.32,29.85,87.64,47110.0,47672.0,89.08,35.441615999999996,56955.0796
TLH3,Essex,2011,739769.873046875,21729120.4375,28.01,27.94,96.74,42777.0,43025.0,89.15,36.393587999999994,55586.808000000005
TLH4,Cambridgeshire and Peterborough,2011,411793.2265625,12574331.25,30.55,30.06,97.79,48515.0,48187.0,95.39,38.353238000000005,60892.2065
TLH5,Norfolk,2011,382187.2109375,11327582.625,25.27,25.26,93.51,38939.0,39068.0,94.27,32.793957,50536.2616
TLH6,Suffolk,2011,348963.3046875,10089590.5,27.65,28.05,84.32,41569.0,42489.0,87.28,33.702704,50670.404
TLI3,Inner London - West,2011,1736516.78125,59866307.0,45.5,45.26,92.56,81563.0,81592.0,93.54,59.03476800000001,105838.6392
TLI4,Inner London - East,2011,1129297.4296875,38057954.25,42.45,41.86,108.8,74390.0,72419.0,112.76,54.084480000000006,94773.6524
TLI5,Outer London - East and North East,2011,521048.14453125,15649680.875,35.45,35.77,110.56,55361.0,54903.0,110.79,45.21903999999999,70624.1934
TLI6,Outer London - South,2011,469772.6171875,13650498.0,35.92,35.57,109.7,54269.0,54281.0,108.22,45.95333000000001,69429.6232
TLI7,Outer London - West and North West,2011,877149.625,27316271.0,35.95,36.21,100.18,58225.0,58641.0,99.64,44.149326,71490.70360000001
TLJ1,"Berkshire, Buckinghamshire and Oxfordshire",2011,1272264.375,39002099.5,36.42,36.21,90.89,58049.0,57972.0,87.93,42.609232,67921.5285
TLJ2,"Surrey, East and West Sussex",2011,1339277.810546875,39967140.125,31.91,32.04,90.4,49523.0,49851.0,91.62,40.16472,62327.253600000004
TLJ3,Hampshire and Isle of Wight,2011,944542.767578125,27258684.875,32.86,32.85,91.17,49315.0,49406.0,89.08,41.281776,61948.90439999999
TLJ4,Kent,2011,749862.09375,22445939.0,28.29,28.47,99.88,44035.0,44326.0,94.97,36.396271999999996,56646.7559
TLK3,Cornwall and Isles of Scilly,2011,253101.1279296875,7260517.79296875,21.98,21.9,89.56,32793.0,33245.0,85.4,28.632332,42711.102
TLK4,Devon,2011,540127.001953125,15499052.3125,25.36,25.31,96.33,37836.0,37647.0,92.74,31.702202999999994,47312.2384
TLK5,West of England,2011,508582.7265625,15278536.5,29.92,30.3,95.59,46740.0,47595.0,92.99,38.455856999999995,60080.83899999999
TLK6,"North Somerset, Somerset and Dorset",2011,687266.015625,20976764.75,24.78,25.35,90.58,39334.0,39479.0,94.46,32.11061,50972.50519999999
TLK7,Gloucestershire and Wiltshire,2011,650561.623046875,18926687.75,31.49,31.65,91.15,47637.0,48513.0,90.87,40.233610000000006,60863.8173
TLL3,North Wales,2011,300011.603515625,9161885.25,24.78,24.71,90.25,39348.0,38857.0,94.37,31.316750000000003,49726.3841
TLL4,Mid and South West Wales,2011,379483.80078125,11361401.6875,22.59,22.7,88.29,35164.0,35197.0,88.93,28.093878000000004,43729.54890000001
TLL5,South East Wales,2011,636627.908203125,19090185.875,26.94,27.09,94.08,42010.0,41774.0,92.04,33.153792,51691.5048
TLM0,Eastern Scotland,2011,380481.8447265625,11104994.1875,28.05,28.19,95.04,42570.0,42864.0,92.9,35.307359999999996,53589.365
TLM1,East Central Scotland,2011,529949.484375,16027779.375,32.29,32.38,83.57,50788.0,51311.0,86.39,41.718144,65617.5245
TLM2,Highlands and Islands,2011,242428.42053222656,6965584.98828125,28.3,28.15,92.78,42289.0,41739.0,95.25,35.349180000000004,52814.22
TLM3,West Central Scotland,2011,712177.66015625,21630481.5,27.42,27.42,88.08,43301.0,43509.0,89.25,34.04292,53761.5225
TLM5,North Eastern Scotland,2011,289128.8984375,8930638.0,33.74,33.97,105.48,54187.0,55123.0,101.84,39.69212400000001,63752.8584
TLM9,Southern Scotland,2011,374743.46484375,11431446.75,26.57,27.43,92.17,42141.0,42804.0,94.99,34.351759,54482.4644
TLN0,Northern Ireland,2011,795099.6484375,24896482.0,24.44,24.48,89.29,39789.0,40269.0,88.53,31.965819999999997,52050.3282
TLC3,Tees Valley,2012,277209.740234375,8259227.875,27.5,27.56,91.57,42607.0,42617.0,90.08,31.902988,49430.4992
TLC4,"Northumberland, Durham and Tyne & Wear",2012,825650.51171875,24577201.125,27.36,26.97,91.33,42344.0,41837.0,92.15,32.440416,50218.98550000001
TLD1,Cumbria,2012,255352.3515625,7614960.25,25.68,26.03,88.36,39816.0,40419.0,87.9,30.934836,47964.39300000001
TLD3,Greater Manchester,2012,1255115.578125,38310258.0,28.15,28.01,87.92,44685.0,44400.0,87.78,34.025040000000004,54010.1562
TLD4,Lancashire,2012,664287.5546875,20025603.6875,26.05,25.65,89.05,40835.0,40326.0,88.94,32.5923,51092.4724
TLD6,Cheshire,2012,474747.8828125,14508828.25,33.43,33.29,95.93,53125.0,52796.0,95.33,42.38187400000001,67353.5049
TLD7,Merseyside,2012,625663.90234375,19021286.5,27.5,28.23,95.87,43467.0,44066.0,96.74,34.263938,54173.4326
TLE1,East Yorkshire and Northern Lincolnshire,2012,394691.140625,12032889.25,26.4,26.32,84.78,41853.0,41884.0,87.65,32.42835,51403.219000000005
TLE2,North Yorkshire,2012,424519.8359375,12616817.75,26.6,26.74,88.26,41103.0,41399.0,89.13,33.768276,52190.07149999999
TLE3,South Yorkshire,2012,566632.1640625,17034625.25,25.48,25.52,96.07,39827.0,39656.0,94.79,31.462924999999995,49191.270500000006
TLE4,West Yorkshire,2012,1056001.8515625,32505183.25,26.76,26.81,90.21,42839.0,42716.0,91.18,32.782314,52468.61920000001
TLF1,Derbyshire and Nottinghamshire,2012,964176.724609375,28861627.8125,26.77,26.81,101.97,41675.0,41766.0,97.35,34.180344000000005,53197.880999999994
TLF2,"Leicestershire, Rutland and Northamptonshire",2012,845722.51953125,26118829.09375,26.41,26.67,95.46,42419.0,42771.0,96.2,33.401454,53635.348
TLF3,Lincolnshire,2012,312735.765625,9544485.9375,24.92,24.9,91.35,39551.0,39440.0,96.01,31.543155,50065.3746
TLG1,"Herefordshire, Worcestershire and Warwickshire",2012,637653.103515625,19744517.0,27.32,27.48,87.04,43989.0,44184.0,89.76,33.153536,53377.5792
TLG2,Shropshire and Staffordshire,2012,699657.16796875,21668458.8125,24.64,25.33,93.79,39674.0,40023.0,95.7,31.175796000000005,50203.263
TLG3,West Midlands,2012,1232536.984375,37672331.25,27.02,26.99,97.03,42941.0,43244.0,96.67,34.047827000000005,54118.7661
TLH2,Bedfordshire and Hertfordshire,2012,848143.6171875,26153563.375,29.8,30.08,88.08,47788.0,48248.0,89.33,35.619552,57114.922099999996
TLH3,Essex,2012,765701.751953125,23031744.5,27.22,28.13,92.31,42570.0,43637.0,87.11,34.727022,54314.8272
TLH4,Cambridgeshire and Peterborough,2012,415306.21875,12785704.9375,31.32,30.63,98.68,50137.0,49021.0,97.05,38.702296000000004,61951.8675
TLH5,Norfolk,2012,400661.3125,11825825.5,25.37,25.62,92.35,38938.0,39903.0,92.71,32.387145000000004,49699.9768
TLH6,Suffolk,2012,342750.35546875,10226657.75,28.31,28.42,85.11,43930.0,43703.0,90.91,34.018467,52777.8005
TLI3,Inner London - West,2012,1804897.2890625,63427267.0,44.77,45.85,90.47,81820.0,83064.0,93.19,57.701766,105442.6212
TLI4,Inner London - East,2012,1175638.8125,39494743.25,41.74,42.02,106.84,72912.0,72936.0,110.38,53.110164000000005,92773.28619999999
TLI5,Outer London - East and North East,2012,548149.25,16128604.25,36.5,36.23,111.49,55853.0,55829.0,109.45,45.59941,69769.997
TLI6,Outer London - South,2012,481258.1640625,13958038.0,36.77,36.09,110.09,55461.0,55433.0,108.41,46.116701000000006,69551.5196
TLI7,Outer London - West and North West,2012,912338.1640625,28340341.25,36.83,36.99,100.83,59493.0,60004.0,100.03,44.435781,71770.5247
TLJ1,"Berkshire, Buckinghamshire and Oxfordshire",2012,1297429.5625,40642772.875,36.17,36.54,90.0,58917.0,59106.0,88.98,42.192,68732.60100000001
TLJ2,"Surrey, East and West Sussex",2012,1374149.4921875,41395906.375,32.16,32.52,89.58,50383.0,50854.0,91.65,39.800394000000004,62347.662000000004
TLJ3,Hampshire and Isle of Wight,2012,954043.396484375,28298261.25,32.66,33.22,89.24,50369.0,50586.0,89.62,40.407872,62324.4366
TLJ4,Kent,2012,742348.4296875,22614247.6875,28.73,28.8,99.62,45508.0,45328.0,96.39,36.301528,57493.7433
TLK3,Cornwall and Isles of Scilly,2012,248776.1710205078,7316868.146484375,22.52,22.42,89.78,34441.0,34088.0,87.77,28.702666,43896.4101
TLK4,Devon,2012,549997.64453125,15501733.4375,25.9,25.77,96.49,37955.0,38399.0,91.24,31.754858999999996,46546.9984
TLK5,West of England,2012,503392.9921875,15310895.0,31.27,30.74,98.45,49460.0,48689.0,96.96,39.606435,62645.856
TLK6,"North Somerset, Somerset and Dorset",2012,683991.4140625,20536191.5,25.94,25.82,92.89,40499.0,40188.0,95.28,32.929505000000006,51414.9936
TLK7,Gloucestershire and Wiltshire,2012,633485.509765625,19216977.75,31.85,31.97,90.54,50247.0,49690.0,94.13,39.964356,63047.3327
TLL3,North Wales,2012,307763.76171875,9304682.875,25.21,25.15,89.78,39634.0,39811.0,92.94,31.153660000000006,48972.8742
TLL4,Mid and South West Wales,2012,379712.2421875,11256106.0625,23.56,23.23,90.77,36314.0,36181.0,90.53,28.883014,44516.316900000005
TLL5,South East Wales,2012,637723.048828125,18915748.25,28.08,27.86,96.87,43304.0,42982.0,93.74,34.136988,52646.258799999996
TLM0,Eastern Scotland,2012,379633.232421875,10873733.375,29.87,29.14,98.84,44485.0,44271.0,94.8,36.71906,54685.38
TLM1,East Central Scotland,2012,548705.1328125,16806798.1875,31.89,32.81,81.77,50794.0,52027.0,85.6,40.819584,65017.48
TLM2,Highlands and Islands,2012,237810.66430664062,6694711.0625,29.84,28.84,96.32,43686.0,42943.0,96.89,36.697919999999996,53723.5672
TLM3,West Central Scotland,2012,704881.576171875,21703003.125,27.83,28.09,88.19,44554.0,44900.0,90.58,34.085435,54562.6746
TLM5,North Eastern Scotland,2012,293816.9296875,9222534.75,34.61,34.68,105.9,56491.0,56833.0,103.9,39.850170000000006,65042.439000000006
TLM9,Southern Scotland,2012,366497.4921875,10921625.0,28.37,28.17,95.87,43965.0,43891.0,96.53,35.730749,55365.74679999999
TLN0,Northern Ireland,2012,776386.90234375,24768482.6875,25.58,25.07,91.58,42443.0,41654.0,92.52,32.78564,54396.2088
TLC3,Tees Valley,2013,280568.708984375,8322385.875,27.97,28.25,91.25,43148.0,43719.0,89.36,31.7915,49035.4064
TLC4,"Northumberland, Durham and Tyne & Wear",2013,833030.84765625,25006645.0,27.18,27.3,89.1,42423.0,42595.0,90.66,31.64832,49406.9802
TLD1,Cumbria,2013,255385.6484375,7496366.0,26.98,26.68,90.62,41177.0,41386.0,88.74,31.726062000000002,48422.7558
TLD3,Greater Manchester,2013,1279436.8828125,39223235.75,28.65,28.47,88.07,45679.0,45303.0,88.32,34.08309,54342.41279999999
TLD4,Lancashire,2013,671136.37109375,20304482.4375,26.34,26.14,88.29,41443.0,41545.0,88.49,32.31414,50833.9654
TLD6,Cheshire,2013,486718.9609375,15065055.75,33.39,33.52,93.77,53748.0,53861.0,94.37,41.427586,66675.23610000001
TLD7,Merseyside,2013,625854.6015625,18667927.75,28.75,28.5,98.58,44585.0,44700.0,97.59,35.232492,54649.424100000004
TLE1,East Yorkshire and Northern Lincolnshire,2013,392514.1796875,11919173.375,27.17,26.97,86.25,42895.0,42747.0,88.82,32.990625,52089.377199999995
TLE2,North Yorkshire,2013,425772.3984375,12780648.25,27.09,27.02,87.96,42283.0,42158.0,89.72,33.653496,52535.545999999995
TLE3,South Yorkshire,2013,565168.78125,16608599.5,26.76,25.98,99.18,40890.0,40418.0,95.66,32.48145,49642.757000000005
TLE4,West Yorkshire,2013,1066947.8515625,33344352.5,26.81,27.2,88.79,43566.0,43533.0,91.12,32.26628600000001,52434.092800000006
TLF1,Derbyshire and Nottinghamshire,2013,964352.095703125,29229568.6875,27.41,27.26,102.15,43208.0,42723.0,98.75,34.240680000000005,53962.925
TLF2,"Leicestershire, Rutland and Northamptonshire",2013,852568.490234375,26352764.78125,27.28,27.3,97.45,43848.0,43963.0,98.29,34.097755,54800.6066
TLF3,Lincolnshire,2013,310711.15625,9421090.0,26.56,25.85,95.58,41878.0,40927.0,99.8,33.003774,52041.708
TLG1,"Herefordshire, Worcestershire and Warwickshire",2013,638271.998046875,19543395.1875,29.22,28.48,91.37,46532.0,46034.0,93.18,34.80283300000001,55411.350600000005
TLG2,Shropshire and Staffordshire,2013,710859.80859375,21728386.9375,25.5,25.58,95.2,40526.0,40759.0,95.87,31.64448,50292.4433
TLG3,West Midlands,2013,1256385.671875,39402173.75,26.98,27.38,94.49,43994.0,44194.0,96.58,33.156541000000004,54068.3814
TLH2,Bedfordshire and Hertfordshire,2013,877665.6484375,27281254.375,30.5,30.64,88.89,49301.0,49266.0,90.87,35.947115999999994,58099.551900000006
TLH3,Essex,2013,748133.080078125,22569257.5,28.5,28.66,94.71,44713.0,44679.0,89.64,35.629901999999994,55892.332800000004
TLH4,Cambridgeshire and Peterborough,2013,433804.20703125,13541281.375,30.22,30.8,93.45,49047.0,49247.0,93.19,36.651089999999996,59487.8365
TLH5,Norfolk,2013,389610.375,11812005.75,26.52,26.19,94.72,41806.0,40952.0,97.68,33.218303999999996,52364.294400000006
TLH6,Suffolk,2013,344778.11328125,10473412.375,28.87,29.07,85.35,45606.0,45112.0,92.83,34.114394999999995,53892.45649999999
TLI3,Inner London - West,2013,1851560.6875,64803941.0,46.54,46.87,91.62,84695.0,84917.0,94.0,58.435236,106359.12
TLI4,Inner London - East,2013,1227065.6171875,40992796.5,41.74,42.06,104.91,72514.0,72847.0,107.78,52.150761,90588.01220000001
TLI5,Outer London - East and North East,2013,563099.703125,16569693.125,37.23,36.4,111.75,56970.0,56583.0,109.71,45.705749999999995,69935.73659999999
TLI6,Outer London - South,2013,485552.046875,14490684.5,36.24,36.45,106.74,56239.0,56644.0,108.15,44.713386,69384.714
TLI7,Outer London - West and North West,2013,937176.0390625,29517476.25,37.35,38.14,101.12,61174.0,61891.0,101.72,44.563584,72983.0828
TLJ1,"Berkshire, Buckinghamshire and Oxfordshire",2013,1307684.078125,41205942.25,36.86,37.0,90.41,60403.0,60319.0,89.9,42.384208,69443.255
TLJ2,"Surrey, East and West Sussex",2013,1367853.76171875,41322147.125,33.5,33.31,91.28,52617.0,52130.0,93.65,40.555704,63708.222
TLJ3,Hampshire and Isle of Wight,2013,956484.1015625,28146405.1875,34.04,33.74,91.18,52086.0,51778.0,90.84,41.286304,63172.8612
TLJ4,Kent,2013,751835.08203125,23042615.25,29.12,29.23,98.96,46417.0,46333.0,96.34,36.061023999999996,57463.9198
TLK3,Cornwall and Isles of Scilly,2013,251677.107421875,7419144.10546875,22.92,23.05,89.98,35136.0,34991.0,88.17,28.766606000000003,44096.4621
TLK4,Devon,2013,548513.00390625,15958704.0625,26.08,26.1,95.82,39458.0,39131.0,93.52,31.534361999999998,47710.163199999995
TLK5,West of England,2013,511644.1640625,15977415.25,30.43,31.17,93.85,49409.0,49583.0,94.9,37.755855,61314.89
TLK6,"North Somerset, Somerset and Dorset",2013,707119.5859375,20853771.5,26.25,26.35,92.16,40249.0,40955.0,92.86,32.67072,50109.1132
TLK7,Gloucestershire and Wiltshire,2013,646113.85546875,19641399.875,32.23,32.26,89.58,50954.0,50584.0,93.32,39.540612,62504.80279999999
TLL3,North Wales,2013,306774.220703125,9440282.9375,25.95,25.41,91.01,41526.0,40583.0,95.89,31.580470000000005,50527.31770000001
TLL4,Mid and South West Wales,2013,386425.69921875,11790834.625,23.5,23.63,88.74,37285.0,37114.0,91.1,28.237068,44796.602999999996
TLL5,South East Wales,2013,637506.54296875,18964929.875,28.75,28.49,97.37,44481.0,43880.0,94.51,34.313188000000004,53078.7062
TLM0,Eastern Scotland,2013,388797.6025390625,11510811.59375,29.63,29.84,96.38,45618.0,45723.0,95.56,35.80517,55123.78600000001
TLM1,East Central Scotland,2013,540581.390625,16540892.875,33.59,33.72,83.38,53441.0,53452.0,87.2,41.623296,66232.76
TLM2,Highlands and Islands,2013,249698.84606933594,7241306.34765625,28.57,29.2,91.58,43088.0,43905.0,94.9,34.89198,52620.152
TLM3,West Central Scotland,2013,687706.36328125,21612078.125,29.2,28.87,91.04,47721.0,46159.0,95.45,35.18696,57496.2165
TLM5,North Eastern Scotland,2013,297975.875,9557703.0,35.56,35.28,106.91,59307.0,58528.0,107.19,40.230233000000005,67102.0119
TLM9,Southern Scotland,2013,376445.453125,11274210.25,28.59,28.88,95.21,44532.0,45094.0,96.34,35.484767000000005,55256.7704
TLN0,Northern Ireland,2013,790006.0234375,25760250.5625,25.39,25.59,89.26,43053.0,42903.0,92.17,31.95508,54190.429800000005
TLC3,Tees Valley,2014,280009.87109375,8378844.5,28.91,29.08,94.53,44991.0,45017.0,93.39,32.93425200000001,51246.8286
TLC4,"Northumberland, Durham and Tyne & Wear",2014,834022.1171875,25440229.125,27.41,27.64,89.02,43484.0,43392.0,92.04,31.619904000000002,50159.0388
TLD1,Cumbria,2014,257828.8046875,7953846.25,26.63,27.14,89.06,42718.0,42488.0,91.65,31.179906000000003,50010.65550000001
TLD3,Greater Manchester,2014,1319222.15625,40714497.25,28.36,28.88,86.08,45517.0,46078.0,86.89,33.312960000000004,53462.54809999999
TLD4,Lancashire,2014,680558.91796875,21467107.375,25.8,26.83,85.64,42320.0,42983.0,89.5,31.34424,51414.17
TLD6,Cheshire,2014,499969.4140625,15498307.5,34.31,33.74,95.78,55309.0,54928.0,96.54,42.315604,68208.4062
TLD7,Merseyside,2014,642821.53125,19738857.25,28.52,28.85,96.73,45541.0,45591.0,98.58,34.571302,55203.8142
TLE1,East Yorkshire and Northern Lincolnshire,2014,403507.8984375,12345804.75,27.1,27.8,85.63,43117.0,43708.0,88.85,32.753475,52106.971
TLE2,North Yorkshire,2014,423314.046875,13005448.75,27.18,27.33,87.39,43429.0,42767.0,91.23,33.435414,53419.726500000004
TLE3,South Yorkshire,2014,586977.1796875,17845201.5,25.7,26.24,93.97,40630.0,40867.0,93.76,30.775175,48656.752
TLE4,West Yorkshire,2014,1082841.6875,33275286.25,27.75,27.69,90.48,44339.0,44289.0,91.3,32.880432000000006,52537.672
TLF1,Derbyshire and Nottinghamshire,2014,979641.98828125,29460021.5,27.89,27.68,102.19,43616.0,43486.0,98.01,34.254088,53558.5446
TLF2,"Leicestershire, Rutland and Northamptonshire",2014,857906.287109375,26689059.03125,28.33,27.86,99.19,45835.0,45251.0,100.68,34.706581,56133.12720000001
TLF3,Lincolnshire,2014,317312.26953125,9578413.1875,26.9,26.45,96.24,42217.0,41952.0,100.04,33.231671999999996,52166.858400000005
TLG1,"Herefordshire, Worcestershire and Warwickshire",2014,656630.818359375,20701519.25,29.12,29.04,90.33,47739.0,47430.0,94.84,34.406697,56398.5028
TLG2,Shropshire and Staffordshire,2014,709463.015625,22018848.8125,25.96,25.88,95.99,41898.0,41489.0,98.15,31.907076000000004,51488.5085
TLG3,West Midlands,2014,1273169.296875,39523927.75,28.28,28.05,97.64,45645.0,45514.0,98.8,34.261876,55311.204
TLH2,Bedfordshire and Hertfordshire,2014,918981.9453125,28257476.125,31.53,31.28,91.17,50412.0,50607.0,92.19,36.869148,58943.520300000004
TLH3,Essex,2014,761237.40234375,22809548.9375,29.81,29.51,97.59,46448.0,46014.0,91.74,36.713358,57201.724799999996
TLH4,Cambridgeshire and Peterborough,2014,452548.234375,13688650.125,31.23,30.99,95.71,49115.0,49323.0,92.48,37.537462,59034.608
TLH5,Norfolk,2014,398588.01171875,12314326.5,26.28,26.61,92.89,42217.0,41722.0,97.62,32.576523,52332.1296
TLH6,Suffolk,2014,352680.3046875,10477678.5,29.91,30.09,87.74,46206.0,46489.0,93.32,35.069677999999996,54176.926
TLI3,Inner London - West,2014,1911548.078125,66349290.0,48.82,48.31,93.83,88124.0,87460.0,95.46,59.844774,108011.0808
TLI4,Inner London - East,2014,1306796.109375,43224037.5,41.97,42.41,103.03,72180.0,73058.0,104.8,51.216212999999996,88083.352
TLI5,Outer London - East and North East,2014,586684.78125,18129052.375,35.28,36.5,103.83,56690.0,57268.0,107.05,42.46647,68240.093
TLI6,Outer London - South,2014,493719.6640625,15203628.5,36.59,36.67,105.4,58586.0,57863.0,110.2,44.15206,70699.912
TLI7,Outer London - West and North West,2014,959622.609375,30047250.75,39.66,39.6,105.06,64582.0,64124.0,105.06,46.299942,75379.4994
TLJ1,"Berkshire, Buckinghamshire and Oxfordshire",2014,1348096.484375,42439357.375,37.54,37.41,91.71,61450.0,61210.0,91.11,42.993648,70377.9195
TLJ2,"Surrey, East and West Sussex",2014,1402473.34765625,42608943.9375,33.75,34.0,90.4,53313.0,53247.0,93.27,40.16472,63449.715599999996
TLJ3,Hampshire and Isle of Wight,2014,967772.208984375,28981590.1875,34.15,34.31,90.53,53185.0,52816.0,91.79,40.991984,63833.519700000004
TLJ4,Kent,2014,769905.228515625,23665168.6875,29.51,29.78,98.5,47172.0,47287.0,96.18,35.8934,57368.484599999996
TLK3,Cornwall and Isles of Scilly,2014,258909.96020507812,7487216.2890625,23.56,23.6,91.53,35429.0,35902.0,87.98,29.262141,44001.4374
TLK4,Devon,2014,557456.857421875,16242510.4375,26.46,26.49,95.91,40093.0,39893.0,93.75,31.563980999999995,47827.5
TLK5,West of England,2014,532682.5625,16290849.5,31.73,32.04,96.35,50467.0,50736.0,95.41,38.761604999999996,61644.401
TLK6,"North Somerset, Somerset and Dorset",2014,709927.265625,21339681.25,27.04,27.07,93.45,42262.0,41944.0,95.97,33.128025,51787.331399999995
TLK7,Gloucestershire and Wiltshire,2014,681539.025390625,20566218.125,32.7,32.62,89.87,51316.0,51304.0,92.93,39.668618,62243.58470000001
TLL3,North Wales,2014,316057.126953125,9772963.0625,25.13,25.56,87.07,40410.0,40966.0,92.19,30.21329,48577.676699999996
TLL4,Mid and South West Wales,2014,396716.76953125,11929956.625,24.09,24.01,90.77,37677.0,37919.0,91.84,28.883014,45160.4832
TLL5,South East Wales,2014,662928.60546875,19526883.25,28.76,29.01,96.11,44048.0,44557.0,92.36,33.869164,51871.2232
TLM0,Eastern Scotland,2014,391312.298828125,11810754.28125,30.13,30.38,96.21,47287.0,47027.0,97.25,35.742014999999995,56098.6625
TLM1,East Central Scotland,2014,540985.0234375,16450134.1875,35.17,35.03,85.72,55604.0,55544.0,89.09,42.791424,67668.3095
TLM2,Highlands and Islands,2014,246786.0908203125,7389580.84375,28.98,29.6,91.36,45128.0,44708.0,97.74,34.80816,54194.875199999995
TLM3,West Central Scotland,2014,747473.91796875,22807850.1875,29.32,29.55,89.89,46526.0,46812.0,91.51,34.742484999999995,55122.8787
TLM5,North Eastern Scotland,2014,303627.59375,9841156.25,36.08,35.46,109.17,60815.0,59451.0,110.6,41.080671,69236.70599999999
TLM9,Southern Scotland,2014,367693.14453125,10974139.625,30.63,29.55,100.37,47531.0,46354.0,101.21,37.40789900000001,58050.0076
TLN0,Northern Ireland,2014,801810.57421875,26251497.0,25.69,26.23,89.42,43740.0,44026.0,92.7,32.01236,54502.038
TLC3,Tees Valley,2015,283947.388671875,8400164.125,30.32,29.88,99.88,46642.0,46370.0,97.56,34.798192,53535.074400000005
TLC4,"Northumberland, Durham and Tyne & Wear",2015,853375.09375,25610698.125,28.03,28.12,90.64,43739.0,44172.0,92.2,32.195328,50246.234000000004
TLD1,Cumbria,2015,258996.546875,7800158.25,28.17,27.78,92.9,44113.0,43580.0,93.33,32.52429,50927.381100000006
TLD3,Greater Manchester,2015,1327651.21875,40334789.25,29.83,29.49,89.92,47127.0,47100.0,89.36,34.799040000000005,54982.3144
TLD4,Lancashire,2015,676135.169921875,20966331.625,27.82,28.0,90.83,44853.0,44652.0,93.32,33.24378,53608.6072
TLD6,Cheshire,2015,511264.265625,16517124.5,32.91,34.07,90.85,55288.0,55989.0,95.43,40.13753,67424.1579
TLD7,Merseyside,2015,648886.4296875,19639056.75,29.65,29.37,99.36,46661.0,46522.0,99.81,35.511264000000004,55892.6019
TLE1,East Yorkshire and Northern Lincolnshire,2015,403765.453125,11999591.0,29.51,28.67,92.87,45601.0,44735.0,93.6,35.522775,54892.655999999995
TLE2,North Yorkshire,2015,439894.0625,13111976.25,27.48,28.02,86.31,42594.0,43493.0,87.42,33.022206000000004,51188.781
TLE3,South Yorkshire,2015,594170.9140625,17877133.0,26.61,26.61,96.27,41626.0,41400.0,95.06,31.528425,49331.387
TLE4,West Yorkshire,2015,1120038.5546875,33866433.0,28.63,28.27,92.42,45009.0,45079.0,91.77,33.585428,52808.1288
TLF1,Derbyshire and Nottinghamshire,2015,1002387.3203125,30743858.625,27.47,28.03,98.71,43807.0,44186.0,96.56,33.087592,52766.177599999995
TLF2,"Leicestershire, Rutland and Northamptonshire",2015,877036.02734375,27548238.5,28.48,28.25,98.44,46516.0,46181.0,100.9,34.444156,56255.78600000001
TLF3,Lincolnshire,2015,319685.22265625,9908265.9375,26.42,26.67,92.05,42583.0,42522.0,98.24,31.784865,51228.2304
TLG1,"Herefordshire, Worcestershire and Warwickshire",2015,663632.099609375,21260856.0625,29.53,29.52,91.23,49190.0,48478.0,97.34,34.749507,57885.177800000005
TLG2,Shropshire and Staffordshire,2015,730137.42578125,22487421.75,26.28,26.4,95.1,42089.0,42342.0,96.5,31.61124,50622.935
TLG3,West Midlands,2015,1306876.6875,41090515.25,28.22,28.89,96.57,46140.0,47030.0,98.97,33.886413000000005,55406.3751
TLH2,Bedfordshire and Hertfordshire,2015,928252.39453125,28733907.625,32.29,31.86,92.06,51984.0,52265.0,93.72,37.229064,59921.7564
TLH3,Essex,2015,785215.103515625,23478867.4375,30.33,30.58,97.14,47158.0,47522.0,91.12,36.544067999999996,56815.142400000004
TLH4,Cambridgeshire and Peterborough,2015,465305.51171875,14195136.0,30.93,31.29,92.97,49060.0,49721.0,90.6,36.462834,57834.51
TLH5,Norfolk,2015,408167.0859375,11918673.125,27.59,27.18,95.69,41900.0,42370.0,95.04,33.558483,50949.0432
TLH6,Suffolk,2015,353893.890625,10410583.875,30.95,31.13,89.69,47348.0,47756.0,94.46,35.849092999999996,54838.753
TLI3,Inner London - West,2015,1960787.3125,67582220.75,49.5,49.8,93.67,88720.0,90225.0,94.64,59.742726000000005,107083.2672
TLI4,Inner London - East,2015,1335649.5234375,43445111.25,43.46,43.14,104.65,73511.0,74185.0,104.69,52.021515,87990.8981
TLI5,Outer London - East and North East,2015,596540.21484375,17988952.625,36.91,36.96,106.16,57884.0,58034.0,106.81,43.419439999999994,68087.1026
TLI6,Outer London - South,2015,498566.0078125,15348520.25,36.68,36.8,103.34,58718.0,58609.0,108.02,43.289126,69301.3112
TLI7,Outer London - West and North West,2015,963277.359375,29399235.5,42.29,40.81,107.71,67122.0,65951.0,104.99,47.467797,75329.2751
TLJ1,"Berkshire, Buckinghamshire and Oxfordshire",2015,1369433.37109375,42955350.0,38.55,37.79,93.46,62876.0,61973.0,92.52,43.814048,71467.074
TLJ2,"Surrey, East and West Sussex",2015,1429370.94140625,42085165.9375,35.54,34.89,94.05,54406.0,54393.0,94.04,41.786415,63973.5312
TLJ3,Hampshire and Isle of Wight,2015,994090.40234375,29070296.8125,35.06,35.16,91.85,53321.0,54018.0,90.93,41.58968,63235.4499
TLJ4,Kent,2015,789105.1015625,23755036.125,30.88,30.51,101.53,48347.0,48305.0,97.08,36.997532,57905.3076
TLK3,Cornwall and Isles of Scilly,2015,256055.30322265625,7412760.015625,24.57,24.11,92.88,36980.0,37071.0,89.37,29.693735999999998,44696.61810000001
TLK4,Devon,2015,578092.736328125,16656469.375,26.61,26.98,94.85,39874.0,40723.0,91.68,31.215134999999997,46771.4688
TLK5,West of England,2015,535944.75,15926890.75,33.28,33.05,99.53,51425.0,52031.0,95.77,40.040919,61876.997
TLK6,"North Somerset, Somerset and Dorset",2015,712781.828125,21280326.75,27.69,27.85,93.87,42992.0,43018.0,95.75,33.276915,51668.615
TLK7,Gloucestershire and Wiltshire,2015,686375.435546875,20627151.5625,33.04,33.22,89.96,51626.0,52092.0,92.65,39.708344,62056.04350000001
TLL3,North Wales,2015,320205.0078125,10022238.9375,25.34,25.98,85.82,41236.0,41679.0,91.97,29.77954,48461.7521
TLL4,Mid and South West Wales,2015,400732.66015625,12382770.75,24.29,24.51,91.36,39029.0,38917.0,94.98,29.070752000000002,46704.515400000004
TLL5,South East Wales,2015,666894.103515625,19409626.0,29.58,29.51,98.23,44764.0,45456.0,93.27,34.616252,52382.2974
TLM0,Eastern Scotland,2015,388998.595703125,11494384.4375,31.59,30.92,100.25,48543.0,48172.0,99.21,37.242875,57229.288499999995
TLM1,East Central Scotland,2015,544379.525390625,16464899.4375,36.34,36.57,87.77,57159.0,57991.0,90.73,43.814784,68913.9715
TLM2,Highlands and Islands,2015,243537.8270263672,6910494.64453125,31.15,30.17,96.87,45968.0,45642.0,98.22,36.90747,54461.02559999999
TLM3,West Central Scotland,2015,753943.033203125,22278822.9375,30.46,30.27,92.63,46810.0,47527.0,91.32,35.801494999999996,55008.4284
TLM5,North Eastern Scotland,2015,298868.265625,9663513.75,35.7,35.02,113.62,60030.0,59122.0,114.83,42.75520600000001,71884.7283
TLM9,Southern Scotland,2015,372710.8671875,11429573.375,29.55,29.78,95.55,47117.0,47247.0,99.0,35.611485,56782.44
TLN0,Northern Ireland,2015,811122.66015625,25708391.75,27.19,27.02,92.3,44816.0,45196.0,92.64,33.0434,54466.7616
TLC3,Tees Valley,2016,277389.458984375,8291585.6875,30.87,30.43,100.7,47990.0,47507.0,99.38,35.08388,54533.7812
TLC4,"Northumberland, Durham and Tyne & Wear",2016,837131.015625,25420392.125,28.75,28.66,91.26,45401.0,45030.0,93.93,32.415552000000005,51189.0321
TLD1,Cumbria,2016,257742.8359375,7639335.5,28.45,28.26,93.15,43842.0,44344.0,92.11,32.611815,50261.663700000005
TLD3,Greater Manchester,2016,1350701.640625,41799965.5,29.74,30.09,88.32,47859.0,48224.0,89.41,34.17984,55013.07889999999
TLD4,Lancashire,2016,686690.689453125,20662173.6875,29.69,29.21,95.48,46458.0,46224.0,95.18,34.94568,54677.1028
TLD6,Cheshire,2016,523101.375,16578923.0,34.72,34.93,92.44,57226.0,57384.0,95.26,40.839991999999995,67304.0478
TLD7,Merseyside,2016,646248.71484375,19891965.125,29.82,29.78,97.5,47737.0,47273.0,99.61,34.8465,55780.603899999995
TLE1,East Yorkshire and Northern Lincolnshire,2016,414405.171875,12354354.0,29.14,29.18,91.08,45178.0,45511.0,92.08,34.8381,54001.2368
TLE2,North Yorkshire,2016,441711.21875,12958936.0,28.68,28.82,88.99,43759.0,44481.0,88.71,34.047574,51944.1405
TLE3,South Yorkshire,2016,611867.1015625,18008830.0,26.82,26.95,95.69,41051.0,41955.0,92.44,31.338475,47971.738
TLE4,West Yorkshire,2016,1124595.1796875,34830229.75,28.31,28.83,90.46,45595.0,46086.0,92.0,32.873164,52940.48
TLF1,Derbyshire and Nottinghamshire,2016,1006044.044921875,30019795.375,28.89,28.61,101.91,44821.0,45065.0,96.99,34.160232,53001.1554
TLF2,"Leicestershire, Rutland and Northamptonshire",2016,902056.322265625,29061347.5625,27.82,28.68,95.01,46610.0,47073.0,99.87,33.243999,55681.5198
TLF3,Lincolnshire,2016,324991.748046875,10018899.4375,26.47,27.06,91.32,42441.0,43113.0,96.94,31.532795999999998,50550.3324
TLG1,"Herefordshire, Worcestershire and Warwickshire",2016,686148.908203125,21796310.1875,29.19,30.07,88.45,48215.0,49269.0,93.58,33.690605000000005,55649.2186
TLG2,Shropshire and Staffordshire,2016,744373.037109375,22850235.1875,26.81,27.02,95.32,42800.0,43348.0,96.4,31.684368,50570.476
TLG3,West Midlands,2016,1302520.9921875,40982509.0,30.24,29.97,101.11,49484.0,48693.0,103.69,35.479499000000004,58048.772699999994
TLH2,Bedfordshire and Hertfordshire,2016,935774.31640625,30698026.625,31.58,32.34,88.12,53869.0,53907.0,95.07,35.635728,60784.9059
TLH3,Essex,2016,802556.8046875,23905469.0,31.29,31.65,97.98,48473.0,49168.0,91.56,36.860076,57089.491200000004
TLH4,Cambridgeshire and Peterborough,2016,475397.734375,14494920.75,31.67,31.91,93.17,50206.0,50831.0,90.75,36.541274,57930.2625
TLH5,Norfolk,2016,411425.72265625,12426280.25,27.06,27.67,92.13,42501.0,42897.0,94.64,32.309991,50734.6112
TLH6,Suffolk,2016,349293.02734375,10122575.4375,33.14,32.01,94.43,49941.0,48909.0,97.97,37.743671000000006,56876.483499999995
TLI3,Inner London - West,2016,2014184.921875,70894325.5,51.42,51.24,95.11,94119.0,93327.0,98.13,60.66115800000001,111032.1324
TLI4,Inner London - East,2016,1354853.328125,45365421.25,43.66,43.75,103.35,76019.0,75642.0,106.42,51.37528499999999,89444.9458
TLI5,Outer London - East and North East,2016,598821.046875,18200548.375,37.82,37.62,106.23,59779.0,58783.0,107.72,43.44807,68667.1912
TLI6,Outer London - South,2016,512404.078125,15589580.0,37.69,37.22,103.79,59633.0,59337.0,107.21,43.477631,68781.6476
TLI7,Outer London - West and North West,2016,994344.2265625,31134785.75,41.33,41.55,103.63,67288.0,67293.0,103.64,45.669740999999995,74360.6636
TLJ1,"Berkshire, Buckinghamshire and Oxfordshire",2016,1428718.4296875,45244989.875,37.08,38.21,88.42,61067.0,62763.0,88.37,41.451296,68261.4065
TLJ2,"Surrey, East and West Sussex",2016,1454571.72265625,44421155.25,34.54,35.62,89.34,54854.0,55560.0,92.66,39.693762,63034.74479999999
TLJ3,Hampshire and Isle of Wight,2016,989870.07421875,29284453.125,35.49,36.28,90.79,54604.0,55617.0,90.94,41.109712,63242.4042
TLJ4,Kent,2016,814516.1875,24978452.0,30.74,31.38,98.8,49028.0,49539.0,96.24,36.00272,57404.27279999999
TLK3,Cornwall and Isles of Scilly,2016,260578.90966796875,7906280.59375,24.18,24.67,89.99,38154.0,38426.0,90.76,28.769802999999996,45391.7988
TLK4,Devon,2016,564705.0546875,16508348.5625,27.72,27.7,97.54,42137.0,41744.0,95.66,32.100414,48801.9056
TLK5,West of England,2016,537445.8828125,16208802.5,34.49,34.02,100.89,54095.0,53577.0,98.53,40.588046999999996,63660.233
TLK6,"North Somerset, Somerset and Dorset",2016,725459.9140625,21258890.25,28.69,28.66,95.73,43724.0,44156.0,95.85,33.936285000000005,51722.57699999999
TLK7,Gloucestershire and Wiltshire,2016,690950.5859375,21012623.4375,33.12,34.0,88.33,52376.0,53194.0,92.05,38.988862,61654.1695
TLL3,North Wales,2016,322190.6640625,9745994.375,26.89,26.67,90.07,42304.0,42627.0,93.29,31.25429,49157.2997
TLL4,Mid and South West Wales,2016,411220.75390625,12612669.875,24.64,25.17,92.58,39302.0,40025.0,95.54,29.458955999999997,46979.8842
TLL5,South East Wales,2016,663494.08984375,19960305.5,30.09,30.03,98.13,47071.0,46671.0,96.32,34.581012,54095.2384
TLM0,Eastern Scotland,2016,396943.8330078125,12073053.71875,30.71,31.55,96.42,48574.0,49221.0,98.21,35.820029999999996,56652.4385
TLM1,East Central Scotland,2016,543427.12890625,16771219.75,38.07,38.05,90.31,61088.0,60572.0,95.26,45.082752,72354.73300000001
TLM2,Highlands and Islands,2016,250180.7939453125,7204600.484375,30.18,30.72,92.76,45187.0,46713.0,95.44,35.34156,52919.5712
TLM3,West Central Scotland,2016,748273.27734375,22481493.125,30.79,30.85,92.53,48111.0,48517.0,92.74,35.762845,55863.7938
TLM5,North Eastern Scotland,2016,286891.6953125,9396028.5,33.73,34.37,107.42,57447.0,58244.0,109.97,40.422146000000005,68842.3197
TLM9,Southern Scotland,2016,378048.3046875,11706185.75,29.39,30.19,93.98,47325.0,48209.0,98.32,35.026346000000004,56392.4192
TLN0,Northern Ireland,2016,823022.31640625,26279675.125,28.21,27.85,94.25,46836.0,46554.0,95.3,33.741499999999995,56030.682
TLC3,Tees Valley,2017,274437.1015625,8371894.25,30.45,30.72,98.36,48295.0,48329.0,99.06,34.268624,54358.184400000006
TLC4,"Northumberland, Durham and Tyne & Wear",2017,855503.796875,25756055.0,29.47,29.31,92.74,46131.0,45949.0,94.63,32.941248,51570.511099999996
TLD1,Cumbria,2017,252157.6171875,7783552.0,28.4,28.74,92.26,45583.0,45114.0,95.0,32.300225999999995,51838.65
TLD3,Greater Manchester,2017,1381972.1875,42822158.0,31.09,30.8,91.09,50094.0,49510.0,92.32,35.251830000000005,56803.572799999994
TLD4,Lancashire,2017,678276.5625,20200688.3125,31.2,30.14,98.92,48314.0,47486.0,97.6,36.20472,56067.295999999995
TLD6,Cheshire,2017,528886.109375,16512030.0,36.48,35.88,95.07,59217.0,58932.0,96.51,42.001926,68187.2103
TLD7,Merseyside,2017,672477.0078125,20541765.875,29.95,30.12,96.92,47573.0,47837.0,98.26,34.639208,55024.6174
TLE1,East Yorkshire and Northern Lincolnshire,2017,423655.140625,12629593.5,29.89,29.71,90.84,46330.0,46648.0,91.83,34.7463,53854.62179999999
TLE2,North Yorkshire,2017,439196.78125,12836316.25,30.92,29.83,93.75,46997.0,45888.0,93.1,35.86875,54514.705
TLE3,South Yorkshire,2017,602551.9921875,18094374.25,27.84,27.51,97.86,43468.0,42915.0,96.45,32.04915,50052.7275
TLE4,West Yorkshire,2017,1133620.6171875,34786773.75,29.61,29.51,93.01,47247.0,47342.0,93.72,33.799834000000004,53930.2368
TLF1,Derbyshire and Nottinghamshire,2017,1005575.787109375,30905978.25,28.89,29.24,100.19,46174.0,46210.0,98.21,33.583688,53667.836599999995
TLF2,"Leicestershire, Rutland and Northamptonshire",2017,920217.923828125,28691326.25,29.2,29.41,97.21,47342.0,48010.0,98.9,34.013779,55140.706000000006
TLF3,Lincolnshire,2017,335895.1875,10281810.0,27.49,27.91,92.87,43752.0,44277.0,97.9,32.068011,51050.934
TLG1,"Herefordshire, Worcestershire and Warwickshire",2017,716479.80859375,22190269.5,31.23,31.06,92.95,50289.0,50340.0,95.87,35.404655000000005,57011.0129
TLG2,Shropshire and Staffordshire,2017,742563.099609375,23144304.75,27.7,27.81,96.84,44890.0,44562.0,99.44,32.189616,52165.2296
TLG3,West Midlands,2017,1317870.453125,40909393.75,31.34,30.86,103.27,50595.0,49905.0,104.49,36.237443000000006,58496.6367
TLH2,Bedfordshire and Hertfordshire,2017,961825.36328125,31539512.0,33.17,33.03,91.39,56566.0,55471.0,98.56,36.958116,63016.307199999996
TLH3,Essex,2017,813632.390625,24108740.1875,33.54,32.72,103.27,51672.0,50997.0,96.0,38.850173999999996,59857.92
TLH4,Cambridgeshire and Peterborough,2017,483321.46875,14889477.25,32.85,32.6,95.41,52617.0,52425.0,93.89,37.419802,59934.681500000006
TLH5,Norfolk,2017,413197.20703125,12298961.5,28.68,28.55,96.11,44388.0,43959.0,97.3,33.705777,52160.583999999995
TLH6,Suffolk,2017,362669.5546875,10759182.375,32.32,32.54,90.92,49864.0,49971.0,96.57,36.340724,56063.7135
TLI3,Inner London - West,2017,2052887.703125,72468753.25,52.67,52.51,95.67,96685.0,95994.0,99.0,61.01832600000001,112016.52
TLI4,Inner London - East,2017,1378420.4609375,46209604.75,44.87,44.4,104.37,78221.0,76973.0,107.6,51.882327000000004,90436.724
TLI5,Outer London - East and North East,2017,613741.41796875,18030719.375,38.45,38.38,106.49,58743.0,59311.0,104.38,43.55441,66538.0748
TLI6,Outer London - South,2017,526848.828125,16349550.75,36.35,37.76,98.79,58651.0,60162.0,104.09,41.383131000000006,66779.9804
TLI7,Outer London - West and North West,2017,1007374.0078125,31700254.25,41.11,42.16,101.99,67278.0,68483.0,102.51,44.946993,73549.8999
TLJ1,"Berkshire, Buckinghamshire and Oxfordshire",2017,1417487.15625,45221412.625,38.4,39.15,90.29,63695.0,64337.0,90.9,42.327952,70215.705
TLJ2,"Surrey, East and West Sussex",2017,1440308.333984375,42585870.125,37.31,36.61,95.1,57368.0,56973.0,95.49,42.25293,64959.9372
TLJ3,Hampshire and Isle of Wight,2017,967490.03515625,28751920.5625,37.88,37.89,95.49,58536.0,57852.0,96.08,43.237871999999996,66816.9144
TLJ4,Kent,2017,811948.8125,24630607.25,32.26,32.43,102.08,50889.0,51112.0,98.36,37.197951999999994,58668.7892
TLK3,Cornwall and Isles of Scilly,2017,268817.9190673828,8376950.21484375,24.93,25.58,91.16,40395.0,39990.0,94.43,29.143851999999995,47227.27590000001
TLK4,Devon,2017,576094.47265625,16670353.0,28.55,28.5,99.36,42965.0,42775.0,96.45,32.699376,49204.932
TLK5,West of England,2017,546574.2890625,16765171.75,34.78,34.68,100.45,55467.0,54752.0,99.77,40.411035,64461.397000000004
TLK6,"North Somerset, Somerset and Dorset",2017,730848.8515625,21650673.25,29.84,29.38,97.79,45960.0,45366.0,98.97,34.666555,53406.191399999996
TLK7,Gloucestershire and Wiltshire,2017,678993.888671875,20159211.375,36.02,35.05,94.74,55610.0,54704.0,96.39,41.818236,64561.058099999995
TLL3,North Wales,2017,319112.291015625,9811576.1875,27.8,27.58,91.74,44448.0,43995.0,96.58,31.83378,50890.899399999995
TLL4,Mid and South West Wales,2017,396159.30078125,11943654.0,26.74,26.11,98.4,41925.0,41462.0,99.81,31.31088,49079.571299999996
TLL5,South East Wales,2017,672603.38671875,20449210.5625,30.42,30.75,98.04,48092.0,48094.0,97.24,34.549296000000005,54611.9288
TLM0,Eastern Scotland,2017,395452.9921875,11954619.8125,32.18,32.55,99.51,50580.0,50417.0,100.74,36.967965,58111.86899999999
TLM1,East Central Scotland,2017,552964.052734375,16898575.5,40.03,39.44,93.89,63617.0,62921.0,98.07,46.869888,74489.0685
TLM2,Highlands and Islands,2017,247261.6953125,7505202.953125,31.14,31.63,93.69,49154.0,48167.0,101.61,35.69589,56340.7128
TLM3,West Central Scotland,2017,756729.373046875,23193214.875,31.57,31.58,93.71,50321.0,50071.0,95.82,36.218914999999996,57719.0934
TLM5,North Eastern Scotland,2017,294060.546875,9672537.75,32.84,34.17,102.14,56179.0,57744.0,105.01,38.435282,65737.3101
TLM9,Southern Scotland,2017,381805.79296875,11864623.0,30.71,30.82,95.86,49625.0,49357.0,100.64,35.727022000000005,57723.0784
TLN0,Northern Ireland,2017,836204.703125,27226839.0625,28.42,28.52,93.05,48110.0,47882.0,95.94,33.311899999999994,56406.963599999995
TLC3,Tees Valley,2018,277922.01953125,8443308.3125,30.85,31.2,98.75,48729.0,48667.0,99.05,34.404500000000006,54352.697
TLC4,"Northumberland, Durham and Tyne & Wear",2018,872596.96484375,26247398.875,29.31,30.15,91.35,45844.0,46574.0,93.13,32.44752,50753.056099999994
TLD1,Cumbria,2018,258723.5390625,7737918.0,29.23,29.32,92.71,45458.0,45354.0,92.49,32.457771,50469.0183
TLD3,Greater Manchester,2018,1431182.9453125,44238272.75,31.4,31.83,90.76,50478.0,50531.0,91.77,35.124120000000005,56465.1633
TLD4,Lancashire,2018,687040.6171875,21144706.625,29.99,30.74,93.12,47990.0,47930.0,94.95,34.081920000000004,54544.977
TLD6,Cheshire,2018,529833.390625,16603767.0,37.1,37.08,95.39,60457.0,60154.0,97.2,42.143302000000006,68674.716
TLD7,Merseyside,2018,669906.23046875,20138376.375,30.86,30.8,98.39,48237.0,48291.0,98.17,35.16458600000001,54974.2183
TLE1,East Yorkshire and Northern Lincolnshire,2018,427391.109375,13205588.25,29.31,30.24,88.13,47088.0,47585.0,92.34,33.709725,54153.716400000005
TLE2,North Yorkshire,2018,448659.015625,13666662.5,29.32,30.99,87.0,46436.0,46929.0,90.05,33.2862,52728.7775
TLE3,South Yorkshire,2018,608139.3515625,18522152.0,27.54,28.17,94.9,43618.0,43679.0,94.86,31.079750000000004,49227.597
TLE4,West Yorkshire,2018,1145965.34375,35708933.0,30.32,30.43,93.78,49137.0,48461.0,95.96,34.079652,55219.22239999999
TLF1,Derbyshire and Nottinghamshire,2018,1018601.1328125,30846190.8125,30.19,30.46,102.28,47542.0,47494.0,98.78,34.284256000000006,53979.3188
TLF2,"Leicestershire, Rutland and Northamptonshire",2018,909697.16796875,28369041.65625,31.0,30.48,101.08,50273.0,48800.0,102.86,35.367892000000005,57348.5644
TLF3,Lincolnshire,2018,332395.35546875,9962853.5,29.39,29.31,96.63,45804.0,45510.0,99.74,33.366338999999996,52010.4204
TLG1,"Herefordshire, Worcestershire and Warwickshire",2018,716226.05078125,22106494.3125,32.45,32.31,94.8,52076.0,51209.0,97.45,36.109320000000004,57950.5915
TLG2,Shropshire and Staffordshire,2018,756818.2421875,23144154.1875,28.85,28.87,98.73,45871.0,45570.0,99.47,32.817852,52180.9673
TLG3,West Midlands,2018,1355677.9453125,41793414.5,31.61,31.66,102.09,50675.0,50282.0,102.58,35.823381000000005,57427.361399999994
TLH2,Bedfordshire and Hertfordshire,2018,991335.42578125,31524618.875,33.89,34.0,91.6,56043.0,56113.0,95.8,37.04304,61251.64599999999
TLH3,Essex,2018,821021.013671875,25058165.0625,33.39,33.57,100.21,52989.0,52012.0,95.95,37.69900199999999,59826.744000000006
TLH4,Cambridgeshire and Peterborough,2018,481862.40234375,15088960.5,33.4,33.69,95.5,54393.0,53850.0,95.54,37.455099999999995,60987.959
TLH5,Norfolk,2018,414323.0078125,12007755.875,29.05,29.84,95.23,43775.0,45001.0,93.88,33.397161000000004,50327.1904
TLH6,Suffolk,2018,369826.8203125,10971965.0625,32.24,33.13,89.64,49731.0,50566.0,95.22,35.829108,55279.971
TLI3,Inner London - West,2018,2112204.453125,74565178.5,53.74,54.05,95.98,98653.0,97847.0,99.33,61.216044000000004,112389.9084
TLI4,Inner London - East,2018,1441756.109375,48430414.0,44.13,45.04,100.54,77078.0,77133.0,103.87,49.97843400000001,87301.69630000001
TLI5,Outer London - East and North East,2018,623766.61328125,18341820.125,39.09,38.68,105.76,59766.0,59088.0,103.75,43.25584,66136.475
TLI6,Outer London - South,2018,514242.2578125,15553237.75,39.3,38.9,104.42,61809.0,60850.0,107.22,43.741538,68788.0632
TLI7,Outer London - West and North West,2018,983429.40625,30594601.25,43.51,42.86,106.52,70394.0,68672.0,105.84,46.943364,75939.1416
TLJ1,"Berkshire, Buckinghamshire and Oxfordshire",2018,1412503.8359375,44232281.0,41.19,41.03,95.63,67077.0,66464.0,94.51,44.831344,73004.2495
TLJ2,"Surrey, East and West Sussex",2018,1444389.857421875,43353485.5625,37.55,37.88,93.9,58613.0,58279.0,95.72,41.71977,65116.401600000005
TLJ3,Hampshire and Isle of Wight,2018,970449.75390625,27947337.5,39.96,39.86,99.36,59843.0,59828.0,96.88,44.990208,67373.25839999999
TLJ4,Kent,2018,807640.421875,23973568.125,34.42,33.87,106.41,53128.0,52567.0,100.33,38.775804,59843.8351
TLK3,Cornwall and Isles of Scilly,2018,270697.51599121094,7952187.4921875,26.97,27.02,96.03,41197.0,41043.0,93.77,30.700791,46897.1901
TLK4,Devon,2018,577795.708984375,16465517.3125,29.37,29.35,100.0,43517.0,43406.0,95.6,32.91,48771.295999999995
TLK5,West of England,2018,552620.8125,16968215.5,34.86,35.28,98.31,55657.0,55311.0,97.74,39.550112999999996,63149.81399999999
TLK6,"North Somerset, Somerset and Dorset",2018,754083.3515625,22453311.25,29.75,30.35,95.19,46065.0,46300.0,96.83,33.744855,52251.4046
TLK7,Gloucestershire and Wiltshire,2018,702972.96484375,21089098.3125,35.79,36.03,92.4,55833.0,55664.0,94.99,40.785360000000004,63623.3521
TLL3,North Wales,2018,328337.029296875,10161027.25,27.93,28.58,90.63,44948.0,44947.0,96.03,31.44861,50601.0879
TLL4,Mid and South West Wales,2018,399996.25390625,12410848.75,26.49,27.08,96.36,42735.0,42513.0,100.6,30.661752,49468.038
TLL5,South East Wales,2018,684627.21875,20677049.25,31.24,31.82,99.71,49069.0,49347.0,98.25,35.137804,55179.165
TLM0,Eastern Scotland,2018,388963.4453125,11319274.96875,34.19,33.95,103.65,51738.0,51331.0,101.02,38.505975,58273.387
TLM1,East Central Scotland,2018,563838.830078125,17380161.8125,40.38,40.52,93.35,64726.0,64236.0,98.35,46.60032,74701.7425
TLM2,Highlands and Islands,2018,248834.8699951172,7306231.2734375,32.41,33.03,95.53,49479.0,49024.0,100.22,36.396930000000005,55569.98559999999
TLM3,West Central Scotland,2018,754596.28515625,23495782.4375,31.83,32.55,92.89,51535.0,51262.0,96.5,35.901984999999996,58128.705
TLM5,North Eastern Scotland,2018,284614.3984375,9173754.75,34.98,34.89,104.6,58623.0,57747.0,105.38,39.36098,65968.9338
TLM9,Southern Scotland,2018,373154.1328125,11272206.5,32.4,32.05,98.99,50888.0,50266.0,101.02,36.893573,57941.0312
TLN0,Northern Ireland,2018,846506.53515625,27365229.875,29.08,29.31,93.15,48890.0,48776.0,95.36,33.3477,56065.958399999996
TLC3,Tees Valley,2019,278201.0625,8519213.8125,31.39,31.71,98.34,49989.0,48875.0,99.42,34.261656,54555.7308
TLC4,"Northumberland, Durham and Tyne & Wear",2019,861678.48046875,25917362.0,31.28,31.2,95.53,48921.0,47362.0,97.4,33.932256,53080.07800000001
TLD1,Cumbria,2019,266789.7578125,7967359.75,29.99,29.93,93.07,46565.0,45674.0,92.72,32.583807,50594.5224
TLD3,Greater Manchester,2019,1463426.8671875,45556173.25,31.82,33.04,90.04,51511.0,51643.0,91.68,34.84548000000001,56409.787200000006
TLD4,Lancashire,2019,703790.828125,21594105.5625,30.51,31.7,92.76,48684.0,48615.0,94.3,33.950160000000004,54171.578
TLD6,Cheshire,2019,542585.21875,17519989.0,36.97,38.33,92.4,62082.0,61167.0,97.01,40.822320000000005,68540.4753
TLD7,Merseyside,2019,696856.5859375,21829747.0,30.21,31.79,94.11,49205.0,49019.0,97.84,33.634914,54789.4216
TLE1,East Yorkshire and Northern Lincolnshire,2019,423431.8828125,13193258.75,31.3,31.53,90.18,50709.0,49322.0,95.29,34.49385,55883.773400000005
TLE2,North Yorkshire,2019,440757.546875,12877915.0,32.26,32.75,93.65,49016.0,48259.0,92.98,35.83049,54444.439000000006
TLE3,South Yorkshire,2019,615475.546875,18453508.75,28.78,29.06,96.83,44868.0,44691.0,95.29,31.711824999999997,49450.745500000005
TLE4,West Yorkshire,2019,1159455.3828125,36024927.5,30.86,31.51,93.41,49861.0,49583.0,95.3,33.945194,54839.432
TLF1,Derbyshire and Nottinghamshire,2019,1031574.826171875,31382372.6875,30.87,31.85,101.78,48832.0,48900.0,98.75,34.116656000000006,53962.925
TLF2,"Leicestershire, Rutland and Northamptonshire",2019,944898.1953125,29202049.5625,30.98,31.49,98.65,49782.0,49367.0,99.48,34.517635000000006,55464.0792
TLF3,Lincolnshire,2019,331844.486328125,10057072.75,30.56,30.85,98.73,48161.0,46876.0,103.04,34.091469000000004,53731.23840000001
TLG1,"Herefordshire, Worcestershire and Warwickshire",2019,724628.5,22097258.4375,33.06,33.42,94.08,52423.0,51922.0,95.55,35.835072000000004,56820.718499999995
TLG2,Shropshire and Staffordshire,2019,762543.92578125,23280325.75,29.58,30.09,98.59,46960.0,46763.0,99.16,32.771316,52018.344399999994
TLG3,West Midlands,2019,1373390.015625,42314814.0,31.77,32.36,99.76,50907.0,50250.0,100.18,35.005784000000006,56083.769400000005
TLH2,Bedfordshire and Hertfordshire,2019,1000619.28125,32199938.125,34.5,35.16,91.35,57732.0,56636.0,96.69,36.941939999999995,61820.685300000005
TLH3,Essex,2019,824388.740234375,24979118.9375,34.19,34.48,100.07,53876.0,52779.0,95.12,37.646333999999996,59309.2224
TLH4,Cambridgeshire and Peterborough,2019,487597.13671875,15466748.125,33.78,35.04,94.66,55714.0,55245.0,95.93,37.125651999999995,61236.91550000001
TLH5,Norfolk,2019,412752.875,12253735.625,31.1,31.61,99.54,48017.0,46659.0,100.52,34.908678,53886.7616
TLH6,Suffolk,2019,362981.1328125,10918199.625,34.18,33.86,93.3,53457.0,51216.0,100.48,37.29201,58333.664000000004
TLI3,Inner London - West,2019,2174947.921875,76111799.5,54.75,55.68,95.88,99629.0,99182.0,98.35,61.152263999999995,111281.05799999999
TLI4,Inner London - East,2019,1451078.421875,47593491.75,45.96,45.95,103.03,78391.0,76990.0,103.92,51.216212999999996,87343.7208
TLI5,Outer London - East and North East,2019,634378.00390625,18789817.5,39.34,38.79,104.24,60598.0,58620.0,103.01,42.634159999999994,65664.7546
TLI6,Outer London - South,2019,510444.125,15612591.25,40.18,39.9,104.76,63905.0,61068.0,108.79,43.883964000000006,69795.3124
TLI7,Outer London - West and North West,2019,982354.78125,30812863.5,44.16,43.11,106.06,72029.0,67691.0,106.25,46.740642,76233.3125
TLJ1,"Berkshire, Buckinghamshire and Oxfordshire",2019,1456323.6015625,45792958.25,42.07,43.24,95.95,68785.0,68851.0,95.21,44.98136,73544.96449999999
TLJ2,"Surrey, East and West Sussex",2019,1497066.857421875,45161358.1875,37.81,39.39,92.34,59315.0,59589.0,94.6,41.02666200000001,64354.488
TLJ3,Hampshire and Isle of Wight,2019,986805.326171875,28819240.25,41.38,41.73,100.31,62844.0,61692.0,99.18,45.420367999999996,68972.74740000001
TLJ4,Kent,2019,827490.76953125,25674177.1875,33.89,35.01,102.2,54683.0,53671.0,100.72,37.241679999999995,60076.458399999996
TLK3,Cornwall and Isles of Scilly,2019,266755.8068847656,7737227.30859375,28.54,28.64,99.59,43039.0,42187.0,96.01,31.838923,48017.4813
TLK4,Devon,2019,580553.978515625,16665788.75,30.08,30.33,100.78,44897.0,44203.0,97.05,33.166698,49511.028
TLK5,West of England,2019,583758.4921875,17365665.0,35.84,36.14,99.03,55437.0,56050.0,95.39,39.839769,61631.47900000001
TLK6,"North Somerset, Somerset and Dorset",2019,750619.71875,22780581.25,30.32,31.51,95.11,47844.0,47439.0,98.62,33.716495,53217.324400000005
TLK7,Gloucestershire and Wiltshire,2019,717096.34375,21674624.5,36.56,37.29,91.99,57460.0,56797.0,95.28,40.604386,63817.5912
TLL3,North Wales,2019,325559.13671875,9847991.4375,29.8,29.77,95.08,46873.0,45842.0,98.48,32.992760000000004,51892.0664
TLL4,Mid and South West Wales,2019,404802.046875,12231567.0,28.18,28.1,98.6,44278.0,43338.0,100.25,31.374519999999997,49295.9325
TLL5,South East Wales,2019,682069.365234375,20344582.25,33.22,32.94,103.45,51524.0,50341.0,100.68,36.455780000000004,56543.901600000005
TLM0,Eastern Scotland,2019,400024.9873046875,11622615.4375,34.98,35.2,103.25,52852.0,52143.0,100.46,38.357375,57950.350999999995
TLM1,East Central Scotland,2019,571291.302734375,17601146.0,41.6,41.38,93.71,66654.0,64985.0,98.68,46.780032,74952.394
TLM2,Highlands and Islands,2019,253784.48071289062,7083540.8671875,34.96,34.72,100.23,50736.0,49741.0,99.96,38.187630000000006,55425.8208
TLM3,West Central Scotland,2019,759610.09765625,23170052.8125,33.78,33.85,96.37,53580.0,52501.0,98.07,37.247005,59074.4259
TLM5,North Eastern Scotland,2019,287320.2109375,9077166.0,35.91,35.92,105.8,58986.0,57897.0,104.48,39.812540000000006,65405.52480000001
TLM9,Southern Scotland,2019,376599.7734375,11674624.0,32.13,33.14,95.95,51800.0,50901.0,100.49,35.76056500000001,57637.04439999999
TLN0,Northern Ireland,2019,870494.04296875,28391549.6875,29.68,30.52,92.79,50337.0,49958.0,95.83,33.21882,56342.290199999996
TLC3,Tees Valley,2020,284220.046875,7669077.3125,33.68,32.55,98.92,47252.0,49404.0,88.12,34.463728,48354.9688
TLC4,"Northumberland, Durham and Tyne & Wear",2020,851202.890625,22780004.25,33.15,32.45,95.59,46129.0,48378.0,86.71,33.953568000000004,47254.3487
TLD1,Cumbria,2020,261168.640625,7075924.75,31.0,30.92,92.15,43677.0,46580.0,83.28,32.261715,45443.3976
TLD3,Greater Manchester,2020,1443992.7890625,39538011.5,36.72,34.78,97.41,52279.0,53462.0,87.25,37.69767,53684.0525
TLD4,Lancashire,2020,703952.603515625,18907205.1875,33.61,33.23,95.9,46945.0,50027.0,85.34,35.0994,49024.41640000001
TLD6,Cheshire,2020,538184.171875,15273944.0,40.78,40.14,98.05,60188.0,62593.0,90.49,43.318490000000004,63933.899699999994
TLD7,Merseyside,2020,684014.2265625,18562600.125,34.45,33.35,98.59,48613.0,50338.0,88.8,35.23606600000001,49727.112
TLE1,East Yorkshire and Northern Lincolnshire,2020,420763.3125,11795542.75,32.75,33.35,90.33,47747.0,51326.0,85.88,34.551225,50365.184799999995
TLE2,North Yorkshire,2020,434280.265625,11001356.0,35.88,34.78,99.24,47267.0,50064.0,85.42,37.969224,50017.681000000004
TLE3,South Yorkshire,2020,615132.15625,17085685.25,30.83,30.19,97.09,44530.0,46060.0,88.51,31.796975000000003,45932.264500000005
TLE4,West Yorkshire,2020,1135484.671875,31755700.75,33.65,32.92,95.36,48929.0,51085.0,87.57,34.65382400000001,50391.28079999999
TLF1,Derbyshire and Nottinghamshire,2020,1008039.9140625,27563353.9375,35.16,33.3,109.32,49990.0,50506.0,95.33,36.644064,52094.0318
TLF2,"Leicestershire, Rutland and Northamptonshire",2020,941062.2734375,25971142.90625,33.12,32.6,98.89,47525.0,50245.0,89.05,34.601611000000005,49648.937000000005
TLF3,Lincolnshire,2020,337676.224609375,9013324.0625,33.07,32.38,99.85,45908.0,48050.0,91.77,34.478204999999996,47854.3842
TLG1,"Herefordshire, Worcestershire and Warwickshire",2020,709607.0390625,19507410.9375,35.69,34.66,98.47,51013.0,52951.0,90.15,37.507223,53609.50050000001
TLG2,Shropshire and Staffordshire,2020,750673.484375,20779748.625,31.97,31.41,100.42,46013.0,48104.0,91.58,33.379608000000005,48041.9522
TLG3,West Midlands,2020,1354540.203125,37160089.0,33.67,33.25,99.15,48025.0,50624.0,88.66,34.791735,49634.5278
TLH2,Bedfordshire and Hertfordshire,2020,997621.29296875,27934049.625,37.38,36.65,94.35,54423.0,57418.0,86.89,38.155139999999996,55554.8593
TLH3,Essex,2020,825363.33984375,22366909.6875,35.18,35.46,97.24,49570.0,53888.0,82.67,36.58168799999999,51546.3984
TLH4,Cambridgeshire and Peterborough,2020,498945.13671875,13753355.125,38.09,36.76,100.19,54599.0,56931.0,88.22,39.294518,56315.237
TLH5,Norfolk,2020,412384.82421875,10574804.9375,34.78,33.38,104.6,46372.0,48327.0,91.24,36.68322,48911.9392
TLH6,Suffolk,2020,373284.46484375,10014684.875,35.35,35.11,91.89,49322.0,51986.0,88.26,36.728433,51239.34300000001
TLI3,Inner London - West,2020,2111574.9375,67420508.25,58.97,57.93,98.39,97915.0,101407.0,92.09,62.753142,104197.9932
TLI4,Inner London - East,2020,1440396.015625,42840885.0,47.66,47.02,100.25,73717.0,77213.0,91.69,49.834275,77064.5281
TLI5,Outer London - East and North East,2020,619278.390625,17176805.375,37.46,38.9,94.03,54034.0,58411.0,87.02,38.45827,55471.7692
TLI6,Outer London - South,2020,512889.765625,13668485.125,41.47,40.81,101.8,57474.0,60840.0,92.11,42.64402,59094.0916
TLI7,Outer London - West and North West,2020,982123.234375,26562497.75,43.35,43.02,97.59,60962.0,66152.0,84.3,43.007913,60484.407
TLJ1,"Berkshire, Buckinghamshire and Oxfordshire",2020,1424405.46484375,40725552.125,47.7,45.43,104.43,70921.0,71320.0,94.23,48.956784000000006,72787.96350000001
TLJ2,"Surrey, East and West Sussex",2020,1429477.513671875,38212479.4375,43.49,41.27,100.8,60455.0,61372.0,91.51,44.78544,62252.4228
TLJ3,Hampshire and Isle of Wight,2020,969915.638671875,25601014.5625,44.85,43.37,103.67,61556.0,63384.0,92.65,46.941776,64431.5895
TLJ4,Kent,2020,828066.13671875,22137741.375,38.52,36.08,110.68,53548.0,54698.0,93.99,40.331792,56062.215299999996
TLK3,Cornwall and Isles of Scilly,2020,269805.5194091797,6780257.771484375,31.2,30.15,102.26,40774.0,43563.0,85.42,32.692522,42721.1046
TLK4,Devon,2020,578168.447265625,15135392.5,31.03,31.37,96.96,42239.0,45374.0,85.15,31.909535999999992,43440.124
TLK5,West of England,2020,574407.140625,16317604.25,37.18,37.35,97.1,54928.0,57658.0,89.32,39.06332999999999,57709.651999999995
TLK6,"North Somerset, Somerset and Dorset",2020,736605.34375,19154037.25,34.89,33.07,103.95,47175.0,48799.0,92.35,36.850275,49833.90699999999
TLK7,Gloucestershire and Wiltshire,2020,711544.48828125,19470116.0,38.63,39.0,93.0,54962.0,58424.0,87.21,41.050200000000004,58412.3859
TLL3,North Wales,2020,323894.1328125,8885712.1875,31.36,31.17,95.06,44734.0,46876.0,89.3,32.985820000000004,47054.848999999995
TLL4,Mid and South West Wales,2020,392668.4296875,10819047.1875,29.8,29.14,97.95,42703.0,44154.0,90.8,31.167690000000004,44649.083999999995
TLL5,South East Wales,2020,668581.58984375,18450186.0,35.27,33.94,104.72,50615.0,51354.0,94.29,36.903328,52955.14980000001
TLM0,Eastern Scotland,2020,389035.626953125,10124904.0625,37.93,36.22,105.39,51332.0,53017.0,91.86,39.152385,52989.441
TLM1,East Central Scotland,2020,579783.517578125,16450282.25,42.23,42.77,88.87,62313.0,66149.0,86.18,44.363904000000005,65458.019
TLM2,Highlands and Islands,2020,253399.69116210938,6177765.578125,37.72,36.23,102.31,47814.0,50366.0,89.12,38.98011,49415.257600000004
TLM3,West Central Scotland,2020,771530.48828125,21000052.375,35.92,35.37,95.44,50844.0,53872.0,86.67,36.88756,52207.4079
TLM5,North Eastern Scotland,2020,275288.7421875,7850895.25,37.81,36.9,106.99,56072.0,58278.0,95.37,40.260337,59702.5737
TLM9,Southern Scotland,2020,373702.046875,9846485.75,36.17,34.5,100.57,49558.0,51656.0,89.53,37.482439,51350.826799999995
TLN0,Northern Ireland,2020,867587.57421875,25242725.1875,32.11,32.26,93.18,48578.0,51690.0,85.85,33.35844,50474.649
TLC3,Tees Valley,2021,288098.9140625,8665621.4375,31.74,33.47,95.58,49650.0,51276.0,94.92,33.30007200000001,52086.4008
TLC4,"Northumberland, Durham and Tyne & Wear",2021,868840.58203125,25320984.625,32.61,33.82,96.13,49418.0,50779.0,94.96,34.145376,51750.351200000005
TLD1,Cumbria,2021,252115.1875,7546212.75,30.53,32.63,91.34,47518.0,49379.0,91.2,31.978134,49765.10400000001
TLD3,Greater Manchester,2021,1472233.71875,44796747.75,34.54,36.61,93.35,54646.0,56678.0,92.91,36.12645,57166.5939
TLD4,Lancashire,2021,682569.646484375,19808788.75,35.32,35.08,102.15,53303.0,53224.0,98.22,37.386900000000004,56423.4612
TLD6,Cheshire,2021,534034.9375,15654352.5,41.82,42.07,101.2,63751.0,65603.0,96.46,44.71016,68151.8838
TLD7,Merseyside,2021,697830.28125,20096205.75,34.91,35.03,102.37,52279.0,52981.0,97.85,36.587038,54795.021499999995
TLE1,East Yorkshire and Northern Lincolnshire,2021,426840.140625,12760206.75,35.88,35.67,100.23,55770.0,54801.0,101.61,38.337975,59590.2006
TLE2,North Yorkshire,2021,439534.328125,12197531.5,36.64,36.59,101.48,52879.0,53422.0,95.69,38.826248,56031.279500000004
TLE3,South Yorkshire,2021,611843.578125,18361454.5,30.66,31.57,98.57,47852.0,48698.0,97.08,32.28167499999999,50379.666
TLE4,West Yorkshire,2021,1145613.3046875,35062802.75,33.48,34.6,96.65,53289.0,53911.0,97.13,35.12261,55892.487199999996
TLF1,Derbyshire and Nottinghamshire,2021,1007796.88671875,29492071.4375,34.41,34.41,108.71,52366.0,52726.0,101.46,36.439592000000005,55443.83159999999
TLF2,"Leicestershire, Rutland and Northamptonshire",2021,950121.216796875,28737360.21875,33.08,33.82,100.19,52022.0,52637.0,98.88,35.056481000000005,55129.555199999995
TLF3,Lincolnshire,2021,333775.375,9604824.375,33.56,33.62,102.03,50225.0,50161.0,101.1,35.230959000000006,52719.606
TLG1,"Herefordshire, Worcestershire and Warwickshire",2021,697581.18359375,21066991.6875,34.11,36.29,95.66,53567.0,55712.0,96.21,36.436894,57213.200699999994
TLG2,Shropshire and Staffordshire,2021,768729.755859375,23152212.625,32.77,32.47,104.27,51325.0,50551.0,103.46,34.659348,54274.081399999995
TLG3,West Midlands,2021,1357411.375,39560875.5,34.01,34.27,101.93,51536.0,52488.0,96.83,35.767237,54208.338899999995
TLH2,Bedfordshire and Hertfordshire,2021,1001545.62109375,30574835.375,37.18,38.34,94.58,59026.0,60117.0,94.96,38.248152,60714.57519999999
TLH3,Essex,2021,811207.921875,23785439.875,37.12,37.04,103.56,56595.0,57368.0,95.26,38.959272,59396.5152
TLH4,Cambridgeshire and Peterborough,2021,482792.625,14451612.75,38.2,38.37,101.98,59464.0,59950.0,97.52,39.996556,62251.892
TLH5,Norfolk,2021,400964.3671875,11321113.875,34.88,35.05,105.83,51204.0,51191.0,101.64,37.114581,54487.171200000004
TLH6,Suffolk,2021,367950.98828125,10738827.125,34.66,36.48,91.72,52605.0,54187.0,95.84,36.660484,55639.912000000004
TLI3,Inner London - West,2021,2189983.109375,74531942.5,58.73,60.5,97.08,103929.0,105984.0,96.85,61.917623999999996,109583.83799999999
TLI4,Inner London - East,2021,1448902.71875,45970908.0,47.23,48.46,99.93,77927.0,79749.0,97.5,49.675203,81947.775
TLI5,Outer London - East and North East,2021,616460.9296875,17825652.875,39.53,39.54,101.42,59444.0,60193.0,97.85,41.480779999999996,62375.460999999996
TLI6,Outer London - South,2021,504610.125,14484346.0,40.65,41.94,101.15,60681.0,62351.0,98.57,42.371735,63238.5692
TLI7,Outer London - West and North West,2021,961159.6875,28724583.25,40.63,43.26,93.14,63141.0,67018.0,88.9,41.046797999999995,63784.861000000004
TLJ1,"Berkshire, Buckinghamshire and Oxfordshire",2021,1426281.79296875,43169781.25,46.77,46.71,104.25,73611.0,74121.0,99.57,48.872400000000006,76912.8465
TLJ2,"Surrey, East and West Sussex",2021,1428564.861328125,41456495.125,41.65,43.1,97.36,62855.0,64316.0,95.96,43.257048,65279.6688
TLJ3,Hampshire and Isle of Wight,2021,959581.646484375,27474817.25,43.9,44.87,102.29,65359.0,66131.0,99.15,46.316912,68951.8845
TLJ4,Kent,2021,844799.73828125,25226867.25,35.26,36.67,102.45,54747.0,56583.0,97.17,37.33278,57958.9899
TLK3,Cornwall and Isles of Scilly,2021,274591.3156738281,7906139.466796875,30.88,31.32,101.79,46229.0,46187.0,97.41,32.542263000000005,48717.6633
TLK4,Devon,2021,586499.67578125,16433354.375,33.4,32.74,106.26,48660.0,48249.0,99.88,34.970166,50954.7808
TLK5,West of England,2021,575413.1484375,17489521.0,38.91,39.18,102.11,61498.0,61244.0,100.49,41.078853,64926.58899999999
TLK6,"North Somerset, Somerset and Dorset",2021,739711.5859375,21614718.0,33.55,34.44,100.07,50977.0,51350.0,99.9,35.474815,53908.03800000001
TLK7,Gloucestershire and Wiltshire,2021,687738.564453125,19848065.1875,41.05,41.31,98.95,61598.0,61913.0,97.87,43.67653,65552.34730000001
TLL3,North Wales,2021,322541.705078125,9298964.5,32.11,32.99,98.98,48146.0,49485.0,97.71,34.34606,51486.330299999994
TLL4,Mid and South West Wales,2021,395038.56640625,11603606.0,29.07,30.31,96.59,44406.0,45968.0,95.45,30.734938000000003,46935.628500000006
TLL5,South East Wales,2021,691262.615234375,20324624.3125,33.38,34.84,100.05,51033.0,53198.0,95.97,35.25762,53898.6714
TLM0,Eastern Scotland,2021,392900.0966796875,11518416.1875,35.43,36.88,100.81,54014.0,55107.0,98.97,37.450915,57090.8445
TLM1,East Central Scotland,2021,589467.9921875,17985995.5625,42.36,45.29,89.77,67208.0,69785.0,93.62,44.813184,71109.07100000001
TLM2,Highlands and Islands,2021,247751.05993652344,6798000.796875,36.25,37.57,99.91,51725.0,52747.0,97.95,38.065709999999996,54311.316000000006
TLM3,West Central Scotland,2021,757102.998046875,22764566.875,36.26,37.1,98.79,56690.0,57169.0,99.1,38.182335,59694.86699999999
TLM5,North Eastern Scotland,2021,270486.6640625,8202102.75,37.13,37.57,105.14,58543.0,59934.0,99.65,39.564182,62381.8965
TLM9,Southern Scotland,2021,373751.3203125,11018959.75,34.04,35.48,96.84,52192.0,53671.0,96.46,36.092268000000004,55325.5976
TLN0,Northern Ireland,2021,838998.3125,25705588.9375,34.87,34.33,102.95,55559.0,55077.0,99.88,36.8561,58723.447199999995
TLC3,Tees Valley,2022,286254.517578125,8670269.375,34.84,34.61,100.0,54874.0,53561.0,100.0,34.84,54874.0
TLC4,"Northumberland, Durham and Tyne & Wear",2022,856121.93359375,25257845.0,35.52,35.14,100.0,54497.0,53311.0,100.0,35.52,54497.0
TLD1,Cumbria,2022,251725.6953125,7545903.25,35.01,34.73,100.0,54567.0,52629.0,100.0,35.01,54567.0
TLD3,Greater Manchester,2022,1480567.34375,45264303.0,38.7,38.58,100.0,61529.0,60146.0,100.0,38.7,61529.0
TLD4,Lancashire,2022,689069.056640625,20798040.6875,36.6,36.5,100.0,57446.0,56295.0,100.0,36.6,57446.0
TLD6,Cheshire,2022,534766.328125,16446303.0,44.18,43.73,100.0,70653.0,68936.0,100.0,44.18,70653.0
TLD7,Merseyside,2022,707945.39453125,21330452.125,35.74,36.49,100.0,55999.0,55659.0,100.0,35.74,55999.0
TLE1,East Yorkshire and Northern Lincolnshire,2022,426405.6875,12573851.875,38.25,37.51,100.0,58646.0,57665.0,100.0,38.25,58646.0
TLE2,North Yorkshire,2022,439964.125,12948372.0,38.26,37.72,100.0,58555.0,56595.0,100.0,38.26,58555.0
TLE3,South Yorkshire,2022,625461.0546875,19057762.5,32.75,32.9,100.0,51895.0,51356.0,100.0,32.75,51895.0
TLE4,West Yorkshire,2022,1172275.203125,35699421.5,36.34,36.27,100.0,57544.0,56776.0,100.0,36.34,57544.0
TLF1,Derbyshire and Nottinghamshire,2022,1041748.931640625,32663230.0,33.52,35.16,100.0,54646.0,54755.0,100.0,33.52,54646.0
TLF2,"Leicestershire, Rutland and Northamptonshire",2022,964686.505859375,29564012.25,34.99,35.06,100.0,55754.0,55320.0,100.0,34.99,55754.0
TLF3,Lincolnshire,2022,336404.70703125,9769113.5,34.53,34.52,100.0,52146.0,52088.0,100.0,34.53,52146.0
TLG1,"Herefordshire, Worcestershire and Warwickshire",2022,711118.81640625,21351927.5,38.09,38.23,100.0,59467.0,59038.0,100.0,38.09,59467.0
TLG2,Shropshire and Staffordshire,2022,773117.330078125,23466901.3125,33.24,33.16,100.0,52459.0,52650.0,100.0,33.24,52459.0
TLG3,West Midlands,2022,1359614.6875,41713162.25,35.09,35.18,100.0,55983.0,54693.0,100.0,35.09,55983.0
TLH2,Bedfordshire and Hertfordshire,2022,985263.57421875,29957898.875,40.44,40.01,100.0,63937.0,63057.0,100.0,40.44,63937.0
TLH3,Essex,2022,812887.123046875,25910871.125,37.62,38.41,100.0,62352.0,61116.0,100.0,37.62,62352.0
TLH4,Cambridgeshire and Peterborough,2022,480849.3984375,15051993.5,39.22,39.63,100.0,63835.0,62907.0,100.0,39.22,63835.0
TLH5,Norfolk,2022,414023.015625,12172179.25,35.07,36.27,100.0,53608.0,53616.0,100.0,35.07,53608.0
TLH6,Suffolk,2022,362364.8828125,10121349.0625,39.97,37.97,100.0,58055.0,56608.0,100.0,39.97,58055.0
TLI3,Inner London - West,2022,2247384.828125,76667607.5,63.78,63.04,100.0,113148.0,110926.0,100.0,63.78,113148.0
TLI4,Inner London - East,2022,1550612.4296875,50421698.0,49.71,49.88,100.0,84049.0,82868.0,100.0,49.71,84049.0
TLI5,Outer London - East and North East,2022,646318.78125,19371800.0,40.9,40.24,100.0,63746.0,62460.0,100.0,40.9,63746.0
TLI6,Outer London - South,2022,529571.421875,15597857.5,41.89,43.26,100.0,64156.0,64538.0,100.0,41.89,64156.0
TLI7,Outer London - West and North West,2022,975341.7578125,30538524.75,44.07,44.24,100.0,71749.0,69496.0,100.0,44.07,71749.0
TLJ1,"Berkshire, Buckinghamshire and Oxfordshire",2022,1444946.19140625,45786141.625,46.88,47.45,100.0,77245.0,76612.0,100.0,46.88,77245.0
TLJ2,"Surrey, East and West Sussex",2022,1434252.923828125,42231876.5625,44.43,44.86,100.0,68028.0,67395.0,100.0,44.43,68028.0
TLJ3,Hampshire and Isle of Wight,2022,961163.802734375,28389231.8125,45.28,46.23,100.0,69543.0,68745.0,100.0,45.28,69543.0
TLJ4,Kent,2022,840228.05859375,26451620.875,36.44,37.41,100.0,59647.0,58811.0,100.0,36.44,59647.0
TLK3,Cornwall and Isles of Scilly,2022,270569.71447753906,8140085.16796875,31.97,32.22,100.0,50013.0,48621.0,100.0,31.97,50013.0
TLK4,Devon,2022,601946.451171875,17942819.625,32.91,33.77,100.0,51016.0,50948.0,100.0,32.91,51016.0
TLK5,West of England,2022,600401.2421875,18542173.75,40.23,40.84,100.0,64610.0,64697.0,100.0,40.23,64610.0
TLK6,"North Somerset, Somerset and Dorset",2022,757958.03125,22185122.0,35.45,35.64,100.0,53962.0,53769.0,100.0,35.45,53962.0
TLK7,Gloucestershire and Wiltshire,2022,697065.212890625,20340707.4375,44.14,43.35,100.0,66979.0,65315.0,100.0,44.14,66979.0
TLL3,North Wales,2022,324389.865234375,9473727.25,34.7,34.68,100.0,52693.0,52319.0,100.0,34.7,52693.0
TLL4,Mid and South West Wales,2022,396155.65625,11774362.5625,31.82,31.49,100.0,49173.0,48072.0,100.0,31.82,49173.0
TLL5,South East Wales,2022,683807.044921875,20958852.5,35.24,35.78,100.0,56162.0,55369.0,100.0,35.24,56162.0
TLM0,Eastern Scotland,2022,399135.8125,11918595.6875,37.15,37.65,100.0,57685.0,57417.0,100.0,37.15,57685.0
TLM1,East Central Scotland,2022,586634.9296875,17163496.9375,49.92,48.33,100.0,75955.0,74065.0,100.0,49.92,75955.0
TLM2,Highlands and Islands,2022,255466.14331054688,7149695.00390625,38.1,38.8,100.0,55448.0,55411.0,100.0,38.1,55448.0
TLM3,West Central Scotland,2022,777516.78125,23305631.0625,38.65,38.66,100.0,60237.0,60474.0,100.0,38.65,60237.0
TLM5,North Eastern Scotland,2022,271990.75,8701892.75,37.63,38.12,100.0,62601.0,62082.0,100.0,37.63,62601.0
TLM9,Southern Scotland,2022,370594.921875,10969057.0,37.27,36.54,100.0,57356.0,56054.0,100.0,37.27,57356.0
TLN0,Northern Ireland,2022,862349.2734375,27232202.3125,35.8,35.95,100.0,58794.0,58155.0,100.0,35.8,58794.0
TLC3,Tees Valley,2023,286953.708984375,8564459.9375,37.56,35.37,99.7,58295.0,55284.0,98.24,34.73548,53908.217599999996
TLC4,"Northumberland, Durham and Tyne & Wear",2023,890406.61328125,26416731.75,37.97,35.97,98.42,58583.0,55207.0,98.97,34.95878400000001,53935.6809
TLD1,Cumbria,2023,256061.0,7217624.25,40.12,36.25,105.57,58802.0,54964.0,99.27,36.960057,54168.660899999995
TLD3,Greater Manchester,2023,1496904.2734375,44642078.375,43.23,39.77,102.64,67038.0,62480.0,100.13,39.72168,61608.9877
TLD4,Lancashire,2023,698801.7109375,21361793.875,38.78,37.25,97.33,61641.0,58379.0,98.58,35.622780000000006,56630.2668
TLD6,Cheshire,2023,551499.640625,17289507.0,46.26,44.58,96.48,75411.0,71292.0,98.35,42.624863999999995,69487.2255
TLD7,Merseyside,2023,703584.0859375,20827479.5,39.99,37.33,103.01,61563.0,57573.0,101.2,36.815774000000005,56670.988
TLE1,East Yorkshire and Northern Lincolnshire,2023,426415.40625,12756751.375,40.11,38.56,97.49,62399.0,59638.0,98.9,37.289925,58000.894
TLE2,North Yorkshire,2023,462666.7890625,14096036.75,38.82,38.18,92.98,61504.0,58686.0,96.26,35.574148,56365.043000000005
TLE3,South Yorkshire,2023,616512.7890625,18665042.75,36.21,33.77,101.81,57006.0,53222.0,101.16,33.342775,52496.982
TLE4,West Yorkshire,2023,1177480.9609375,35320268.5,40.08,37.33,101.47,62522.0,58776.0,99.95,36.874198,57515.227999999996
TLF1,Derbyshire and Nottinghamshire,2023,1038949.109375,31009176.25,38.23,35.62,104.77,59334.0,56135.0,99.73,35.118904,54498.4558
TLF2,"Leicestershire, Rutland and Northamptonshire",2023,962432.013671875,29894745.125,37.97,35.85,99.8,61327.0,57330.0,101.16,34.92002,56400.746399999996
TLF3,Lincolnshire,2023,337218.88671875,10160087.625,36.07,34.98,96.67,56506.0,53569.0,100.3,33.380151,52302.437999999995
TLG1,"Herefordshire, Worcestershire and Warwickshire",2023,707192.00390625,20980482.0,43.64,39.61,104.97,67324.0,61567.0,103.72,39.983073000000005,61679.1724
TLG2,Shropshire and Staffordshire,2023,764488.0234375,24716157.875,33.95,33.44,94.21,57080.0,54138.0,100.34,31.315403999999997,52637.36060000001
TLG3,West Midlands,2023,1416196.640625,43165430.0,37.14,35.72,97.62,58863.0,56319.0,96.98,34.254858000000006,54292.3134
TLH2,Bedfordshire and Hertfordshire,2023,990893.8125,30565232.5,43.34,41.01,99.14,69520.0,65293.0,100.57,40.092216,64301.4409
TLH3,Essex,2023,796404.125,24957349.0625,42.22,39.41,103.62,68807.0,63904.0,101.87,38.981844,63517.9824
TLH4,Cambridgeshire and Peterborough,2023,497069.5078125,15492751.25,42.31,40.29,99.49,68574.0,64948.0,99.06,39.019977999999995,63234.95100000001
TLH5,Norfolk,2023,415389.75390625,11800307.125,40.03,37.06,104.45,59130.0,55415.0,100.92,36.630615000000006,54101.193600000006
TLH6,Suffolk,2023,372644.17578125,11177662.625,39.53,38.78,90.72,61662.0,58498.0,97.42,36.260784,56557.181000000004
TLI3,Inner London - West,2023,2312293.90625,78651142.0,68.02,64.56,98.04,120315.0,114335.0,97.76,62.529912,110613.4848
TLI4,Inner London - East,2023,1595251.4609375,51407913.5,53.73,50.89,99.63,90035.0,85340.0,98.74,49.526073,82989.9826
TLI5,Outer London - East and North East,2023,653857.42578125,20532689.5,41.18,40.76,92.49,67244.0,64363.0,96.9,37.82840999999999,61769.874
TLI6,Outer London - South,2023,515927.2109375,14696424.5,48.58,44.4,106.3,71954.0,66693.0,102.8,44.529070000000004,65952.368
TLI7,Outer London - West and North West,2023,972872.390625,29437865.75,48.48,45.23,102.23,76288.0,71974.0,98.8,45.052761000000004,70888.012
TLJ1,"Berkshire, Buckinghamshire and Oxfordshire",2023,1485572.26953125,47488090.0,48.82,47.65,96.11,81143.0,78153.0,96.96,45.056368,74896.752
TLJ2,"Surrey, East and West Sussex",2023,1437516.380859375,41517688.125,49.27,45.89,101.92,73996.0,69492.0,99.97,45.283055999999995,68007.5916
TLJ3,Hampshire and Isle of Wight,2023,980521.38671875,27642588.5625,50.52,47.17,102.54,74065.0,70602.0,97.87,46.43011200000001,68061.7341
TLJ4,Kent,2023,859746.8359375,26125259.0,40.46,37.86,101.62,63932.0,60473.0,98.09,37.030328,58507.742300000005
TLK3,Cornwall and Isles of Scilly,2023,275877.6170654297,8091152.51171875,34.35,32.74,98.82,52382.0,50265.0,96.34,31.592753999999996,48182.5242
TLK4,Devon,2023,582988.673828125,17440268.6875,36.55,34.5,102.01,56857.0,52963.0,102.38,33.571490999999995,52230.1808
TLK5,West of England,2023,600862.3828125,18462264.5,45.18,42.01,103.48,72190.0,67126.0,102.96,41.630004,66522.45599999999
TLK6,"North Somerset, Somerset and Dorset",2023,757260.6015625,22465527.25,38.31,36.26,99.35,59104.0,55503.0,100.7,35.219575,54339.734000000004
TLK7,Gloucestershire and Wiltshire,2023,706499.53515625,20748306.8125,46.55,44.54,96.6,71084.0,67640.0,97.22,42.63924,65116.9838
TLL3,North Wales,2023,320228.822265625,9434157.5,38.64,35.82,102.31,59198.0,54496.0,103.2,35.50157,54379.17600000001
TLL4,Mid and South West Wales,2023,397763.29296875,11750872.5,34.15,32.25,99.26,52466.0,49617.0,98.67,31.584532000000003,48518.9991
TLL5,South East Wales,2023,686925.5234375,20435104.9375,39.18,36.5,101.97,60606.0,57010.0,98.97,35.934228000000004,55583.5314
TLM0,Eastern Scotland,2023,394201.3037109375,11812844.53125,40.45,38.18,99.87,63039.0,59182.0,100.22,37.101705,57811.907
TLM1,East Central Scotland,2023,593360.828125,17385156.875,54.64,50.42,100.44,83248.0,77283.0,100.58,50.139647999999994,76395.53899999999
TLM2,Highlands and Islands,2023,249163.7354736328,6971774.6328125,42.81,39.68,102.91,62288.0,57545.0,102.88,39.20871,57044.90239999999
TLM3,West Central Scotland,2023,755112.681640625,23616841.1875,42.25,39.67,99.89,68706.0,63035.0,104.23,38.607485,62785.0251
TLM5,North Eastern Scotland,2023,272088.1875,8836012.5,39.94,38.48,98.29,67449.0,63818.0,99.76,36.986527,62450.757600000004
TLM9,Southern Scotland,2023,385836.9765625,11832870.5,38.15,37.01,93.86,60834.0,57801.0,97.25,34.981622,55778.71
TLN0,Northern Ireland,2023,878169.0293327137,27777294.875,38.87,36.88,99.51,63930.0,60285.0,99.68,35.62458,58605.859200000006
