origin,destination,year,moves
S92000003,TLC1,2012,1064
S92000003,TLC2,2012,2403
S92000003,TLD1,2012,1092
S92000003,TLD3,2012,1929
S92000003,TLD4,2012,1335
S92000003,TLD6,2012,626
S92000003,TLD7,2012,827
S92000003,TLE1,2012,641
S92000003,TLE2,2012,1128
S92000003,TLE3,2012,744
S92000003,TLE4,2012,1574
S92000003,TLF1,2012,1241
S92000003,TLF2,2012,1099
S92000003,TLF3,2012,563
S92000003,TLG1,2012,557
S92000003,TLG2,2012,663
S92000003,TLG3,2012,1077
S92000003,TLH1,2012,1886
S92000003,TLH2,2012,980
S92000003,TLH3,2012,722
S92000003,TLI3,2012,1670
S92000003,TLI4,2012,2152
S92000003,TLI5,2012,638
S92000003,TLI6,2012,725
S92000003,TLI7,2012,1306
S92000003,TLJ1,2012,1934
S92000003,TLJ2,2012,1932
S92000003,TLJ3,2012,1434
S92000003,TLJ4,2012,878
S92000003,TLK1,2012,1759
S92000003,TLK2,2012,858
S92000003,TLK3,2012,388
S92000003,TLK4,2012,794
S92000003,TLL1,2012,806
S92000003,TLL2,2012,641
S92000003,TLN0,2012,2017
TLC1,S92000003,2012,1375
TLC1,TLC2,2012,7860
TLC1,TLD1,2012,520
TLC1,TLD3,2012,1226
TLC1,TLD4,2012,793
TLC1,TLD6,2012,316
TLC1,TLD7,2012,487
TLC1,TLE1,2012,658
TLC1,TLE2,2012,2943
TLC1,TLE3,2012,814
TLC1,TLE4,2012,2108
TLC1,TLF1,2012,833
TLC1,TLF2,2012,528
TLC1,TLF3,2012,370
TLC1,TLG1,2012,301
TLC1,TLG2,2012,383
TLC1,TLG3,2012,715
TLC1,TLH1,2012,809
TLC1,TLH2,2012,418
TLC1,TLH3,2012,366
TLC1,TLI3,2012,727
TLC1,TLI4,2012,1070
TLC1,TLI5,2012,386
TLC1,TLI6,2012,325
TLC1,TLI7,2012,618
TLC1,TLJ1,2012,785
TLC1,TLJ2,2012,732
TLC1,TLJ3,2012,454
TLC1,TLJ4,2012,388
TLC1,TLK1,2012,627
TLC1,TLK2,2012,254
TLC1,TLK3,2012,153
TLC1,TLK4,2012,272
TLC1,TLL1,2012,353
TLC1,TLL2,2012,263
TLC1,TLN0,2012,162
TLC2,S92000003,2012,2746
TLC2,TLC1,2012,8057
TLC2,TLD1,2012,914
TLC2,TLD3,2012,1658
TLC2,TLD4,2012,892
TLC2,TLD6,2012,445
TLC2,TLD7,2012,711
TLC2,TLE1,2012,647
TLC2,TLE2,2012,1627
TLC2,TLE3,2012,1052
TLC2,TLE4,2012,2632
TLC2,TLF1,2012,948
TLC2,TLF2,2012,695
TLC2,TLF3,2012,340
TLC2,TLG1,2012,298
TLC2,TLG2,2012,405
TLC2,TLG3,2012,696
TLC2,TLH1,2012,911
TLC2,TLH2,2012,523
TLC2,TLH3,2012,331
TLC2,TLI3,2012,939
TLC2,TLI4,2012,1522
TLC2,TLI5,2012,405
TLC2,TLI6,2012,379
TLC2,TLI7,2012,839
TLC2,TLJ1,2012,892
TLC2,TLJ2,2012,782
TLC2,TLJ3,2012,470
TLC2,TLJ4,2012,450
TLC2,TLK1,2012,686
TLC2,TLK2,2012,243
TLC2,TLK3,2012,123
TLC2,TLK4,2012,260
TLC2,TLL1,2012,374
TLC2,TLL2,2012,250
TLC2,TLN0,2012,454
TLD1,S92000003,2012,1329
TLD1,TLC1,2012,513
TLD1,TLC2,2012,1110
TLD1,TLD3,2012,1076
TLD1,TLD4,2012,2386
TLD1,TLD6,2012,323
TLD1,TLD7,2012,524
TLD1,TLE1,2012,182
TLD1,TLE2,2012,465
TLD1,TLE3,2012,282
TLD1,TLE4,2012,715
TLD1,TLF1,2012,316
TLD1,TLF2,2012,180
TLD1,TLF3,2012,149
TLD1,TLG1,2012,152
TLD1,TLG2,2012,231
TLD1,TLG3,2012,228
TLD1,TLH1,2012,304
TLD1,TLH2,2012,125
TLD1,TLH3,2012,137
TLD1,TLI3,2012,132
TLD1,TLI4,2012,224
TLD1,TLI5,2012,68
TLD1,TLI6,2012,75
TLD1,TLI7,2012,106
TLD1,TLJ1,2012,323
TLD1,TLJ2,2012,283
TLD1,TLJ3,2012,175
TLD1,TLJ4,2012,149
TLD1,TLK1,2012,298
TLD1,TLK2,2012,168
TLD1,TLK3,2012,96
TLD1,TLK4,2012,183
TLD1,TLL1,2012,211
TLD1,TLL2,2012,147
TLD1,TLN0,2012,75
TLD3,S92000003,2012,2121
TLD3,TLC1,2012,1064
TLD3,TLC2,2012,1560
TLD3,TLD1,2012,1173
TLD3,TLD4,2012,11205
TLD3,TLD6,2012,7112
TLD3,TLD7,2012,5251
TLD3,TLE1,2012,929
TLD3,TLE2,2012,1400
TLD3,TLE3,2012,2564
TLD3,TLE4,2012,6676
TLD3,TLF1,2012,3448
TLD3,TLF2,2012,1521
TLD3,TLF3,2012,625
TLD3,TLG1,2012,896
TLD3,TLG2,2012,1913
TLD3,TLG3,2012,3003
TLD3,TLH1,2012,1542
TLD3,TLH2,2012,1244
TLD3,TLH3,2012,643
TLD3,TLI3,2012,1979
TLD3,TLI4,2012,3671
TLD3,TLI5,2012,1304
TLD3,TLI6,2012,1077
TLD3,TLI7,2012,2192
TLD3,TLJ1,2012,2065
TLD3,TLJ2,2012,1698
TLD3,TLJ3,2012,1061
TLD3,TLJ4,2012,845
TLD3,TLK1,2012,1658
TLD3,TLK2,2012,753
TLD3,TLK3,2012,560
TLD3,TLK4,2012,823
TLD3,TLL1,2012,2505
TLD3,TLL2,2012,1323
TLD3,TLN0,2012,567
TLD4,S92000003,2012,1717
TLD4,TLC1,2012,783
TLD4,TLC2,2012,1106
TLD4,TLD1,2012,2189
TLD4,TLD3,2012,10429
TLD4,TLD6,2012,1514
TLD4,TLD7,2012,4466
TLD4,TLE1,2012,614
TLD4,TLE2,2012,1480
TLD4,TLE3,2012,954
TLD4,TLE4,2012,3848
TLD4,TLF1,2012,1194
TLD4,TLF2,2012,895
TLD4,TLF3,2012,427
TLD4,TLG1,2012,559
TLD4,TLG2,2012,1042
TLD4,TLG3,2012,1427
TLD4,TLH1,2012,943
TLD4,TLH2,2012,590
TLD4,TLH3,2012,407
TLD4,TLI3,2012,494
TLD4,TLI4,2012,1054
TLD4,TLI5,2012,445
TLD4,TLI6,2012,280
TLD4,TLI7,2012,591
TLD4,TLJ1,2012,909
TLD4,TLJ2,2012,827
TLD4,TLJ3,2012,587
TLD4,TLJ4,2012,465
TLD4,TLK1,2012,915
TLD4,TLK2,2012,410
TLD4,TLK3,2012,270
TLD4,TLK4,2012,513
TLD4,TLL1,2012,855
TLD4,TLL2,2012,642
TLD4,TLN0,2012,319
TLD6,S92000003,2012,783
TLD6,TLC1,2012,320
TLD6,TLC2,2012,467
TLD6,TLD1,2012,345
TLD6,TLD3,2012,5166
TLD6,TLD4,2012,1541
TLD6,TLD7,2012,4375
TLD6,TLE1,2012,264
TLD6,TLE2,2012,449
TLD6,TLE3,2012,813
TLD6,TLE4,2012,1411
TLD6,TLF1,2012,1133
TLD6,TLF2,2012,596
TLD6,TLF3,2012,181
TLD6,TLG1,2012,521
TLD6,TLG2,2012,2786
TLD6,TLG3,2012,854
TLD6,TLH1,2012,568
TLD6,TLH2,2012,379
TLD6,TLH3,2012,220
TLD6,TLI3,2012,452
TLD6,TLI4,2012,641
TLD6,TLI5,2012,236
TLD6,TLI6,2012,172
TLD6,TLI7,2012,375
TLD6,TLJ1,2012,736
TLD6,TLJ2,2012,626
TLD6,TLJ3,2012,346
TLD6,TLJ4,2012,270
TLD6,TLK1,2012,765
TLD6,TLK2,2012,322
TLD6,TLK3,2012,303
TLD6,TLK4,2012,442
TLD6,TLL1,2012,1327
TLD6,TLL2,2012,2099
TLD6,TLN0,2012,169
TLD7,S92000003,2012,1014
TLD7,TLC1,2012,478
TLD7,TLC2,2012,731
TLD7,TLD1,2012,583
TLD7,TLD3,2012,5575
TLD7,TLD4,2012,4340
TLD7,TLD6,2012,5139
TLD7,TLE1,2012,380
TLD7,TLE2,2012,542
TLD7,TLE3,2012,959
TLD7,TLE4,2012,2014
TLD7,TLF1,2012,878
TLD7,TLF2,2012,704
TLD7,TLF3,2012,241
TLD7,TLG1,2012,472
TLD7,TLG2,2012,1118
TLD7,TLG3,2012,1231
TLD7,TLH1,2012,707
TLD7,TLH2,2012,468
TLD7,TLH3,2012,467
TLD7,TLI3,2012,780
TLD7,TLI4,2012,1443
TLD7,TLI5,2012,469
TLD7,TLI6,2012,315
TLD7,TLI7,2012,731
TLD7,TLJ1,2012,831
TLD7,TLJ2,2012,750
TLD7,TLJ3,2012,542
TLD7,TLJ4,2012,472
TLD7,TLK1,2012,872
TLD7,TLK2,2012,351
TLD7,TLK3,2012,220
TLD7,TLK4,2012,411
TLD7,TLL1,2012,1728
TLD7,TLL2,2012,1285
TLD7,TLN0,2012,645
TLE1,S92000003,2012,691
TLE1,TLC1,2012,586
TLE1,TLC2,2012,826
TLE1,TLD1,2012,210
TLE1,TLD3,2012,1116
TLE1,TLD4,2012,599
TLE1,TLD6,2012,304
TLE1,TLD7,2012,424
TLE1,TLE2,2012,2848
TLE1,TLE3,2012,2295
TLE1,TLE4,2012,3306
TLE1,TLF1,2012,1306
TLE1,TLF2,2012,682
TLE1,TLF3,2012,2524
TLE1,TLG1,2012,302
TLE1,TLG2,2012,393
TLE1,TLG3,2012,613
TLE1,TLH1,2012,748
TLE1,TLH2,2012,349
TLE1,TLH3,2012,203
TLE1,TLI3,2012,322
TLE1,TLI4,2012,560
TLE1,TLI5,2012,265
TLE1,TLI6,2012,197
TLE1,TLI7,2012,373
TLE1,TLJ1,2012,550
TLE1,TLJ2,2012,523
TLE1,TLJ3,2012,391
TLE1,TLJ4,2012,306
TLE1,TLK1,2012,418
TLE1,TLK2,2012,235
TLE1,TLK3,2012,168
TLE1,TLK4,2012,252
TLE1,TLL1,2012,277
TLE1,TLL2,2012,171
TLE1,TLN0,2012,86
TLE2,S92000003,2012,1122
TLE2,TLC1,2012,2731
TLE2,TLC2,2012,1816
TLE2,TLD1,2012,462
TLE2,TLD3,2012,1207
TLE2,TLD4,2012,1165
TLE2,TLD6,2012,353
TLE2,TLD7,2012,526
TLE2,TLE1,2012,3037
TLE2,TLE3,2012,1575
TLE2,TLE4,2012,5611
TLE2,TLF1,2012,1024
TLE2,TLF2,2012,590
TLE2,TLF3,2012,544
TLE2,TLG1,2012,345
TLE2,TLG2,2012,483
TLE2,TLG3,2012,510
TLE2,TLH1,2012,1010
TLE2,TLH2,2012,409
TLE2,TLH3,2012,314
TLE2,TLI3,2012,642
TLE2,TLI4,2012,829
TLE2,TLI5,2012,233
TLE2,TLI6,2012,241
TLE2,TLI7,2012,414
TLE2,TLJ1,2012,865
TLE2,TLJ2,2012,701
TLE2,TLJ3,2012,430
TLE2,TLJ4,2012,339
TLE2,TLK1,2012,821
TLE2,TLK2,2012,309
TLE2,TLK3,2012,220
TLE2,TLK4,2012,283
TLE2,TLL1,2012,399
TLE2,TLL2,2012,252
TLE2,TLN0,2012,156
TLE3,S92000003,2012,843
TLE3,TLC1,2012,719
TLE3,TLC2,2012,1011
TLE3,TLD1,2012,268
TLE3,TLD3,2012,2771
TLE3,TLD4,2012,887
TLE3,TLD6,2012,692
TLE3,TLD7,2012,802
TLE3,TLE1,2012,2403
TLE3,TLE2,2012,1681
TLE3,TLE4,2012,5521
TLE3,TLF1,2012,6193
TLE3,TLF2,2012,1380
TLE3,TLF3,2012,1571
TLE3,TLG1,2012,664
TLE3,TLG2,2012,676
TLE3,TLG3,2012,1519
TLE3,TLH1,2012,1315
TLE3,TLH2,2012,760
TLE3,TLH3,2012,390
TLE3,TLI3,2012,666
TLE3,TLI4,2012,1313
TLE3,TLI5,2012,554
TLE3,TLI6,2012,386
TLE3,TLI7,2012,782
TLE3,TLJ1,2012,1045
TLE3,TLJ2,2012,737
TLE3,TLJ3,2012,466
TLE3,TLJ4,2012,426
TLE3,TLK1,2012,737
TLE3,TLK2,2012,329
TLE3,TLK3,2012,255
TLE3,TLK4,2012,394
TLE3,TLL1,2012,474
TLE3,TLL2,2012,451
TLE3,TLN0,2012,160
TLE4,S92000003,2012,1852
TLE4,TLC1,2012,1923
TLE4,TLC2,2012,2836
TLE4,TLD1,2012,687
TLE4,TLD3,2012,6424
TLE4,TLD4,2012,3503
TLE4,TLD6,2012,1271
TLE4,TLD7,2012,1943
TLE4,TLE1,2012,3536
TLE4,TLE2,2012,7671
TLE4,TLE3,2012,5586
TLE4,TLF1,2012,3110
TLE4,TLF2,2012,1743
TLE4,TLF3,2012,1129
TLE4,TLG1,2012,733
TLE4,TLG2,2012,1092
TLE4,TLG3,2012,2765
TLE4,TLH1,2012,1872
TLE4,TLH2,2012,1436
TLE4,TLH3,2012,764
TLE4,TLI3,2012,1822
TLE4,TLI4,2012,3206
TLE4,TLI5,2012,1185
TLE4,TLI6,2012,909
TLE4,TLI7,2012,1902
TLE4,TLJ1,2012,1854
TLE4,TLJ2,2012,1594
TLE4,TLJ3,2012,878
TLE4,TLJ4,2012,990
TLE4,TLK1,2012,1401
TLE4,TLK2,2012,559
TLE4,TLK3,2012,367
TLE4,TLK4,2012,587
TLE4,TLL1,2012,869
TLE4,TLL2,2012,659
TLE4,TLN0,2012,304
TLF1,S92000003,2012,1250
TLF1,TLC1,2012,711
TLF1,TLC2,2012,962
TLF1,TLD1,2012,304
TLF1,TLD3,2012,3382
TLF1,TLD4,2012,908
TLF1,TLD6,2012,1112
TLF1,TLD7,2012,880
TLF1,TLE1,2012,1335
TLF1,TLE2,2012,1099
TLF1,TLE3,2012,5114
TLF1,TLE4,2012,3236
TLF1,TLF2,2012,5428
TLF1,TLF3,2012,4298
TLF1,TLG1,2012,1399
TLF1,TLG2,2012,3904
TLF1,TLG3,2012,3681
TLF1,TLH1,2012,2273
TLF1,TLH2,2012,1716
TLF1,TLH3,2012,809
TLF1,TLI3,2012,1392
TLF1,TLI4,2012,2354
TLF1,TLI5,2012,978
TLF1,TLI6,2012,883
TLF1,TLI7,2012,1688
TLF1,TLJ1,2012,2212
TLF1,TLJ2,2012,1639
TLF1,TLJ3,2012,1059
TLF1,TLJ4,2012,923
TLF1,TLK1,2012,1659
TLF1,TLK2,2012,649
TLF1,TLK3,2012,597
TLF1,TLK4,2012,912
TLF1,TLL1,2012,952
TLF1,TLL2,2012,670
TLF1,TLN0,2012,256
TLF2,S92000003,2012,1142
TLF2,TLC1,2012,545
TLF2,TLC2,2012,741
TLF2,TLD1,2012,217
TLF2,TLD3,2012,1557
TLF2,TLD4,2012,777
TLF2,TLD6,2012,693
TLF2,TLD7,2012,666
TLF2,TLE1,2012,626
TLF2,TLE2,2012,686
TLF2,TLE3,2012,1576
TLF2,TLE4,2012,1814
TLF2,TLF1,2012,5788
TLF2,TLF3,2012,2582
TLF2,TLG1,2012,2844
TLF2,TLG2,2012,1554
TLF2,TLG3,2012,4671
TLF2,TLH1,2012,3791
TLF2,TLH2,2012,3108
TLF2,TLH3,2012,1050
TLF2,TLI3,2012,1382
TLF2,TLI4,2012,2575
TLF2,TLI5,2012,1329
TLF2,TLI6,2012,907
TLF2,TLI7,2012,2040
TLF2,TLJ1,2012,4574
TLF2,TLJ2,2012,1891
TLF2,TLJ3,2012,1386
TLF2,TLJ4,2012,1126
TLF2,TLK1,2012,1840
TLF2,TLK2,2012,954
TLF2,TLK3,2012,610
TLF2,TLK4,2012,997
TLF2,TLL1,2012,888
TLF2,TLL2,2012,665
TLF2,TLN0,2012,181
TLF3,S92000003,2012,575
TLF3,TLC1,2012,328
TLF3,TLC2,2012,417
TLF3,TLD1,2012,103
TLF3,TLD3,2012,631
TLF3,TLD4,2012,350
TLF3,TLD6,2012,205
TLF3,TLD7,2012,249
TLF3,TLE1,2012,2387
TLF3,TLE2,2012,646
TLF3,TLE3,2012,1630
TLF3,TLE4,2012,1071
TLF3,TLF1,2012,4051
TLF3,TLF2,2012,2318
TLF3,TLG1,2012,468
TLF3,TLG2,2012,493
TLF3,TLG3,2012,747
TLF3,TLH1,2012,3747
TLF3,TLH2,2012,594
TLF3,TLH3,2012,480
TLF3,TLI3,2012,358
TLF3,TLI4,2012,527
TLF3,TLI5,2012,251
TLF3,TLI6,2012,200
TLF3,TLI7,2012,343
TLF3,TLJ1,2012,730
TLF3,TLJ2,2012,620
TLF3,TLJ3,2012,469
TLF3,TLJ4,2012,446
TLF3,TLK1,2012,590
TLF3,TLK2,2012,299
TLF3,TLK3,2012,238
TLF3,TLK4,2012,371
TLF3,TLL1,2012,301
TLF3,TLL2,2012,177
TLF3,TLN0,2012,95
TLG1,S92000003,2012,798
TLG1,TLC1,2012,337
TLG1,TLC2,2012,320
TLG1,TLD1,2012,197
TLG1,TLD3,2012,871
TLG1,TLD4,2012,507
TLG1,TLD6,2012,472
TLG1,TLD7,2012,437
TLG1,TLE1,2012,284
TLG1,TLE2,2012,454
TLG1,TLE3,2012,677
TLG1,TLE4,2012,732
TLG1,TLF1,2012,1589
TLG1,TLF2,2012,3144
TLG1,TLF3,2012,442
TLG1,TLG2,2012,2943
TLG1,TLG3,2012,9229
TLG1,TLH1,2012,1086
TLG1,TLH2,2012,708
TLG1,TLH3,2012,419
TLG1,TLI3,2012,961
TLG1,TLI4,2012,1372
TLG1,TLI5,2012,352
TLG1,TLI6,2012,351
TLG1,TLI7,2012,707
TLG1,TLJ1,2012,2344
TLG1,TLJ2,2012,1259
TLG1,TLJ3,2012,1075
TLG1,TLJ4,2012,579
TLG1,TLK1,2012,4284
TLG1,TLK2,2012,1096
TLG1,TLK3,2012,668
TLG1,TLK4,2012,1365
TLG1,TLL1,2012,1584
TLG1,TLL2,2012,1655
TLG1,TLN0,2012,83
TLG2,S92000003,2012,795
TLG2,TLC1,2012,388
TLG2,TLC2,2012,395
TLG2,TLD1,2012,275
TLG2,TLD3,2012,2093
TLG2,TLD4,2012,964
TLG2,TLD6,2012,2766
TLG2,TLD7,2012,1177
TLG2,TLE1,2012,365
TLG2,TLE2,2012,531
TLG2,TLE3,2012,822
TLG2,TLE4,2012,1188
TLG2,TLF1,2012,4290
TLG2,TLF2,2012,1639
TLG2,TLF3,2012,530
TLG2,TLG1,2012,3165
TLG2,TLG3,2012,7714
TLG2,TLH1,2012,1055
TLG2,TLH2,2012,597
TLG2,TLH3,2012,405
TLG2,TLI3,2012,561
TLG2,TLI4,2012,1018
TLG2,TLI5,2012,369
TLG2,TLI6,2012,333
TLG2,TLI7,2012,614
TLG2,TLJ1,2012,1282
TLG2,TLJ2,2012,912
TLG2,TLJ3,2012,816
TLG2,TLJ4,2012,525
TLG2,TLK1,2012,1565
TLG2,TLK2,2012,654
TLG2,TLK3,2012,578
TLG2,TLK4,2012,762
TLG2,TLL1,2012,1813
TLG2,TLL2,2012,2196
TLG2,TLN0,2012,173
TLG3,S92000003,2012,1240
TLG3,TLC1,2012,649
TLG3,TLC2,2012,669
TLG3,TLD1,2012,243
TLG3,TLD3,2012,2838
TLG3,TLD4,2012,1456
TLG3,TLD6,2012,926
TLG3,TLD7,2012,1190
TLG3,TLE1,2012,572
TLG3,TLE2,2012,498
TLG3,TLE3,2012,1569
TLG3,TLE4,2012,2419
TLG3,TLF1,2012,4051
TLG3,TLF2,2012,4843
TLG3,TLF3,2012,711
TLG3,TLG1,2012,15618
TLG3,TLG2,2012,10585
TLG3,TLH1,2012,1962
TLG3,TLH2,2012,2079
TLG3,TLH3,2012,894
TLG3,TLI3,2012,1831
TLG3,TLI4,2012,4083
TLG3,TLI5,2012,1861
TLG3,TLI6,2012,1178
TLG3,TLI7,2012,3346
TLG3,TLJ1,2012,3446
TLG3,TLJ2,2012,2074
TLG3,TLJ3,2012,1539
TLG3,TLJ4,2012,1087
TLG3,TLK1,2012,3265
TLG3,TLK2,2012,1492
TLG3,TLK3,2012,748
TLG3,TLK4,2012,1766
TLG3,TLL1,2012,2149
TLG3,TLL2,2012,1400
TLG3,TLN0,2012,293
TLH1,S92000003,2012,1830
TLH1,TLC1,2012,738
TLH1,TLC2,2012,947
TLH1,TLD1,2012,275
TLH1,TLD3,2012,1361
TLH1,TLD4,2012,789
TLH1,TLD6,2012,495
TLH1,TLD7,2012,795
TLH1,TLE1,2012,738
TLH1,TLE2,2012,1009
TLH1,TLE3,2012,1410
TLH1,TLE4,2012,1875
TLH1,TLF1,2012,2538
TLH1,TLF2,2012,3833
TLH1,TLF3,2012,4191
TLH1,TLG1,2012,1050
TLH1,TLG2,2012,937
TLH1,TLG3,2012,1897
TLH1,TLH2,2012,4558
TLH1,TLH3,2012,5755
TLH1,TLI3,2012,2815
TLH1,TLI4,2012,4502
TLH1,TLI5,2012,1899
TLH1,TLI6,2012,1173
TLH1,TLI7,2012,2251
TLH1,TLJ1,2012,3545
TLH1,TLJ2,2012,3141
TLH1,TLJ3,2012,1943
TLH1,TLJ4,2012,2168
TLH1,TLK1,2012,2443
TLH1,TLK2,2012,1116
TLH1,TLK3,2012,601
TLH1,TLK4,2012,1184
TLH1,TLL1,2012,932
TLH1,TLL2,2012,695
TLH1,TLN0,2012,286
TLH2,S92000003,2012,1065
TLH2,TLC1,2012,403
TLH2,TLC2,2012,492
TLH2,TLD1,2012,174
TLH2,TLD3,2012,1216
TLH2,TLD4,2012,596
TLH2,TLD6,2012,430
TLH2,TLD7,2012,466
TLH2,TLE1,2012,358
TLH2,TLE2,2012,537
TLH2,TLE3,2012,869
TLH2,TLE4,2012,1445
TLH2,TLF1,2012,2267
TLH2,TLF2,2012,4135
TLH2,TLF3,2012,917
TLH2,TLG1,2012,868
TLH2,TLG2,2012,725
TLH2,TLG3,2012,2317
TLH2,TLH1,2012,6800
TLH2,TLH3,2012,4611
TLH2,TLI3,2012,2334
TLH2,TLI4,2012,4317
TLH2,TLI5,2012,2873
TLH2,TLI6,2012,1209
TLH2,TLI7,2012,4977
TLH2,TLJ1,2012,7364
TLH2,TLJ2,2012,3236
TLH2,TLJ3,2012,2264
TLH2,TLJ4,2012,1806
TLH2,TLK1,2012,1894
TLH2,TLK2,2012,1644
TLH2,TLK3,2012,630
TLH2,TLK4,2012,1235
TLH2,TLL1,2012,783
TLH2,TLL2,2012,544
TLH2,TLN0,2012,182
TLH3,S92000003,2012,820
TLH3,TLC1,2012,335
TLH3,TLC2,2012,368
TLH3,TLD1,2012,113
TLH3,TLD3,2012,641
TLH3,TLD4,2012,345
TLH3,TLD6,2012,214
TLH3,TLD7,2012,331
TLH3,TLE1,2012,338
TLH3,TLE2,2012,417
TLH3,TLE3,2012,499
TLH3,TLE4,2012,797
TLH3,TLF1,2012,1065
TLH3,TLF2,2012,1201
TLH3,TLF3,2012,740
TLH3,TLG1,2012,557
TLH3,TLG2,2012,466
TLH3,TLG3,2012,1131
TLH3,TLH1,2012,8539
TLH3,TLH2,2012,4206
TLH3,TLI3,2012,1368
TLH3,TLI4,2012,3560
TLH3,TLI5,2012,5254
TLH3,TLI6,2012,959
TLH3,TLI7,2012,1513
TLH3,TLJ1,2012,1737
TLH3,TLJ2,2012,2661
TLH3,TLJ3,2012,1690
TLH3,TLJ4,2012,2884
TLH3,TLK1,2012,1302
TLH3,TLK2,2012,881
TLH3,TLK3,2012,507
TLH3,TLK4,2012,948
TLH3,TLL1,2012,641
TLH3,TLL2,2012,359
TLH3,TLN0,2012,170
TLI3,S92000003,2012,1176
TLI3,TLC1,2012,302
TLI3,TLC2,2012,344
TLI3,TLD1,2012,102
TLI3,TLD3,2012,1157
TLI3,TLD4,2012,238
TLI3,TLD6,2012,291
TLI3,TLD7,2012,393
TLI3,TLE1,2012,190
TLI3,TLE2,2012,439
TLI3,TLE3,2012,358
TLI3,TLE4,2012,843
TLI3,TLF1,2012,737
TLI3,TLF2,2012,901
TLI3,TLF3,2012,218
TLI3,TLG1,2012,581
TLI3,TLG2,2012,362
TLI3,TLG3,2012,1092
TLI3,TLH1,2012,2310
TLI3,TLH2,2012,3337
TLI3,TLH3,2012,1399
TLI3,TLI4,2012,26429
TLI3,TLI5,2012,4268
TLI3,TLI6,2012,10686
TLI3,TLI7,2012,18954
TLI3,TLJ1,2012,5213
TLI3,TLJ2,2012,7239
TLI3,TLJ3,2012,1979
TLI3,TLJ4,2012,2333
TLI3,TLK1,2012,2607
TLI3,TLK2,2012,1288
TLI3,TLK3,2012,281
TLI3,TLK4,2012,813
TLI3,TLL1,2012,463
TLI3,TLL2,2012,542
TLI3,TLN0,2012,191
TLI4,S92000003,2012,1821
TLI4,TLC1,2012,548
TLI4,TLC2,2012,731
TLI4,TLD1,2012,166
TLI4,TLD3,2012,2720
TLI4,TLD4,2012,709
TLI4,TLD6,2012,464
TLI4,TLD7,2012,761
TLI4,TLE1,2012,435
TLI4,TLE2,2012,588
TLI4,TLE3,2012,923
TLI4,TLE4,2012,1801
TLI4,TLF1,2012,1509
TLI4,TLF2,2012,2157
TLI4,TLF3,2012,435
TLI4,TLG1,2012,869
TLI4,TLG2,2012,766
TLI4,TLG3,2012,3086
TLI4,TLH1,2012,4107
TLI4,TLH2,2012,6539
TLI4,TLH3,2012,6737
TLI4,TLI3,2012,20925
TLI4,TLI5,2012,36487
TLI4,TLI6,2012,17939
TLI4,TLI7,2012,14723
TLI4,TLJ1,2012,5379
TLI4,TLJ2,2012,8573
TLI4,TLJ3,2012,2377
TLI4,TLJ4,2012,7383
TLI4,TLK1,2012,3371
TLI4,TLK2,2012,1696
TLI4,TLK3,2012,590
TLI4,TLK4,2012,1193
TLI4,TLL1,2012,887
TLI4,TLL2,2012,941
TLI4,TLN0,2012,325
TLI5,S92000003,2012,942
TLI5,TLC1,2012,339
TLI5,TLC2,2012,353
TLI5,TLD1,2012,107
TLI5,TLD3,2012,1492
TLI5,TLD4,2012,569
TLI5,TLD6,2012,262
TLI5,TLD7,2012,462
TLI5,TLE1,2012,263
TLI5,TLE2,2012,290
TLI5,TLE3,2012,564
TLI5,TLE4,2012,1153
TLI5,TLF1,2012,1288
TLI5,TLF2,2012,1677
TLI5,TLF3,2012,463
TLI5,TLG1,2012,406
TLI5,TLG2,2012,485
TLI5,TLG3,2012,2272
TLI5,TLH1,2012,3519
TLI5,TLH2,2012,6354
TLI5,TLH3,2012,13974
TLI5,TLI3,2012,3248
TLI5,TLI4,2012,19508
TLI5,TLI6,2012,4594
TLI5,TLI7,2012,6983
TLI5,TLJ1,2012,2480
TLI5,TLJ2,2012,3634
TLI5,TLJ3,2012,1723
TLI5,TLJ4,2012,8809
TLI5,TLK1,2012,1393
TLI5,TLK2,2012,943
TLI5,TLK3,2012,346
TLI5,TLK4,2012,680
TLI5,TLL1,2012,630
TLI5,TLL2,2012,502
TLI5,TLN0,2012,236
TLI6,S92000003,2012,762
TLI6,TLC1,2012,304
TLI6,TLC2,2012,250
TLI6,TLD1,2012,77
TLI6,TLD3,2012,985
TLI6,TLD4,2012,260
TLI6,TLD6,2012,249
TLI6,TLD7,2012,292
TLI6,TLE1,2012,164
TLI6,TLE2,2012,334
TLI6,TLE3,2012,318
TLI6,TLE4,2012,769
TLI6,TLF1,2012,870
TLI6,TLF2,2012,1111
TLI6,TLF3,2012,233
TLI6,TLG1,2012,404
TLI6,TLG2,2012,346
TLI6,TLG3,2012,1361
TLI6,TLH1,2012,1579
TLI6,TLH2,2012,1637
TLI6,TLH3,2012,1180
TLI6,TLI3,2012,5259
TLI6,TLI4,2012,9181
TLI6,TLI5,2012,3299
TLI6,TLI7,2012,4085
TLI6,TLJ1,2012,2376
TLI6,TLJ2,2012,14861
TLI6,TLJ3,2012,2522
TLI6,TLJ4,2012,5704
TLI6,TLK1,2012,1418
TLI6,TLK2,2012,1296
TLI6,TLK3,2012,347
TLI6,TLK4,2012,848
TLI6,TLL1,2012,493
TLI6,TLL2,2012,435
TLI6,TLN0,2012,184
TLI7,S92000003,2012,1279
TLI7,TLC1,2012,500
TLI7,TLC2,2012,548
TLI7,TLD1,2012,131
TLI7,TLD3,2012,2069
TLI7,TLD4,2012,501
TLI7,TLD6,2012,383
TLI7,TLD7,2012,626
TLI7,TLE1,2012,345
TLI7,TLE2,2012,529
TLI7,TLE3,2012,666
TLI7,TLE4,2012,1540
TLI7,TLF1,2012,1822
TLI7,TLF2,2012,2523
TLI7,TLF3,2012,452
TLI7,TLG1,2012,819
TLI7,TLG2,2012,628
TLI7,TLG3,2012,3475
TLI7,TLH1,2012,2613
TLI7,TLH2,2012,12089
TLI7,TLH3,2012,1959
TLI7,TLI3,2012,11946
TLI7,TLI4,2012,11881
TLI7,TLI5,2012,6730
TLI7,TLI6,2012,5276
TLI7,TLJ1,2012,10973
TLI7,TLJ2,2012,9822
TLI7,TLJ3,2012,3292
TLI7,TLJ4,2012,2639
TLI7,TLK1,2012,2878
TLI7,TLK2,2012,1948
TLI7,TLK3,2012,504
TLI7,TLK4,2012,1221
TLI7,TLL1,2012,682
TLI7,TLL2,2012,775
TLI7,TLN0,2012,306
TLJ1,S92000003,2012,2102
TLJ1,TLC1,2012,771
TLJ1,TLC2,2012,757
TLJ1,TLD1,2012,316
TLJ1,TLD3,2012,1881
TLJ1,TLD4,2012,850
TLJ1,TLD6,2012,614
TLJ1,TLD7,2012,888
TLJ1,TLE1,2012,500
TLJ1,TLE2,2012,892
TLJ1,TLE3,2012,980
TLJ1,TLE4,2012,1823
TLJ1,TLF1,2012,2357
TLJ1,TLF2,2012,5660
TLJ1,TLF3,2012,968
TLJ1,TLG1,2012,2275
TLJ1,TLG2,2012,1232
TLJ1,TLG3,2012,3696
TLJ1,TLH1,2012,3764
TLJ1,TLH2,2012,5603
TLJ1,TLH3,2012,1519
TLJ1,TLI3,2012,5443
TLJ1,TLI4,2012,5975
TLJ1,TLI5,2012,1699
TLJ1,TLI6,2012,1838
TLJ1,TLI7,2012,5653
TLJ1,TLJ2,2012,7650
TLJ1,TLJ3,2012,8114
TLJ1,TLJ4,2012,2140
TLJ1,TLK1,2012,8171
TLJ1,TLK2,2012,3697
TLJ1,TLK3,2012,1165
TLJ1,TLK4,2012,2765
TLJ1,TLL1,2012,1798
TLJ1,TLL2,2012,1482
TLJ1,TLN0,2012,329
TLJ2,S92000003,2012,1863
TLJ2,TLC1,2012,743
TLJ2,TLC2,2012,647
TLJ2,TLD1,2012,205
TLJ2,TLD3,2012,1488
TLJ2,TLD4,2012,676
TLJ2,TLD6,2012,574
TLJ2,TLD7,2012,714
TLJ2,TLE1,2012,455
TLJ2,TLE2,2012,815
TLJ2,TLE3,2012,772
TLJ2,TLE4,2012,1559
TLJ2,TLF1,2012,1724
TLJ2,TLF2,2012,2016
TLJ2,TLF3,2012,764
TLJ2,TLG1,2012,1191
TLJ2,TLG2,2012,892
TLJ2,TLG3,2012,1865
TLJ2,TLH1,2012,3578
TLJ2,TLH2,2012,2716
TLJ2,TLH3,2012,2147
TLJ2,TLI3,2012,5527
TLJ2,TLI4,2012,7190
TLJ2,TLI5,2012,2347
TLJ2,TLI6,2012,7187
TLJ2,TLI7,2012,5019
TLJ2,TLJ1,2012,7771
TLJ2,TLJ3,2012,12818
TLJ2,TLJ4,2012,7222
TLJ2,TLK1,2012,5055
TLJ2,TLK2,2012,3833
TLJ2,TLK3,2012,1251
TLJ2,TLK4,2012,2935
TLJ2,TLL1,2012,1488
TLJ2,TLL2,2012,1186
TLJ2,TLN0,2012,317
TLJ3,S92000003,2012,1381
TLJ3,TLC1,2012,505
TLJ3,TLC2,2012,496
TLJ3,TLD1,2012,185
TLJ3,TLD3,2012,872
TLJ3,TLD4,2012,492
TLJ3,TLD6,2012,354
TLJ3,TLD7,2012,577
TLJ3,TLE1,2012,423
TLJ3,TLE2,2012,498
TLJ3,TLE3,2012,487
TLJ3,TLE4,2012,798
TLJ3,TLF1,2012,1085
TLJ3,TLF2,2012,1329
TLJ3,TLF3,2012,549
TLJ3,TLG1,2012,1002
TLJ3,TLG2,2012,735
TLJ3,TLG3,2012,1461
TLJ3,TLH1,2012,2020
TLJ3,TLH2,2012,1796
TLJ3,TLH3,2012,1464
TLJ3,TLI3,2012,2195
TLJ3,TLI4,2012,3023
TLJ3,TLI5,2012,1400
TLJ3,TLI6,2012,1980
TLJ3,TLI7,2012,2298
TLJ3,TLJ1,2012,6924
TLJ3,TLJ2,2012,10664
TLJ3,TLJ4,2012,2371
TLJ3,TLK1,2012,6351
TLJ3,TLK2,2012,6404
TLJ3,TLK3,2012,1096
TLJ3,TLK4,2012,2563
TLJ3,TLL1,2012,1318
TLJ3,TLL2,2012,1244
TLJ3,TLN0,2012,236
TLJ4,S92000003,2012,1067
TLJ4,TLC1,2012,471
TLJ4,TLC2,2012,464
TLJ4,TLD1,2012,133
TLJ4,TLD3,2012,809
TLJ4,TLD4,2012,387
TLJ4,TLD6,2012,344
TLJ4,TLD7,2012,454
TLJ4,TLE1,2012,304
TLJ4,TLE2,2012,484
TLJ4,TLE3,2012,498
TLJ4,TLE4,2012,946
TLJ4,TLF1,2012,1180
TLJ4,TLF2,2012,1205
TLJ4,TLF3,2012,578
TLJ4,TLG1,2012,532
TLJ4,TLG2,2012,473
TLJ4,TLG3,2012,1218
TLJ4,TLH1,2012,2768
TLJ4,TLH2,2012,1704
TLJ4,TLH3,2012,2508
TLJ4,TLI3,2012,2030
TLJ4,TLI4,2012,3992
TLJ4,TLI5,2012,3920
TLJ4,TLI6,2012,2722
TLJ4,TLI7,2012,1893
TLJ4,TLJ1,2012,2553
TLJ4,TLJ2,2012,7665
TLJ4,TLJ3,2012,2615
TLJ4,TLK1,2012,1919
TLJ4,TLK2,2012,1283
TLJ4,TLK3,2012,598
TLJ4,TLK4,2012,1140
TLJ4,TLL1,2012,791
TLJ4,TLL2,2012,609
TLJ4,TLN0,2012,214
TLK1,S92000003,2012,1569
TLK1,TLC1,2012,577
TLK1,TLC2,2012,627
TLK1,TLD1,2012,247
TLK1,TLD3,2012,1577
TLK1,TLD4,2012,659
TLK1,TLD6,2012,623
TLK1,TLD7,2012,692
TLK1,TLE1,2012,339
TLK1,TLE2,2012,714
TLK1,TLE3,2012,673
TLK1,TLE4,2012,1296
TLK1,TLF1,2012,1657
TLK1,TLF2,2012,1658
TLK1,TLF3,2012,512
TLK1,TLG1,2012,4029
TLK1,TLG2,2012,1358
TLK1,TLG3,2012,3109
TLK1,TLH1,2012,2090
TLK1,TLH2,2012,1572
TLK1,TLH3,2012,1000
TLK1,TLI3,2012,3329
TLK1,TLI4,2012,4003
TLK1,TLI5,2012,1037
TLK1,TLI6,2012,1303
TLK1,TLI7,2012,2349
TLK1,TLJ1,2012,6763
TLK1,TLJ2,2012,4144
TLK1,TLJ3,2012,5160
TLK1,TLJ4,2012,1376
TLK1,TLK2,2012,8461
TLK1,TLK3,2012,2298
TLK1,TLK4,2012,5509
TLK1,TLL1,2012,3306
TLK1,TLL2,2012,4164
TLK1,TLN0,2012,333
TLK2,S92000003,2012,757
TLK2,TLC1,2012,300
TLK2,TLC2,2012,296
TLK2,TLD1,2012,139
TLK2,TLD3,2012,591
TLK2,TLD4,2012,293
TLK2,TLD6,2012,238
TLK2,TLD7,2012,388
TLK2,TLE1,2012,212
TLK2,TLE2,2012,307
TLK2,TLE3,2012,320
TLK2,TLE4,2012,455
TLK2,TLF1,2012,678
TLK2,TLF2,2012,750
TLK2,TLF3,2012,308
TLK2,TLG1,2012,767
TLK2,TLG2,2012,640
TLK2,TLG3,2012,1042
TLK2,TLH1,2012,1076
TLK2,TLH2,2012,1053
TLK2,TLH3,2012,678
TLK2,TLI3,2012,1425
TLK2,TLI4,2012,1830
TLK2,TLI5,2012,561
TLK2,TLI6,2012,801
TLK2,TLI7,2012,1247
TLK2,TLJ1,2012,2644
TLK2,TLJ2,2012,3329
TLK2,TLJ3,2012,6087
TLK2,TLJ4,2012,1000
TLK2,TLK1,2012,7913
TLK2,TLK3,2012,1272
TLK2,TLK4,2012,4467
TLK2,TLL1,2012,1066
TLK2,TLL2,2012,1109
TLK2,TLN0,2012,132
TLK3,S92000003,2012,420
TLK3,TLC1,2012,107
TLK3,TLC2,2012,121
TLK3,TLD1,2012,76
TLK3,TLD3,2012,322
TLK3,TLD4,2012,227
TLK3,TLD6,2012,130
TLK3,TLD7,2012,215
TLK3,TLE1,2012,103
TLK3,TLE2,2012,148
TLK3,TLE3,2012,154
TLK3,TLE4,2012,241
TLK3,TLF1,2012,362
TLK3,TLF2,2012,384
TLK3,TLF3,2012,156
TLK3,TLG1,2012,452
TLK3,TLG2,2012,343
TLK3,TLG3,2012,449
TLK3,TLH1,2012,571
TLK3,TLH2,2012,302
TLK3,TLH3,2012,355
TLK3,TLI3,2012,328
TLK3,TLI4,2012,583
TLK3,TLI5,2012,196
TLK3,TLI6,2012,245
TLK3,TLI7,2012,317
TLK3,TLJ1,2012,696
TLK3,TLJ2,2012,1029
TLK3,TLJ3,2012,877
TLK3,TLJ4,2012,382
TLK3,TLK1,2012,2265
TLK3,TLK2,2012,1293
TLK3,TLK4,2012,4628
TLK3,TLL1,2012,499
TLK3,TLL2,2012,499
TLK3,TLN0,2012,61
TLK4,S92000003,2012,787
TLK4,TLC1,2012,273
TLK4,TLC2,2012,244
TLK4,TLD1,2012,159
TLK4,TLD3,2012,658
TLK4,TLD4,2012,410
TLK4,TLD6,2012,304
TLK4,TLD7,2012,344
TLK4,TLE1,2012,161
TLK4,TLE2,2012,300
TLK4,TLE3,2012,297
TLK4,TLE4,2012,481
TLK4,TLF1,2012,767
TLK4,TLF2,2012,706
TLK4,TLF3,2012,298
TLK4,TLG1,2012,1014
TLK4,TLG2,2012,670
TLK4,TLG3,2012,1083
TLK4,TLH1,2012,1064
TLK4,TLH2,2012,793
TLK4,TLH3,2012,661
TLK4,TLI3,2012,1006
TLK4,TLI4,2012,1470
TLK4,TLI5,2012,467
TLK4,TLI6,2012,614
TLK4,TLI7,2012,810
TLK4,TLJ1,2012,2146
TLK4,TLJ2,2012,2313
TLK4,TLJ3,2012,2333
TLK4,TLJ4,2012,870
TLK4,TLK1,2012,5364
TLK4,TLK2,2012,4669
TLK4,TLK3,2012,4809
TLK4,TLL1,2012,1146
TLK4,TLL2,2012,1192
TLK4,TLN0,2012,172
TLL1,S92000003,2012,1000
TLL1,TLC1,2012,309
TLL1,TLC2,2012,409
TLL1,TLD1,2012,177
TLL1,TLD3,2012,1942
TLL1,TLD4,2012,871
TLL1,TLD6,2012,1301
TLL1,TLD7,2012,1485
TLL1,TLE1,2012,284
TLL1,TLE2,2012,391
TLL1,TLE3,2012,450
TLL1,TLE4,2012,670
TLL1,TLF1,2012,924
TLL1,TLF2,2012,825
TLL1,TLF3,2012,308
TLL1,TLG1,2012,1393
TLL1,TLG2,2012,1606
TLL1,TLG3,2012,1629
TLL1,TLH1,2012,1065
TLL1,TLH2,2012,616
TLL1,TLH3,2012,523
TLL1,TLI3,2012,631
TLL1,TLI4,2012,1087
TLL1,TLI5,2012,507
TLL1,TLI6,2012,418
TLL1,TLI7,2012,695
TLL1,TLJ1,2012,1486
TLL1,TLJ2,2012,1270
TLL1,TLJ3,2012,1189
TLL1,TLJ4,2012,690
TLL1,TLK1,2012,3313
TLL1,TLK2,2012,1127
TLL1,TLK3,2012,460
TLL1,TLK4,2012,1127
TLL1,TLL2,2012,14604
TLL1,TLN0,2012,207
TLL2,S92000003,2012,648
TLL2,TLC1,2012,231
TLL2,TLC2,2012,269
TLL2,TLD1,2012,116
TLL2,TLD3,2012,1260
TLL2,TLD4,2012,527
TLL2,TLD6,2012,1987
TLL2,TLD7,2012,1176
TLL2,TLE1,2012,177
TLL2,TLE2,2012,208
TLL2,TLE3,2012,367
TLL2,TLE4,2012,681
TLL2,TLF1,2012,683
TLL2,TLF2,2012,627
TLL2,TLF3,2012,161
TLL2,TLG1,2012,1519
TLL2,TLG2,2012,2104
TLL2,TLG3,2012,1343
TLL2,TLH1,2012,645
TLL2,TLH2,2012,445
TLL2,TLH3,2012,354
TLL2,TLI3,2012,927
TLL2,TLI4,2012,1363
TLL2,TLI5,2012,446
TLL2,TLI6,2012,438
TLL2,TLI7,2012,878
TLL2,TLJ1,2012,1429
TLL2,TLJ2,2012,1009
TLL2,TLJ3,2012,1061
TLL2,TLJ4,2012,501
TLL2,TLK1,2012,4358
TLL2,TLK2,2012,980
TLL2,TLK3,2012,508
TLL2,TLK4,2012,1156
TLL2,TLL1,2012,14682
TLL2,TLN0,2012,197
TLM5,TLM6,2012,1488
TLM5,TLM7,2012,3396
TLM5,TLM8,2012,1031
TLM5,TLM9,2012,504
TLM6,TLM5,2012,1670
TLM6,TLM7,2012,3110
TLM6,TLM8,2012,2313
TLM6,TLM9,2012,904
TLM7,TLM5,2012,3513
TLM7,TLM6,2012,2725
TLM7,TLM8,2012,5835
TLM7,TLM9,2012,3789
TLM8,TLM5,2012,1262
TLM8,TLM6,2012,2221
TLM8,TLM7,2012,6542
TLM8,TLM9,2012,7796
TLM9,TLM5,2012,687
TLM9,TLM6,2012,964
TLM9,TLM7,2012,4340
TLM9,TLM8,2012,6531
TLN0,S92000003,2012,2434
TLN0,TLC1,2012,186
TLN0,TLC2,2012,601
TLN0,TLD1,2012,91
TLN0,TLD3,2012,773
TLN0,TLD4,2012,383
TLN0,TLD6,2012,171
TLN0,TLD7,2012,1027
TLN0,TLE1,2012,73
TLN0,TLE2,2012,192
TLN0,TLE3,2012,107
TLN0,TLE4,2012,374
TLN0,TLF1,2012,233
TLN0,TLF2,2012,226
TLN0,TLF3,2012,83
TLN0,TLG1,2012,99
TLN0,TLG2,2012,206
TLN0,TLG3,2012,253
TLN0,TLH1,2012,370
TLN0,TLH2,2012,192
TLN0,TLH3,2012,178
TLN0,TLI3,2012,302
TLN0,TLI4,2012,390
TLN0,TLI5,2012,105
TLN0,TLI6,2012,199
TLN0,TLI7,2012,356
TLN0,TLJ1,2012,352
TLN0,TLJ2,2012,322
TLN0,TLJ3,2012,296
TLN0,TLJ4,2012,216
TLN0,TLK1,2012,439
TLN0,TLK2,2012,151
TLN0,TLK3,2012,47
TLN0,TLK4,2012,129
TLN0,TLL1,2012,237
TLN0,TLL2,2012,248
S92000003,TLC1,2013,1020
S92000003,TLC2,2013,2244
S92000003,TLD1,2013,1017
S92000003,TLD3,2013,1840
S92000003,TLD4,2013,1302
S92000003,TLD6,2013,573
S92000003,TLD7,2013,824
S92000003,TLE1,2013,567
S92000003,TLE2,2013,1027
S92000003,TLE3,2013,712
S92000003,TLE4,2013,1311
S92000003,TLF1,2013,1051
S92000003,TLF2,2013,933
S92000003,TLF3,2013,552
S92000003,TLG1,2013,650
S92000003,TLG2,2013,697
S92000003,TLG3,2013,1049
S92000003,TLH1,2013,1794
S92000003,TLH2,2013,909
S92000003,TLH3,2013,671
S92000003,TLI3,2013,1668
S92000003,TLI4,2013,2077
S92000003,TLI5,2013,577
S92000003,TLI6,2013,707
S92000003,TLI7,2013,1299
S92000003,TLJ1,2013,1924
S92000003,TLJ2,2013,1807
S92000003,TLJ3,2013,1264
S92000003,TLJ4,2013,740
S92000003,TLK1,2013,1686
S92000003,TLK2,2013,825
S92000003,TLK3,2013,329
S92000003,TLK4,2013,736
S92000003,TLL1,2013,761
S92000003,TLL2,2013,596
S92000003,TLN0,2013,2082
TLC1,S92000003,2013,1375
TLC1,TLC2,2013,8072
TLC1,TLD1,2013,503
TLC1,TLD3,2013,1172
TLC1,TLD4,2013,725
TLC1,TLD6,2013,366
TLC1,TLD7,2013,519
TLC1,TLE1,2013,590
TLC1,TLE2,2013,2975
TLC1,TLE3,2013,750
TLC1,TLE4,2013,2115
TLC1,TLF1,2013,747
TLC1,TLF2,2013,515
TLC1,TLF3,2013,371
TLC1,TLG1,2013,370
TLC1,TLG2,2013,365
TLC1,TLG3,2013,753
TLC1,TLH1,2013,751
TLC1,TLH2,2013,485
TLC1,TLH3,2013,316
TLC1,TLI3,2013,872
TLC1,TLI4,2013,1202
TLC1,TLI5,2013,394
TLC1,TLI6,2013,348
TLC1,TLI7,2013,636
TLC1,TLJ1,2013,805
TLC1,TLJ2,2013,723
TLC1,TLJ3,2013,432
TLC1,TLJ4,2013,368
TLC1,TLK1,2013,587
TLC1,TLK2,2013,287
TLC1,TLK3,2013,149
TLC1,TLK4,2013,233
TLC1,TLL1,2013,361
TLC1,TLL2,2013,245
TLC1,TLN0,2013,164
TLC2,S92000003,2013,2757
TLC2,TLC1,2013,7899
TLC2,TLD1,2013,970
TLC2,TLD3,2013,1714
TLC2,TLD4,2013,856
TLC2,TLD6,2013,406
TLC2,TLD7,2013,689
TLC2,TLE1,2013,625
TLC2,TLE2,2013,1730
TLC2,TLE3,2013,917
TLC2,TLE4,2013,2687
TLC2,TLF1,2013,872
TLC2,TLF2,2013,617
TLC2,TLF3,2013,376
TLC2,TLG1,2013,361
TLC2,TLG2,2013,365
TLC2,TLG3,2013,720
TLC2,TLH1,2013,816
TLC2,TLH2,2013,506
TLC2,TLH3,2013,321
TLC2,TLI3,2013,1025
TLC2,TLI4,2013,1496
TLC2,TLI5,2013,471
TLC2,TLI6,2013,421
TLC2,TLI7,2013,783
TLC2,TLJ1,2013,971
TLC2,TLJ2,2013,776
TLC2,TLJ3,2013,554
TLC2,TLJ4,2013,375
TLC2,TLK1,2013,847
TLC2,TLK2,2013,305
TLC2,TLK3,2013,121
TLC2,TLK4,2013,268
TLC2,TLL1,2013,347
TLC2,TLL2,2013,287
TLC2,TLN0,2013,416
TLD1,S92000003,2013,1240
TLD1,TLC1,2013,493
TLD1,TLC2,2013,1147
TLD1,TLD3,2013,1082
TLD1,TLD4,2013,2274
TLD1,TLD6,2013,301
TLD1,TLD7,2013,476
TLD1,TLE1,2013,148
TLD1,TLE2,2013,542
TLD1,TLE3,2013,251
TLD1,TLE4,2013,620
TLD1,TLF1,2013,296
TLD1,TLF2,2013,214
TLD1,TLF3,2013,135
TLD1,TLG1,2013,166
TLD1,TLG2,2013,229
TLD1,TLG3,2013,271
TLD1,TLH1,2013,282
TLD1,TLH2,2013,193
TLD1,TLH3,2013,92
TLD1,TLI3,2013,142
TLD1,TLI4,2013,255
TLD1,TLI5,2013,73
TLD1,TLI6,2013,66
TLD1,TLI7,2013,125
TLD1,TLJ1,2013,328
TLD1,TLJ2,2013,212
TLD1,TLJ3,2013,212
TLD1,TLJ4,2013,177
TLD1,TLK1,2013,287
TLD1,TLK2,2013,186
TLD1,TLK3,2013,88
TLD1,TLK4,2013,141
TLD1,TLL1,2013,176
TLD1,TLL2,2013,115
TLD1,TLN0,2013,70
TLD3,S92000003,2013,2193
TLD3,TLC1,2013,1089
TLD3,TLC2,2013,1708
TLD3,TLD1,2013,1168
TLD3,TLD4,2013,11199
TLD3,TLD6,2013,7286
TLD3,TLD7,2013,5363
TLD3,TLE1,2013,875
TLD3,TLE2,2013,1348
TLD3,TLE3,2013,2690
TLD3,TLE4,2013,6988
TLD3,TLF1,2013,3686
TLD3,TLF2,2013,1548
TLD3,TLF3,2013,656
TLD3,TLG1,2013,826
TLD3,TLG2,2013,1907
TLD3,TLG3,2013,3153
TLD3,TLH1,2013,1587
TLD3,TLH2,2013,1342
TLD3,TLH3,2013,752
TLD3,TLI3,2013,2253
TLD3,TLI4,2013,4019
TLD3,TLI5,2013,1453
TLD3,TLI6,2013,1019
TLD3,TLI7,2013,2288
TLD3,TLJ1,2013,2039
TLD3,TLJ2,2013,1603
TLD3,TLJ3,2013,977
TLD3,TLJ4,2013,788
TLD3,TLK1,2013,1787
TLD3,TLK2,2013,722
TLD3,TLK3,2013,493
TLD3,TLK4,2013,820
TLD3,TLL1,2013,2464
TLD3,TLL2,2013,1222
TLD3,TLN0,2013,540
TLD4,S92000003,2013,1759
TLD4,TLC1,2013,691
TLD4,TLC2,2013,1089
TLD4,TLD1,2013,2080
TLD4,TLD3,2013,10177
TLD4,TLD6,2013,1709
TLD4,TLD7,2013,4168
TLD4,TLE1,2013,556
TLD4,TLE2,2013,1401
TLD4,TLE3,2013,994
TLD4,TLE4,2013,3633
TLD4,TLF1,2013,1100
TLD4,TLF2,2013,843
TLD4,TLF3,2013,414
TLD4,TLG1,2013,661
TLD4,TLG2,2013,1058
TLD4,TLG3,2013,1314
TLD4,TLH1,2013,807
TLD4,TLH2,2013,651
TLD4,TLH3,2013,360
TLD4,TLI3,2013,588
TLD4,TLI4,2013,985
TLD4,TLI5,2013,450
TLD4,TLI6,2013,326
TLD4,TLI7,2013,622
TLD4,TLJ1,2013,1051
TLD4,TLJ2,2013,794
TLD4,TLJ3,2013,606
TLD4,TLJ4,2013,498
TLD4,TLK1,2013,987
TLD4,TLK2,2013,380
TLD4,TLK3,2013,260
TLD4,TLK4,2013,501
TLD4,TLL1,2013,845
TLD4,TLL2,2013,590
TLD4,TLN0,2013,258
TLD6,S92000003,2013,680
TLD6,TLC1,2013,311
TLD6,TLC2,2013,440
TLD6,TLD1,2013,285
TLD6,TLD3,2013,5124
TLD6,TLD4,2013,1441
TLD6,TLD7,2013,3970
TLD6,TLE1,2013,214
TLD6,TLE2,2013,488
TLD6,TLE3,2013,820
TLD6,TLE4,2013,1314
TLD6,TLF1,2013,1153
TLD6,TLF2,2013,535
TLD6,TLF3,2013,202
TLD6,TLG1,2013,377
TLD6,TLG2,2013,2585
TLD6,TLG3,2013,882
TLD6,TLH1,2013,474
TLD6,TLH2,2013,373
TLD6,TLH3,2013,216
TLD6,TLI3,2013,506
TLD6,TLI4,2013,680
TLD6,TLI5,2013,228
TLD6,TLI6,2013,170
TLD6,TLI7,2013,384
TLD6,TLJ1,2013,730
TLD6,TLJ2,2013,572
TLD6,TLJ3,2013,385
TLD6,TLJ4,2013,280
TLD6,TLK1,2013,832
TLD6,TLK2,2013,324
TLD6,TLK3,2013,215
TLD6,TLK4,2013,367
TLD6,TLL1,2013,1352
TLD6,TLL2,2013,2035
TLD6,TLN0,2013,162
TLD7,S92000003,2013,1018
TLD7,TLC1,2013,491
TLD7,TLC2,2013,715
TLD7,TLD1,2013,532
TLD7,TLD3,2013,5679
TLD7,TLD4,2013,4206
TLD7,TLD6,2013,4907
TLD7,TLE1,2013,313
TLD7,TLE2,2013,559
TLD7,TLE3,2013,975
TLD7,TLE4,2013,2035
TLD7,TLF1,2013,910
TLD7,TLF2,2013,583
TLD7,TLF3,2013,302
TLD7,TLG1,2013,475
TLD7,TLG2,2013,1113
TLD7,TLG3,2013,1153
TLD7,TLH1,2013,711
TLD7,TLH2,2013,563
TLD7,TLH3,2013,405
TLD7,TLI3,2013,726
TLD7,TLI4,2013,1357
TLD7,TLI5,2013,428
TLD7,TLI6,2013,418
TLD7,TLI7,2013,796
TLD7,TLJ1,2013,929
TLD7,TLJ2,2013,717
TLD7,TLJ3,2013,461
TLD7,TLJ4,2013,360
TLD7,TLK1,2013,893
TLD7,TLK2,2013,381
TLD7,TLK3,2013,262
TLD7,TLK4,2013,383
TLD7,TLL1,2013,1736
TLD7,TLL2,2013,1150
TLD7,TLN0,2013,685
TLE1,S92000003,2013,772
TLE1,TLC1,2013,668
TLE1,TLC2,2013,834
TLE1,TLD1,2013,201
TLE1,TLD3,2013,1135
TLE1,TLD4,2013,547
TLE1,TLD6,2013,292
TLE1,TLD7,2013,507
TLE1,TLE2,2013,2784
TLE1,TLE3,2013,2116
TLE1,TLE4,2013,3284
TLE1,TLF1,2013,1434
TLE1,TLF2,2013,648
TLE1,TLF3,2013,2387
TLE1,TLG1,2013,252
TLE1,TLG2,2013,365
TLE1,TLG3,2013,611
TLE1,TLH1,2013,820
TLE1,TLH2,2013,397
TLE1,TLH3,2013,256
TLE1,TLI3,2013,337
TLE1,TLI4,2013,612
TLE1,TLI5,2013,307
TLE1,TLI6,2013,154
TLE1,TLI7,2013,361
TLE1,TLJ1,2013,581
TLE1,TLJ2,2013,451
TLE1,TLJ3,2013,383
TLE1,TLJ4,2013,285
TLE1,TLK1,2013,436
TLE1,TLK2,2013,188
TLE1,TLK3,2013,111
TLE1,TLK4,2013,261
TLE1,TLL1,2013,268
TLE1,TLL2,2013,162
TLE1,TLN0,2013,73
TLE2,S92000003,2013,1183
TLE2,TLC1,2013,2774
TLE2,TLC2,2013,1734
TLE2,TLD1,2013,494
TLE2,TLD3,2013,1228
TLE2,TLD4,2013,1183
TLE2,TLD6,2013,403
TLE2,TLD7,2013,523
TLE2,TLE1,2013,2654
TLE2,TLE3,2013,1486
TLE2,TLE4,2013,5529
TLE2,TLF1,2013,957
TLE2,TLF2,2013,610
TLE2,TLF3,2013,539
TLE2,TLG1,2013,331
TLE2,TLG2,2013,461
TLE2,TLG3,2013,633
TLE2,TLH1,2013,930
TLE2,TLH2,2013,454
TLE2,TLH3,2013,323
TLE2,TLI3,2013,639
TLE2,TLI4,2013,945
TLE2,TLI5,2013,256
TLE2,TLI6,2013,237
TLE2,TLI7,2013,463
TLE2,TLJ1,2013,890
TLE2,TLJ2,2013,696
TLE2,TLJ3,2013,502
TLE2,TLJ4,2013,408
TLE2,TLK1,2013,795
TLE2,TLK2,2013,312
TLE2,TLK3,2013,142
TLE2,TLK4,2013,301
TLE2,TLL1,2013,318
TLE2,TLL2,2013,302
TLE2,TLN0,2013,126
TLE3,S92000003,2013,895
TLE3,TLC1,2013,730
TLE3,TLC2,2013,1026
TLE3,TLD1,2013,264
TLE3,TLD3,2013,2857
TLE3,TLD4,2013,890
TLE3,TLD6,2013,788
TLE3,TLD7,2013,968
TLE3,TLE1,2013,2127
TLE3,TLE2,2013,1638
TLE3,TLE4,2013,5432
TLE3,TLF1,2013,6068
TLE3,TLF2,2013,1450
TLE3,TLF3,2013,1517
TLE3,TLG1,2013,617
TLE3,TLG2,2013,891
TLE3,TLG3,2013,1512
TLE3,TLH1,2013,1246
TLE3,TLH2,2013,806
TLE3,TLH3,2013,345
TLE3,TLI3,2013,667
TLE3,TLI4,2013,1333
TLE3,TLI5,2013,510
TLE3,TLI6,2013,331
TLE3,TLI7,2013,807
TLE3,TLJ1,2013,1099
TLE3,TLJ2,2013,793
TLE3,TLJ3,2013,467
TLE3,TLJ4,2013,424
TLE3,TLK1,2013,830
TLE3,TLK2,2013,364
TLE3,TLK3,2013,255
TLE3,TLK4,2013,363
TLE3,TLL1,2013,401
TLE3,TLL2,2013,322
TLE3,TLN0,2013,105
TLE4,S92000003,2013,1977
TLE4,TLC1,2013,1955
TLE4,TLC2,2013,2837
TLE4,TLD1,2013,722
TLE4,TLD3,2013,6932
TLE4,TLD4,2013,3661
TLE4,TLD6,2013,1328
TLE4,TLD7,2013,2015
TLE4,TLE1,2013,3288
TLE4,TLE2,2013,7060
TLE4,TLE3,2013,5510
TLE4,TLF1,2013,3239
TLE4,TLF2,2013,1718
TLE4,TLF3,2013,1131
TLE4,TLG1,2013,776
TLE4,TLG2,2013,1069
TLE4,TLG3,2013,2791
TLE4,TLH1,2013,1854
TLE4,TLH2,2013,1439
TLE4,TLH3,2013,655
TLE4,TLI3,2013,1820
TLE4,TLI4,2013,3150
TLE4,TLI5,2013,1104
TLE4,TLI6,2013,860
TLE4,TLI7,2013,1766
TLE4,TLJ1,2013,1876
TLE4,TLJ2,2013,1562
TLE4,TLJ3,2013,865
TLE4,TLJ4,2013,913
TLE4,TLK1,2013,1379
TLE4,TLK2,2013,534
TLE4,TLK3,2013,375
TLE4,TLK4,2013,585
TLE4,TLL1,2013,786
TLE4,TLL2,2013,706
TLE4,TLN0,2013,309
TLF1,S92000003,2013,1447
TLF1,TLC1,2013,736
TLF1,TLC2,2013,1004
TLF1,TLD1,2013,260
TLF1,TLD3,2013,3433
TLF1,TLD4,2013,978
TLF1,TLD6,2013,1060
TLF1,TLD7,2013,957
TLF1,TLE1,2013,1266
TLF1,TLE2,2013,1071
TLF1,TLE3,2013,5079
TLF1,TLE4,2013,3144
TLF1,TLF2,2013,5341
TLF1,TLF3,2013,4047
TLF1,TLG1,2013,1408
TLF1,TLG2,2013,4095
TLF1,TLG3,2013,4013
TLF1,TLH1,2013,2467
TLF1,TLH2,2013,1845
TLF1,TLH3,2013,829
TLF1,TLI3,2013,1673
TLF1,TLI4,2013,2622
TLF1,TLI5,2013,1164
TLF1,TLI6,2013,901
TLF1,TLI7,2013,1902
TLF1,TLJ1,2013,2239
TLF1,TLJ2,2013,1727
TLF1,TLJ3,2013,1052
TLF1,TLJ4,2013,852
TLF1,TLK1,2013,1846
TLF1,TLK2,2013,750
TLF1,TLK3,2013,688
TLF1,TLK4,2013,805
TLF1,TLL1,2013,884
TLF1,TLL2,2013,639
TLF1,TLN0,2013,226
TLF2,S92000003,2013,1238
TLF2,TLC1,2013,556
TLF2,TLC2,2013,810
TLF2,TLD1,2013,224
TLF2,TLD3,2013,1553
TLF2,TLD4,2013,739
TLF2,TLD6,2013,512
TLF2,TLD7,2013,626
TLF2,TLE1,2013,594
TLF2,TLE2,2013,657
TLF2,TLE3,2013,1365
TLF2,TLE4,2013,1698
TLF2,TLF1,2013,5427
TLF2,TLF3,2013,2431
TLF2,TLG1,2013,2769
TLF2,TLG2,2013,1563
TLF2,TLG3,2013,4734
TLF2,TLH1,2013,3613
TLF2,TLH2,2013,2980
TLF2,TLH3,2013,1044
TLF2,TLI3,2013,1354
TLF2,TLI4,2013,2634
TLF2,TLI5,2013,1336
TLF2,TLI6,2013,917
TLF2,TLI7,2013,2043
TLF2,TLJ1,2013,4214
TLF2,TLJ2,2013,1915
TLF2,TLJ3,2013,1346
TLF2,TLJ4,2013,1073
TLF2,TLK1,2013,1952
TLF2,TLK2,2013,1022
TLF2,TLK3,2013,513
TLF2,TLK4,2013,932
TLF2,TLL1,2013,986
TLF2,TLL2,2013,634
TLF2,TLN0,2013,234
TLF3,S92000003,2013,563
TLF3,TLC1,2013,296
TLF3,TLC2,2013,504
TLF3,TLD1,2013,150
TLF3,TLD3,2013,635
TLF3,TLD4,2013,325
TLF3,TLD6,2013,222
TLF3,TLD7,2013,238
TLF3,TLE1,2013,2201
TLF3,TLE2,2013,543
TLF3,TLE3,2013,1484
TLF3,TLE4,2013,1108
TLF3,TLF1,2013,3906
TLF3,TLF2,2013,2142
TLF3,TLG1,2013,445
TLF3,TLG2,2013,517
TLF3,TLG3,2013,599
TLF3,TLH1,2013,3664
TLF3,TLH2,2013,725
TLF3,TLH3,2013,461
TLF3,TLI3,2013,357
TLF3,TLI4,2013,556
TLF3,TLI5,2013,270
TLF3,TLI6,2013,215
TLF3,TLI7,2013,345
TLF3,TLJ1,2013,779
TLF3,TLJ2,2013,668
TLF3,TLJ3,2013,491
TLF3,TLJ4,2013,433
TLF3,TLK1,2013,532
TLF3,TLK2,2013,276
TLF3,TLK3,2013,258
TLF3,TLK4,2013,327
TLF3,TLL1,2013,300
TLF3,TLL2,2013,186
TLF3,TLN0,2013,73
TLG1,S92000003,2013,776
TLG1,TLC1,2013,326
TLG1,TLC2,2013,295
TLG1,TLD1,2013,208
TLG1,TLD3,2013,852
TLG1,TLD4,2013,495
TLG1,TLD6,2013,412
TLG1,TLD7,2013,453
TLG1,TLE1,2013,226
TLG1,TLE2,2013,391
TLG1,TLE3,2013,556
TLG1,TLE4,2013,745
TLG1,TLF1,2013,1354
TLG1,TLF2,2013,3008
TLG1,TLF3,2013,537
TLG1,TLG2,2013,2861
TLG1,TLG3,2013,9192
TLG1,TLH1,2013,1171
TLG1,TLH2,2013,714
TLG1,TLH3,2013,398
TLG1,TLI3,2013,1062
TLG1,TLI4,2013,1354
TLG1,TLI5,2013,386
TLG1,TLI6,2013,374
TLG1,TLI7,2013,761
TLG1,TLJ1,2013,2188
TLG1,TLJ2,2013,1149
TLG1,TLJ3,2013,994
TLG1,TLJ4,2013,548
TLG1,TLK1,2013,4245
TLG1,TLK2,2013,1046
TLG1,TLK3,2013,574
TLG1,TLK4,2013,1283
TLG1,TLL1,2013,1354
TLG1,TLL2,2013,1468
TLG1,TLN0,2013,133
TLG2,S92000003,2013,861
TLG2,TLC1,2013,347
TLG2,TLC2,2013,425
TLG2,TLD1,2013,256
TLG2,TLD3,2013,2071
TLG2,TLD4,2013,936
TLG2,TLD6,2013,2634
TLG2,TLD7,2013,1161
TLG2,TLE1,2013,335
TLG2,TLE2,2013,471
TLG2,TLE3,2013,848
TLG2,TLE4,2013,1139
TLG2,TLF1,2013,4197
TLG2,TLF2,2013,1664
TLG2,TLF3,2013,495
TLG2,TLG1,2013,3027
TLG2,TLG3,2013,7551
TLG2,TLH1,2013,1015
TLG2,TLH2,2013,620
TLG2,TLH3,2013,392
TLG2,TLI3,2013,671
TLG2,TLI4,2013,1012
TLG2,TLI5,2013,405
TLG2,TLI6,2013,342
TLG2,TLI7,2013,599
TLG2,TLJ1,2013,1228
TLG2,TLJ2,2013,816
TLG2,TLJ3,2013,807
TLG2,TLJ4,2013,529
TLG2,TLK1,2013,1643
TLG2,TLK2,2013,682
TLG2,TLK3,2013,551
TLG2,TLK4,2013,811
TLG2,TLL1,2013,1709
TLG2,TLL2,2013,2085
TLG2,TLN0,2013,163
TLG3,S92000003,2013,1371
TLG3,TLC1,2013,672
TLG3,TLC2,2013,702
TLG3,TLD1,2013,270
TLG3,TLD3,2013,3034
TLG3,TLD4,2013,1380
TLG3,TLD6,2013,909
TLG3,TLD7,2013,1266
TLG3,TLE1,2013,517
TLG3,TLE2,2013,556
TLG3,TLE3,2013,1377
TLG3,TLE4,2013,2508
TLG3,TLF1,2013,4197
TLG3,TLF2,2013,4516
TLG3,TLF3,2013,774
TLG3,TLG1,2013,14142
TLG3,TLG2,2013,10710
TLG3,TLH1,2013,2098
TLG3,TLH2,2013,2207
TLG3,TLH3,2013,964
TLG3,TLI3,2013,2014
TLG3,TLI4,2013,4050
TLG3,TLI5,2013,1992
TLG3,TLI6,2013,1222
TLG3,TLI7,2013,3370
TLG3,TLJ1,2013,3678
TLG3,TLJ2,2013,1936
TLG3,TLJ3,2013,1473
TLG3,TLJ4,2013,1082
TLG3,TLK1,2013,3609
TLG3,TLK2,2013,1409
TLG3,TLK3,2013,775
TLG3,TLK4,2013,1536
TLG3,TLL1,2013,1904
TLG3,TLL2,2013,1447
TLG3,TLN0,2013,298
TLH1,S92000003,2013,2084
TLH1,TLC1,2013,694
TLH1,TLC2,2013,928
TLH1,TLD1,2013,287
TLH1,TLD3,2013,1482
TLH1,TLD4,2013,749
TLH1,TLD6,2013,493
TLH1,TLD7,2013,725
TLH1,TLE1,2013,748
TLH1,TLE2,2013,1072
TLH1,TLE3,2013,1299
TLH1,TLE4,2013,1822
TLH1,TLF1,2013,2505
TLH1,TLF2,2013,3625
TLH1,TLF3,2013,4121
TLH1,TLG1,2013,931
TLH1,TLG2,2013,981
TLH1,TLG3,2013,2034
TLH1,TLH2,2013,4268
TLH1,TLH3,2013,5422
TLH1,TLI3,2013,2982
TLH1,TLI4,2013,4627
TLH1,TLI5,2013,1855
TLH1,TLI6,2013,1173
TLH1,TLI7,2013,2269
TLH1,TLJ1,2013,3690
TLH1,TLJ2,2013,2934
TLH1,TLJ3,2013,2034
TLH1,TLJ4,2013,2086
TLH1,TLK1,2013,2351
TLH1,TLK2,2013,1112
TLH1,TLK3,2013,609
TLH1,TLK4,2013,1115
TLH1,TLL1,2013,845
TLH1,TLL2,2013,635
TLH1,TLN0,2013,309
TLH2,S92000003,2013,1143
TLH2,TLC1,2013,525
TLH2,TLC2,2013,507
TLH2,TLD1,2013,196
TLH2,TLD3,2013,1234
TLH2,TLD4,2013,517
TLH2,TLD6,2013,354
TLH2,TLD7,2013,612
TLH2,TLE1,2013,438
TLH2,TLE2,2013,644
TLH2,TLE3,2013,739
TLH2,TLE4,2013,1367
TLH2,TLF1,2013,2027
TLH2,TLF2,2013,3903
TLH2,TLF3,2013,976
TLH2,TLG1,2013,730
TLH2,TLG2,2013,694
TLH2,TLG3,2013,2340
TLH2,TLH1,2013,6587
TLH2,TLH3,2013,4535
TLH2,TLI3,2013,2220
TLH2,TLI4,2013,4267
TLH2,TLI5,2013,3016
TLH2,TLI6,2013,1149
TLH2,TLI7,2013,4577
TLH2,TLJ1,2013,7411
TLH2,TLJ2,2013,3177
TLH2,TLJ3,2013,2374
TLH2,TLJ4,2013,1808
TLH2,TLK1,2013,2076
TLH2,TLK2,2013,1620
TLH2,TLK3,2013,502
TLH2,TLK4,2013,1222
TLH2,TLL1,2013,706
TLH2,TLL2,2013,559
TLH2,TLN0,2013,195
TLH3,S92000003,2013,893
TLH3,TLC1,2013,417
TLH3,TLC2,2013,340
TLH3,TLD1,2013,147
TLH3,TLD3,2013,694
TLH3,TLD4,2013,386
TLH3,TLD6,2013,237
TLH3,TLD7,2013,330
TLH3,TLE1,2013,311
TLH3,TLE2,2013,433
TLH3,TLE3,2013,454
TLH3,TLE4,2013,610
TLH3,TLF1,2013,1110
TLH3,TLF2,2013,1284
TLH3,TLF3,2013,707
TLH3,TLG1,2013,437
TLH3,TLG2,2013,470
TLH3,TLG3,2013,1168
TLH3,TLH1,2013,8143
TLH3,TLH2,2013,4167
TLH3,TLI3,2013,1355
TLH3,TLI4,2013,3605
TLH3,TLI5,2013,5150
TLH3,TLI6,2013,916
TLH3,TLI7,2013,1428
TLH3,TLJ1,2013,1763
TLH3,TLJ2,2013,2501
TLH3,TLJ3,2013,1574
TLH3,TLJ4,2013,2937
TLH3,TLK1,2013,1367
TLH3,TLK2,2013,841
TLH3,TLK3,2013,442
TLH3,TLK4,2013,886
TLH3,TLL1,2013,561
TLH3,TLL2,2013,323
TLH3,TLN0,2013,167
TLI3,S92000003,2013,1231
TLI3,TLC1,2013,363
TLI3,TLC2,2013,461
TLI3,TLD1,2013,82
TLI3,TLD3,2013,1275
TLI3,TLD4,2013,296
TLI3,TLD6,2013,289
TLI3,TLD7,2013,414
TLI3,TLE1,2013,142
TLI3,TLE2,2013,520
TLI3,TLE3,2013,396
TLI3,TLE4,2013,882
TLI3,TLF1,2013,757
TLI3,TLF2,2013,938
TLI3,TLF3,2013,218
TLI3,TLG1,2013,615
TLI3,TLG2,2013,377
TLI3,TLG3,2013,1219
TLI3,TLH1,2013,2456
TLI3,TLH2,2013,3373
TLI3,TLH3,2013,1501
TLI3,TLI4,2013,26287
TLI3,TLI5,2013,4583
TLI3,TLI6,2013,10337
TLI3,TLI7,2013,18400
TLI3,TLJ1,2013,5597
TLI3,TLJ2,2013,7301
TLI3,TLJ3,2013,2142
TLI3,TLJ4,2013,2438
TLI3,TLK1,2013,2843
TLI3,TLK2,2013,1245
TLI3,TLK3,2013,279
TLI3,TLK4,2013,877
TLI3,TLL1,2013,442
TLI3,TLL2,2013,557
TLI3,TLN0,2013,206
TLI4,S92000003,2013,2003
TLI4,TLC1,2013,708
TLI4,TLC2,2013,874
TLI4,TLD1,2013,234
TLI4,TLD3,2013,2805
TLI4,TLD4,2013,728
TLI4,TLD6,2013,453
TLI4,TLD7,2013,876
TLI4,TLE1,2013,387
TLI4,TLE2,2013,590
TLI4,TLE3,2013,862
TLI4,TLE4,2013,1736
TLI4,TLF1,2013,1708
TLI4,TLF2,2013,2329
TLI4,TLF3,2013,528
TLI4,TLG1,2013,904
TLI4,TLG2,2013,738
TLI4,TLG3,2013,3635
TLI4,TLH1,2013,4163
TLI4,TLH2,2013,6871
TLI4,TLH3,2013,6913
TLI4,TLI3,2013,19317
TLI4,TLI5,2013,35440
TLI4,TLI6,2013,17673
TLI4,TLI7,2013,14342
TLI4,TLJ1,2013,5480
TLI4,TLJ2,2013,8547
TLI4,TLJ3,2013,2406
TLI4,TLJ4,2013,7164
TLI4,TLK1,2013,3308
TLI4,TLK2,2013,1578
TLI4,TLK3,2013,548
TLI4,TLK4,2013,1248
TLI4,TLL1,2013,867
TLI4,TLL2,2013,959
TLI4,TLN0,2013,402
TLI5,S92000003,2013,984
TLI5,TLC1,2013,398
TLI5,TLC2,2013,429
TLI5,TLD1,2013,93
TLI5,TLD3,2013,1502
TLI5,TLD4,2013,515
TLI5,TLD6,2013,210
TLI5,TLD7,2013,574
TLI5,TLE1,2013,269
TLI5,TLE2,2013,271
TLI5,TLE3,2013,619
TLI5,TLE4,2013,1102
TLI5,TLF1,2013,1422
TLI5,TLF2,2013,1850
TLI5,TLF3,2013,488
TLI5,TLG1,2013,390
TLI5,TLG2,2013,505
TLI5,TLG3,2013,2952
TLI5,TLH1,2013,3379
TLI5,TLH2,2013,6520
TLI5,TLH3,2013,13658
TLI5,TLI3,2013,3302
TLI5,TLI4,2013,18687
TLI5,TLI6,2013,4577
TLI5,TLI7,2013,6622
TLI5,TLJ1,2013,2635
TLI5,TLJ2,2013,3772
TLI5,TLJ3,2013,1723
TLI5,TLJ4,2013,8763
TLI5,TLK1,2013,1468
TLI5,TLK2,2013,903
TLI5,TLK3,2013,313
TLI5,TLK4,2013,758
TLI5,TLL1,2013,656
TLI5,TLL2,2013,477
TLI5,TLN0,2013,192
TLI6,S92000003,2013,843
TLI6,TLC1,2013,308
TLI6,TLC2,2013,332
TLI6,TLD1,2013,70
TLI6,TLD3,2013,931
TLI6,TLD4,2013,263
TLI6,TLD6,2013,186
TLI6,TLD7,2013,398
TLI6,TLE1,2013,223
TLI6,TLE2,2013,298
TLI6,TLE3,2013,369
TLI6,TLE4,2013,705
TLI6,TLF1,2013,783
TLI6,TLF2,2013,1095
TLI6,TLF3,2013,297
TLI6,TLG1,2013,315
TLI6,TLG2,2013,333
TLI6,TLG3,2013,1565
TLI6,TLH1,2013,1615
TLI6,TLH2,2013,1850
TLI6,TLH3,2013,1296
TLI6,TLI3,2013,5255
TLI6,TLI4,2013,9130
TLI6,TLI5,2013,3799
TLI6,TLI7,2013,4163
TLI6,TLJ1,2013,2557
TLI6,TLJ2,2013,14115
TLI6,TLJ3,2013,2335
TLI6,TLJ4,2013,5917
TLI6,TLK1,2013,1647
TLI6,TLK2,2013,1203
TLI6,TLK3,2013,371
TLI6,TLK4,2013,841
TLI6,TLL1,2013,441
TLI6,TLL2,2013,435
TLI6,TLN0,2013,200
TLI7,S92000003,2013,1418
TLI7,TLC1,2013,637
TLI7,TLC2,2013,674
TLI7,TLD1,2013,109
TLI7,TLD3,2013,1973
TLI7,TLD4,2013,534
TLI7,TLD6,2013,329
TLI7,TLD7,2013,623
TLI7,TLE1,2013,378
TLI7,TLE2,2013,543
TLI7,TLE3,2013,679
TLI7,TLE4,2013,1320
TLI7,TLF1,2013,1928
TLI7,TLF2,2013,2490
TLI7,TLF3,2013,484
TLI7,TLG1,2013,699
TLI7,TLG2,2013,598
TLI7,TLG3,2013,3834
TLI7,TLH1,2013,2895
TLI7,TLH2,2013,12230
TLI7,TLH3,2013,1899
TLI7,TLI3,2013,11094
TLI7,TLI4,2013,12654
TLI7,TLI5,2013,7067
TLI7,TLI6,2013,5330
TLI7,TLJ1,2013,11236
TLI7,TLJ2,2013,9489
TLI7,TLJ3,2013,3320
TLI7,TLJ4,2013,2768
TLI7,TLK1,2013,2905
TLI7,TLK2,2013,1901
TLI7,TLK3,2013,415
TLI7,TLK4,2013,1219
TLI7,TLL1,2013,740
TLI7,TLL2,2013,805
TLI7,TLN0,2013,326
TLJ1,S92000003,2013,2194
TLJ1,TLC1,2013,848
TLJ1,TLC2,2013,869
TLJ1,TLD1,2013,310
TLJ1,TLD3,2013,1871
TLJ1,TLD4,2013,1000
TLJ1,TLD6,2013,653
TLJ1,TLD7,2013,794
TLJ1,TLE1,2013,533
TLJ1,TLE2,2013,880
TLJ1,TLE3,2013,898
TLJ1,TLE4,2013,1753
TLJ1,TLF1,2013,2506
TLJ1,TLF2,2013,5127
TLJ1,TLF3,2013,986
TLJ1,TLG1,2013,2433
TLJ1,TLG2,2013,1297
TLJ1,TLG3,2013,3749
TLJ1,TLH1,2013,3820
TLJ1,TLH2,2013,5693
TLJ1,TLH3,2013,1473
TLJ1,TLI3,2013,5532
TLJ1,TLI4,2013,6173
TLJ1,TLI5,2013,1765
TLJ1,TLI6,2013,1940
TLJ1,TLI7,2013,5766
TLJ1,TLJ2,2013,7849
TLJ1,TLJ3,2013,7880
TLJ1,TLJ4,2013,2315
TLJ1,TLK1,2013,8566
TLJ1,TLK2,2013,3552
TLJ1,TLK3,2013,1091
TLJ1,TLK4,2013,2711
TLJ1,TLL1,2013,1780
TLJ1,TLL2,2013,1567
TLJ1,TLN0,2013,342
TLJ2,S92000003,2013,1930
TLJ2,TLC1,2013,766
TLJ2,TLC2,2013,734
TLJ2,TLD1,2013,251
TLJ2,TLD3,2013,1437
TLJ2,TLD4,2013,640
TLJ2,TLD6,2013,523
TLJ2,TLD7,2013,653
TLJ2,TLE1,2013,453
TLJ2,TLE2,2013,730
TLJ2,TLE3,2013,718
TLJ2,TLE4,2013,1359
TLJ2,TLF1,2013,1763
TLJ2,TLF2,2013,1806
TLJ2,TLF3,2013,749
TLJ2,TLG1,2013,1144
TLJ2,TLG2,2013,916
TLJ2,TLG3,2013,2041
TLJ2,TLH1,2013,3353
TLJ2,TLH2,2013,2509
TLJ2,TLH3,2013,2137
TLJ2,TLI3,2013,5179
TLJ2,TLI4,2013,7150
TLJ2,TLI5,2013,2251
TLJ2,TLI6,2013,6694
TLJ2,TLI7,2013,4990
TLJ2,TLJ1,2013,7869
TLJ2,TLJ3,2013,12068
TLJ2,TLJ4,2013,7077
TLJ2,TLK1,2013,4937
TLJ2,TLK2,2013,3677
TLJ2,TLK3,2013,1261
TLJ2,TLK4,2013,2846
TLJ2,TLL1,2013,1287
TLJ2,TLL2,2013,1024
TLJ2,TLN0,2013,314
TLJ3,S92000003,2013,1539
TLJ3,TLC1,2013,520
TLJ3,TLC2,2013,508
TLJ3,TLD1,2013,218
TLJ3,TLD3,2013,908
TLJ3,TLD4,2013,514
TLJ3,TLD6,2013,356
TLJ3,TLD7,2013,514
TLJ3,TLE1,2013,301
TLJ3,TLE2,2013,553
TLJ3,TLE3,2013,475
TLJ3,TLE4,2013,815
TLJ3,TLF1,2013,1114
TLJ3,TLF2,2013,1247
TLJ3,TLF3,2013,570
TLJ3,TLG1,2013,985
TLJ3,TLG2,2013,831
TLJ3,TLG3,2013,1494
TLJ3,TLH1,2013,2070
TLJ3,TLH2,2013,1877
TLJ3,TLH3,2013,1431
TLJ3,TLI3,2013,2214
TLJ3,TLI4,2013,3075
TLJ3,TLI5,2013,1422
TLJ3,TLI6,2013,2054
TLJ3,TLI7,2013,2395
TLJ3,TLJ1,2013,6961
TLJ3,TLJ2,2013,10508
TLJ3,TLJ4,2013,2286
TLJ3,TLK1,2013,6546
TLJ3,TLK2,2013,6690
TLJ3,TLK3,2013,1103
TLJ3,TLK4,2013,2533
TLJ3,TLL1,2013,1297
TLJ3,TLL2,2013,1104
TLJ3,TLN0,2013,266
TLJ4,S92000003,2013,1001
TLJ4,TLC1,2013,495
TLJ4,TLC2,2013,428
TLJ4,TLD1,2013,164
TLJ4,TLD3,2013,783
TLJ4,TLD4,2013,488
TLJ4,TLD6,2013,276
TLJ4,TLD7,2013,385
TLJ4,TLE1,2013,324
TLJ4,TLE2,2013,421
TLJ4,TLE3,2013,489
TLJ4,TLE4,2013,961
TLJ4,TLF1,2013,1151
TLJ4,TLF2,2013,1259
TLJ4,TLF3,2013,620
TLJ4,TLG1,2013,551
TLJ4,TLG2,2013,572
TLJ4,TLG3,2013,1238
TLJ4,TLH1,2013,2626
TLJ4,TLH2,2013,1537
TLJ4,TLH3,2013,2554
TLJ4,TLI3,2013,1972
TLJ4,TLI4,2013,4054
TLJ4,TLI5,2013,4134
TLJ4,TLI6,2013,2912
TLJ4,TLI7,2013,1949
TLJ4,TLJ1,2013,2585
TLJ4,TLJ2,2013,7701
TLJ4,TLJ3,2013,2485
TLJ4,TLK1,2013,1910
TLJ4,TLK2,2013,1196
TLJ4,TLK3,2013,520
TLJ4,TLK4,2013,1134
TLJ4,TLL1,2013,685
TLJ4,TLL2,2013,496
TLJ4,TLN0,2013,223
TLK1,S92000003,2013,1735
TLK1,TLC1,2013,566
TLK1,TLC2,2013,678
TLK1,TLD1,2013,286
TLK1,TLD3,2013,1366
TLK1,TLD4,2013,696
TLK1,TLD6,2013,618
TLK1,TLD7,2013,712
TLK1,TLE1,2013,320
TLK1,TLE2,2013,827
TLK1,TLE3,2013,695
TLK1,TLE4,2013,1291
TLK1,TLF1,2013,1630
TLK1,TLF2,2013,1537
TLK1,TLF3,2013,538
TLK1,TLG1,2013,3921
TLK1,TLG2,2013,1390
TLK1,TLG3,2013,3161
TLK1,TLH1,2013,2207
TLK1,TLH2,2013,1553
TLK1,TLH3,2013,958
TLK1,TLI3,2013,3316
TLK1,TLI4,2013,4100
TLK1,TLI5,2013,1148
TLK1,TLI6,2013,1257
TLK1,TLI7,2013,2444
TLK1,TLJ1,2013,6836
TLK1,TLJ2,2013,4044
TLK1,TLJ3,2013,5400
TLK1,TLJ4,2013,1444
TLK1,TLK2,2013,8546
TLK1,TLK3,2013,2130
TLK1,TLK4,2013,5408
TLK1,TLL1,2013,3148
TLK1,TLL2,2013,4291
TLK1,TLN0,2013,370
TLK2,S92000003,2013,959
TLK2,TLC1,2013,233
TLK2,TLC2,2013,284
TLK2,TLD1,2013,127
TLK2,TLD3,2013,592
TLK2,TLD4,2013,306
TLK2,TLD6,2013,228
TLK2,TLD7,2013,367
TLK2,TLE1,2013,189
TLK2,TLE2,2013,311
TLK2,TLE3,2013,279
TLK2,TLE4,2013,467
TLK2,TLF1,2013,673
TLK2,TLF2,2013,733
TLK2,TLF3,2013,249
TLK2,TLG1,2013,788
TLK2,TLG2,2013,561
TLK2,TLG3,2013,931
TLK2,TLH1,2013,1051
TLK2,TLH2,2013,971
TLK2,TLH3,2013,674
TLK2,TLI3,2013,1461
TLK2,TLI4,2013,1870
TLK2,TLI5,2013,602
TLK2,TLI6,2013,783
TLK2,TLI7,2013,1220
TLK2,TLJ1,2013,2549
TLK2,TLJ2,2013,3050
TLK2,TLJ3,2013,5969
TLK2,TLJ4,2013,970
TLK2,TLK1,2013,8290
TLK2,TLK3,2013,1049
TLK2,TLK4,2013,4372
TLK2,TLL1,2013,866
TLK2,TLL2,2013,1007
TLK2,TLN0,2013,127
TLK3,S92000003,2013,359
TLK3,TLC1,2013,122
TLK3,TLC2,2013,119
TLK3,TLD1,2013,96
TLK3,TLD3,2013,304
TLK3,TLD4,2013,199
TLK3,TLD6,2013,162
TLK3,TLD7,2013,167
TLK3,TLE1,2013,138
TLK3,TLE2,2013,160
TLK3,TLE3,2013,143
TLK3,TLE4,2013,273
TLK3,TLF1,2013,393
TLK3,TLF2,2013,409
TLK3,TLF3,2013,194
TLK3,TLG1,2013,404
TLK3,TLG2,2013,362
TLK3,TLG3,2013,430
TLK3,TLH1,2013,532
TLK3,TLH2,2013,286
TLK3,TLH3,2013,282
TLK3,TLI3,2013,326
TLK3,TLI4,2013,597
TLK3,TLI5,2013,210
TLK3,TLI6,2013,232
TLK3,TLI7,2013,324
TLK3,TLJ1,2013,651
TLK3,TLJ2,2013,876
TLK3,TLJ3,2013,885
TLK3,TLJ4,2013,357
TLK3,TLK1,2013,2143
TLK3,TLK2,2013,1142
TLK3,TLK4,2013,4715
TLK3,TLL1,2013,459
TLK3,TLL2,2013,513
TLK3,TLN0,2013,62
TLK4,S92000003,2013,880
TLK4,TLC1,2013,248
TLK4,TLC2,2013,251
TLK4,TLD1,2013,137
TLK4,TLD3,2013,598
TLK4,TLD4,2013,369
TLK4,TLD6,2013,250
TLK4,TLD7,2013,369
TLK4,TLE1,2013,164
TLK4,TLE2,2013,320
TLK4,TLE3,2013,282
TLK4,TLE4,2013,465
TLK4,TLF1,2013,800
TLK4,TLF2,2013,741
TLK4,TLF3,2013,238
TLK4,TLG1,2013,964
TLK4,TLG2,2013,618
TLK4,TLG3,2013,1136
TLK4,TLH1,2013,1102
TLK4,TLH2,2013,751
TLK4,TLH3,2013,617
TLK4,TLI3,2013,1107
TLK4,TLI4,2013,1494
TLK4,TLI5,2013,459
TLK4,TLI6,2013,643
TLK4,TLI7,2013,837
TLK4,TLJ1,2013,2064
TLK4,TLJ2,2013,2249
TLK4,TLJ3,2013,2128
TLK4,TLJ4,2013,891
TLK4,TLK1,2013,5450
TLK4,TLK2,2013,4537
TLK4,TLK3,2013,4267
TLK4,TLL1,2013,1057
TLK4,TLL2,2013,1184
TLK4,TLN0,2013,130
TLL1,S92000003,2013,996
TLL1,TLC1,2013,298
TLL1,TLC2,2013,386
TLL1,TLD1,2013,210
TLL1,TLD3,2013,1997
TLL1,TLD4,2013,878
TLL1,TLD6,2013,1316
TLL1,TLD7,2013,1561
TLL1,TLE1,2013,255
TLL1,TLE2,2013,359
TLL1,TLE3,2013,458
TLL1,TLE4,2013,821
TLL1,TLF1,2013,972
TLL1,TLF2,2013,845
TLL1,TLF3,2013,266
TLL1,TLG1,2013,1335
TLL1,TLG2,2013,1622
TLL1,TLG3,2013,1688
TLL1,TLH1,2013,1034
TLL1,TLH2,2013,633
TLL1,TLH3,2013,562
TLL1,TLI3,2013,705
TLL1,TLI4,2013,1096
TLL1,TLI5,2013,478
TLL1,TLI6,2013,458
TLL1,TLI7,2013,746
TLL1,TLJ1,2013,1669
TLL1,TLJ2,2013,1244
TLL1,TLJ3,2013,1248
TLL1,TLJ4,2013,679
TLL1,TLK1,2013,3866
TLL1,TLK2,2013,1041
TLL1,TLK3,2013,519
TLL1,TLK4,2013,1258
TLL1,TLL2,2013,14290
TLL1,TLN0,2013,172
TLL2,S92000003,2013,706
TLL2,TLC1,2013,246
TLL2,TLC2,2013,323
TLL2,TLD1,2013,172
TLL2,TLD3,2013,1370
TLL2,TLD4,2013,541
TLL2,TLD6,2013,1885
TLL2,TLD7,2013,1234
TLL2,TLE1,2013,144
TLL2,TLE2,2013,252
TLL2,TLE3,2013,416
TLL2,TLE4,2013,656
TLL2,TLF1,2013,620
TLL2,TLF2,2013,616
TLL2,TLF3,2013,137
TLL2,TLG1,2013,1377
TLL2,TLG2,2013,2150
TLL2,TLG3,2013,1472
TLL2,TLH1,2013,650
TLL2,TLH2,2013,516
TLL2,TLH3,2013,317
TLL2,TLI3,2013,976
TLL2,TLI4,2013,1458
TLL2,TLI5,2013,433
TLL2,TLI6,2013,459
TLL2,TLI7,2013,920
TLL2,TLJ1,2013,1572
TLL2,TLJ2,2013,1055
TLL2,TLJ3,2013,1071
TLL2,TLJ4,2013,432
TLL2,TLK1,2013,4641
TLL2,TLK2,2013,969
TLL2,TLK3,2013,486
TLL2,TLK4,2013,1108
TLL2,TLL1,2013,13906
TLL2,TLN0,2013,168
TLM5,TLM6,2013,1597
TLM5,TLM7,2013,3430
TLM5,TLM8,2013,1215
TLM5,TLM9,2013,543
TLM6,TLM5,2013,1853
TLM6,TLM7,2013,3064
TLM6,TLM8,2013,2345
TLM6,TLM9,2013,939
TLM7,TLM5,2013,3764
TLM7,TLM6,2013,2801
TLM7,TLM8,2013,6402
TLM7,TLM9,2013,3969
TLM8,TLM5,2013,1412
TLM8,TLM6,2013,2264
TLM8,TLM7,2013,6606
TLM8,TLM9,2013,8061
TLM9,TLM5,2013,713
TLM9,TLM6,2013,904
TLM9,TLM7,2013,4300
TLM9,TLM8,2013,6678
TLN0,S92000003,2013,2673
TLN0,TLC1,2013,181
TLN0,TLC2,2013,607
TLN0,TLD1,2013,67
TLN0,TLD3,2013,675
TLN0,TLD4,2013,344
TLN0,TLD6,2013,149
TLN0,TLD7,2013,819
TLN0,TLE1,2013,82
TLN0,TLE2,2013,202
TLN0,TLE3,2013,153
TLN0,TLE4,2013,319
TLN0,TLF1,2013,276
TLN0,TLF2,2013,210
TLN0,TLF3,2013,75
TLN0,TLG1,2013,116
TLN0,TLG2,2013,206
TLN0,TLG3,2013,277
TLN0,TLH1,2013,296
TLN0,TLH2,2013,188
TLN0,TLH3,2013,170
TLN0,TLI3,2013,319
TLN0,TLI4,2013,385
TLN0,TLI5,2013,144
TLN0,TLI6,2013,164
TLN0,TLI7,2013,320
TLN0,TLJ1,2013,325
TLN0,TLJ2,2013,350
TLN0,TLJ3,2013,248
TLN0,TLJ4,2013,214
TLN0,TLK1,2013,417
TLN0,TLK2,2013,152
TLN0,TLK3,2013,65
TLN0,TLK4,2013,155
TLN0,TLL1,2013,213
TLN0,TLL2,2013,190
S92000003,TLC1,2014,1077
S92000003,TLC2,2014,2375
S92000003,TLD1,2014,1041
S92000003,TLD3,2014,1851
S92000003,TLD4,2014,1344
S92000003,TLD6,2014,609
S92000003,TLD7,2014,885
S92000003,TLE1,2014,538
S92000003,TLE2,2014,1041
S92000003,TLE3,2014,726
S92000003,TLE4,2014,1331
S92000003,TLF1,2014,1103
S92000003,TLF2,2014,959
S92000003,TLF3,2014,591
S92000003,TLG1,2014,603
S92000003,TLG2,2014,657
S92000003,TLG3,2014,1092
S92000003,TLH1,2014,1630
S92000003,TLH2,2014,864
S92000003,TLH3,2014,607
S92000003,TLI3,2014,1605
S92000003,TLI4,2014,2350
S92000003,TLI5,2014,671
S92000003,TLI6,2014,634
S92000003,TLI7,2014,1180
S92000003,TLJ1,2014,1638
S92000003,TLJ2,2014,1668
S92000003,TLJ3,2014,1225
S92000003,TLJ4,2014,796
S92000003,TLK1,2014,1713
S92000003,TLK2,2014,786
S92000003,TLK3,2014,361
S92000003,TLK4,2014,714
S92000003,TLL1,2014,715
S92000003,TLL2,2014,591
S92000003,TLN0,2014,2090
TLC1,S92000003,2014,1421
TLC1,TLC2,2014,8202
TLC1,TLD1,2014,546
TLC1,TLD3,2014,1262
TLC1,TLD4,2014,814
TLC1,TLD6,2014,382
TLC1,TLD7,2014,540
TLC1,TLE1,2014,625
TLC1,TLE2,2014,2891
TLC1,TLE3,2014,754
TLC1,TLE4,2014,2081
TLC1,TLF1,2014,843
TLC1,TLF2,2014,520
TLC1,TLF3,2014,353
TLC1,TLG1,2014,331
TLC1,TLG2,2014,324
TLC1,TLG3,2014,648
TLC1,TLH1,2014,834
TLC1,TLH2,2014,431
TLC1,TLH3,2014,353
TLC1,TLI3,2014,878
TLC1,TLI4,2014,1227
TLC1,TLI5,2014,357
TLC1,TLI6,2014,371
TLC1,TLI7,2014,643
TLC1,TLJ1,2014,861
TLC1,TLJ2,2014,736
TLC1,TLJ3,2014,411
TLC1,TLJ4,2014,449
TLC1,TLK1,2014,633
TLC1,TLK2,2014,287
TLC1,TLK3,2014,138
TLC1,TLK4,2014,261
TLC1,TLL1,2014,298
TLC1,TLL2,2014,216
TLC1,TLN0,2014,140
TLC2,S92000003,2014,2738
TLC2,TLC1,2014,8066
TLC2,TLD1,2014,1078
TLC2,TLD3,2014,1608
TLC2,TLD4,2014,987
TLC2,TLD6,2014,462
TLC2,TLD7,2014,655
TLC2,TLE1,2014,656
TLC2,TLE2,2014,1912
TLC2,TLE3,2014,952
TLC2,TLE4,2014,2683
TLC2,TLF1,2014,967
TLC2,TLF2,2014,660
TLC2,TLF3,2014,435
TLC2,TLG1,2014,311
TLC2,TLG2,2014,409
TLC2,TLG3,2014,754
TLC2,TLH1,2014,957
TLC2,TLH2,2014,540
TLC2,TLH3,2014,363
TLC2,TLI3,2014,1017
TLC2,TLI4,2014,1550
TLC2,TLI5,2014,442
TLC2,TLI6,2014,369
TLC2,TLI7,2014,807
TLC2,TLJ1,2014,944
TLC2,TLJ2,2014,756
TLC2,TLJ3,2014,495
TLC2,TLJ4,2014,441
TLC2,TLK1,2014,757
TLC2,TLK2,2014,292
TLC2,TLK3,2014,99
TLC2,TLK4,2014,279
TLC2,TLL1,2014,351
TLC2,TLL2,2014,267
TLC2,TLN0,2014,546
TLD1,S92000003,2014,1318
TLD1,TLC1,2014,525
TLD1,TLC2,2014,1265
TLD1,TLD3,2014,1218
TLD1,TLD4,2014,2302
TLD1,TLD6,2014,288
TLD1,TLD7,2014,528
TLD1,TLE1,2014,166
TLD1,TLE2,2014,542
TLD1,TLE3,2014,247
TLD1,TLE4,2014,696
TLD1,TLF1,2014,301
TLD1,TLF2,2014,189
TLD1,TLF3,2014,140
TLD1,TLG1,2014,154
TLD1,TLG2,2014,275
TLD1,TLG3,2014,217
TLD1,TLH1,2014,257
TLD1,TLH2,2014,140
TLD1,TLH3,2014,94
TLD1,TLI3,2014,158
TLD1,TLI4,2014,278
TLD1,TLI5,2014,79
TLD1,TLI6,2014,79
TLD1,TLI7,2014,139
TLD1,TLJ1,2014,311
TLD1,TLJ2,2014,238
TLD1,TLJ3,2014,256
TLD1,TLJ4,2014,143
TLD1,TLK1,2014,323
TLD1,TLK2,2014,180
TLD1,TLK3,2014,82
TLD1,TLK4,2014,180
TLD1,TLL1,2014,240
TLD1,TLL2,2014,126
TLD1,TLN0,2014,68
TLD3,S92000003,2014,2306
TLD3,TLC1,2014,1111
TLD3,TLC2,2014,1858
TLD3,TLD1,2014,1169
TLD3,TLD4,2014,12840
TLD3,TLD6,2014,8883
TLD3,TLD7,2014,7536
TLD3,TLE1,2014,1052
TLD3,TLE2,2014,1391
TLD3,TLE3,2014,2768
TLD3,TLE4,2014,7393
TLD3,TLF1,2014,3737
TLD3,TLF2,2014,1669
TLD3,TLF3,2014,636
TLD3,TLG1,2014,960
TLD3,TLG2,2014,2208
TLD3,TLG3,2014,3534
TLD3,TLH1,2014,1709
TLD3,TLH2,2014,1321
TLD3,TLH3,2014,778
TLD3,TLI3,2014,2302
TLD3,TLI4,2014,4131
TLD3,TLI5,2014,1293
TLD3,TLI6,2014,958
TLD3,TLI7,2014,2177
TLD3,TLJ1,2014,2248
TLD3,TLJ2,2014,1629
TLD3,TLJ3,2014,1025
TLD3,TLJ4,2014,885
TLD3,TLK1,2014,1905
TLD3,TLK2,2014,729
TLD3,TLK3,2014,574
TLD3,TLK4,2014,863
TLD3,TLL1,2014,2572
TLD3,TLL2,2014,1336
TLD3,TLN0,2014,608
TLD4,S92000003,2014,1800
TLD4,TLC1,2014,847
TLD4,TLC2,2014,1103
TLD4,TLD1,2014,2289
TLD4,TLD3,2014,11941
TLD4,TLD6,2014,1872
TLD4,TLD7,2014,4752
TLD4,TLE1,2014,551
TLD4,TLE2,2014,1411
TLD4,TLE3,2014,1062
TLD4,TLE4,2014,3950
TLD4,TLF1,2014,1206
TLD4,TLF2,2014,950
TLD4,TLF3,2014,424
TLD4,TLG1,2014,618
TLD4,TLG2,2014,1067
TLD4,TLG3,2014,1477
TLD4,TLH1,2014,812
TLD4,TLH2,2014,699
TLD4,TLH3,2014,440
TLD4,TLI3,2014,662
TLD4,TLI4,2014,1174
TLD4,TLI5,2014,528
TLD4,TLI6,2014,334
TLD4,TLI7,2014,595
TLD4,TLJ1,2014,1075
TLD4,TLJ2,2014,852
TLD4,TLJ3,2014,638
TLD4,TLJ4,2014,518
TLD4,TLK1,2014,929
TLD4,TLK2,2014,472
TLD4,TLK3,2014,297
TLD4,TLK4,2014,443
TLD4,TLL1,2014,878
TLD4,TLL2,2014,577
TLD4,TLN0,2014,249
TLD6,S92000003,2014,792
TLD6,TLC1,2014,279
TLD6,TLC2,2014,587
TLD6,TLD1,2014,393
TLD6,TLD3,2014,6006
TLD6,TLD4,2014,1713
TLD6,TLD7,2014,4483
TLD6,TLE1,2014,321
TLD6,TLE2,2014,480
TLD6,TLE3,2014,863
TLD6,TLE4,2014,1398
TLD6,TLF1,2014,1151
TLD6,TLF2,2014,626
TLD6,TLF3,2014,248
TLD6,TLG1,2014,540
TLD6,TLG2,2014,2712
TLD6,TLG3,2014,952
TLD6,TLH1,2014,571
TLD6,TLH2,2014,345
TLD6,TLH3,2014,242
TLD6,TLI3,2014,557
TLD6,TLI4,2014,711
TLD6,TLI5,2014,250
TLD6,TLI6,2014,201
TLD6,TLI7,2014,409
TLD6,TLJ1,2014,759
TLD6,TLJ2,2014,532
TLD6,TLJ3,2014,416
TLD6,TLJ4,2014,274
TLD6,TLK1,2014,748
TLD6,TLK2,2014,301
TLD6,TLK3,2014,226
TLD6,TLK4,2014,354
TLD6,TLL1,2014,1416
TLD6,TLL2,2014,2157
TLD6,TLN0,2014,168
TLD7,S92000003,2014,1078
TLD7,TLC1,2014,431
TLD7,TLC2,2014,865
TLD7,TLD1,2014,558
TLD7,TLD3,2014,7624
TLD7,TLD4,2014,4894
TLD7,TLD6,2014,5092
TLD7,TLE1,2014,414
TLD7,TLE2,2014,630
TLD7,TLE3,2014,906
TLD7,TLE4,2014,2130
TLD7,TLF1,2014,936
TLD7,TLF2,2014,689
TLD7,TLF3,2014,303
TLD7,TLG1,2014,475
TLD7,TLG2,2014,1152
TLD7,TLG3,2014,1419
TLD7,TLH1,2014,724
TLD7,TLH2,2014,587
TLD7,TLH3,2014,322
TLD7,TLI3,2014,846
TLD7,TLI4,2014,1441
TLD7,TLI5,2014,514
TLD7,TLI6,2014,405
TLD7,TLI7,2014,776
TLD7,TLJ1,2014,903
TLD7,TLJ2,2014,797
TLD7,TLJ3,2014,510
TLD7,TLJ4,2014,405
TLD7,TLK1,2014,937
TLD7,TLK2,2014,362
TLD7,TLK3,2014,242
TLD7,TLK4,2014,392
TLD7,TLL1,2014,1794
TLD7,TLL2,2014,1313
TLD7,TLN0,2014,761
TLE1,S92000003,2014,686
TLE1,TLC1,2014,581
TLE1,TLC2,2014,875
TLE1,TLD1,2014,218
TLE1,TLD3,2014,1182
TLE1,TLD4,2014,588
TLE1,TLD6,2014,287
TLE1,TLD7,2014,473
TLE1,TLE2,2014,2562
TLE1,TLE3,2014,2260
TLE1,TLE4,2014,3228
TLE1,TLF1,2014,1695
TLE1,TLF2,2014,624
TLE1,TLF3,2014,3952
TLE1,TLG1,2014,270
TLE1,TLG2,2014,344
TLE1,TLG3,2014,616
TLE1,TLH1,2014,725
TLE1,TLH2,2014,342
TLE1,TLH3,2014,280
TLE1,TLI3,2014,384
TLE1,TLI4,2014,670
TLE1,TLI5,2014,260
TLE1,TLI6,2014,191
TLE1,TLI7,2014,402
TLE1,TLJ1,2014,568
TLE1,TLJ2,2014,437
TLE1,TLJ3,2014,362
TLE1,TLJ4,2014,337
TLE1,TLK1,2014,455
TLE1,TLK2,2014,192
TLE1,TLK3,2014,180
TLE1,TLK4,2014,198
TLE1,TLL1,2014,227
TLE1,TLL2,2014,182
TLE1,TLN0,2014,54
TLE2,S92000003,2014,1255
TLE2,TLC1,2014,2946
TLE2,TLC2,2014,2001
TLE2,TLD1,2014,530
TLE2,TLD3,2014,1406
TLE2,TLD4,2014,1326
TLE2,TLD6,2014,542
TLE2,TLD7,2014,591
TLE2,TLE1,2014,2744
TLE2,TLE3,2014,1602
TLE2,TLE4,2014,5905
TLE2,TLF1,2014,1046
TLE2,TLF2,2014,654
TLE2,TLF3,2014,577
TLE2,TLG1,2014,426
TLE2,TLG2,2014,439
TLE2,TLG3,2014,587
TLE2,TLH1,2014,985
TLE2,TLH2,2014,492
TLE2,TLH3,2014,335
TLE2,TLI3,2014,841
TLE2,TLI4,2014,1071
TLE2,TLI5,2014,286
TLE2,TLI6,2014,291
TLE2,TLI7,2014,443
TLE2,TLJ1,2014,975
TLE2,TLJ2,2014,705
TLE2,TLJ3,2014,551
TLE2,TLJ4,2014,330
TLE2,TLK1,2014,1023
TLE2,TLK2,2014,329
TLE2,TLK3,2014,157
TLE2,TLK4,2014,379
TLE2,TLL1,2014,307
TLE2,TLL2,2014,238
TLE2,TLN0,2014,154
TLE3,S92000003,2014,912
TLE3,TLC1,2014,822
TLE3,TLC2,2014,1106
TLE3,TLD1,2014,252
TLE3,TLD3,2014,2935
TLE3,TLD4,2014,1027
TLE3,TLD6,2014,833
TLE3,TLD7,2014,1000
TLE3,TLE1,2014,2342
TLE3,TLE2,2014,1714
TLE3,TLE4,2014,5664
TLE3,TLF1,2014,6859
TLE3,TLF2,2014,1532
TLE3,TLF3,2014,1715
TLE3,TLG1,2014,578
TLE3,TLG2,2014,849
TLE3,TLG3,2014,1610
TLE3,TLH1,2014,1249
TLE3,TLH2,2014,908
TLE3,TLH3,2014,509
TLE3,TLI3,2014,820
TLE3,TLI4,2014,1455
TLE3,TLI5,2014,550
TLE3,TLI6,2014,440
TLE3,TLI7,2014,837
TLE3,TLJ1,2014,1097
TLE3,TLJ2,2014,744
TLE3,TLJ3,2014,495
TLE3,TLJ4,2014,444
TLE3,TLK1,2014,817
TLE3,TLK2,2014,363
TLE3,TLK3,2014,225
TLE3,TLK4,2014,395
TLE3,TLL1,2014,402
TLE3,TLL2,2014,474
TLE3,TLN0,2014,127
TLE4,S92000003,2014,1963
TLE4,TLC1,2014,2013
TLE4,TLC2,2014,3109
TLE4,TLD1,2014,872
TLE4,TLD3,2014,7310
TLE4,TLD4,2014,3723
TLE4,TLD6,2014,1459
TLE4,TLD7,2014,2337
TLE4,TLE1,2014,3506
TLE4,TLE2,2014,7659
TLE4,TLE3,2014,5928
TLE4,TLF1,2014,3275
TLE4,TLF2,2014,1879
TLE4,TLF3,2014,1266
TLE4,TLG1,2014,849
TLE4,TLG2,2014,1146
TLE4,TLG3,2014,3070
TLE4,TLH1,2014,1851
TLE4,TLH2,2014,1499
TLE4,TLH3,2014,759
TLE4,TLI3,2014,1887
TLE4,TLI4,2014,3340
TLE4,TLI5,2014,1152
TLE4,TLI6,2014,856
TLE4,TLI7,2014,1662
TLE4,TLJ1,2014,1911
TLE4,TLJ2,2014,1611
TLE4,TLJ3,2014,874
TLE4,TLJ4,2014,1045
TLE4,TLK1,2014,1573
TLE4,TLK2,2014,522
TLE4,TLK3,2014,436
TLE4,TLK4,2014,651
TLE4,TLL1,2014,787
TLE4,TLL2,2014,732
TLE4,TLN0,2014,327
TLF1,S92000003,2014,1384
TLF1,TLC1,2014,826
TLF1,TLC2,2014,1212
TLF1,TLD1,2014,358
TLF1,TLD3,2014,3670
TLF1,TLD4,2014,1070
TLF1,TLD6,2014,1252
TLF1,TLD7,2014,1019
TLF1,TLE1,2014,1631
TLF1,TLE2,2014,1217
TLF1,TLE3,2014,6139
TLF1,TLE4,2014,3267
TLF1,TLF2,2014,6920
TLF1,TLF3,2014,4444
TLF1,TLG1,2014,1528
TLF1,TLG2,2014,4213
TLF1,TLG3,2014,4157
TLF1,TLH1,2014,2394
TLF1,TLH2,2014,1903
TLF1,TLH3,2014,1066
TLF1,TLI3,2014,1733
TLF1,TLI4,2014,2686
TLF1,TLI5,2014,1121
TLF1,TLI6,2014,842
TLF1,TLI7,2014,1886
TLF1,TLJ1,2014,2453
TLF1,TLJ2,2014,1807
TLF1,TLJ3,2014,1165
TLF1,TLJ4,2014,1013
TLF1,TLK1,2014,1857
TLF1,TLK2,2014,803
TLF1,TLK3,2014,556
TLF1,TLK4,2014,855
TLF1,TLL1,2014,986
TLF1,TLL2,2014,665
TLF1,TLN0,2014,300
TLF2,S92000003,2014,1191
TLF2,TLC1,2014,562
TLF2,TLC2,2014,776
TLF2,TLD1,2014,222
TLF2,TLD3,2014,1807
TLF2,TLD4,2014,851
TLF2,TLD6,2014,570
TLF2,TLD7,2014,728
TLF2,TLE1,2014,658
TLF2,TLE2,2014,687
TLF2,TLE3,2014,1660
TLF2,TLE4,2014,1894
TLF2,TLF1,2014,6993
TLF2,TLF3,2014,2953
TLF2,TLG1,2014,3089
TLF2,TLG2,2014,1643
TLF2,TLG3,2014,5339
TLF2,TLH1,2014,3788
TLF2,TLH2,2014,2925
TLF2,TLH3,2014,1220
TLF2,TLI3,2014,1653
TLF2,TLI4,2014,2722
TLF2,TLI5,2014,1518
TLF2,TLI6,2014,910
TLF2,TLI7,2014,2089
TLF2,TLJ1,2014,4413
TLF2,TLJ2,2014,1968
TLF2,TLJ3,2014,1423
TLF2,TLJ4,2014,1116
TLF2,TLK1,2014,2163
TLF2,TLK2,2014,974
TLF2,TLK3,2014,522
TLF2,TLK4,2014,1062
TLF2,TLL1,2014,897
TLF2,TLL2,2014,665
TLF2,TLN0,2014,231
TLF3,S92000003,2014,597
TLF3,TLC1,2014,426
TLF3,TLC2,2014,557
TLF3,TLD1,2014,139
TLF3,TLD3,2014,639
TLF3,TLD4,2014,376
TLF3,TLD6,2014,262
TLF3,TLD7,2014,280
TLF3,TLE1,2014,3613
TLF3,TLE2,2014,656
TLF3,TLE3,2014,1672
TLF3,TLE4,2014,1192
TLF3,TLF1,2014,4458
TLF3,TLF2,2014,2522
TLF3,TLG1,2014,415
TLF3,TLG2,2014,547
TLF3,TLG3,2014,714
TLF3,TLH1,2014,3852
TLF3,TLH2,2014,716
TLF3,TLH3,2014,531
TLF3,TLI3,2014,343
TLF3,TLI4,2014,613
TLF3,TLI5,2014,261
TLF3,TLI6,2014,184
TLF3,TLI7,2014,353
TLF3,TLJ1,2014,693
TLF3,TLJ2,2014,640
TLF3,TLJ3,2014,460
TLF3,TLJ4,2014,465
TLF3,TLK1,2014,706
TLF3,TLK2,2014,303
TLF3,TLK3,2014,231
TLF3,TLK4,2014,363
TLF3,TLL1,2014,322
TLF3,TLL2,2014,195
TLF3,TLN0,2014,113
TLG1,S92000003,2014,826
TLG1,TLC1,2014,411
TLG1,TLC2,2014,398
TLG1,TLD1,2014,194
TLG1,TLD3,2014,1000
TLG1,TLD4,2014,559
TLG1,TLD6,2014,485
TLG1,TLD7,2014,540
TLG1,TLE1,2014,296
TLG1,TLE2,2014,455
TLG1,TLE3,2014,574
TLG1,TLE4,2014,876
TLG1,TLF1,2014,1640
TLG1,TLF2,2014,3484
TLG1,TLF3,2014,439
TLG1,TLG2,2014,3063
TLG1,TLG3,2014,10028
TLG1,TLH1,2014,1073
TLG1,TLH2,2014,655
TLG1,TLH3,2014,369
TLG1,TLI3,2014,1050
TLG1,TLI4,2014,1372
TLG1,TLI5,2014,372
TLG1,TLI6,2014,356
TLG1,TLI7,2014,662
TLG1,TLJ1,2014,2670
TLG1,TLJ2,2014,1187
TLG1,TLJ3,2014,1095
TLG1,TLJ4,2014,541
TLG1,TLK1,2014,4838
TLG1,TLK2,2014,1139
TLG1,TLK3,2014,755
TLG1,TLK4,2014,1363
TLG1,TLL1,2014,1428
TLG1,TLL2,2014,1604
TLG1,TLN0,2014,116
TLG2,S92000003,2014,835
TLG2,TLC1,2014,414
TLG2,TLC2,2014,501
TLG2,TLD1,2014,265
TLG2,TLD3,2014,2322
TLG2,TLD4,2014,1078
TLG2,TLD6,2014,2998
TLG2,TLD7,2014,1357
TLG2,TLE1,2014,391
TLG2,TLE2,2014,515
TLG2,TLE3,2014,934
TLG2,TLE4,2014,1314
TLG2,TLF1,2014,5015
TLG2,TLF2,2014,1783
TLG2,TLF3,2014,542
TLG2,TLG1,2014,3145
TLG2,TLG3,2014,7935
TLG2,TLH1,2014,1112
TLG2,TLH2,2014,598
TLG2,TLH3,2014,425
TLG2,TLI3,2014,568
TLG2,TLI4,2014,1002
TLG2,TLI5,2014,461
TLG2,TLI6,2014,322
TLG2,TLI7,2014,577
TLG2,TLJ1,2014,1293
TLG2,TLJ2,2014,887
TLG2,TLJ3,2014,772
TLG2,TLJ4,2014,507
TLG2,TLK1,2014,1692
TLG2,TLK2,2014,694
TLG2,TLK3,2014,517
TLG2,TLK4,2014,907
TLG2,TLL1,2014,1773
TLG2,TLL2,2014,2162
TLG2,TLN0,2014,157
TLG3,S92000003,2014,1268
TLG3,TLC1,2014,704
TLG3,TLC2,2014,742
TLG3,TLD1,2014,352
TLG3,TLD3,2014,3410
TLG3,TLD4,2014,1548
TLG3,TLD6,2014,1028
TLG3,TLD7,2014,1400
TLG3,TLE1,2014,633
TLG3,TLE2,2014,636
TLG3,TLE3,2014,1682
TLG3,TLE4,2014,2704
TLG3,TLF1,2014,4686
TLG3,TLF2,2014,5227
TLG3,TLF3,2014,820
TLG3,TLG1,2014,16219
TLG3,TLG2,2014,11329
TLG3,TLH1,2014,2311
TLG3,TLH2,2014,2271
TLG3,TLH3,2014,1164
TLG3,TLI3,2014,2325
TLG3,TLI4,2014,4350
TLG3,TLI5,2014,2204
TLG3,TLI6,2014,1381
TLG3,TLI7,2014,3553
TLG3,TLJ1,2014,4008
TLG3,TLJ2,2014,2175
TLG3,TLJ3,2014,1632
TLG3,TLJ4,2014,1213
TLG3,TLK1,2014,3630
TLG3,TLK2,2014,1481
TLG3,TLK3,2014,829
TLG3,TLK4,2014,1917
TLG3,TLL1,2014,2004
TLG3,TLL2,2014,1483
TLG3,TLN0,2014,295
TLH1,S92000003,2014,2074
TLH1,TLC1,2014,763
TLH1,TLC2,2014,1064
TLH1,TLD1,2014,287
TLH1,TLD3,2014,1634
TLH1,TLD4,2014,761
TLH1,TLD6,2014,463
TLH1,TLD7,2014,730
TLH1,TLE1,2014,820
TLH1,TLE2,2014,1218
TLH1,TLE3,2014,1443
TLH1,TLE4,2014,1885
TLH1,TLF1,2014,2817
TLH1,TLF2,2014,3852
TLH1,TLF3,2014,4738
TLH1,TLG1,2014,1059
TLH1,TLG2,2014,1039
TLH1,TLG3,2014,2355
TLH1,TLH2,2014,4280
TLH1,TLH3,2014,5822
TLH1,TLI3,2014,3082
TLH1,TLI4,2014,5200
TLH1,TLI5,2014,1940
TLH1,TLI6,2014,1150
TLH1,TLI7,2014,2167
TLH1,TLJ1,2014,3588
TLH1,TLJ2,2014,3253
TLH1,TLJ3,2014,1919
TLH1,TLJ4,2014,2230
TLH1,TLK1,2014,2661
TLH1,TLK2,2014,1169
TLH1,TLK3,2014,662
TLH1,TLK4,2014,1285
TLH1,TLL1,2014,934
TLH1,TLL2,2014,714
TLH1,TLN0,2014,371
TLH2,S92000003,2014,1247
TLH2,TLC1,2014,576
TLH2,TLC2,2014,690
TLH2,TLD1,2014,241
TLH2,TLD3,2014,1360
TLH2,TLD4,2014,572
TLH2,TLD6,2014,422
TLH2,TLD7,2014,622
TLH2,TLE1,2014,411
TLH2,TLE2,2014,688
TLH2,TLE3,2014,878
TLH2,TLE4,2014,1613
TLH2,TLF1,2014,2492
TLH2,TLF2,2014,4260
TLH2,TLF3,2014,1155
TLH2,TLG1,2014,958
TLH2,TLG2,2014,802
TLH2,TLG3,2014,2719
TLH2,TLH1,2014,6939
TLH2,TLH3,2014,5426
TLH2,TLI3,2014,2423
TLH2,TLI4,2014,4681
TLH2,TLI5,2014,3253
TLH2,TLI6,2014,1200
TLH2,TLI7,2014,4832
TLH2,TLJ1,2014,7680
TLH2,TLJ2,2014,3538
TLH2,TLJ3,2014,2378
TLH2,TLJ4,2014,2016
TLH2,TLK1,2014,2321
TLH2,TLK2,2014,1705
TLH2,TLK3,2014,648
TLH2,TLK4,2014,1486
TLH2,TLL1,2014,840
TLH2,TLL2,2014,579
TLH2,TLN0,2014,251
TLH3,S92000003,2014,1066
TLH3,TLC1,2014,400
TLH3,TLC2,2014,382
TLH3,TLD1,2014,118
TLH3,TLD3,2014,593
TLH3,TLD4,2014,409
TLH3,TLD6,2014,230
TLH3,TLD7,2014,404
TLH3,TLE1,2014,281
TLH3,TLE2,2014,433
TLH3,TLE3,2014,479
TLH3,TLE4,2014,742
TLH3,TLF1,2014,1174
TLH3,TLF2,2014,1256
TLH3,TLF3,2014,729
TLH3,TLG1,2014,505
TLH3,TLG2,2014,500
TLH3,TLG3,2014,1068
TLH3,TLH1,2014,8840
TLH3,TLH2,2014,4587
TLH3,TLI3,2014,1410
TLH3,TLI4,2014,3709
TLH3,TLI5,2014,5485
TLH3,TLI6,2014,908
TLH3,TLI7,2014,1320
TLH3,TLJ1,2014,1928
TLH3,TLJ2,2014,2532
TLH3,TLJ3,2014,1559
TLH3,TLJ4,2014,2813
TLH3,TLK1,2014,1141
TLH3,TLK2,2014,886
TLH3,TLK3,2014,468
TLH3,TLK4,2014,968
TLH3,TLL1,2014,623
TLH3,TLL2,2014,327
TLH3,TLN0,2014,205
TLI3,S92000003,2014,1316
TLI3,TLC1,2014,441
TLI3,TLC2,2014,502
TLI3,TLD1,2014,124
TLI3,TLD3,2014,1383
TLI3,TLD4,2014,316
TLI3,TLD6,2014,371
TLI3,TLD7,2014,496
TLI3,TLE1,2014,292
TLI3,TLE2,2014,531
TLI3,TLE3,2014,417
TLI3,TLE4,2014,915
TLI3,TLF1,2014,842
TLI3,TLF2,2014,1028
TLI3,TLF3,2014,240
TLI3,TLG1,2014,624
TLI3,TLG2,2014,384
TLI3,TLG3,2014,1624
TLI3,TLH1,2014,2598
TLI3,TLH2,2014,3756
TLI3,TLH3,2014,1751
TLI3,TLI4,2014,28759
TLI3,TLI5,2014,5133
TLI3,TLI6,2014,10889
TLI3,TLI7,2014,18670
TLI3,TLJ1,2014,6093
TLI3,TLJ2,2014,7909
TLI3,TLJ3,2014,2324
TLI3,TLJ4,2014,2595
TLI3,TLK1,2014,2921
TLI3,TLK2,2014,1413
TLI3,TLK3,2014,345
TLI3,TLK4,2014,916
TLI3,TLL1,2014,501
TLI3,TLL2,2014,633
TLI3,TLN0,2014,229
TLI4,S92000003,2014,2198
TLI4,TLC1,2014,648
TLI4,TLC2,2014,993
TLI4,TLD1,2014,204
TLI4,TLD3,2014,3225
TLI4,TLD4,2014,898
TLI4,TLD6,2014,534
TLI4,TLD7,2014,990
TLI4,TLE1,2014,526
TLI4,TLE2,2014,697
TLI4,TLE3,2014,988
TLI4,TLE4,2014,2134
TLI4,TLF1,2014,2022
TLI4,TLF2,2014,2620
TLI4,TLF3,2014,624
TLI4,TLG1,2014,945
TLI4,TLG2,2014,833
TLI4,TLG3,2014,4567
TLI4,TLH1,2014,4499
TLI4,TLH2,2014,7537
TLI4,TLH3,2014,7501
TLI4,TLI3,2014,21265
TLI4,TLI5,2014,39102
TLI4,TLI6,2014,19073
TLI4,TLI7,2014,15008
TLI4,TLJ1,2014,5767
TLI4,TLJ2,2014,9125
TLI4,TLJ3,2014,2908
TLI4,TLJ4,2014,8562
TLI4,TLK1,2014,3925
TLI4,TLK2,2014,1992
TLI4,TLK3,2014,628
TLI4,TLK4,2014,1445
TLI4,TLL1,2014,964
TLI4,TLL2,2014,972
TLI4,TLN0,2014,393
TLI5,S92000003,2014,948
TLI5,TLC1,2014,424
TLI5,TLC2,2014,507
TLI5,TLD1,2014,118
TLI5,TLD3,2014,1796
TLI5,TLD4,2014,496
TLI5,TLD6,2014,230
TLI5,TLD7,2014,613
TLI5,TLE1,2014,337
TLI5,TLE2,2014,328
TLI5,TLE3,2014,642
TLI5,TLE4,2014,1276
TLI5,TLF1,2014,1718
TLI5,TLF2,2014,1959
TLI5,TLF3,2014,460
TLI5,TLG1,2014,499
TLI5,TLG2,2014,613
TLI5,TLG3,2014,3320
TLI5,TLH1,2014,3721
TLI5,TLH2,2014,7171
TLI5,TLH3,2014,16167
TLI5,TLI3,2014,3514
TLI5,TLI4,2014,20175
TLI5,TLI6,2014,4699
TLI5,TLI7,2014,7047
TLI5,TLJ1,2014,2835
TLI5,TLJ2,2014,3930
TLI5,TLJ3,2014,1895
TLI5,TLJ4,2014,10032
TLI5,TLK1,2014,1482
TLI5,TLK2,2014,1107
TLI5,TLK3,2014,321
TLI5,TLK4,2014,873
TLI5,TLL1,2014,674
TLI5,TLL2,2014,503
TLI5,TLN0,2014,183
TLI6,S92000003,2014,901
TLI6,TLC1,2014,398
TLI6,TLC2,2014,379
TLI6,TLD1,2014,138
TLI6,TLD3,2014,998
TLI6,TLD4,2014,410
TLI6,TLD6,2014,193
TLI6,TLD7,2014,445
TLI6,TLE1,2014,239
TLI6,TLE2,2014,331
TLI6,TLE3,2014,418
TLI6,TLE4,2014,838
TLI6,TLF1,2014,1029
TLI6,TLF2,2014,1190
TLI6,TLF3,2014,340
TLI6,TLG1,2014,450
TLI6,TLG2,2014,383
TLI6,TLG3,2014,1727
TLI6,TLH1,2014,1864
TLI6,TLH2,2014,1829
TLI6,TLH3,2014,1588
TLI6,TLI3,2014,5627
TLI6,TLI4,2014,9799
TLI6,TLI5,2014,4111
TLI6,TLI7,2014,4004
TLI6,TLJ1,2014,2791
TLI6,TLJ2,2014,16264
TLI6,TLJ3,2014,2975
TLI6,TLJ4,2014,6985
TLI6,TLK1,2014,1842
TLI6,TLK2,2014,1463
TLI6,TLK3,2014,410
TLI6,TLK4,2014,959
TLI6,TLL1,2014,482
TLI6,TLL2,2014,523
TLI6,TLN0,2014,230
TLI7,S92000003,2014,1562
TLI7,TLC1,2014,577
TLI7,TLC2,2014,888
TLI7,TLD1,2014,190
TLI7,TLD3,2014,2367
TLI7,TLD4,2014,581
TLI7,TLD6,2014,418
TLI7,TLD7,2014,785
TLI7,TLE1,2014,378
TLI7,TLE2,2014,535
TLI7,TLE3,2014,668
TLI7,TLE4,2014,1594
TLI7,TLF1,2014,2060
TLI7,TLF2,2014,2707
TLI7,TLF3,2014,488
TLI7,TLG1,2014,816
TLI7,TLG2,2014,654
TLI7,TLG3,2014,4238
TLI7,TLH1,2014,3103
TLI7,TLH2,2014,13193
TLI7,TLH3,2014,2553
TLI7,TLI3,2014,12092
TLI7,TLI4,2014,13417
TLI7,TLI5,2014,7715
TLI7,TLI6,2014,5474
TLI7,TLJ1,2014,12414
TLI7,TLJ2,2014,10500
TLI7,TLJ3,2014,3667
TLI7,TLJ4,2014,3031
TLI7,TLK1,2014,3395
TLI7,TLK2,2014,2088
TLI7,TLK3,2014,553
TLI7,TLK4,2014,1434
TLI7,TLL1,2014,887
TLI7,TLL2,2014,879
TLI7,TLN0,2014,316
TLJ1,S92000003,2014,2241
TLJ1,TLC1,2014,917
TLJ1,TLC2,2014,1017
TLJ1,TLD1,2014,413
TLJ1,TLD3,2014,2143
TLJ1,TLD4,2014,1074
TLJ1,TLD6,2014,728
TLJ1,TLD7,2014,995
TLJ1,TLE1,2014,562
TLJ1,TLE2,2014,952
TLJ1,TLE3,2014,997
TLJ1,TLE4,2014,1758
TLJ1,TLF1,2014,2549
TLJ1,TLF2,2014,6044
TLJ1,TLF3,2014,1119
TLJ1,TLG1,2014,3050
TLJ1,TLG2,2014,1400
TLJ1,TLG3,2014,4265
TLJ1,TLH1,2014,4229
TLJ1,TLH2,2014,5932
TLJ1,TLH3,2014,1713
TLJ1,TLI3,2014,5889
TLJ1,TLI4,2014,6836
TLJ1,TLI5,2014,1923
TLJ1,TLI6,2014,1871
TLJ1,TLI7,2014,5679
TLJ1,TLJ2,2014,8349
TLJ1,TLJ3,2014,7896
TLJ1,TLJ4,2014,2503
TLJ1,TLK1,2014,9456
TLJ1,TLK2,2014,4115
TLJ1,TLK3,2014,1252
TLJ1,TLK4,2014,3270
TLJ1,TLL1,2014,1899
TLJ1,TLL2,2014,1665
TLJ1,TLN0,2014,361
TLJ2,S92000003,2014,2215
TLJ2,TLC1,2014,838
TLJ2,TLC2,2014,861
TLJ2,TLD1,2014,288
TLJ2,TLD3,2014,1484
TLJ2,TLD4,2014,697
TLJ2,TLD6,2014,589
TLJ2,TLD7,2014,731
TLJ2,TLE1,2014,449
TLJ2,TLE2,2014,856
TLJ2,TLE3,2014,806
TLJ2,TLE4,2014,1496
TLJ2,TLF1,2014,1794
TLJ2,TLF2,2014,2036
TLJ2,TLF3,2014,780
TLJ2,TLG1,2014,1223
TLJ2,TLG2,2014,957
TLJ2,TLG3,2014,2169
TLJ2,TLH1,2014,3750
TLJ2,TLH2,2014,2873
TLJ2,TLH3,2014,2383
TLJ2,TLI3,2014,5428
TLJ2,TLI4,2014,7687
TLJ2,TLI5,2014,2382
TLJ2,TLI6,2014,7107
TLJ2,TLI7,2014,5067
TLJ2,TLJ1,2014,8545
TLJ2,TLJ3,2014,12671
TLJ2,TLJ4,2014,7697
TLJ2,TLK1,2014,5557
TLJ2,TLK2,2014,4338
TLJ2,TLK3,2014,1362
TLJ2,TLK4,2014,3478
TLJ2,TLL1,2014,1486
TLJ2,TLL2,2014,1200
TLJ2,TLN0,2014,359
TLJ3,S92000003,2014,1580
TLJ3,TLC1,2014,539
TLJ3,TLC2,2014,564
TLJ3,TLD1,2014,253
TLJ3,TLD3,2014,909
TLJ3,TLD4,2014,535
TLJ3,TLD6,2014,458
TLJ3,TLD7,2014,519
TLJ3,TLE1,2014,357
TLJ3,TLE2,2014,625
TLJ3,TLE3,2014,527
TLJ3,TLE4,2014,831
TLJ3,TLF1,2014,1125
TLJ3,TLF2,2014,1310
TLJ3,TLF3,2014,541
TLJ3,TLG1,2014,1118
TLJ3,TLG2,2014,823
TLJ3,TLG3,2014,1637
TLJ3,TLH1,2014,2200
TLJ3,TLH2,2014,1866
TLJ3,TLH3,2014,1629
TLJ3,TLI3,2014,2276
TLJ3,TLI4,2014,3311
TLJ3,TLI5,2014,1449
TLJ3,TLI6,2014,2008
TLJ3,TLI7,2014,2323
TLJ3,TLJ1,2014,7025
TLJ3,TLJ2,2014,10385
TLJ3,TLJ4,2014,2496
TLJ3,TLK1,2014,6758
TLJ3,TLK2,2014,6917
TLJ3,TLK3,2014,1248
TLJ3,TLK4,2014,2825
TLJ3,TLL1,2014,1437
TLJ3,TLL2,2014,1158
TLJ3,TLN0,2014,262
TLJ4,S92000003,2014,1193
TLJ4,TLC1,2014,460
TLJ4,TLC2,2014,519
TLJ4,TLD1,2014,162
TLJ4,TLD3,2014,903
TLJ4,TLD4,2014,585
TLJ4,TLD6,2014,334
TLJ4,TLD7,2014,490
TLJ4,TLE1,2014,342
TLJ4,TLE2,2014,466
TLJ4,TLE3,2014,492
TLJ4,TLE4,2014,1004
TLJ4,TLF1,2014,1255
TLJ4,TLF2,2014,1347
TLJ4,TLF3,2014,681
TLJ4,TLG1,2014,526
TLJ4,TLG2,2014,519
TLJ4,TLG3,2014,1330
TLJ4,TLH1,2014,2801
TLJ4,TLH2,2014,1628
TLJ4,TLH3,2014,2971
TLJ4,TLI3,2014,2018
TLJ4,TLI4,2014,4044
TLJ4,TLI5,2014,4571
TLJ4,TLI6,2014,3052
TLJ4,TLI7,2014,1948
TLJ4,TLJ1,2014,2610
TLJ4,TLJ2,2014,8050
TLJ4,TLJ3,2014,2673
TLJ4,TLK1,2014,1968
TLJ4,TLK2,2014,1348
TLJ4,TLK3,2014,612
TLJ4,TLK4,2014,1326
TLJ4,TLL1,2014,863
TLJ4,TLL2,2014,516
TLJ4,TLN0,2014,277
TLK1,S92000003,2014,1825
TLK1,TLC1,2014,589
TLK1,TLC2,2014,740
TLK1,TLD1,2014,290
TLK1,TLD3,2014,1815
TLK1,TLD4,2014,815
TLK1,TLD6,2014,593
TLK1,TLD7,2014,877
TLK1,TLE1,2014,370
TLK1,TLE2,2014,867
TLK1,TLE3,2014,862
TLK1,TLE4,2014,1260
TLK1,TLF1,2014,1837
TLK1,TLF2,2014,1675
TLK1,TLF3,2014,596
TLK1,TLG1,2014,4665
TLK1,TLG2,2014,1344
TLK1,TLG3,2014,3184
TLK1,TLH1,2014,2263
TLK1,TLH2,2014,1697
TLK1,TLH3,2014,1165
TLK1,TLI3,2014,3507
TLK1,TLI4,2014,4542
TLK1,TLI5,2014,1157
TLK1,TLI6,2014,1361
TLK1,TLI7,2014,2557
TLK1,TLJ1,2014,7184
TLK1,TLJ2,2014,4305
TLK1,TLJ3,2014,5657
TLK1,TLJ4,2014,1610
TLK1,TLK2,2014,9709
TLK1,TLK3,2014,2291
TLK1,TLK4,2014,6087
TLK1,TLL1,2014,3556
TLK1,TLL2,2014,4709
TLK1,TLN0,2014,373
TLK2,S92000003,2014,851
TLK2,TLC1,2014,266
TLK2,TLC2,2014,301
TLK2,TLD1,2014,145
TLK2,TLD3,2014,667
TLK2,TLD4,2014,379
TLK2,TLD6,2014,259
TLK2,TLD7,2014,321
TLK2,TLE1,2014,201
TLK2,TLE2,2014,335
TLK2,TLE3,2014,322
TLK2,TLE4,2014,461
TLK2,TLF1,2014,692
TLK2,TLF2,2014,775
TLK2,TLF3,2014,277
TLK2,TLG1,2014,804
TLK2,TLG2,2014,589
TLK2,TLG3,2014,1048
TLK2,TLH1,2014,1066
TLK2,TLH2,2014,1077
TLK2,TLH3,2014,671
TLK2,TLI3,2014,1447
TLK2,TLI4,2014,1968
TLK2,TLI5,2014,651
TLK2,TLI6,2014,793
TLK2,TLI7,2014,1256
TLK2,TLJ1,2014,2527
TLK2,TLJ2,2014,3199
TLK2,TLJ3,2014,6081
TLK2,TLJ4,2014,1041
TLK2,TLK1,2014,9048
TLK2,TLK3,2014,1290
TLK2,TLK4,2014,5749
TLK2,TLL1,2014,1117
TLK2,TLL2,2014,1152
TLK2,TLN0,2014,126
TLK3,S92000003,2014,457
TLK3,TLC1,2014,113
TLK3,TLC2,2014,156
TLK3,TLD1,2014,77
TLK3,TLD3,2014,308
TLK3,TLD4,2014,167
TLK3,TLD6,2014,122
TLK3,TLD7,2014,169
TLK3,TLE1,2014,118
TLK3,TLE2,2014,151
TLK3,TLE3,2014,186
TLK3,TLE4,2014,232
TLK3,TLF1,2014,422
TLK3,TLF2,2014,360
TLK3,TLF3,2014,207
TLK3,TLG1,2014,403
TLK3,TLG2,2014,397
TLK3,TLG3,2014,429
TLK3,TLH1,2014,582
TLK3,TLH2,2014,307
TLK3,TLH3,2014,297
TLK3,TLI3,2014,431
TLK3,TLI4,2014,570
TLK3,TLI5,2014,195
TLK3,TLI6,2014,211
TLK3,TLI7,2014,341
TLK3,TLJ1,2014,690
TLK3,TLJ2,2014,976
TLK3,TLJ3,2014,964
TLK3,TLJ4,2014,433
TLK3,TLK1,2014,2243
TLK3,TLK2,2014,1143
TLK3,TLK4,2014,5082
TLK3,TLL1,2014,493
TLK3,TLL2,2014,499
TLK3,TLN0,2014,63
TLK4,S92000003,2014,850
TLK4,TLC1,2014,235
TLK4,TLC2,2014,310
TLK4,TLD1,2014,183
TLK4,TLD3,2014,647
TLK4,TLD4,2014,340
TLK4,TLD6,2014,337
TLK4,TLD7,2014,375
TLK4,TLE1,2014,199
TLK4,TLE2,2014,302
TLK4,TLE3,2014,274
TLK4,TLE4,2014,532
TLK4,TLF1,2014,715
TLK4,TLF2,2014,672
TLK4,TLF3,2014,309
TLK4,TLG1,2014,986
TLK4,TLG2,2014,675
TLK4,TLG3,2014,1114
TLK4,TLH1,2014,1083
TLK4,TLH2,2014,858
TLK4,TLH3,2014,720
TLK4,TLI3,2014,1175
TLK4,TLI4,2014,1676
TLK4,TLI5,2014,570
TLK4,TLI6,2014,632
TLK4,TLI7,2014,894
TLK4,TLJ1,2014,2181
TLK4,TLJ2,2014,2311
TLK4,TLJ3,2014,2193
TLK4,TLJ4,2014,940
TLK4,TLK1,2014,5964
TLK4,TLK2,2014,5845
TLK4,TLK3,2014,4694
TLK4,TLL1,2014,1152
TLK4,TLL2,2014,1269
TLK4,TLN0,2014,137
TLL1,S92000003,2014,1000
TLL1,TLC1,2014,361
TLL1,TLC2,2014,372
TLL1,TLD1,2014,226
TLL1,TLD3,2014,2218
TLL1,TLD4,2014,911
TLL1,TLD6,2014,1346
TLL1,TLD7,2014,1745
TLL1,TLE1,2014,321
TLL1,TLE2,2014,320
TLL1,TLE3,2014,454
TLL1,TLE4,2014,754
TLL1,TLF1,2014,918
TLL1,TLF2,2014,891
TLL1,TLF3,2014,323
TLL1,TLG1,2014,1444
TLL1,TLG2,2014,1739
TLL1,TLG3,2014,1782
TLL1,TLH1,2014,1005
TLL1,TLH2,2014,700
TLL1,TLH3,2014,553
TLL1,TLI3,2014,716
TLL1,TLI4,2014,1183
TLL1,TLI5,2014,503
TLL1,TLI6,2014,448
TLL1,TLI7,2014,711
TLL1,TLJ1,2014,1685
TLL1,TLJ2,2014,1320
TLL1,TLJ3,2014,1194
TLL1,TLJ4,2014,694
TLL1,TLK1,2014,3886
TLL1,TLK2,2014,1084
TLL1,TLK3,2014,532
TLL1,TLK4,2014,1235
TLL1,TLL2,2014,14635
TLL1,TLN0,2014,178
TLL2,S92000003,2014,737
TLL2,TLC1,2014,245
TLL2,TLC2,2014,244
TLL2,TLD1,2014,144
TLL2,TLD3,2014,1401
TLL2,TLD4,2014,535
TLL2,TLD6,2014,2027
TLL2,TLD7,2014,1422
TLL2,TLE1,2014,152
TLL2,TLE2,2014,247
TLL2,TLE3,2014,458
TLL2,TLE4,2014,711
TLL2,TLF1,2014,646
TLL2,TLF2,2014,701
TLL2,TLF3,2014,166
TLL2,TLG1,2014,1450
TLL2,TLG2,2014,2401
TLL2,TLG3,2014,1473
TLL2,TLH1,2014,743
TLL2,TLH2,2014,587
TLL2,TLH3,2014,318
TLL2,TLI3,2014,1019
TLL2,TLI4,2014,1496
TLL2,TLI5,2014,501
TLL2,TLI6,2014,452
TLL2,TLI7,2014,881
TLL2,TLJ1,2014,1591
TLL2,TLJ2,2014,1159
TLL2,TLJ3,2014,1111
TLL2,TLJ4,2014,490
TLL2,TLK1,2014,4924
TLL2,TLK2,2014,1037
TLL2,TLK3,2014,477
TLL2,TLK4,2014,1202
TLL2,TLL1,2014,14652
TLL2,TLN0,2014,180
TLM5,TLM6,2014,1655
TLM5,TLM7,2014,3767
TLM5,TLM8,2014,1243
TLM5,TLM9,2014,529
TLM6,TLM5,2014,1811
TLM6,TLM7,2014,3252
TLM6,TLM8,2014,2424
TLM6,TLM9,2014,949
TLM7,TLM5,2014,3672
TLM7,TLM6,2014,2870
TLM7,TLM8,2014,6712
TLM7,TLM9,2014,4065
TLM8,TLM5,2014,1497
TLM8,TLM6,2014,2178
TLM8,TLM7,2014,6577
TLM8,TLM9,2014,7887
TLM9,TLM5,2014,717
TLM9,TLM6,2014,961
TLM9,TLM7,2014,4495
TLM9,TLM8,2014,6832
TLN0,S92000003,2014,2613
TLN0,TLC1,2014,186
TLN0,TLC2,2014,513
TLN0,TLD1,2014,118
TLN0,TLD3,2014,667
TLN0,TLD4,2014,245
TLN0,TLD6,2014,183
TLN0,TLD7,2014,862
TLN0,TLE1,2014,98
TLN0,TLE2,2014,129
TLN0,TLE3,2014,156
TLN0,TLE4,2014,276
TLN0,TLF1,2014,269
TLN0,TLF2,2014,222
TLN0,TLF3,2014,79
TLN0,TLG1,2014,113
TLN0,TLG2,2014,188
TLN0,TLG3,2014,338
TLN0,TLH1,2014,369
TLN0,TLH2,2014,205
TLN0,TLH3,2014,176
TLN0,TLI3,2014,271
TLN0,TLI4,2014,539
TLN0,TLI5,2014,164
TLN0,TLI6,2014,172
TLN0,TLI7,2014,288
TLN0,TLJ1,2014,304
TLN0,TLJ2,2014,302
TLN0,TLJ3,2014,248
TLN0,TLJ4,2014,238
TLN0,TLK1,2014,392
TLN0,TLK2,2014,126
TLN0,TLK3,2014,50
TLN0,TLK4,2014,187
TLN0,TLL1,2014,201
TLN0,TLL2,2014,196
S92000003,TLC1,2015,1099
S92000003,TLC2,2015,2249
S92000003,TLD1,2015,1157
S92000003,TLD3,2015,1971
S92000003,TLD4,2015,1363
S92000003,TLD6,2015,639
S92000003,TLD7,2015,869
S92000003,TLE1,2015,451
S92000003,TLE2,2015,1118
S92000003,TLE3,2015,691
S92000003,TLE4,2015,1430
S92000003,TLF1,2015,961
S92000003,TLF2,2015,866
S92000003,TLF3,2015,478
S92000003,TLG1,2015,595
S92000003,TLG2,2015,682
S92000003,TLG3,2015,946
S92000003,TLH1,2015,1635
S92000003,TLH2,2015,795
S92000003,TLH3,2015,601
S92000003,TLI3,2015,1729
S92000003,TLI4,2015,2291
S92000003,TLI5,2015,605
S92000003,TLI6,2015,642
S92000003,TLI7,2015,1114
S92000003,TLJ1,2015,1531
S92000003,TLJ2,2015,1670
S92000003,TLJ3,2015,1188
S92000003,TLJ4,2015,764
S92000003,TLK1,2015,1589
S92000003,TLK2,2015,716
S92000003,TLK3,2015,337
S92000003,TLK4,2015,758
S92000003,TLL1,2015,798
S92000003,TLL2,2015,527
S92000003,TLN0,2015,1932
TLC1,S92000003,2015,1289
TLC1,TLC2,2015,8334
TLC1,TLD1,2015,545
TLC1,TLD3,2015,1368
TLC1,TLD4,2015,749
TLC1,TLD6,2015,364
TLC1,TLD7,2015,512
TLC1,TLE1,2015,615
TLC1,TLE2,2015,2925
TLC1,TLE3,2015,760
TLC1,TLE4,2015,2295
TLC1,TLF1,2015,763
TLC1,TLF2,2015,563
TLC1,TLF3,2015,294
TLC1,TLG1,2015,333
TLC1,TLG2,2015,385
TLC1,TLG3,2015,653
TLC1,TLH1,2015,860
TLC1,TLH2,2015,454
TLC1,TLH3,2015,321
TLC1,TLI3,2015,975
TLC1,TLI4,2015,1230
TLC1,TLI5,2015,370
TLC1,TLI6,2015,363
TLC1,TLI7,2015,714
TLC1,TLJ1,2015,930
TLC1,TLJ2,2015,745
TLC1,TLJ3,2015,458
TLC1,TLJ4,2015,349
TLC1,TLK1,2015,649
TLC1,TLK2,2015,294
TLC1,TLK3,2015,125
TLC1,TLK4,2015,273
TLC1,TLL1,2015,299
TLC1,TLL2,2015,229
TLC1,TLN0,2015,153
TLC2,S92000003,2015,2582
TLC2,TLC1,2015,8265
TLC2,TLD1,2015,1153
TLC2,TLD3,2015,1733
TLC2,TLD4,2015,971
TLC2,TLD6,2015,464
TLC2,TLD7,2015,762
TLC2,TLE1,2015,688
TLC2,TLE2,2015,1959
TLC2,TLE3,2015,1056
TLC2,TLE4,2015,3197
TLC2,TLF1,2015,1030
TLC2,TLF2,2015,663
TLC2,TLF3,2015,414
TLC2,TLG1,2015,351
TLC2,TLG2,2015,420
TLC2,TLG3,2015,799
TLC2,TLH1,2015,981
TLC2,TLH2,2015,578
TLC2,TLH3,2015,338
TLC2,TLI3,2015,1190
TLC2,TLI4,2015,1735
TLC2,TLI5,2015,428
TLC2,TLI6,2015,358
TLC2,TLI7,2015,964
TLC2,TLJ1,2015,997
TLC2,TLJ2,2015,798
TLC2,TLJ3,2015,514
TLC2,TLJ4,2015,420
TLC2,TLK1,2015,873
TLC2,TLK2,2015,276
TLC2,TLK3,2015,134
TLC2,TLK4,2015,285
TLC2,TLL1,2015,404
TLC2,TLL2,2015,276
TLC2,TLN0,2015,451
TLD1,S92000003,2015,1190
TLD1,TLC1,2015,521
TLD1,TLC2,2015,1219
TLD1,TLD3,2015,1110
TLD1,TLD4,2015,2322
TLD1,TLD6,2015,363
TLD1,TLD7,2015,585
TLD1,TLE1,2015,154
TLD1,TLE2,2015,513
TLD1,TLE3,2015,297
TLD1,TLE4,2015,715
TLD1,TLF1,2015,276
TLD1,TLF2,2015,201
TLD1,TLF3,2015,111
TLD1,TLG1,2015,145
TLD1,TLG2,2015,240
TLD1,TLG3,2015,258
TLD1,TLH1,2015,336
TLD1,TLH2,2015,96
TLD1,TLH3,2015,91
TLD1,TLI3,2015,148
TLD1,TLI4,2015,306
TLD1,TLI5,2015,93
TLD1,TLI6,2015,71
TLD1,TLI7,2015,109
TLD1,TLJ1,2015,280
TLD1,TLJ2,2015,258
TLD1,TLJ3,2015,204
TLD1,TLJ4,2015,126
TLD1,TLK1,2015,315
TLD1,TLK2,2015,167
TLD1,TLK3,2015,102
TLD1,TLK4,2015,153
TLD1,TLL1,2015,176
TLD1,TLL2,2015,127
TLD1,TLN0,2015,63
TLD3,S92000003,2015,2318
TLD3,TLC1,2015,1225
TLD3,TLC2,2015,1748
TLD3,TLD1,2015,1225
TLD3,TLD4,2015,12029
TLD3,TLD6,2015,7775
TLD3,TLD7,2015,5988
TLD3,TLE1,2015,946
TLD3,TLE2,2015,1430
TLD3,TLE3,2015,2809
TLD3,TLE4,2015,7423
TLD3,TLF1,2015,3615
TLD3,TLF2,2015,1515
TLD3,TLF3,2015,574
TLD3,TLG1,2015,912
TLD3,TLG2,2015,2093
TLD3,TLG3,2015,3272
TLD3,TLH1,2015,1711
TLD3,TLH2,2015,1230
TLD3,TLH3,2015,621
TLD3,TLI3,2015,2370
TLD3,TLI4,2015,3982
TLD3,TLI5,2015,1369
TLD3,TLI6,2015,907
TLD3,TLI7,2015,2211
TLD3,TLJ1,2015,2194
TLD3,TLJ2,2015,1647
TLD3,TLJ3,2015,960
TLD3,TLJ4,2015,698
TLD3,TLK1,2015,1927
TLD3,TLK2,2015,624
TLD3,TLK3,2015,503
TLD3,TLK4,2015,837
TLD3,TLL1,2015,2534
TLD3,TLL2,2015,1275
TLD3,TLN0,2015,563
TLD4,S92000003,2015,1628
TLD4,TLC1,2015,855
TLD4,TLC2,2015,1128
TLD4,TLD1,2015,2381
TLD4,TLD3,2015,10738
TLD4,TLD6,2015,1853
TLD4,TLD7,2015,4818
TLD4,TLE1,2015,505
TLD4,TLE2,2015,1380
TLD4,TLE3,2015,1036
TLD4,TLE4,2015,3773
TLD4,TLF1,2015,1131
TLD4,TLF2,2015,852
TLD4,TLF3,2015,347
TLD4,TLG1,2015,532
TLD4,TLG2,2015,1006
TLD4,TLG3,2015,1420
TLD4,TLH1,2015,861
TLD4,TLH2,2015,673
TLD4,TLH3,2015,363
TLD4,TLI3,2015,725
TLD4,TLI4,2015,1259
TLD4,TLI5,2015,460
TLD4,TLI6,2015,341
TLD4,TLI7,2015,570
TLD4,TLJ1,2015,988
TLD4,TLJ2,2015,763
TLD4,TLJ3,2015,636
TLD4,TLJ4,2015,422
TLD4,TLK1,2015,968
TLD4,TLK2,2015,415
TLD4,TLK3,2015,282
TLD4,TLK4,2015,416
TLD4,TLL1,2015,866
TLD4,TLL2,2015,629
TLD4,TLN0,2015,282
TLD6,S92000003,2015,709
TLD6,TLC1,2015,350
TLD6,TLC2,2015,521
TLD6,TLD1,2015,308
TLD6,TLD3,2015,5470
TLD6,TLD4,2015,1572
TLD6,TLD7,2015,4471
TLD6,TLE1,2015,271
TLD6,TLE2,2015,474
TLD6,TLE3,2015,831
TLD6,TLE4,2015,1461
TLD6,TLF1,2015,1251
TLD6,TLF2,2015,559
TLD6,TLF3,2015,191
TLD6,TLG1,2015,518
TLD6,TLG2,2015,2755
TLD6,TLG3,2015,1015
TLD6,TLH1,2015,844
TLD6,TLH2,2015,407
TLD6,TLH3,2015,243
TLD6,TLI3,2015,506
TLD6,TLI4,2015,758
TLD6,TLI5,2015,206
TLD6,TLI6,2015,200
TLD6,TLI7,2015,398
TLD6,TLJ1,2015,732
TLD6,TLJ2,2015,530
TLD6,TLJ3,2015,327
TLD6,TLJ4,2015,265
TLD6,TLK1,2015,840
TLD6,TLK2,2015,334
TLD6,TLK3,2015,233
TLD6,TLK4,2015,341
TLD6,TLL1,2015,1309
TLD6,TLL2,2015,2369
TLD6,TLN0,2015,115
TLD7,S92000003,2015,1105
TLD7,TLC1,2015,564
TLD7,TLC2,2015,707
TLD7,TLD1,2015,576
TLD7,TLD3,2015,6043
TLD7,TLD4,2015,4590
TLD7,TLD6,2015,4895
TLD7,TLE1,2015,318
TLD7,TLE2,2015,524
TLD7,TLE3,2015,934
TLD7,TLE4,2015,2142
TLD7,TLF1,2015,1011
TLD7,TLF2,2015,676
TLD7,TLF3,2015,250
TLD7,TLG1,2015,481
TLD7,TLG2,2015,1223
TLD7,TLG3,2015,1440
TLD7,TLH1,2015,665
TLD7,TLH2,2015,529
TLD7,TLH3,2015,329
TLD7,TLI3,2015,919
TLD7,TLI4,2015,1495
TLD7,TLI5,2015,446
TLD7,TLI6,2015,355
TLD7,TLI7,2015,735
TLD7,TLJ1,2015,842
TLD7,TLJ2,2015,758
TLD7,TLJ3,2015,466
TLD7,TLJ4,2015,358
TLD7,TLK1,2015,836
TLD7,TLK2,2015,321
TLD7,TLK3,2015,214
TLD7,TLK4,2015,378
TLD7,TLL1,2015,1767
TLD7,TLL2,2015,1294
TLD7,TLN0,2015,699
TLE1,S92000003,2015,665
TLE1,TLC1,2015,680
TLE1,TLC2,2015,907
TLE1,TLD1,2015,202
TLE1,TLD3,2015,1298
TLE1,TLD4,2015,570
TLE1,TLD6,2015,334
TLE1,TLD7,2015,507
TLE1,TLE2,2015,2736
TLE1,TLE3,2015,2215
TLE1,TLE4,2015,3482
TLE1,TLF1,2015,1521
TLE1,TLF2,2015,648
TLE1,TLF3,2015,2650
TLE1,TLG1,2015,272
TLE1,TLG2,2015,421
TLE1,TLG3,2015,624
TLE1,TLH1,2015,699
TLE1,TLH2,2015,368
TLE1,TLH3,2015,248
TLE1,TLI3,2015,380
TLE1,TLI4,2015,681
TLE1,TLI5,2015,315
TLE1,TLI6,2015,154
TLE1,TLI7,2015,399
TLE1,TLJ1,2015,571
TLE1,TLJ2,2015,445
TLE1,TLJ3,2015,345
TLE1,TLJ4,2015,310
TLE1,TLK1,2015,455
TLE1,TLK2,2015,204
TLE1,TLK3,2015,137
TLE1,TLK4,2015,185
TLE1,TLL1,2015,224
TLE1,TLL2,2015,171
TLE1,TLN0,2015,97
TLE2,S92000003,2015,1251
TLE2,TLC1,2015,2927
TLE2,TLC2,2015,1946
TLE2,TLD1,2015,594
TLE2,TLD3,2015,1416
TLE2,TLD4,2015,1311
TLE2,TLD6,2015,440
TLE2,TLD7,2015,633
TLE2,TLE1,2015,2715
TLE2,TLE3,2015,1610
TLE2,TLE4,2015,5948
TLE2,TLF1,2015,1004
TLE2,TLF2,2015,629
TLE2,TLF3,2015,508
TLE2,TLG1,2015,381
TLE2,TLG2,2015,517
TLE2,TLG3,2015,595
TLE2,TLH1,2015,1045
TLE2,TLH2,2015,499
TLE2,TLH3,2015,363
TLE2,TLI3,2015,952
TLE2,TLI4,2015,998
TLE2,TLI5,2015,275
TLE2,TLI6,2015,291
TLE2,TLI7,2015,551
TLE2,TLJ1,2015,907
TLE2,TLJ2,2015,648
TLE2,TLJ3,2015,609
TLE2,TLJ4,2015,366
TLE2,TLK1,2015,976
TLE2,TLK2,2015,296
TLE2,TLK3,2015,165
TLE2,TLK4,2015,367
TLE2,TLL1,2015,350
TLE2,TLL2,2015,242
TLE2,TLN0,2015,136
TLE3,S92000003,2015,825
TLE3,TLC1,2015,788
TLE3,TLC2,2015,1194
TLE3,TLD1,2015,253
TLE3,TLD3,2015,3388
TLE3,TLD4,2015,966
TLE3,TLD6,2015,881
TLE3,TLD7,2015,1077
TLE3,TLE1,2015,2213
TLE3,TLE2,2015,1687
TLE3,TLE4,2015,5880
TLE3,TLF1,2015,6882
TLE3,TLF2,2015,1551
TLE3,TLF3,2015,1416
TLE3,TLG1,2015,645
TLE3,TLG2,2015,869
TLE3,TLG3,2015,1645
TLE3,TLH1,2015,1259
TLE3,TLH2,2015,863
TLE3,TLH3,2015,414
TLE3,TLI3,2015,726
TLE3,TLI4,2015,1517
TLE3,TLI5,2015,582
TLE3,TLI6,2015,394
TLE3,TLI7,2015,885
TLE3,TLJ1,2015,1005
TLE3,TLJ2,2015,761
TLE3,TLJ3,2015,510
TLE3,TLJ4,2015,508
TLE3,TLK1,2015,937
TLE3,TLK2,2015,303
TLE3,TLK3,2015,277
TLE3,TLK4,2015,348
TLE3,TLL1,2015,417
TLE3,TLL2,2015,412
TLE3,TLN0,2015,103
TLE4,S92000003,2015,1824
TLE4,TLC1,2015,2001
TLE4,TLC2,2015,2923
TLE4,TLD1,2015,814
TLE4,TLD3,2015,7542
TLE4,TLD4,2015,3690
TLE4,TLD6,2015,1609
TLE4,TLD7,2015,2334
TLE4,TLE1,2015,3498
TLE4,TLE2,2015,7399
TLE4,TLE3,2015,5948
TLE4,TLF1,2015,3158
TLE4,TLF2,2015,1997
TLE4,TLF3,2015,1111
TLE4,TLG1,2015,813
TLE4,TLG2,2015,1073
TLE4,TLG3,2015,2947
TLE4,TLH1,2015,1850
TLE4,TLH2,2015,1465
TLE4,TLH3,2015,633
TLE4,TLI3,2015,2095
TLE4,TLI4,2015,3324
TLE4,TLI5,2015,1156
TLE4,TLI6,2015,922
TLE4,TLI7,2015,1845
TLE4,TLJ1,2015,2140
TLE4,TLJ2,2015,1502
TLE4,TLJ3,2015,895
TLE4,TLJ4,2015,894
TLE4,TLK1,2015,1580
TLE4,TLK2,2015,544
TLE4,TLK3,2015,356
TLE4,TLK4,2015,596
TLE4,TLL1,2015,798
TLE4,TLL2,2015,677
TLE4,TLN0,2015,304
TLF1,S92000003,2015,1290
TLF1,TLC1,2015,787
TLF1,TLC2,2015,1085
TLF1,TLD1,2015,281
TLF1,TLD3,2015,3695
TLF1,TLD4,2015,1048
TLF1,TLD6,2015,1306
TLF1,TLD7,2015,1166
TLF1,TLE1,2015,1213
TLF1,TLE2,2015,1218
TLF1,TLE3,2015,5755
TLF1,TLE4,2015,3237
TLF1,TLF2,2015,5985
TLF1,TLF3,2015,4343
TLF1,TLG1,2015,1501
TLF1,TLG2,2015,3852
TLF1,TLG3,2015,4253
TLF1,TLH1,2015,2520
TLF1,TLH2,2015,2060
TLF1,TLH3,2015,842
TLF1,TLI3,2015,1684
TLF1,TLI4,2015,2811
TLF1,TLI5,2015,1160
TLF1,TLI6,2015,872
TLF1,TLI7,2015,2071
TLF1,TLJ1,2015,2409
TLF1,TLJ2,2015,1628
TLF1,TLJ3,2015,1122
TLF1,TLJ4,2015,862
TLF1,TLK1,2015,1871
TLF1,TLK2,2015,758
TLF1,TLK3,2015,601
TLF1,TLK4,2015,894
TLF1,TLL1,2015,924
TLF1,TLL2,2015,631
TLF1,TLN0,2015,222
TLF2,S92000003,2015,1126
TLF2,TLC1,2015,660
TLF2,TLC2,2015,791
TLF2,TLD1,2015,236
TLF2,TLD3,2015,1692
TLF2,TLD4,2015,903
TLF2,TLD6,2015,614
TLF2,TLD7,2015,849
TLF2,TLE1,2015,655
TLF2,TLE2,2015,699
TLF2,TLE3,2015,1635
TLF2,TLE4,2015,1824
TLF2,TLF1,2015,5999
TLF2,TLF3,2015,2392
TLF2,TLG1,2015,2788
TLF2,TLG2,2015,1594
TLF2,TLG3,2015,5244
TLF2,TLH1,2015,3845
TLF2,TLH2,2015,3004
TLF2,TLH3,2015,1004
TLF2,TLI3,2015,1614
TLF2,TLI4,2015,2930
TLF2,TLI5,2015,1476
TLF2,TLI6,2015,1003
TLF2,TLI7,2015,2098
TLF2,TLJ1,2015,4424
TLF2,TLJ2,2015,2030
TLF2,TLJ3,2015,1521
TLF2,TLJ4,2015,1110
TLF2,TLK1,2015,2141
TLF2,TLK2,2015,929
TLF2,TLK3,2015,596
TLF2,TLK4,2015,1075
TLF2,TLL1,2015,875
TLF2,TLL2,2015,675
TLF2,TLN0,2015,227
TLF3,S92000003,2015,587
TLF3,TLC1,2015,342
TLF3,TLC2,2015,572
TLF3,TLD1,2015,154
TLF3,TLD3,2015,698
TLF3,TLD4,2015,376
TLF3,TLD6,2015,224
TLF3,TLD7,2015,374
TLF3,TLE1,2015,2634
TLF3,TLE2,2015,657
TLF3,TLE3,2015,1543
TLF3,TLE4,2015,1243
TLF3,TLF1,2015,4290
TLF3,TLF2,2015,2098
TLF3,TLG1,2015,395
TLF3,TLG2,2015,557
TLF3,TLG3,2015,832
TLF3,TLH1,2015,3662
TLF3,TLH2,2015,725
TLF3,TLH3,2015,505
TLF3,TLI3,2015,359
TLF3,TLI4,2015,649
TLF3,TLI5,2015,309
TLF3,TLI6,2015,186
TLF3,TLI7,2015,352
TLF3,TLJ1,2015,751
TLF3,TLJ2,2015,566
TLF3,TLJ3,2015,532
TLF3,TLJ4,2015,447
TLF3,TLK1,2015,587
TLF3,TLK2,2015,324
TLF3,TLK3,2015,213
TLF3,TLK4,2015,315
TLF3,TLL1,2015,277
TLF3,TLL2,2015,156
TLF3,TLN0,2015,79
TLG1,S92000003,2015,770
TLG1,TLC1,2015,377
TLG1,TLC2,2015,356
TLG1,TLD1,2015,196
TLG1,TLD3,2015,1032
TLG1,TLD4,2015,535
TLG1,TLD6,2015,515
TLG1,TLD7,2015,627
TLG1,TLE1,2015,268
TLG1,TLE2,2015,487
TLG1,TLE3,2015,684
TLG1,TLE4,2015,837
TLG1,TLF1,2015,1683
TLG1,TLF2,2015,3327
TLG1,TLF3,2015,488
TLG1,TLG2,2015,2820
TLG1,TLG3,2015,9463
TLG1,TLH1,2015,1012
TLG1,TLH2,2015,680
TLG1,TLH3,2015,393
TLG1,TLI3,2015,1018
TLG1,TLI4,2015,1431
TLG1,TLI5,2015,394
TLG1,TLI6,2015,307
TLG1,TLI7,2015,680
TLG1,TLJ1,2015,2230
TLG1,TLJ2,2015,1078
TLG1,TLJ3,2015,1107
TLG1,TLJ4,2015,474
TLG1,TLK1,2015,4793
TLG1,TLK2,2015,1054
TLG1,TLK3,2015,713
TLG1,TLK4,2015,1374
TLG1,TLL1,2015,1502
TLG1,TLL2,2015,1680
TLG1,TLN0,2015,121
TLG2,S92000003,2015,776
TLG2,TLC1,2015,393
TLG2,TLC2,2015,428
TLG2,TLD1,2015,257
TLG2,TLD3,2015,2502
TLG2,TLD4,2015,1149
TLG2,TLD6,2015,3109
TLG2,TLD7,2015,1525
TLG2,TLE1,2015,372
TLG2,TLE2,2015,594
TLG2,TLE3,2015,867
TLG2,TLE4,2015,1188
TLG2,TLF1,2015,4619
TLG2,TLF2,2015,1943
TLG2,TLF3,2015,541
TLG2,TLG1,2015,2992
TLG2,TLG3,2015,7945
TLG2,TLH1,2015,1160
TLG2,TLH2,2015,638
TLG2,TLH3,2015,417
TLG2,TLI3,2015,661
TLG2,TLI4,2015,1207
TLG2,TLI5,2015,438
TLG2,TLI6,2015,327
TLG2,TLI7,2015,654
TLG2,TLJ1,2015,1320
TLG2,TLJ2,2015,859
TLG2,TLJ3,2015,735
TLG2,TLJ4,2015,597
TLG2,TLK1,2015,1637
TLG2,TLK2,2015,671
TLG2,TLK3,2015,525
TLG2,TLK4,2015,839
TLG2,TLL1,2015,1659
TLG2,TLL2,2015,2127
TLG2,TLN0,2015,184
TLG3,S92000003,2015,1307
TLG3,TLC1,2015,695
TLG3,TLC2,2015,784
TLG3,TLD1,2015,358
TLG3,TLD3,2015,3704
TLG3,TLD4,2015,1428
TLG3,TLD6,2015,1055
TLG3,TLD7,2015,1675
TLG3,TLE1,2015,600
TLG3,TLE2,2015,676
TLG3,TLE3,2015,1643
TLG3,TLE4,2015,2771
TLG3,TLF1,2015,4754
TLG3,TLF2,2015,5641
TLG3,TLF3,2015,807
TLG3,TLG1,2015,15592
TLG3,TLG2,2015,11656
TLG3,TLH1,2015,2300
TLG3,TLH2,2015,2456
TLG3,TLH3,2015,1110
TLG3,TLI3,2015,2616
TLG3,TLI4,2015,4704
TLG3,TLI5,2015,2437
TLG3,TLI6,2015,1590
TLG3,TLI7,2015,3756
TLG3,TLJ1,2015,4012
TLG3,TLJ2,2015,2087
TLG3,TLJ3,2015,1805
TLG3,TLJ4,2015,1106
TLG3,TLK1,2015,3836
TLG3,TLK2,2015,1453
TLG3,TLK3,2015,838
TLG3,TLK4,2015,1844
TLG3,TLL1,2015,2042
TLG3,TLL2,2015,1621
TLG3,TLN0,2015,335
TLH1,S92000003,2015,1956
TLH1,TLC1,2015,980
TLH1,TLC2,2015,1040
TLH1,TLD1,2015,322
TLH1,TLD3,2015,1647
TLH1,TLD4,2015,843
TLH1,TLD6,2015,507
TLH1,TLD7,2015,815
TLH1,TLE1,2015,871
TLH1,TLE2,2015,1255
TLH1,TLE3,2015,1430
TLH1,TLE4,2015,2062
TLH1,TLF1,2015,2892
TLH1,TLF2,2015,4030
TLH1,TLF3,2015,4718
TLH1,TLG1,2015,1024
TLH1,TLG2,2015,1016
TLH1,TLG3,2015,2421
TLH1,TLH2,2015,4175
TLH1,TLH3,2015,5585
TLH1,TLI3,2015,3454
TLH1,TLI4,2015,5453
TLH1,TLI5,2015,2021
TLH1,TLI6,2015,1156
TLH1,TLI7,2015,2247
TLH1,TLJ1,2015,3475
TLH1,TLJ2,2015,3109
TLH1,TLJ3,2015,2002
TLH1,TLJ4,2015,2068
TLH1,TLK1,2015,2541
TLH1,TLK2,2015,1205
TLH1,TLK3,2015,617
TLH1,TLK4,2015,1331
TLH1,TLL1,2015,959
TLH1,TLL2,2015,663
TLH1,TLN0,2015,324
TLH2,S92000003,2015,1195
TLH2,TLC1,2015,626
TLH2,TLC2,2015,665
TLH2,TLD1,2015,191
TLH2,TLD3,2015,1490
TLH2,TLD4,2015,626
TLH2,TLD6,2015,479
TLH2,TLD7,2015,717
TLH2,TLE1,2015,447
TLH2,TLE2,2015,648
TLH2,TLE3,2015,897
TLH2,TLE4,2015,1709
TLH2,TLF1,2015,2589
TLH2,TLF2,2015,4680
TLH2,TLF3,2015,1161
TLH2,TLG1,2015,946
TLH2,TLG2,2015,833
TLH2,TLG3,2015,3044
TLH2,TLH1,2015,7193
TLH2,TLH3,2015,5571
TLH2,TLI3,2015,2602
TLH2,TLI4,2015,4900
TLH2,TLI5,2015,3292
TLH2,TLI6,2015,1356
TLH2,TLI7,2015,4685
TLH2,TLJ1,2015,7867
TLH2,TLJ2,2015,3381
TLH2,TLJ3,2015,2539
TLH2,TLJ4,2015,1903
TLH2,TLK1,2015,2489
TLH2,TLK2,2015,1767
TLH2,TLK3,2015,639
TLH2,TLK4,2015,1453
TLH2,TLL1,2015,920
TLH2,TLL2,2015,588
TLH2,TLN0,2015,252
TLH3,S92000003,2015,898
TLH3,TLC1,2015,473
TLH3,TLC2,2015,468
TLH3,TLD1,2015,209
TLH3,TLD3,2015,837
TLH3,TLD4,2015,418
TLH3,TLD6,2015,289
TLH3,TLD7,2015,467
TLH3,TLE1,2015,363
TLH3,TLE2,2015,501
TLH3,TLE3,2015,484
TLH3,TLE4,2015,769
TLH3,TLF1,2015,1363
TLH3,TLF2,2015,1447
TLH3,TLF3,2015,819
TLH3,TLG1,2015,460
TLH3,TLG2,2015,510
TLH3,TLG3,2015,1415
TLH3,TLH1,2015,9336
TLH3,TLH2,2015,4738
TLH3,TLI3,2015,1589
TLH3,TLI4,2015,4436
TLH3,TLI5,2015,5683
TLH3,TLI6,2015,1011
TLH3,TLI7,2015,1701
TLH3,TLJ1,2015,1962
TLH3,TLJ2,2015,2793
TLH3,TLJ3,2015,1984
TLH3,TLJ4,2015,3278
TLH3,TLK1,2015,1536
TLH3,TLK2,2015,1008
TLH3,TLK3,2015,537
TLH3,TLK4,2015,1074
TLH3,TLL1,2015,737
TLH3,TLL2,2015,398
TLH3,TLN0,2015,208
TLI3,S92000003,2015,1336
TLI3,TLC1,2015,408
TLI3,TLC2,2015,492
TLI3,TLD1,2015,129
TLI3,TLD3,2015,1474
TLI3,TLD4,2015,350
TLI3,TLD6,2015,424
TLI3,TLD7,2015,564
TLI3,TLE1,2015,192
TLI3,TLE2,2015,510
TLI3,TLE3,2015,394
TLI3,TLE4,2015,1030
TLI3,TLF1,2015,863
TLI3,TLF2,2015,1052
TLI3,TLF3,2015,275
TLI3,TLG1,2015,665
TLI3,TLG2,2015,427
TLI3,TLG3,2015,1649
TLI3,TLH1,2015,2656
TLI3,TLH2,2015,3820
TLI3,TLH3,2015,1603
TLI3,TLI4,2015,29706
TLI3,TLI5,2015,4979
TLI3,TLI6,2015,11122
TLI3,TLI7,2015,18155
TLI3,TLJ1,2015,5996
TLI3,TLJ2,2015,7667
TLI3,TLJ3,2015,2203
TLI3,TLJ4,2015,2539
TLI3,TLK1,2015,3371
TLI3,TLK2,2015,1399
TLI3,TLK3,2015,337
TLI3,TLK4,2015,1009
TLI3,TLL1,2015,518
TLI3,TLL2,2015,614
TLI3,TLN0,2015,213
TLI4,S92000003,2015,2239
TLI4,TLC1,2015,742
TLI4,TLC2,2015,973
TLI4,TLD1,2015,252
TLI4,TLD3,2015,3596
TLI4,TLD4,2015,957
TLI4,TLD6,2015,570
TLI4,TLD7,2015,993
TLI4,TLE1,2015,480
TLI4,TLE2,2015,677
TLI4,TLE3,2015,1067
TLI4,TLE4,2015,2284
TLI4,TLF1,2015,2065
TLI4,TLF2,2015,2685
TLI4,TLF3,2015,492
TLI4,TLG1,2015,952
TLI4,TLG2,2015,815
TLI4,TLG3,2015,4776
TLI4,TLH1,2015,4511
TLI4,TLH2,2015,7237
TLI4,TLH3,2015,7804
TLI4,TLI3,2015,22004
TLI4,TLI5,2015,39521
TLI4,TLI6,2015,19048
TLI4,TLI7,2015,14947
TLI4,TLJ1,2015,6236
TLI4,TLJ2,2015,9022
TLI4,TLJ3,2015,3090
TLI4,TLJ4,2015,8331
TLI4,TLK1,2015,4480
TLI4,TLK2,2015,1849
TLI4,TLK3,2015,676
TLI4,TLK4,2015,1644
TLI4,TLL1,2015,970
TLI4,TLL2,2015,1080
TLI4,TLN0,2015,451
TLI5,S92000003,2015,1015
TLI5,TLC1,2015,508
TLI5,TLC2,2015,468
TLI5,TLD1,2015,102
TLI5,TLD3,2015,1931
TLI5,TLD4,2015,611
TLI5,TLD6,2015,304
TLI5,TLD7,2015,634
TLI5,TLE1,2015,341
TLI5,TLE2,2015,350
TLI5,TLE3,2015,695
TLI5,TLE4,2015,1366
TLI5,TLF1,2015,1681
TLI5,TLF2,2015,2217
TLI5,TLF3,2015,500
TLI5,TLG1,2015,422
TLI5,TLG2,2015,619
TLI5,TLG3,2015,3610
TLI5,TLH1,2015,3819
TLI5,TLH2,2015,7544
TLI5,TLH3,2015,16579
TLI5,TLI3,2015,3500
TLI5,TLI4,2015,19660
TLI5,TLI6,2015,4833
TLI5,TLI7,2015,6730
TLI5,TLJ1,2015,2905
TLI5,TLJ2,2015,3735
TLI5,TLJ3,2015,2095
TLI5,TLJ4,2015,10308
TLI5,TLK1,2015,1670
TLI5,TLK2,2015,1080
TLI5,TLK3,2015,353
TLI5,TLK4,2015,890
TLI5,TLL1,2015,630
TLI5,TLL2,2015,595
TLI5,TLN0,2015,215
TLI6,S92000003,2015,917
TLI6,TLC1,2015,331
TLI6,TLC2,2015,396
TLI6,TLD1,2015,128
TLI6,TLD3,2015,1058
TLI6,TLD4,2015,322
TLI6,TLD6,2015,282
TLI6,TLD7,2015,490
TLI6,TLE1,2015,204
TLI6,TLE2,2015,343
TLI6,TLE3,2015,458
TLI6,TLE4,2015,800
TLI6,TLF1,2015,1104
TLI6,TLF2,2015,1284
TLI6,TLF3,2015,299
TLI6,TLG1,2015,453
TLI6,TLG2,2015,401
TLI6,TLG3,2015,1971
TLI6,TLH1,2015,1860
TLI6,TLH2,2015,1864
TLI6,TLH3,2015,1588
TLI6,TLI3,2015,5579
TLI6,TLI4,2015,9841
TLI6,TLI5,2015,4354
TLI6,TLI7,2015,4240
TLI6,TLJ1,2015,2899
TLI6,TLJ2,2015,15680
TLI6,TLJ3,2015,3086
TLI6,TLJ4,2015,6962
TLI6,TLK1,2015,1958
TLI6,TLK2,2015,1536
TLI6,TLK3,2015,483
TLI6,TLK4,2015,1061
TLI6,TLL1,2015,580
TLI6,TLL2,2015,503
TLI6,TLN0,2015,168
TLI7,S92000003,2015,1532
TLI7,TLC1,2015,749
TLI7,TLC2,2015,764
TLI7,TLD1,2015,149
TLI7,TLD3,2015,2376
TLI7,TLD4,2015,664
TLI7,TLD6,2015,404
TLI7,TLD7,2015,776
TLI7,TLE1,2015,378
TLI7,TLE2,2015,526
TLI7,TLE3,2015,774
TLI7,TLE4,2015,1730
TLI7,TLF1,2015,2275
TLI7,TLF2,2015,3212
TLI7,TLF3,2015,466
TLI7,TLG1,2015,891
TLI7,TLG2,2015,838
TLI7,TLG3,2015,5067
TLI7,TLH1,2015,3080
TLI7,TLH2,2015,14688
TLI7,TLH3,2015,2601
TLI7,TLI3,2015,11839
TLI7,TLI4,2015,13654
TLI7,TLI5,2015,8146
TLI7,TLI6,2015,5901
TLI7,TLJ1,2015,13745
TLI7,TLJ2,2015,10495
TLI7,TLJ3,2015,4243
TLI7,TLJ4,2015,3034
TLI7,TLK1,2015,3593
TLI7,TLK2,2015,2153
TLI7,TLK3,2015,540
TLI7,TLK4,2015,1525
TLI7,TLL1,2015,953
TLI7,TLL2,2015,837
TLI7,TLN0,2015,367
TLJ1,S92000003,2015,2134
TLJ1,TLC1,2015,900
TLJ1,TLC2,2015,934
TLJ1,TLD1,2015,346
TLJ1,TLD3,2015,2239
TLJ1,TLD4,2015,1031
TLJ1,TLD6,2015,856
TLJ1,TLD7,2015,1022
TLJ1,TLE1,2015,523
TLJ1,TLE2,2015,1011
TLJ1,TLE3,2015,1149
TLJ1,TLE4,2015,1924
TLJ1,TLF1,2015,2709
TLJ1,TLF2,2015,6012
TLJ1,TLF3,2015,1121
TLJ1,TLG1,2015,2696
TLJ1,TLG2,2015,1413
TLJ1,TLG3,2015,4941
TLJ1,TLH1,2015,4433
TLJ1,TLH2,2015,6175
TLJ1,TLH3,2015,1688
TLJ1,TLI3,2015,6289
TLJ1,TLI4,2015,7371
TLJ1,TLI5,2015,2004
TLJ1,TLI6,2015,2064
TLJ1,TLI7,2015,5570
TLJ1,TLJ2,2015,8048
TLJ1,TLJ3,2015,8623
TLJ1,TLJ4,2015,2541
TLJ1,TLK1,2015,9840
TLJ1,TLK2,2015,4031
TLJ1,TLK3,2015,1399
TLJ1,TLK4,2015,3479
TLJ1,TLL1,2015,2049
TLJ1,TLL2,2015,1690
TLJ1,TLN0,2015,361
TLJ2,S92000003,2015,2002
TLJ2,TLC1,2015,814
TLJ2,TLC2,2015,786
TLJ2,TLD1,2015,286
TLJ2,TLD3,2015,1835
TLJ2,TLD4,2015,742
TLJ2,TLD6,2015,597
TLJ2,TLD7,2015,811
TLJ2,TLE1,2015,400
TLJ2,TLE2,2015,742
TLJ2,TLE3,2015,830
TLJ2,TLE4,2015,1543
TLJ2,TLF1,2015,1973
TLJ2,TLF2,2015,2185
TLJ2,TLF3,2015,820
TLJ2,TLG1,2015,1206
TLJ2,TLG2,2015,1122
TLJ2,TLG3,2015,2484
TLJ2,TLH1,2015,3794
TLJ2,TLH2,2015,2623
TLJ2,TLH3,2015,2240
TLJ2,TLI3,2015,5543
TLJ2,TLI4,2015,8037
TLJ2,TLI5,2015,2436
TLJ2,TLI6,2015,7065
TLJ2,TLI7,2015,4943
TLJ2,TLJ1,2015,8314
TLJ2,TLJ3,2015,13687
TLJ2,TLJ4,2015,7297
TLJ2,TLK1,2015,5415
TLJ2,TLK2,2015,4366
TLJ2,TLK3,2015,1311
TLJ2,TLK4,2015,3374
TLJ2,TLL1,2015,1531
TLJ2,TLL2,2015,1305
TLJ2,TLN0,2015,330
TLJ3,S92000003,2015,1616
TLJ3,TLC1,2015,532
TLJ3,TLC2,2015,529
TLJ3,TLD1,2015,264
TLJ3,TLD3,2015,1151
TLJ3,TLD4,2015,593
TLJ3,TLD6,2015,398
TLJ3,TLD7,2015,547
TLJ3,TLE1,2015,293
TLJ3,TLE2,2015,614
TLJ3,TLE3,2015,564
TLJ3,TLE4,2015,889
TLJ3,TLF1,2015,1216
TLJ3,TLF2,2015,1397
TLJ3,TLF3,2015,735
TLJ3,TLG1,2015,1074
TLJ3,TLG2,2015,883
TLJ3,TLG3,2015,1726
TLJ3,TLH1,2015,2302
TLJ3,TLH2,2015,1849
TLJ3,TLH3,2015,1455
TLJ3,TLI3,2015,2347
TLJ3,TLI4,2015,3708
TLJ3,TLI5,2015,1475
TLJ3,TLI6,2015,2011
TLJ3,TLI7,2015,2501
TLJ3,TLJ1,2015,6822
TLJ3,TLJ2,2015,10461
TLJ3,TLJ4,2015,2191
TLJ3,TLK1,2015,7282
TLJ3,TLK2,2015,7039
TLJ3,TLK3,2015,1262
TLJ3,TLK4,2015,2955
TLJ3,TLL1,2015,1471
TLJ3,TLL2,2015,1336
TLJ3,TLN0,2015,239
TLJ4,S92000003,2015,1150
TLJ4,TLC1,2015,510
TLJ4,TLC2,2015,532
TLJ4,TLD1,2015,212
TLJ4,TLD3,2015,1005
TLJ4,TLD4,2015,596
TLJ4,TLD6,2015,260
TLJ4,TLD7,2015,515
TLJ4,TLE1,2015,370
TLJ4,TLE2,2015,526
TLJ4,TLE3,2015,563
TLJ4,TLE4,2015,939
TLJ4,TLF1,2015,1356
TLJ4,TLF2,2015,1358
TLJ4,TLF3,2015,683
TLJ4,TLG1,2015,570
TLJ4,TLG2,2015,616
TLJ4,TLG3,2015,1530
TLJ4,TLH1,2015,2830
TLJ4,TLH2,2015,1653
TLJ4,TLH3,2015,2804
TLJ4,TLI3,2015,2303
TLJ4,TLI4,2015,4888
TLJ4,TLI5,2015,4329
TLJ4,TLI6,2015,2906
TLJ4,TLI7,2015,2133
TLJ4,TLJ1,2015,2802
TLJ4,TLJ2,2015,8234
TLJ4,TLJ3,2015,2886
TLJ4,TLK1,2015,2281
TLJ4,TLK2,2015,1462
TLJ4,TLK3,2015,701
TLJ4,TLK4,2015,1409
TLJ4,TLL1,2015,836
TLJ4,TLL2,2015,590
TLJ4,TLN0,2015,213
TLK1,S92000003,2015,1735
TLK1,TLC1,2015,614
TLK1,TLC2,2015,662
TLK1,TLD1,2015,346
TLK1,TLD3,2015,1728
TLK1,TLD4,2015,784
TLK1,TLD6,2015,666
TLK1,TLD7,2015,839
TLK1,TLE1,2015,359
TLK1,TLE2,2015,860
TLK1,TLE3,2015,785
TLK1,TLE4,2015,1358
TLK1,TLF1,2015,1630
TLK1,TLF2,2015,1686
TLK1,TLF3,2015,560
TLK1,TLG1,2015,4196
TLK1,TLG2,2015,1369
TLK1,TLG3,2015,3309
TLK1,TLH1,2015,2296
TLK1,TLH2,2015,1656
TLK1,TLH3,2015,1052
TLK1,TLI3,2015,3775
TLK1,TLI4,2015,4510
TLK1,TLI5,2015,1311
TLK1,TLI6,2015,1336
TLK1,TLI7,2015,2536
TLK1,TLJ1,2015,7079
TLK1,TLJ2,2015,4243
TLK1,TLJ3,2015,5620
TLK1,TLJ4,2015,1492
TLK1,TLK2,2015,8526
TLK1,TLK3,2015,2278
TLK1,TLK4,2015,5833
TLK1,TLL1,2015,3474
TLK1,TLL2,2015,4794
TLK1,TLN0,2015,321
TLK2,S92000003,2015,840
TLK2,TLC1,2015,276
TLK2,TLC2,2015,328
TLK2,TLD1,2015,146
TLK2,TLD3,2015,682
TLK2,TLD4,2015,383
TLK2,TLD6,2015,225
TLK2,TLD7,2015,374
TLK2,TLE1,2015,200
TLK2,TLE2,2015,330
TLK2,TLE3,2015,284
TLK2,TLE4,2015,506
TLK2,TLF1,2015,695
TLK2,TLF2,2015,703
TLK2,TLF3,2015,309
TLK2,TLG1,2015,836
TLK2,TLG2,2015,619
TLK2,TLG3,2015,1017
TLK2,TLH1,2015,1128
TLK2,TLH2,2015,1005
TLK2,TLH3,2015,631
TLK2,TLI3,2015,1593
TLK2,TLI4,2015,2104
TLK2,TLI5,2015,650
TLK2,TLI6,2015,986
TLK2,TLI7,2015,1197
TLK2,TLJ1,2015,2765
TLK2,TLJ2,2015,3198
TLK2,TLJ3,2015,6095
TLK2,TLJ4,2015,932
TLK2,TLK1,2015,8095
TLK2,TLK3,2015,1264
TLK2,TLK4,2015,4721
TLK2,TLL1,2015,1100
TLK2,TLL2,2015,1191
TLK2,TLN0,2015,122
TLK3,S92000003,2015,426
TLK3,TLC1,2015,121
TLK3,TLC2,2015,121
TLK3,TLD1,2015,92
TLK3,TLD3,2015,307
TLK3,TLD4,2015,210
TLK3,TLD6,2015,196
TLK3,TLD7,2015,206
TLK3,TLE1,2015,102
TLK3,TLE2,2015,149
TLK3,TLE3,2015,165
TLK3,TLE4,2015,273
TLK3,TLF1,2015,391
TLK3,TLF2,2015,322
TLK3,TLF3,2015,177
TLK3,TLG1,2015,406
TLK3,TLG2,2015,295
TLK3,TLG3,2015,440
TLK3,TLH1,2015,617
TLK3,TLH2,2015,304
TLK3,TLH3,2015,237
TLK3,TLI3,2015,374
TLK3,TLI4,2015,656
TLK3,TLI5,2015,174
TLK3,TLI6,2015,227
TLK3,TLI7,2015,294
TLK3,TLJ1,2015,761
TLK3,TLJ2,2015,937
TLK3,TLJ3,2015,898
TLK3,TLJ4,2015,357
TLK3,TLK1,2015,2306
TLK3,TLK2,2015,1184
TLK3,TLK4,2015,4494
TLK3,TLL1,2015,489
TLK3,TLL2,2015,517
TLK3,TLN0,2015,48
TLK4,S92000003,2015,761
TLK4,TLC1,2015,265
TLK4,TLC2,2015,323
TLK4,TLD1,2015,162
TLK4,TLD3,2015,679
TLK4,TLD4,2015,355
TLK4,TLD6,2015,306
TLK4,TLD7,2015,462
TLK4,TLE1,2015,192
TLK4,TLE2,2015,331
TLK4,TLE3,2015,280
TLK4,TLE4,2015,506
TLK4,TLF1,2015,676
TLK4,TLF2,2015,704
TLK4,TLF3,2015,244
TLK4,TLG1,2015,908
TLK4,TLG2,2015,685
TLK4,TLG3,2015,1221
TLK4,TLH1,2015,1147
TLK4,TLH2,2015,798
TLK4,TLH3,2015,599
TLK4,TLI3,2015,1243
TLK4,TLI4,2015,1686
TLK4,TLI5,2015,596
TLK4,TLI6,2015,636
TLK4,TLI7,2015,902
TLK4,TLJ1,2015,2103
TLK4,TLJ2,2015,2385
TLK4,TLJ3,2015,2267
TLK4,TLJ4,2015,883
TLK4,TLK1,2015,6137
TLK4,TLK2,2015,4736
TLK4,TLK3,2015,4390
TLK4,TLL1,2015,1125
TLK4,TLL2,2015,1324
TLK4,TLN0,2015,138
TLL1,S92000003,2015,1001
TLL1,TLC1,2015,379
TLL1,TLC2,2015,360
TLL1,TLD1,2015,209
TLL1,TLD3,2015,2264
TLL1,TLD4,2015,939
TLL1,TLD6,2015,1400
TLL1,TLD7,2015,1851
TLL1,TLE1,2015,257
TLL1,TLE2,2015,418
TLL1,TLE3,2015,463
TLL1,TLE4,2015,833
TLL1,TLF1,2015,919
TLL1,TLF2,2015,943
TLL1,TLF3,2015,321
TLL1,TLG1,2015,1499
TLL1,TLG2,2015,1668
TLL1,TLG3,2015,1778
TLL1,TLH1,2015,1031
TLL1,TLH2,2015,660
TLL1,TLH3,2015,517
TLL1,TLI3,2015,783
TLL1,TLI4,2015,1277
TLL1,TLI5,2015,523
TLL1,TLI6,2015,417
TLL1,TLI7,2015,822
TLL1,TLJ1,2015,1700
TLL1,TLJ2,2015,1286
TLL1,TLJ3,2015,1398
TLL1,TLJ4,2015,629
TLL1,TLK1,2015,4133
TLL1,TLK2,2015,1043
TLL1,TLK3,2015,558
TLL1,TLK4,2015,1246
TLL1,TLL2,2015,14723
TLL1,TLN0,2015,189
TLL2,S92000003,2015,741
TLL2,TLC1,2015,245
TLL2,TLC2,2015,318
TLL2,TLD1,2015,146
TLL2,TLD3,2015,1479
TLL2,TLD4,2015,597
TLL2,TLD6,2015,2026
TLL2,TLD7,2015,1602
TLL2,TLE1,2015,195
TLL2,TLE2,2015,257
TLL2,TLE3,2015,442
TLL2,TLE4,2015,695
TLL2,TLF1,2015,825
TLL2,TLF2,2015,659
TLL2,TLF3,2015,182
TLL2,TLG1,2015,1423
TLL2,TLG2,2015,2119
TLL2,TLG3,2015,1672
TLL2,TLH1,2015,725
TLL2,TLH2,2015,573
TLL2,TLH3,2015,301
TLL2,TLI3,2015,1049
TLL2,TLI4,2015,1649
TLL2,TLI5,2015,518
TLL2,TLI6,2015,439
TLL2,TLI7,2015,938
TLL2,TLJ1,2015,1755
TLL2,TLJ2,2015,1125
TLL2,TLJ3,2015,1175
TLL2,TLJ4,2015,443
TLL2,TLK1,2015,5192
TLL2,TLK2,2015,1164
TLL2,TLK3,2015,508
TLL2,TLK4,2015,1301
TLL2,TLL1,2015,15475
TLL2,TLN0,2015,179
TLM5,TLM6,2015,1787
TLM5,TLM7,2015,4274
TLM5,TLM8,2015,1497
TLM5,TLM9,2015,673
TLM6,TLM5,2015,1607
TLM6,TLM7,2015,3280
TLM6,TLM8,2015,2629
TLM6,TLM9,2015,1012
TLM7,TLM5,2015,3293
TLM7,TLM6,2015,3055
TLM7,TLM8,2015,7202
TLM7,TLM9,2015,4335
TLM8,TLM5,2015,1351
TLM8,TLM6,2015,2226
TLM8,TLM7,2015,7363
TLM8,TLM9,2015,8674
TLM9,TLM5,2015,733
TLM9,TLM6,2015,1048
TLM9,TLM7,2015,4589
TLM9,TLM8,2015,7113
TLN0,S92000003,2015,2418
TLN0,TLC1,2015,160
TLN0,TLC2,2015,471
TLN0,TLD1,2015,92
TLN0,TLD3,2015,636
TLN0,TLD4,2015,262
TLN0,TLD6,2015,157
TLN0,TLD7,2015,1005
TLN0,TLE1,2015,63
TLN0,TLE2,2015,140
TLN0,TLE3,2015,140
TLN0,TLE4,2015,277
TLN0,TLF1,2015,267
TLN0,TLF2,2015,190
TLN0,TLF3,2015,87
TLN0,TLG1,2015,127
TLN0,TLG2,2015,136
TLN0,TLG3,2015,280
TLN0,TLH1,2015,354
TLN0,TLH2,2015,193
TLN0,TLH3,2015,143
TLN0,TLI3,2015,304
TLN0,TLI4,2015,524
TLN0,TLI5,2015,171
TLN0,TLI6,2015,136
TLN0,TLI7,2015,275
TLN0,TLJ1,2015,257
TLN0,TLJ2,2015,296
TLN0,TLJ3,2015,213
TLN0,TLJ4,2015,202
TLN0,TLK1,2015,442
TLN0,TLK2,2015,136
TLN0,TLK3,2015,41
TLN0,TLK4,2015,175
TLN0,TLL1,2015,167
TLN0,TLL2,2015,244
S92000003,TLC1,2016,1087
S92000003,TLC2,2016,2267
S92000003,TLD1,2016,1188
S92000003,TLD3,2016,1941
S92000003,TLD4,2016,1350
S92000003,TLD6,2016,611
S92000003,TLD7,2016,877
S92000003,TLE1,2016,461
S92000003,TLE2,2016,1084
S92000003,TLE3,2016,687
S92000003,TLE4,2016,1423
S92000003,TLF1,2016,894
S92000003,TLF2,2016,819
S92000003,TLF3,2016,467
S92000003,TLG1,2016,575
S92000003,TLG2,2016,669
S92000003,TLG3,2016,911
S92000003,TLH1,2016,1581
S92000003,TLH2,2016,757
S92000003,TLH3,2016,576
S92000003,TLI3,2016,1600
S92000003,TLI4,2016,2077
S92000003,TLI5,2016,555
S92000003,TLI6,2016,579
S92000003,TLI7,2016,1045
S92000003,TLJ1,2016,1457
S92000003,TLJ2,2016,1582
S92000003,TLJ3,2016,1122
S92000003,TLJ4,2016,701
S92000003,TLK1,2016,1537
S92000003,TLK2,2016,689
S92000003,TLK3,2016,351
S92000003,TLK4,2016,750
S92000003,TLL1,2016,781
S92000003,TLL2,2016,519
S92000003,TLN0,2016,1946
TLC1,S92000003,2016,1258
TLC1,TLC2,2016,7815
TLC1,TLD1,2016,500
TLC1,TLD3,2016,1432
TLC1,TLD4,2016,788
TLC1,TLD6,2016,340
TLC1,TLD7,2016,558
TLC1,TLE1,2016,714
TLC1,TLE2,2016,2776
TLC1,TLE3,2016,778
TLC1,TLE4,2016,2235
TLC1,TLF1,2016,823
TLC1,TLF2,2016,600
TLC1,TLF3,2016,272
TLC1,TLG1,2016,387
TLC1,TLG2,2016,368
TLC1,TLG3,2016,725
TLC1,TLH1,2016,891
TLC1,TLH2,2016,422
TLC1,TLH3,2016,327
TLC1,TLI3,2016,895
TLC1,TLI4,2016,1285
TLC1,TLI5,2016,400
TLC1,TLI6,2016,332
TLC1,TLI7,2016,802
TLC1,TLJ1,2016,916
TLC1,TLJ2,2016,680
TLC1,TLJ3,2016,466
TLC1,TLJ4,2016,358
TLC1,TLK1,2016,590
TLC1,TLK2,2016,286
TLC1,TLK3,2016,113
TLC1,TLK4,2016,254
TLC1,TLL1,2016,261
TLC1,TLL2,2016,242
TLC1,TLN0,2016,161
TLC2,S92000003,2016,2531
TLC2,TLC1,2016,7672
TLC2,TLD1,2016,1130
TLC2,TLD3,2016,1708
TLC2,TLD4,2016,904
TLC2,TLD6,2016,479
TLC2,TLD7,2016,738
TLC2,TLE1,2016,775
TLC2,TLE2,2016,1732
TLC2,TLE3,2016,1063
TLC2,TLE4,2016,3065
TLC2,TLF1,2016,989
TLC2,TLF2,2016,664
TLC2,TLF3,2016,486
TLC2,TLG1,2016,332
TLC2,TLG2,2016,433
TLC2,TLG3,2016,836
TLC2,TLH1,2016,966
TLC2,TLH2,2016,584
TLC2,TLH3,2016,322
TLC2,TLI3,2016,1062
TLC2,TLI4,2016,1438
TLC2,TLI5,2016,421
TLC2,TLI6,2016,362
TLC2,TLI7,2016,829
TLC2,TLJ1,2016,848
TLC2,TLJ2,2016,644
TLC2,TLJ3,2016,507
TLC2,TLJ4,2016,375
TLC2,TLK1,2016,807
TLC2,TLK2,2016,295
TLC2,TLK3,2016,121
TLC2,TLK4,2016,329
TLC2,TLL1,2016,402
TLC2,TLL2,2016,300
TLC2,TLN0,2016,469
TLD1,S92000003,2016,1166
TLD1,TLC1,2016,503
TLD1,TLC2,2016,1280
TLD1,TLD3,2016,1191
TLD1,TLD4,2016,2317
TLD1,TLD6,2016,363
TLD1,TLD7,2016,646
TLD1,TLE1,2016,200
TLD1,TLE2,2016,548
TLD1,TLE3,2016,299
TLD1,TLE4,2016,795
TLD1,TLF1,2016,260
TLD1,TLF2,2016,220
TLD1,TLF3,2016,144
TLD1,TLG1,2016,196
TLD1,TLG2,2016,288
TLD1,TLG3,2016,286
TLD1,TLH1,2016,331
TLD1,TLH2,2016,116
TLD1,TLH3,2016,110
TLD1,TLI3,2016,179
TLD1,TLI4,2016,320
TLD1,TLI5,2016,80
TLD1,TLI6,2016,87
TLD1,TLI7,2016,117
TLD1,TLJ1,2016,272
TLD1,TLJ2,2016,290
TLD1,TLJ3,2016,166
TLD1,TLJ4,2016,144
TLD1,TLK1,2016,326
TLD1,TLK2,2016,136
TLD1,TLK3,2016,126
TLD1,TLK4,2016,139
TLD1,TLL1,2016,213
TLD1,TLL2,2016,166
TLD1,TLN0,2016,65
TLD3,S92000003,2016,2270
TLD3,TLC1,2016,1121
TLD3,TLC2,2016,1687
TLD3,TLD1,2016,1258
TLD3,TLD4,2016,12496
TLD3,TLD6,2016,7837
TLD3,TLD7,2016,6259
TLD3,TLE1,2016,1053
TLD3,TLE2,2016,1425
TLD3,TLE3,2016,2766
TLD3,TLE4,2016,7184
TLD3,TLF1,2016,3864
TLD3,TLF2,2016,1516
TLD3,TLF3,2016,581
TLD3,TLG1,2016,874
TLD3,TLG2,2016,2275
TLD3,TLG3,2016,3275
TLD3,TLH1,2016,1756
TLD3,TLH2,2016,1226
TLD3,TLH3,2016,582
TLD3,TLI3,2016,2263
TLD3,TLI4,2016,3918
TLD3,TLI5,2016,1346
TLD3,TLI6,2016,825
TLD3,TLI7,2016,2116
TLD3,TLJ1,2016,2151
TLD3,TLJ2,2016,1584
TLD3,TLJ3,2016,1048
TLD3,TLJ4,2016,773
TLD3,TLK1,2016,1787
TLD3,TLK2,2016,693
TLD3,TLK3,2016,541
TLD3,TLK4,2016,846
TLD3,TLL1,2016,2644
TLD3,TLL2,2016,1308
TLD3,TLN0,2016,583
TLD4,S92000003,2016,1609
TLD4,TLC1,2016,848
TLD4,TLC2,2016,1069
TLD4,TLD1,2016,2315
TLD4,TLD3,2016,10762
TLD4,TLD6,2016,1931
TLD4,TLD7,2016,5381
TLD4,TLE1,2016,491
TLD4,TLE2,2016,1522
TLD4,TLE3,2016,1056
TLD4,TLE4,2016,3762
TLD4,TLF1,2016,1192
TLD4,TLF2,2016,863
TLD4,TLF3,2016,371
TLD4,TLG1,2016,515
TLD4,TLG2,2016,1176
TLD4,TLG3,2016,1445
TLD4,TLH1,2016,927
TLD4,TLH2,2016,605
TLD4,TLH3,2016,360
TLD4,TLI3,2016,772
TLD4,TLI4,2016,1302
TLD4,TLI5,2016,527
TLD4,TLI6,2016,332
TLD4,TLI7,2016,591
TLD4,TLJ1,2016,965
TLD4,TLJ2,2016,729
TLD4,TLJ3,2016,669
TLD4,TLJ4,2016,475
TLD4,TLK1,2016,988
TLD4,TLK2,2016,492
TLD4,TLK3,2016,274
TLD4,TLK4,2016,413
TLD4,TLL1,2016,991
TLD4,TLL2,2016,574
TLD4,TLN0,2016,297
TLD6,S92000003,2016,705
TLD6,TLC1,2016,358
TLD6,TLC2,2016,545
TLD6,TLD1,2016,308
TLD6,TLD3,2016,5272
TLD6,TLD4,2016,1616
TLD6,TLD7,2016,4516
TLD6,TLE1,2016,299
TLD6,TLE2,2016,488
TLD6,TLE3,2016,861
TLD6,TLE4,2016,1604
TLD6,TLF1,2016,1287
TLD6,TLF2,2016,551
TLD6,TLF3,2016,211
TLD6,TLG1,2016,522
TLD6,TLG2,2016,2886
TLD6,TLG3,2016,1091
TLD6,TLH1,2016,836
TLD6,TLH2,2016,399
TLD6,TLH3,2016,271
TLD6,TLI3,2016,528
TLD6,TLI4,2016,761
TLD6,TLI5,2016,212
TLD6,TLI6,2016,170
TLD6,TLI7,2016,373
TLD6,TLJ1,2016,667
TLD6,TLJ2,2016,578
TLD6,TLJ3,2016,363
TLD6,TLJ4,2016,220
TLD6,TLK1,2016,902
TLD6,TLK2,2016,282
TLD6,TLK3,2016,271
TLD6,TLK4,2016,416
TLD6,TLL1,2016,1355
TLD6,TLL2,2016,2167
TLD6,TLN0,2016,123
TLD7,S92000003,2016,1082
TLD7,TLC1,2016,544
TLD7,TLC2,2016,670
TLD7,TLD1,2016,599
TLD7,TLD3,2016,6162
TLD7,TLD4,2016,5028
TLD7,TLD6,2016,4769
TLD7,TLE1,2016,420
TLD7,TLE2,2016,535
TLD7,TLE3,2016,947
TLD7,TLE4,2016,2246
TLD7,TLF1,2016,1083
TLD7,TLF2,2016,710
TLD7,TLF3,2016,273
TLD7,TLG1,2016,500
TLD7,TLG2,2016,1152
TLD7,TLG3,2016,1377
TLD7,TLH1,2016,699
TLD7,TLH2,2016,501
TLD7,TLH3,2016,351
TLD7,TLI3,2016,887
TLD7,TLI4,2016,1301
TLD7,TLI5,2016,442
TLD7,TLI6,2016,323
TLD7,TLI7,2016,658
TLD7,TLJ1,2016,825
TLD7,TLJ2,2016,694
TLD7,TLJ3,2016,493
TLD7,TLJ4,2016,281
TLD7,TLK1,2016,815
TLD7,TLK2,2016,369
TLD7,TLK3,2016,266
TLD7,TLK4,2016,496
TLD7,TLL1,2016,1652
TLD7,TLL2,2016,1345
TLD7,TLN0,2016,731
TLE1,S92000003,2016,663
TLE1,TLC1,2016,669
TLE1,TLC2,2016,833
TLE1,TLD1,2016,198
TLE1,TLD3,2016,1232
TLE1,TLD4,2016,565
TLE1,TLD6,2016,361
TLE1,TLD7,2016,471
TLE1,TLE2,2016,2524
TLE1,TLE3,2016,2166
TLE1,TLE4,2016,3072
TLE1,TLF1,2016,1373
TLE1,TLF2,2016,634
TLE1,TLF3,2016,2763
TLE1,TLG1,2016,276
TLE1,TLG2,2016,370
TLE1,TLG3,2016,634
TLE1,TLH1,2016,730
TLE1,TLH2,2016,356
TLE1,TLH3,2016,266
TLE1,TLI3,2016,422
TLE1,TLI4,2016,664
TLE1,TLI5,2016,289
TLE1,TLI6,2016,154
TLE1,TLI7,2016,383
TLE1,TLJ1,2016,511
TLE1,TLJ2,2016,346
TLE1,TLJ3,2016,285
TLE1,TLJ4,2016,254
TLE1,TLK1,2016,384
TLE1,TLK2,2016,216
TLE1,TLK3,2016,126
TLE1,TLK4,2016,254
TLE1,TLL1,2016,248
TLE1,TLL2,2016,210
TLE1,TLN0,2016,106
TLE2,S92000003,2016,1227
TLE2,TLC1,2016,3059
TLE2,TLC2,2016,1963
TLE2,TLD1,2016,579
TLE2,TLD3,2016,1440
TLE2,TLD4,2016,1351
TLE2,TLD6,2016,440
TLE2,TLD7,2016,630
TLE2,TLE1,2016,2994
TLE2,TLE3,2016,1676
TLE2,TLE4,2016,5991
TLE2,TLF1,2016,1129
TLE2,TLF2,2016,635
TLE2,TLF3,2016,517
TLE2,TLG1,2016,473
TLE2,TLG2,2016,545
TLE2,TLG3,2016,649
TLE2,TLH1,2016,1069
TLE2,TLH2,2016,470
TLE2,TLH3,2016,374
TLE2,TLI3,2016,869
TLE2,TLI4,2016,1010
TLE2,TLI5,2016,276
TLE2,TLI6,2016,260
TLE2,TLI7,2016,441
TLE2,TLJ1,2016,878
TLE2,TLJ2,2016,702
TLE2,TLJ3,2016,743
TLE2,TLJ4,2016,378
TLE2,TLK1,2016,982
TLE2,TLK2,2016,293
TLE2,TLK3,2016,153
TLE2,TLK4,2016,444
TLE2,TLL1,2016,334
TLE2,TLL2,2016,278
TLE2,TLN0,2016,141
TLE3,S92000003,2016,809
TLE3,TLC1,2016,713
TLE3,TLC2,2016,1157
TLE3,TLD1,2016,307
TLE3,TLD3,2016,3288
TLE3,TLD4,2016,1050
TLE3,TLD6,2016,835
TLE3,TLD7,2016,951
TLE3,TLE1,2016,2219
TLE3,TLE2,2016,1590
TLE3,TLE4,2016,5754
TLE3,TLF1,2016,6771
TLE3,TLF2,2016,1508
TLE3,TLF3,2016,1337
TLE3,TLG1,2016,652
TLE3,TLG2,2016,858
TLE3,TLG3,2016,1661
TLE3,TLH1,2016,1317
TLE3,TLH2,2016,688
TLE3,TLH3,2016,388
TLE3,TLI3,2016,667
TLE3,TLI4,2016,1495
TLE3,TLI5,2016,525
TLE3,TLI6,2016,392
TLE3,TLI7,2016,795
TLE3,TLJ1,2016,1060
TLE3,TLJ2,2016,696
TLE3,TLJ3,2016,538
TLE3,TLJ4,2016,443
TLE3,TLK1,2016,931
TLE3,TLK2,2016,291
TLE3,TLK3,2016,276
TLE3,TLK4,2016,286
TLE3,TLL1,2016,443
TLE3,TLL2,2016,481
TLE3,TLN0,2016,107
TLE4,S92000003,2016,1777
TLE4,TLC1,2016,2025
TLE4,TLC2,2016,2997
TLE4,TLD1,2016,785
TLE4,TLD3,2016,7512
TLE4,TLD4,2016,3591
TLE4,TLD6,2016,1699
TLE4,TLD7,2016,2425
TLE4,TLE1,2016,3712
TLE4,TLE2,2016,7383
TLE4,TLE3,2016,5799
TLE4,TLF1,2016,3200
TLE4,TLF2,2016,2034
TLE4,TLF3,2016,1157
TLE4,TLG1,2016,826
TLE4,TLG2,2016,1135
TLE4,TLG3,2016,2945
TLE4,TLH1,2016,1913
TLE4,TLH2,2016,1447
TLE4,TLH3,2016,569
TLE4,TLI3,2016,1996
TLE4,TLI4,2016,3082
TLE4,TLI5,2016,1174
TLE4,TLI6,2016,775
TLE4,TLI7,2016,1824
TLE4,TLJ1,2016,2058
TLE4,TLJ2,2016,1398
TLE4,TLJ3,2016,942
TLE4,TLJ4,2016,818
TLE4,TLK1,2016,1631
TLE4,TLK2,2016,568
TLE4,TLK3,2016,427
TLE4,TLK4,2016,594
TLE4,TLL1,2016,823
TLE4,TLL2,2016,766
TLE4,TLN0,2016,316
TLF1,S92000003,2016,1264
TLF1,TLC1,2016,742
TLF1,TLC2,2016,1166
TLF1,TLD1,2016,303
TLF1,TLD3,2016,3740
TLF1,TLD4,2016,1038
TLF1,TLD6,2016,1189
TLF1,TLD7,2016,1275
TLF1,TLE1,2016,1398
TLF1,TLE2,2016,1209
TLF1,TLE3,2016,5873
TLF1,TLE4,2016,3057
TLF1,TLF2,2016,5794
TLF1,TLF3,2016,4052
TLF1,TLG1,2016,1456
TLF1,TLG2,2016,3812
TLF1,TLG3,2016,4342
TLF1,TLH1,2016,2599
TLF1,TLH2,2016,2008
TLF1,TLH3,2016,845
TLF1,TLI3,2016,1587
TLF1,TLI4,2016,2748
TLF1,TLI5,2016,1041
TLF1,TLI6,2016,851
TLF1,TLI7,2016,1889
TLF1,TLJ1,2016,2234
TLF1,TLJ2,2016,1473
TLF1,TLJ3,2016,1078
TLF1,TLJ4,2016,861
TLF1,TLK1,2016,1737
TLF1,TLK2,2016,772
TLF1,TLK3,2016,613
TLF1,TLK4,2016,845
TLF1,TLL1,2016,961
TLF1,TLL2,2016,708
TLF1,TLN0,2016,234
TLF2,S92000003,2016,1109
TLF2,TLC1,2016,720
TLF2,TLC2,2016,821
TLF2,TLD1,2016,246
TLF2,TLD3,2016,1764
TLF2,TLD4,2016,843
TLF2,TLD6,2016,637
TLF2,TLD7,2016,888
TLF2,TLE1,2016,680
TLF2,TLE2,2016,771
TLF2,TLE3,2016,1664
TLF2,TLE4,2016,2078
TLF2,TLF1,2016,5910
TLF2,TLF3,2016,2435
TLF2,TLG1,2016,2683
TLF2,TLG2,2016,1782
TLF2,TLG3,2016,5110
TLF2,TLH1,2016,4083
TLF2,TLH2,2016,2681
TLF2,TLH3,2016,975
TLF2,TLI3,2016,1492
TLF2,TLI4,2016,2686
TLF2,TLI5,2016,1473
TLF2,TLI6,2016,953
TLF2,TLI7,2016,1873
TLF2,TLJ1,2016,4295
TLF2,TLJ2,2016,2009
TLF2,TLJ3,2016,1419
TLF2,TLJ4,2016,1052
TLF2,TLK1,2016,2148
TLF2,TLK2,2016,926
TLF2,TLK3,2016,592
TLF2,TLK4,2016,1086
TLF2,TLL1,2016,872
TLF2,TLL2,2016,715
TLF2,TLN0,2016,238
TLF3,S92000003,2016,573
TLF3,TLC1,2016,350
TLF3,TLC2,2016,551
TLF3,TLD1,2016,128
TLF3,TLD3,2016,640
TLF3,TLD4,2016,299
TLF3,TLD6,2016,213
TLF3,TLD7,2016,382
TLF3,TLE1,2016,2459
TLF3,TLE2,2016,696
TLF3,TLE3,2016,1514
TLF3,TLE4,2016,1194
TLF3,TLF1,2016,4327
TLF3,TLF2,2016,1951
TLF3,TLG1,2016,445
TLF3,TLG2,2016,483
TLF3,TLG3,2016,857
TLF3,TLH1,2016,3577
TLF3,TLH2,2016,659
TLF3,TLH3,2016,416
TLF3,TLI3,2016,333
TLF3,TLI4,2016,650
TLF3,TLI5,2016,274
TLF3,TLI6,2016,153
TLF3,TLI7,2016,299
TLF3,TLJ1,2016,700
TLF3,TLJ2,2016,544
TLF3,TLJ3,2016,577
TLF3,TLJ4,2016,385
TLF3,TLK1,2016,588
TLF3,TLK2,2016,320
TLF3,TLK3,2016,206
TLF3,TLK4,2016,292
TLF3,TLL1,2016,272
TLF3,TLL2,2016,169
TLF3,TLN0,2016,82
TLG1,S92000003,2016,757
TLG1,TLC1,2016,399
TLG1,TLC2,2016,392
TLG1,TLD1,2016,201
TLG1,TLD3,2016,1134
TLG1,TLD4,2016,605
TLG1,TLD6,2016,596
TLG1,TLD7,2016,656
TLG1,TLE1,2016,283
TLG1,TLE2,2016,497
TLG1,TLE3,2016,738
TLG1,TLE4,2016,897
TLG1,TLF1,2016,1729
TLG1,TLF2,2016,3326
TLG1,TLF3,2016,447
TLG1,TLG2,2016,2894
TLG1,TLG3,2016,9418
TLG1,TLH1,2016,1143
TLG1,TLH2,2016,724
TLG1,TLH3,2016,392
TLG1,TLI3,2016,990
TLG1,TLI4,2016,1349
TLG1,TLI5,2016,379
TLG1,TLI6,2016,317
TLG1,TLI7,2016,654
TLG1,TLJ1,2016,2178
TLG1,TLJ2,2016,1035
TLG1,TLJ3,2016,1000
TLG1,TLJ4,2016,409
TLG1,TLK1,2016,4754
TLG1,TLK2,2016,1067
TLG1,TLK3,2016,692
TLG1,TLK4,2016,1362
TLG1,TLL1,2016,1556
TLG1,TLL2,2016,1653
TLG1,TLN0,2016,127
TLG2,S92000003,2016,766
TLG2,TLC1,2016,422
TLG2,TLC2,2016,405
TLG2,TLD1,2016,265
TLG2,TLD3,2016,2647
TLG2,TLD4,2016,1097
TLG2,TLD6,2016,3097
TLG2,TLD7,2016,1428
TLG2,TLE1,2016,441
TLG2,TLE2,2016,541
TLG2,TLE3,2016,953
TLG2,TLE4,2016,1233
TLG2,TLF1,2016,4506
TLG2,TLF2,2016,1827
TLG2,TLF3,2016,600
TLG2,TLG1,2016,2895
TLG2,TLG3,2016,7930
TLG2,TLH1,2016,1098
TLG2,TLH2,2016,563
TLG2,TLH3,2016,470
TLG2,TLI3,2016,609
TLG2,TLI4,2016,1008
TLG2,TLI5,2016,434
TLG2,TLI6,2016,300
TLG2,TLI7,2016,677
TLG2,TLJ1,2016,1171
TLG2,TLJ2,2016,909
TLG2,TLJ3,2016,681
TLG2,TLJ4,2016,506
TLG2,TLK1,2016,1493
TLG2,TLK2,2016,653
TLG2,TLK3,2016,477
TLG2,TLK4,2016,817
TLG2,TLL1,2016,1920
TLG2,TLL2,2016,1775
TLG2,TLN0,2016,194
TLG3,S92000003,2016,1278
TLG3,TLC1,2016,599
TLG3,TLC2,2016,822
TLG3,TLD1,2016,341
TLG3,TLD3,2016,3570
TLG3,TLD4,2016,1497
TLG3,TLD6,2016,997
TLG3,TLD7,2016,1633
TLG3,TLE1,2016,661
TLG3,TLE2,2016,613
TLG3,TLE3,2016,1700
TLG3,TLE4,2016,2800
TLG3,TLF1,2016,4505
TLG3,TLF2,2016,5467
TLG3,TLF3,2016,861
TLG3,TLG1,2016,16224
TLG3,TLG2,2016,11772
TLG3,TLH1,2016,2154
TLG3,TLH2,2016,2396
TLG3,TLH3,2016,942
TLG3,TLI3,2016,2232
TLG3,TLI4,2016,4653
TLG3,TLI5,2016,2407
TLG3,TLI6,2016,1340
TLG3,TLI7,2016,3600
TLG3,TLJ1,2016,3883
TLG3,TLJ2,2016,2241
TLG3,TLJ3,2016,1668
TLG3,TLJ4,2016,1127
TLG3,TLK1,2016,3758
TLG3,TLK2,2016,1480
TLG3,TLK3,2016,859
TLG3,TLK4,2016,1913
TLG3,TLL1,2016,2044
TLG3,TLL2,2016,1592
TLG3,TLN0,2016,349
TLH1,S92000003,2016,1983
TLH1,TLC1,2016,1039
TLH1,TLC2,2016,1022
TLH1,TLD1,2016,327
TLH1,TLD3,2016,1809
TLH1,TLD4,2016,932
TLH1,TLD6,2016,687
TLH1,TLD7,2016,818
TLH1,TLE1,2016,862
TLH1,TLE2,2016,1270
TLH1,TLE3,2016,1358
TLH1,TLE4,2016,2141
TLH1,TLF1,2016,3171
TLH1,TLF2,2016,4272
TLH1,TLF3,2016,4716
TLH1,TLG1,2016,1025
TLH1,TLG2,2016,1154
TLH1,TLG3,2016,2485
TLH1,TLH2,2016,4024
TLH1,TLH3,2016,5329
TLH1,TLI3,2016,3253
TLH1,TLI4,2016,5495
TLH1,TLI5,2016,1907
TLH1,TLI6,2016,1168
TLH1,TLI7,2016,2271
TLH1,TLJ1,2016,3559
TLH1,TLJ2,2016,3085
TLH1,TLJ3,2016,2055
TLH1,TLJ4,2016,2006
TLH1,TLK1,2016,2633
TLH1,TLK2,2016,1265
TLH1,TLK3,2016,706
TLH1,TLK4,2016,1392
TLH1,TLL1,2016,1027
TLH1,TLL2,2016,743
TLH1,TLN0,2016,341
TLH2,S92000003,2016,1157
TLH2,TLC1,2016,603
TLH2,TLC2,2016,645
TLH2,TLD1,2016,168
TLH2,TLD3,2016,1501
TLH2,TLD4,2016,706
TLH2,TLD6,2016,564
TLH2,TLD7,2016,729
TLH2,TLE1,2016,500
TLH2,TLE2,2016,608
TLH2,TLE3,2016,1011
TLH2,TLE4,2016,1841
TLH2,TLF1,2016,2695
TLH2,TLF2,2016,4734
TLH2,TLF3,2016,1242
TLH2,TLG1,2016,951
TLH2,TLG2,2016,858
TLH2,TLG3,2016,3029
TLH2,TLH1,2016,6917
TLH2,TLH3,2016,5436
TLH2,TLI3,2016,2346
TLH2,TLI4,2016,4761
TLH2,TLI5,2016,3049
TLH2,TLI6,2016,1339
TLH2,TLI7,2016,4782
TLH2,TLJ1,2016,7749
TLH2,TLJ2,2016,3394
TLH2,TLJ3,2016,2471
TLH2,TLJ4,2016,1658
TLH2,TLK1,2016,2493
TLH2,TLK2,2016,1754
TLH2,TLK3,2016,618
TLH2,TLK4,2016,1476
TLH2,TLL1,2016,848
TLH2,TLL2,2016,664
TLH2,TLN0,2016,254
TLH3,S92000003,2016,872
TLH3,TLC1,2016,454
TLH3,TLC2,2016,466
TLH3,TLD1,2016,196
TLH3,TLD3,2016,848
TLH3,TLD4,2016,469
TLH3,TLD6,2016,302
TLH3,TLD7,2016,481
TLH3,TLE1,2016,367
TLH3,TLE2,2016,513
TLH3,TLE3,2016,559
TLH3,TLE4,2016,782
TLH3,TLF1,2016,1322
TLH3,TLF2,2016,1336
TLH3,TLF3,2016,862
TLH3,TLG1,2016,508
TLH3,TLG2,2016,578
TLH3,TLG3,2016,1481
TLH3,TLH1,2016,9466
TLH3,TLH2,2016,4564
TLH3,TLI3,2016,1485
TLH3,TLI4,2016,3958
TLH3,TLI5,2016,5329
TLH3,TLI6,2016,946
TLH3,TLI7,2016,1448
TLH3,TLJ1,2016,1907
TLH3,TLJ2,2016,2701
TLH3,TLJ3,2016,1991
TLH3,TLJ4,2016,3067
TLH3,TLK1,2016,1615
TLH3,TLK2,2016,1030
TLH3,TLK3,2016,554
TLH3,TLK4,2016,992
TLH3,TLL1,2016,769
TLH3,TLL2,2016,419
TLH3,TLN0,2016,212
TLI3,S92000003,2016,1297
TLI3,TLC1,2016,457
TLI3,TLC2,2016,578
TLI3,TLD1,2016,147
TLI3,TLD3,2016,1758
TLI3,TLD4,2016,507
TLI3,TLD6,2016,369
TLI3,TLD7,2016,599
TLI3,TLE1,2016,294
TLI3,TLE2,2016,619
TLI3,TLE3,2016,436
TLI3,TLE4,2016,1132
TLI3,TLF1,2016,994
TLI3,TLF2,2016,1153
TLI3,TLF3,2016,277
TLI3,TLG1,2016,772
TLI3,TLG2,2016,443
TLI3,TLG3,2016,1843
TLI3,TLH1,2016,2901
TLI3,TLH2,2016,3776
TLI3,TLH3,2016,1672
TLI3,TLI4,2016,30231
TLI3,TLI5,2016,5297
TLI3,TLI6,2016,11067
TLI3,TLI7,2016,18391
TLI3,TLJ1,2016,6483
TLI3,TLJ2,2016,7757
TLI3,TLJ3,2016,2361
TLI3,TLJ4,2016,2745
TLI3,TLK1,2016,3643
TLI3,TLK2,2016,1456
TLI3,TLK3,2016,440
TLI3,TLK4,2016,1065
TLI3,TLL1,2016,522
TLI3,TLL2,2016,709
TLI3,TLN0,2016,217
TLI4,S92000003,2016,2155
TLI4,TLC1,2016,755
TLI4,TLC2,2016,1008
TLI4,TLD1,2016,291
TLI4,TLD3,2016,3684
TLI4,TLD4,2016,906
TLI4,TLD6,2016,568
TLI4,TLD7,2016,1167
TLI4,TLE1,2016,589
TLI4,TLE2,2016,634
TLI4,TLE3,2016,1046
TLI4,TLE4,2016,2388
TLI4,TLF1,2016,2112
TLI4,TLF2,2016,2921
TLI4,TLF3,2016,550
TLI4,TLG1,2016,962
TLI4,TLG2,2016,994
TLI4,TLG3,2016,4812
TLI4,TLH1,2016,4839
TLI4,TLH2,2016,7421
TLI4,TLH3,2016,7962
TLI4,TLI3,2016,21500
TLI4,TLI5,2016,38796
TLI4,TLI6,2016,19044
TLI4,TLI7,2016,15155
TLI4,TLJ1,2016,6236
TLI4,TLJ2,2016,9239
TLI4,TLJ3,2016,3321
TLI4,TLJ4,2016,8415
TLI4,TLK1,2016,4500
TLI4,TLK2,2016,1867
TLI4,TLK3,2016,644
TLI4,TLK4,2016,1491
TLI4,TLL1,2016,1071
TLI4,TLL2,2016,1160
TLI4,TLN0,2016,460
TLI5,S92000003,2016,978
TLI5,TLC1,2016,465
TLI5,TLC2,2016,526
TLI5,TLD1,2016,156
TLI5,TLD3,2016,2022
TLI5,TLD4,2016,635
TLI5,TLD6,2016,318
TLI5,TLD7,2016,635
TLI5,TLE1,2016,390
TLI5,TLE2,2016,364
TLI5,TLE3,2016,772
TLI5,TLE4,2016,1502
TLI5,TLF1,2016,1602
TLI5,TLF2,2016,2279
TLI5,TLF3,2016,542
TLI5,TLG1,2016,554
TLI5,TLG2,2016,638
TLI5,TLG3,2016,3678
TLI5,TLH1,2016,3766
TLI5,TLH2,2016,7416
TLI5,TLH3,2016,16853
TLI5,TLI3,2016,3321
TLI5,TLI4,2016,19717
TLI5,TLI6,2016,4590
TLI5,TLI7,2016,6993
TLI5,TLJ1,2016,2866
TLI5,TLJ2,2016,3732
TLI5,TLJ3,2016,1946
TLI5,TLJ4,2016,10013
TLI5,TLK1,2016,1743
TLI5,TLK2,2016,1157
TLI5,TLK3,2016,346
TLI5,TLK4,2016,982
TLI5,TLL1,2016,699
TLI5,TLL2,2016,591
TLI5,TLN0,2016,218
TLI6,S92000003,2016,887
TLI6,TLC1,2016,385
TLI6,TLC2,2016,472
TLI6,TLD1,2016,108
TLI6,TLD3,2016,1197
TLI6,TLD4,2016,380
TLI6,TLD6,2016,336
TLI6,TLD7,2016,507
TLI6,TLE1,2016,242
TLI6,TLE2,2016,378
TLI6,TLE3,2016,559
TLI6,TLE4,2016,903
TLI6,TLF1,2016,1153
TLI6,TLF2,2016,1406
TLI6,TLF3,2016,323
TLI6,TLG1,2016,506
TLI6,TLG2,2016,518
TLI6,TLG3,2016,2132
TLI6,TLH1,2016,1999
TLI6,TLH2,2016,1914
TLI6,TLH3,2016,1669
TLI6,TLI3,2016,5476
TLI6,TLI4,2016,9282
TLI6,TLI5,2016,4143
TLI6,TLI7,2016,4285
TLI6,TLJ1,2016,2969
TLI6,TLJ2,2016,15991
TLI6,TLJ3,2016,3190
TLI6,TLJ4,2016,7045
TLI6,TLK1,2016,2068
TLI6,TLK2,2016,1611
TLI6,TLK3,2016,501
TLI6,TLK4,2016,1131
TLI6,TLL1,2016,581
TLI6,TLL2,2016,495
TLI6,TLN0,2016,172
TLI7,S92000003,2016,1472
TLI7,TLC1,2016,628
TLI7,TLC2,2016,824
TLI7,TLD1,2016,155
TLI7,TLD3,2016,2505
TLI7,TLD4,2016,656
TLI7,TLD6,2016,466
TLI7,TLD7,2016,833
TLI7,TLE1,2016,447
TLI7,TLE2,2016,572
TLI7,TLE3,2016,845
TLI7,TLE4,2016,1813
TLI7,TLF1,2016,2298
TLI7,TLF2,2016,3401
TLI7,TLF3,2016,447
TLI7,TLG1,2016,1087
TLI7,TLG2,2016,959
TLI7,TLG3,2016,5358
TLI7,TLH1,2016,3261
TLI7,TLH2,2016,14654
TLI7,TLH3,2016,2539
TLI7,TLI3,2016,11100
TLI7,TLI4,2016,13222
TLI7,TLI5,2016,7787
TLI7,TLI6,2016,5854
TLI7,TLJ1,2016,13715
TLI7,TLJ2,2016,10830
TLI7,TLJ3,2016,4272
TLI7,TLJ4,2016,3165
TLI7,TLK1,2016,3595
TLI7,TLK2,2016,2385
TLI7,TLK3,2016,545
TLI7,TLK4,2016,1408
TLI7,TLL1,2016,996
TLI7,TLL2,2016,979
TLI7,TLN0,2016,370
TLJ1,S92000003,2016,2089
TLJ1,TLC1,2016,1025
TLJ1,TLC2,2016,938
TLJ1,TLD1,2016,351
TLJ1,TLD3,2016,2411
TLJ1,TLD4,2016,1084
TLJ1,TLD6,2016,830
TLJ1,TLD7,2016,1031
TLJ1,TLE1,2016,633
TLJ1,TLE2,2016,1064
TLJ1,TLE3,2016,1145
TLJ1,TLE4,2016,2155
TLJ1,TLF1,2016,2894
TLJ1,TLF2,2016,6430
TLJ1,TLF3,2016,1077
TLJ1,TLG1,2016,2859
TLJ1,TLG2,2016,1522
TLJ1,TLG3,2016,4901
TLJ1,TLH1,2016,4335
TLJ1,TLH2,2016,5988
TLJ1,TLH3,2016,1772
TLJ1,TLI3,2016,6152
TLJ1,TLI4,2016,7364
TLJ1,TLI5,2016,2050
TLJ1,TLI6,2016,2074
TLJ1,TLI7,2016,5447
TLJ1,TLJ2,2016,8297
TLJ1,TLJ3,2016,8775
TLJ1,TLJ4,2016,2674
TLJ1,TLK1,2016,10355
TLJ1,TLK2,2016,4114
TLJ1,TLK3,2016,1379
TLJ1,TLK4,2016,3510
TLJ1,TLL1,2016,2168
TLJ1,TLL2,2016,1934
TLJ1,TLN0,2016,376
TLJ2,S92000003,2016,1957
TLJ2,TLC1,2016,876
TLJ2,TLC2,2016,793
TLJ2,TLD1,2016,283
TLJ2,TLD3,2016,2116
TLJ2,TLD4,2016,772
TLJ2,TLD6,2016,635
TLJ2,TLD7,2016,860
TLJ2,TLE1,2016,538
TLJ2,TLE2,2016,713
TLJ2,TLE3,2016,851
TLJ2,TLE4,2016,1518
TLJ2,TLF1,2016,1965
TLJ2,TLF2,2016,2234
TLJ2,TLF3,2016,817
TLJ2,TLG1,2016,1281
TLJ2,TLG2,2016,1182
TLJ2,TLG3,2016,2557
TLJ2,TLH1,2016,3773
TLJ2,TLH2,2016,2615
TLJ2,TLH3,2016,2292
TLJ2,TLI3,2016,5389
TLJ2,TLI4,2016,7816
TLJ2,TLI5,2016,2454
TLJ2,TLI6,2016,6663
TLJ2,TLI7,2016,5124
TLJ2,TLJ1,2016,8515
TLJ2,TLJ3,2016,13505
TLJ2,TLJ4,2016,7509
TLJ2,TLK1,2016,5630
TLJ2,TLK2,2016,4585
TLJ2,TLK3,2016,1336
TLJ2,TLK4,2016,3682
TLJ2,TLL1,2016,1640
TLJ2,TLL2,2016,1245
TLJ2,TLN0,2016,343
TLJ3,S92000003,2016,1589
TLJ3,TLC1,2016,607
TLJ3,TLC2,2016,516
TLJ3,TLD1,2016,245
TLJ3,TLD3,2016,1117
TLJ3,TLD4,2016,732
TLJ3,TLD6,2016,400
TLJ3,TLD7,2016,463
TLJ3,TLE1,2016,301
TLJ3,TLE2,2016,593
TLJ3,TLE3,2016,492
TLJ3,TLE4,2016,937
TLJ3,TLF1,2016,1180
TLJ3,TLF2,2016,1405
TLJ3,TLF3,2016,713
TLJ3,TLG1,2016,1116
TLJ3,TLG2,2016,820
TLJ3,TLG3,2016,1856
TLJ3,TLH1,2016,2376
TLJ3,TLH2,2016,1916
TLJ3,TLH3,2016,1513
TLJ3,TLI3,2016,2214
TLJ3,TLI4,2016,3443
TLJ3,TLI5,2016,1429
TLJ3,TLI6,2016,1981
TLJ3,TLI7,2016,2589
TLJ3,TLJ1,2016,6813
TLJ3,TLJ2,2016,10089
TLJ3,TLJ4,2016,2238
TLJ3,TLK1,2016,7210
TLJ3,TLK2,2016,7061
TLJ3,TLK3,2016,1196
TLJ3,TLK4,2016,2882
TLJ3,TLL1,2016,1731
TLJ3,TLL2,2016,1413
TLJ3,TLN0,2016,252
TLJ4,S92000003,2016,1129
TLJ4,TLC1,2016,508
TLJ4,TLC2,2016,573
TLJ4,TLD1,2016,218
TLJ4,TLD3,2016,919
TLJ4,TLD4,2016,626
TLJ4,TLD6,2016,265
TLJ4,TLD7,2016,538
TLJ4,TLE1,2016,379
TLJ4,TLE2,2016,566
TLJ4,TLE3,2016,720
TLJ4,TLE4,2016,1041
TLJ4,TLF1,2016,1278
TLJ4,TLF2,2016,1440
TLJ4,TLF3,2016,735
TLJ4,TLG1,2016,574
TLJ4,TLG2,2016,794
TLJ4,TLG3,2016,1532
TLJ4,TLH1,2016,2982
TLJ4,TLH2,2016,1464
TLJ4,TLH3,2016,2844
TLJ4,TLI3,2016,1983
TLJ4,TLI4,2016,4269
TLJ4,TLI5,2016,3928
TLJ4,TLI6,2016,2633
TLJ4,TLI7,2016,2017
TLJ4,TLJ1,2016,2991
TLJ4,TLJ2,2016,8156
TLJ4,TLJ3,2016,2697
TLJ4,TLK1,2016,2390
TLJ4,TLK2,2016,1539
TLJ4,TLK3,2016,724
TLJ4,TLK4,2016,1431
TLJ4,TLL1,2016,884
TLJ4,TLL2,2016,592
TLJ4,TLN0,2016,222
TLK1,S92000003,2016,1738
TLK1,TLC1,2016,613
TLK1,TLC2,2016,699
TLK1,TLD1,2016,349
TLK1,TLD3,2016,1738
TLK1,TLD4,2016,791
TLK1,TLD6,2016,670
TLK1,TLD7,2016,856
TLK1,TLE1,2016,424
TLK1,TLE2,2016,907
TLK1,TLE3,2016,837
TLK1,TLE4,2016,1408
TLK1,TLF1,2016,1696
TLK1,TLF2,2016,1642
TLK1,TLF3,2016,567
TLK1,TLG1,2016,4232
TLK1,TLG2,2016,1431
TLK1,TLG3,2016,3498
TLK1,TLH1,2016,2198
TLK1,TLH2,2016,1620
TLK1,TLH3,2016,1019
TLK1,TLI3,2016,3593
TLK1,TLI4,2016,4350
TLK1,TLI5,2016,1228
TLK1,TLI6,2016,1186
TLK1,TLI7,2016,2389
TLK1,TLJ1,2016,6683
TLK1,TLJ2,2016,3861
TLK1,TLJ3,2016,5463
TLK1,TLJ4,2016,1560
TLK1,TLK2,2016,8498
TLK1,TLK3,2016,2408
TLK1,TLK4,2016,6011
TLK1,TLL1,2016,3819
TLK1,TLL2,2016,4933
TLK1,TLN0,2016,333
TLK2,S92000003,2016,829
TLK2,TLC1,2016,340
TLK2,TLC2,2016,278
TLK2,TLD1,2016,155
TLK2,TLD3,2016,672
TLK2,TLD4,2016,377
TLK2,TLD6,2016,239
TLK2,TLD7,2016,421
TLK2,TLE1,2016,206
TLK2,TLE2,2016,329
TLK2,TLE3,2016,360
TLK2,TLE4,2016,527
TLK2,TLF1,2016,796
TLK2,TLF2,2016,689
TLK2,TLF3,2016,331
TLK2,TLG1,2016,860
TLK2,TLG2,2016,653
TLK2,TLG3,2016,1019
TLK2,TLH1,2016,1155
TLK2,TLH2,2016,926
TLK2,TLH3,2016,683
TLK2,TLI3,2016,1486
TLK2,TLI4,2016,1886
TLK2,TLI5,2016,658
TLK2,TLI6,2016,858
TLK2,TLI7,2016,1148
TLK2,TLJ1,2016,2549
TLK2,TLJ2,2016,2923
TLK2,TLJ3,2016,6139
TLK2,TLJ4,2016,901
TLK2,TLK1,2016,7601
TLK2,TLK3,2016,1285
TLK2,TLK4,2016,5052
TLK2,TLL1,2016,1125
TLK2,TLL2,2016,1205
TLK2,TLN0,2016,127
TLK3,S92000003,2016,424
TLK3,TLC1,2016,163
TLK3,TLC2,2016,213
TLK3,TLD1,2016,88
TLK3,TLD3,2016,316
TLK3,TLD4,2016,239
TLK3,TLD6,2016,182
TLK3,TLD7,2016,211
TLK3,TLE1,2016,96
TLK3,TLE2,2016,154
TLK3,TLE3,2016,240
TLK3,TLE4,2016,278
TLK3,TLF1,2016,389
TLK3,TLF2,2016,346
TLK3,TLF3,2016,181
TLK3,TLG1,2016,430
TLK3,TLG2,2016,296
TLK3,TLG3,2016,451
TLK3,TLH1,2016,581
TLK3,TLH2,2016,240
TLK3,TLH3,2016,236
TLK3,TLI3,2016,352
TLK3,TLI4,2016,678
TLK3,TLI5,2016,171
TLK3,TLI6,2016,201
TLK3,TLI7,2016,291
TLK3,TLJ1,2016,757
TLK3,TLJ2,2016,889
TLK3,TLJ3,2016,918
TLK3,TLJ4,2016,372
TLK3,TLK1,2016,2253
TLK3,TLK2,2016,1253
TLK3,TLK4,2016,4822
TLK3,TLL1,2016,581
TLK3,TLL2,2016,578
TLK3,TLN0,2016,51
TLK4,S92000003,2016,763
TLK4,TLC1,2016,343
TLK4,TLC2,2016,341
TLK4,TLD1,2016,145
TLK4,TLD3,2016,737
TLK4,TLD4,2016,415
TLK4,TLD6,2016,297
TLK4,TLD7,2016,398
TLK4,TLE1,2016,187
TLK4,TLE2,2016,329
TLK4,TLE3,2016,300
TLK4,TLE4,2016,547
TLK4,TLF1,2016,640
TLK4,TLF2,2016,797
TLK4,TLF3,2016,276
TLK4,TLG1,2016,937
TLK4,TLG2,2016,706
TLK4,TLG3,2016,1275
TLK4,TLH1,2016,1205
TLK4,TLH2,2016,749
TLK4,TLH3,2016,573
TLK4,TLI3,2016,1188
TLK4,TLI4,2016,1744
TLK4,TLI5,2016,517
TLK4,TLI6,2016,604
TLK4,TLI7,2016,975
TLK4,TLJ1,2016,2120
TLK4,TLJ2,2016,2282
TLK4,TLJ3,2016,2400
TLK4,TLJ4,2016,867
TLK4,TLK1,2016,5916
TLK4,TLK2,2016,4713
TLK4,TLK3,2016,4524
TLK4,TLL1,2016,1311
TLK4,TLL2,2016,1413
TLK4,TLN0,2016,147
TLL1,S92000003,2016,984
TLL1,TLC1,2016,399
TLL1,TLC2,2016,435
TLL1,TLD1,2016,232
TLL1,TLD3,2016,2171
TLL1,TLD4,2016,1023
TLL1,TLD6,2016,1544
TLL1,TLD7,2016,1959
TLL1,TLE1,2016,274
TLL1,TLE2,2016,417
TLL1,TLE3,2016,500
TLL1,TLE4,2016,763
TLL1,TLF1,2016,1032
TLL1,TLF2,2016,856
TLL1,TLF3,2016,299
TLL1,TLG1,2016,1383
TLL1,TLG2,2016,1687
TLL1,TLG3,2016,1904
TLL1,TLH1,2016,1028
TLL1,TLH2,2016,600
TLL1,TLH3,2016,537
TLL1,TLI3,2016,717
TLL1,TLI4,2016,1282
TLL1,TLI5,2016,539
TLL1,TLI6,2016,349
TLL1,TLI7,2016,891
TLL1,TLJ1,2016,1787
TLL1,TLJ2,2016,1252
TLL1,TLJ3,2016,1313
TLL1,TLJ4,2016,556
TLL1,TLK1,2016,4018
TLL1,TLK2,2016,977
TLL1,TLK3,2016,561
TLL1,TLK4,2016,1284
TLL1,TLL2,2016,14762
TLL1,TLN0,2016,200
TLL2,S92000003,2016,731
TLL2,TLC1,2016,230
TLL2,TLC2,2016,327
TLL2,TLD1,2016,123
TLL2,TLD3,2016,1469
TLL2,TLD4,2016,589
TLL2,TLD6,2016,2226
TLL2,TLD7,2016,1486
TLL2,TLE1,2016,182
TLL2,TLE2,2016,296
TLL2,TLE3,2016,440
TLL2,TLE4,2016,749
TLL2,TLF1,2016,698
TLL2,TLF2,2016,708
TLL2,TLF3,2016,161
TLL2,TLG1,2016,1529
TLL2,TLG2,2016,2214
TLL2,TLG3,2016,1551
TLL2,TLH1,2016,665
TLL2,TLH2,2016,555
TLL2,TLH3,2016,315
TLL2,TLI3,2016,1032
TLL2,TLI4,2016,1693
TLL2,TLI5,2016,438
TLL2,TLI6,2016,416
TLL2,TLI7,2016,1025
TLL2,TLJ1,2016,1707
TLL2,TLJ2,2016,1094
TLL2,TLJ3,2016,1168
TLL2,TLJ4,2016,424
TLL2,TLK1,2016,4779
TLL2,TLK2,2016,1002
TLL2,TLK3,2016,488
TLL2,TLK4,2016,1225
TLL2,TLL1,2016,15020
TLL2,TLN0,2016,194
TLM5,TLM6,2016,1790
TLM5,TLM7,2016,4563
TLM5,TLM8,2016,1855
TLM5,TLM9,2016,691
TLM6,TLM5,2016,1490
TLM6,TLM7,2016,3199
TLM6,TLM8,2016,2677
TLM6,TLM9,2016,1059
TLM7,TLM5,2016,3018
TLM7,TLM6,2016,2894
TLM7,TLM8,2016,7658
TLM7,TLM9,2016,4521
TLM8,TLM5,2016,1072
TLM8,TLM6,2016,2359
TLM8,TLM7,2016,6992
TLM8,TLM9,2016,8219
TLM9,TLM5,2016,587
TLM9,TLM6,2016,966
TLM9,TLM7,2016,4396
TLM9,TLM8,2016,7384
TLN0,S92000003,2016,2424
TLN0,TLC1,2016,153
TLN0,TLC2,2016,445
TLN0,TLD1,2016,92
TLN0,TLD3,2016,623
TLN0,TLD4,2016,261
TLN0,TLD6,2016,155
TLN0,TLD7,2016,1008
TLN0,TLE1,2016,61
TLN0,TLE2,2016,134
TLN0,TLE3,2016,138
TLN0,TLE4,2016,273
TLN0,TLF1,2016,242
TLN0,TLF2,2016,179
TLN0,TLF3,2016,82
TLN0,TLG1,2016,125
TLN0,TLG2,2016,136
TLN0,TLG3,2016,261
TLN0,TLH1,2016,344
TLN0,TLH2,2016,182
TLN0,TLH3,2016,138
TLN0,TLI3,2016,277
TLN0,TLI4,2016,461
TLN0,TLI5,2016,157
TLN0,TLI6,2016,128
TLN0,TLI7,2016,240
TLN0,TLJ1,2016,234
TLN0,TLJ2,2016,269
TLN0,TLJ3,2016,202
TLN0,TLJ4,2016,179
TLN0,TLK1,2016,397
TLN0,TLK2,2016,121
TLN0,TLK3,2016,42
TLN0,TLK4,2016,172
TLN0,TLL1,2016,164
TLN0,TLL2,2016,234
S92000003,TLC1,2017,991
S92000003,TLC2,2017,2161
S92000003,TLD1,2017,1033
S92000003,TLD3,2017,1685
S92000003,TLD4,2017,1114
S92000003,TLD6,2017,553
S92000003,TLD7,2017,822
S92000003,TLE1,2017,451
S92000003,TLE2,2017,942
S92000003,TLE3,2017,626
S92000003,TLE4,2017,1270
S92000003,TLF1,2017,1076
S92000003,TLF2,2017,827
S92000003,TLF3,2017,447
S92000003,TLG1,2017,615
S92000003,TLG2,2017,699
S92000003,TLG3,2017,1028
S92000003,TLH1,2017,1550
S92000003,TLH2,2017,671
S92000003,TLH3,2017,538
S92000003,TLI3,2017,1516
S92000003,TLI4,2017,2474
S92000003,TLI5,2017,705
S92000003,TLI6,2017,545
S92000003,TLI7,2017,1103
S92000003,TLJ1,2017,1687
S92000003,TLJ2,2017,1495
S92000003,TLJ3,2017,1109
S92000003,TLJ4,2017,636
S92000003,TLK1,2017,1699
S92000003,TLK2,2017,740
S92000003,TLK3,2017,304
S92000003,TLK4,2017,749
S92000003,TLL1,2017,693
S92000003,TLL2,2017,580
S92000003,TLN0,2017,1981
TLC1,S92000003,2017,1138
TLC1,TLC2,2017,9366
TLC1,TLD1,2017,597
TLC1,TLD3,2017,1445
TLC1,TLD4,2017,709
TLC1,TLD6,2017,464
TLC1,TLD7,2017,643
TLC1,TLE1,2017,708
TLC1,TLE2,2017,3689
TLC1,TLE3,2017,888
TLC1,TLE4,2017,2484
TLC1,TLF1,2017,1059
TLC1,TLF2,2017,680
TLC1,TLF3,2017,465
TLC1,TLG1,2017,337
TLC1,TLG2,2017,387
TLC1,TLG3,2017,808
TLC1,TLH1,2017,997
TLC1,TLH2,2017,517
TLC1,TLH3,2017,350
TLC1,TLI3,2017,860
TLC1,TLI4,2017,1218
TLC1,TLI5,2017,365
TLC1,TLI6,2017,382
TLC1,TLI7,2017,738
TLC1,TLJ1,2017,934
TLC1,TLJ2,2017,917
TLC1,TLJ3,2017,500
TLC1,TLJ4,2017,422
TLC1,TLK1,2017,724
TLC1,TLK2,2017,269
TLC1,TLK3,2017,131
TLC1,TLK4,2017,304
TLC1,TLL1,2017,301
TLC1,TLL2,2017,233
TLC1,TLN0,2017,152
TLC2,S92000003,2017,2309
TLC2,TLC1,2017,9415
TLC2,TLD1,2017,1233
TLC2,TLD3,2017,1922
TLC2,TLD4,2017,962
TLC2,TLD6,2017,500
TLC2,TLD7,2017,902
TLC2,TLE1,2017,810
TLC2,TLE2,2017,2233
TLC2,TLE3,2017,1111
TLC2,TLE4,2017,3489
TLC2,TLF1,2017,1278
TLC2,TLF2,2017,895
TLC2,TLF3,2017,510
TLC2,TLG1,2017,389
TLC2,TLG2,2017,409
TLC2,TLG3,2017,817
TLC2,TLH1,2017,1151
TLC2,TLH2,2017,561
TLC2,TLH3,2017,340
TLC2,TLI3,2017,972
TLC2,TLI4,2017,1609
TLC2,TLI5,2017,425
TLC2,TLI6,2017,360
TLC2,TLI7,2017,885
TLC2,TLJ1,2017,953
TLC2,TLJ2,2017,811
TLC2,TLJ3,2017,514
TLC2,TLJ4,2017,430
TLC2,TLK1,2017,891
TLC2,TLK2,2017,332
TLC2,TLK3,2017,157
TLC2,TLK4,2017,328
TLC2,TLL1,2017,265
TLC2,TLL2,2017,237
TLC2,TLN0,2017,358
TLD1,S92000003,2017,1168
TLD1,TLC1,2017,631
TLD1,TLC2,2017,1297
TLD1,TLD3,2017,1230
TLD1,TLD4,2017,2251
TLD1,TLD6,2017,423
TLD1,TLD7,2017,596
TLD1,TLE1,2017,179
TLD1,TLE2,2017,612
TLD1,TLE3,2017,254
TLD1,TLE4,2017,740
TLD1,TLF1,2017,309
TLD1,TLF2,2017,241
TLD1,TLF3,2017,134
TLD1,TLG1,2017,137
TLD1,TLG2,2017,251
TLD1,TLG3,2017,237
TLD1,TLH1,2017,297
TLD1,TLH2,2017,125
TLD1,TLH3,2017,108
TLD1,TLI3,2017,140
TLD1,TLI4,2017,227
TLD1,TLI5,2017,77
TLD1,TLI6,2017,56
TLD1,TLI7,2017,129
TLD1,TLJ1,2017,315
TLD1,TLJ2,2017,232
TLD1,TLJ3,2017,149
TLD1,TLJ4,2017,122
TLD1,TLK1,2017,272
TLD1,TLK2,2017,147
TLD1,TLK3,2017,98
TLD1,TLK4,2017,185
TLD1,TLL1,2017,178
TLD1,TLL2,2017,122
TLD1,TLN0,2017,62
TLD3,S92000003,2017,2073
TLD3,TLC1,2017,1323
TLD3,TLC2,2017,1830
TLD3,TLD1,2017,1262
TLD3,TLD4,2017,13754
TLD3,TLD6,2017,9472
TLD3,TLD7,2017,6654
TLD3,TLE1,2017,1077
TLD3,TLE2,2017,1617
TLD3,TLE3,2017,2982
TLD3,TLE4,2017,7789
TLD3,TLF1,2017,4463
TLD3,TLF2,2017,1777
TLD3,TLF3,2017,702
TLD3,TLG1,2017,852
TLD3,TLG2,2017,2114
TLD3,TLG3,2017,3545
TLD3,TLH1,2017,1739
TLD3,TLH2,2017,1177
TLD3,TLH3,2017,698
TLD3,TLI3,2017,1826
TLD3,TLI4,2017,3460
TLD3,TLI5,2017,1157
TLD3,TLI6,2017,888
TLD3,TLI7,2017,2207
TLD3,TLJ1,2017,1904
TLD3,TLJ2,2017,1748
TLD3,TLJ3,2017,1001
TLD3,TLJ4,2017,575
TLD3,TLK1,2017,1885
TLD3,TLK2,2017,707
TLD3,TLK3,2017,572
TLD3,TLK4,2017,1088
TLD3,TLL1,2017,2357
TLD3,TLL2,2017,1215
TLD3,TLN0,2017,515
TLD4,S92000003,2017,1513
TLD4,TLC1,2017,850
TLD4,TLC2,2017,1182
TLD4,TLD1,2017,2132
TLD4,TLD3,2017,11024
TLD4,TLD6,2017,1875
TLD4,TLD7,2017,5177
TLD4,TLE1,2017,517
TLD4,TLE2,2017,1582
TLD4,TLE3,2017,1026
TLD4,TLE4,2017,3818
TLD4,TLF1,2017,1207
TLD4,TLF2,2017,1004
TLD4,TLF3,2017,464
TLD4,TLG1,2017,564
TLD4,TLG2,2017,1045
TLD4,TLG3,2017,1390
TLD4,TLH1,2017,874
TLD4,TLH2,2017,670
TLD4,TLH3,2017,306
TLD4,TLI3,2017,604
TLD4,TLI4,2017,1075
TLD4,TLI5,2017,439
TLD4,TLI6,2017,324
TLD4,TLI7,2017,674
TLD4,TLJ1,2017,793
TLD4,TLJ2,2017,687
TLD4,TLJ3,2017,591
TLD4,TLJ4,2017,434
TLD4,TLK1,2017,942
TLD4,TLK2,2017,445
TLD4,TLK3,2017,310
TLD4,TLK4,2017,606
TLD4,TLL1,2017,957
TLD4,TLL2,2017,568
TLD4,TLN0,2017,239
TLD6,S92000003,2017,697
TLD6,TLC1,2017,390
TLD6,TLC2,2017,561
TLD6,TLD1,2017,391
TLD6,TLD3,2017,6211
TLD6,TLD4,2017,1772
TLD6,TLD7,2017,5605
TLD6,TLE1,2017,308
TLD6,TLE2,2017,541
TLD6,TLE3,2017,1078
TLD6,TLE4,2017,1599
TLD6,TLF1,2017,1458
TLD6,TLF2,2017,665
TLD6,TLF3,2017,255
TLD6,TLG1,2017,434
TLD6,TLG2,2017,2942
TLD6,TLG3,2017,1084
TLD6,TLH1,2017,636
TLD6,TLH2,2017,342
TLD6,TLH3,2017,255
TLD6,TLI3,2017,417
TLD6,TLI4,2017,717
TLD6,TLI5,2017,198
TLD6,TLI6,2017,176
TLD6,TLI7,2017,365
TLD6,TLJ1,2017,747
TLD6,TLJ2,2017,593
TLD6,TLJ3,2017,435
TLD6,TLJ4,2017,187
TLD6,TLK1,2017,865
TLD6,TLK2,2017,366
TLD6,TLK3,2017,252
TLD6,TLK4,2017,460
TLD6,TLL1,2017,1282
TLD6,TLL2,2017,2132
TLD6,TLN0,2017,169
TLD7,S92000003,2017,950
TLD7,TLC1,2017,622
TLD7,TLC2,2017,755
TLD7,TLD1,2017,587
TLD7,TLD3,2017,6341
TLD7,TLD4,2017,5489
TLD7,TLD6,2017,5825
TLD7,TLE1,2017,421
TLD7,TLE2,2017,682
TLD7,TLE3,2017,1074
TLD7,TLE4,2017,2298
TLD7,TLF1,2017,1285
TLD7,TLF2,2017,870
TLD7,TLF3,2017,286
TLD7,TLG1,2017,622
TLD7,TLG2,2017,1212
TLD7,TLG3,2017,1584
TLD7,TLH1,2017,854
TLD7,TLH2,2017,595
TLD7,TLH3,2017,354
TLD7,TLI3,2017,808
TLD7,TLI4,2017,1333
TLD7,TLI5,2017,409
TLD7,TLI6,2017,346
TLD7,TLI7,2017,760
TLD7,TLJ1,2017,902
TLD7,TLJ2,2017,685
TLD7,TLJ3,2017,505
TLD7,TLJ4,2017,340
TLD7,TLK1,2017,1049
TLD7,TLK2,2017,378
TLD7,TLK3,2017,200
TLD7,TLK4,2017,477
TLD7,TLL1,2017,1546
TLD7,TLL2,2017,1217
TLD7,TLN0,2017,687
TLE1,S92000003,2017,564
TLE1,TLC1,2017,774
TLE1,TLC2,2017,1159
TLE1,TLD1,2017,215
TLE1,TLD3,2017,1404
TLE1,TLD4,2017,587
TLE1,TLD6,2017,301
TLE1,TLD7,2017,494
TLE1,TLE2,2017,3353
TLE1,TLE3,2017,2802
TLE1,TLE4,2017,3669
TLE1,TLF1,2017,1634
TLE1,TLF2,2017,772
TLE1,TLF3,2017,3200
TLE1,TLG1,2017,286
TLE1,TLG2,2017,460
TLE1,TLG3,2017,732
TLE1,TLH1,2017,967
TLE1,TLH2,2017,317
TLE1,TLH3,2017,246
TLE1,TLI3,2017,322
TLE1,TLI4,2017,605
TLE1,TLI5,2017,288
TLE1,TLI6,2017,188
TLE1,TLI7,2017,402
TLE1,TLJ1,2017,569
TLE1,TLJ2,2017,456
TLE1,TLJ3,2017,302
TLE1,TLJ4,2017,276
TLE1,TLK1,2017,418
TLE1,TLK2,2017,217
TLE1,TLK3,2017,153
TLE1,TLK4,2017,259
TLE1,TLL1,2017,233
TLE1,TLL2,2017,210
TLE1,TLN0,2017,93
TLE2,S92000003,2017,1371
TLE2,TLC1,2017,4044
TLE2,TLC2,2017,2477
TLE2,TLD1,2017,614
TLE2,TLD3,2017,1732
TLE2,TLD4,2017,1514
TLE2,TLD6,2017,623
TLE2,TLD7,2017,808
TLE2,TLE1,2017,3668
TLE2,TLE3,2017,2126
TLE2,TLE4,2017,7370
TLE2,TLF1,2017,1568
TLE2,TLF2,2017,946
TLE2,TLF3,2017,738
TLE2,TLG1,2017,506
TLE2,TLG2,2017,664
TLE2,TLG3,2017,704
TLE2,TLH1,2017,1283
TLE2,TLH2,2017,522
TLE2,TLH3,2017,489
TLE2,TLI3,2017,879
TLE2,TLI4,2017,1218
TLE2,TLI5,2017,346
TLE2,TLI6,2017,286
TLE2,TLI7,2017,545
TLE2,TLJ1,2017,976
TLE2,TLJ2,2017,833
TLE2,TLJ3,2017,551
TLE2,TLJ4,2017,405
TLE2,TLK1,2017,1113
TLE2,TLK2,2017,402
TLE2,TLK3,2017,211
TLE2,TLK4,2017,468
TLE2,TLL1,2017,325
TLE2,TLL2,2017,268
TLE2,TLN0,2017,154
TLE3,S92000003,2017,788
TLE3,TLC1,2017,1004
TLE3,TLC2,2017,1352
TLE3,TLD1,2017,261
TLE3,TLD3,2017,3302
TLE3,TLD4,2017,960
TLE3,TLD6,2017,976
TLE3,TLD7,2017,1148
TLE3,TLE1,2017,2765
TLE3,TLE2,2017,2161
TLE3,TLE4,2017,7174
TLE3,TLF1,2017,8716
TLE3,TLF2,2017,1771
TLE3,TLF3,2017,2745
TLE3,TLG1,2017,632
TLE3,TLG2,2017,915
TLE3,TLG3,2017,1807
TLE3,TLH1,2017,1649
TLE3,TLH2,2017,826
TLE3,TLH3,2017,480
TLE3,TLI3,2017,707
TLE3,TLI4,2017,1506
TLE3,TLI5,2017,596
TLE3,TLI6,2017,402
TLE3,TLI7,2017,895
TLE3,TLJ1,2017,1077
TLE3,TLJ2,2017,762
TLE3,TLJ3,2017,482
TLE3,TLJ4,2017,372
TLE3,TLK1,2017,1061
TLE3,TLK2,2017,341
TLE3,TLK3,2017,308
TLE3,TLK4,2017,457
TLE3,TLL1,2017,494
TLE3,TLL2,2017,363
TLE3,TLN0,2017,88
TLE4,S92000003,2017,1686
TLE4,TLC1,2017,2514
TLE4,TLC2,2017,3613
TLE4,TLD1,2017,778
TLE4,TLD3,2017,7889
TLE4,TLD4,2017,4169
TLE4,TLD6,2017,1614
TLE4,TLD7,2017,2535
TLE4,TLE1,2017,3975
TLE4,TLE2,2017,9601
TLE4,TLE3,2017,7073
TLE4,TLF1,2017,3808
TLE4,TLF2,2017,2160
TLE4,TLF3,2017,1449
TLE4,TLG1,2017,914
TLE4,TLG2,2017,1325
TLE4,TLG3,2017,3200
TLE4,TLH1,2017,2363
TLE4,TLH2,2017,1398
TLE4,TLH3,2017,758
TLE4,TLI3,2017,1676
TLE4,TLI4,2017,3123
TLE4,TLI5,2017,1019
TLE4,TLI6,2017,919
TLE4,TLI7,2017,1999
TLE4,TLJ1,2017,2091
TLE4,TLJ2,2017,1616
TLE4,TLJ3,2017,912
TLE4,TLJ4,2017,779
TLE4,TLK1,2017,1678
TLE4,TLK2,2017,654
TLE4,TLK3,2017,417
TLE4,TLK4,2017,772
TLE4,TLL1,2017,847
TLE4,TLL2,2017,677
TLE4,TLN0,2017,273
TLF1,S92000003,2017,1327
TLF1,TLC1,2017,987
TLF1,TLC2,2017,1513
TLF1,TLD1,2017,394
TLF1,TLD3,2017,4183
TLF1,TLD4,2017,1167
TLF1,TLD6,2017,1362
TLF1,TLD7,2017,1414
TLF1,TLE1,2017,1701
TLF1,TLE2,2017,1677
TLF1,TLE3,2017,7282
TLF1,TLE4,2017,3879
TLF1,TLF2,2017,7835
TLF1,TLF3,2017,5845
TLF1,TLG1,2017,1797
TLF1,TLG2,2017,4696
TLF1,TLG3,2017,4993
TLF1,TLH1,2017,3434
TLF1,TLH2,2017,2235
TLF1,TLH3,2017,1093
TLF1,TLI3,2017,1475
TLF1,TLI4,2017,2696
TLF1,TLI5,2017,1271
TLF1,TLI6,2017,895
TLF1,TLI7,2017,2133
TLF1,TLJ1,2017,2490
TLF1,TLJ2,2017,1854
TLF1,TLJ3,2017,1180
TLF1,TLJ4,2017,969
TLF1,TLK1,2017,2276
TLF1,TLK2,2017,841
TLF1,TLK3,2017,702
TLF1,TLK4,2017,1202
TLF1,TLL1,2017,1018
TLF1,TLL2,2017,745
TLF1,TLN0,2017,210
TLF2,S92000003,2017,1197
TLF2,TLC1,2017,859
TLF2,TLC2,2017,1080
TLF2,TLD1,2017,292
TLF2,TLD3,2017,1913
TLF2,TLD4,2017,956
TLF2,TLD6,2017,694
TLF2,TLD7,2017,943
TLF2,TLE1,2017,772
TLF2,TLE2,2017,1066
TLF2,TLE3,2017,1963
TLF2,TLE4,2017,2105
TLF2,TLF1,2017,8629
TLF2,TLF3,2017,3516
TLF2,TLG1,2017,3645
TLF2,TLG2,2017,1987
TLF2,TLG3,2017,6319
TLF2,TLH1,2017,4859
TLF2,TLH2,2017,3444
TLF2,TLH3,2017,1281
TLF2,TLI3,2017,1614
TLF2,TLI4,2017,3237
TLF2,TLI5,2017,1562
TLF2,TLI6,2017,1009
TLF2,TLI7,2017,2399
TLF2,TLJ1,2017,5318
TLF2,TLJ2,2017,2254
TLF2,TLJ3,2017,1574
TLF2,TLJ4,2017,1152
TLF2,TLK1,2017,2684
TLF2,TLK2,2017,1320
TLF2,TLK3,2017,826
TLF2,TLK4,2017,1475
TLF2,TLL1,2017,1080
TLF2,TLL2,2017,741
TLF2,TLN0,2017,211
TLF3,S92000003,2017,582
TLF3,TLC1,2017,516
TLF3,TLC2,2017,790
TLF3,TLD1,2017,141
TLF3,TLD3,2017,755
TLF3,TLD4,2017,477
TLF3,TLD6,2017,286
TLF3,TLD7,2017,395
TLF3,TLE1,2017,3142
TLF3,TLE2,2017,950
TLF3,TLE3,2017,2717
TLF3,TLE4,2017,1717
TLF3,TLF1,2017,5773
TLF3,TLF2,2017,3040
TLF3,TLG1,2017,560
TLF3,TLG2,2017,710
TLF3,TLG3,2017,966
TLF3,TLH1,2017,4131
TLF3,TLH2,2017,779
TLF3,TLH3,2017,525
TLF3,TLI3,2017,386
TLF3,TLI4,2017,743
TLF3,TLI5,2017,282
TLF3,TLI6,2017,179
TLF3,TLI7,2017,402
TLF3,TLJ1,2017,855
TLF3,TLJ2,2017,691
TLF3,TLJ3,2017,523
TLF3,TLJ4,2017,455
TLF3,TLK1,2017,714
TLF3,TLK2,2017,313
TLF3,TLK3,2017,288
TLF3,TLK4,2017,409
TLF3,TLL1,2017,321
TLF3,TLL2,2017,194
TLF3,TLN0,2017,105
TLG1,S92000003,2017,798
TLG1,TLC1,2017,480
TLG1,TLC2,2017,370
TLG1,TLD1,2017,213
TLG1,TLD3,2017,994
TLG1,TLD4,2017,579
TLG1,TLD6,2017,469
TLG1,TLD7,2017,750
TLG1,TLE1,2017,310
TLG1,TLE2,2017,565
TLG1,TLE3,2017,716
TLG1,TLE4,2017,936
TLG1,TLF1,2017,2196
TLG1,TLF2,2017,4463
TLG1,TLF3,2017,644
TLG1,TLG2,2017,3448
TLG1,TLG3,2017,11348
TLG1,TLH1,2017,1375
TLG1,TLH2,2017,657
TLG1,TLH3,2017,449
TLG1,TLI3,2017,941
TLG1,TLI4,2017,1470
TLG1,TLI5,2017,457
TLG1,TLI6,2017,397
TLG1,TLI7,2017,806
TLG1,TLJ1,2017,2287
TLG1,TLJ2,2017,1214
TLG1,TLJ3,2017,1163
TLG1,TLJ4,2017,481
TLG1,TLK1,2017,5503
TLG1,TLK2,2017,1204
TLG1,TLK3,2017,827
TLG1,TLK4,2017,1931
TLG1,TLL1,2017,1665
TLG1,TLL2,2017,1728
TLG1,TLN0,2017,129
TLG2,S92000003,2017,827
TLG2,TLC1,2017,475
TLG2,TLC2,2017,468
TLG2,TLD1,2017,267
TLG2,TLD3,2017,2419
TLG2,TLD4,2017,1093
TLG2,TLD6,2017,3538
TLG2,TLD7,2017,1627
TLG2,TLE1,2017,409
TLG2,TLE2,2017,745
TLG2,TLE3,2017,992
TLG2,TLE4,2017,1203
TLG2,TLF1,2017,5160
TLG2,TLF2,2017,2176
TLG2,TLF3,2017,697
TLG2,TLG1,2017,3739
TLG2,TLG3,2017,9150
TLG2,TLH1,2017,1253
TLG2,TLH2,2017,705
TLG2,TLH3,2017,381
TLG2,TLI3,2017,595
TLG2,TLI4,2017,1064
TLG2,TLI5,2017,394
TLG2,TLI6,2017,339
TLG2,TLI7,2017,666
TLG2,TLJ1,2017,1329
TLG2,TLJ2,2017,918
TLG2,TLJ3,2017,765
TLG2,TLJ4,2017,450
TLG2,TLK1,2017,1792
TLG2,TLK2,2017,693
TLG2,TLK3,2017,686
TLG2,TLK4,2017,1233
TLG2,TLL1,2017,1747
TLG2,TLL2,2017,1888
TLG2,TLN0,2017,177
TLG3,S92000003,2017,1288
TLG3,TLC1,2017,874
TLG3,TLC2,2017,900
TLG3,TLD1,2017,297
TLG3,TLD3,2017,3633
TLG3,TLD4,2017,1641
TLG3,TLD6,2017,1166
TLG3,TLD7,2017,1839
TLG3,TLE1,2017,710
TLG3,TLE2,2017,765
TLG3,TLE3,2017,1799
TLG3,TLE4,2017,3001
TLG3,TLF1,2017,5544
TLG3,TLF2,2017,6519
TLG3,TLF3,2017,1088
TLG3,TLG1,2017,19450
TLG3,TLG2,2017,14694
TLG3,TLH1,2017,2715
TLG3,TLH2,2017,2573
TLG3,TLH3,2017,1126
TLG3,TLI3,2017,2257
TLG3,TLI4,2017,4661
TLG3,TLI5,2017,2370
TLG3,TLI6,2017,1450
TLG3,TLI7,2017,3921
TLG3,TLJ1,2017,4240
TLG3,TLJ2,2017,2287
TLG3,TLJ3,2017,1870
TLG3,TLJ4,2017,1041
TLG3,TLK1,2017,4026
TLG3,TLK2,2017,1548
TLG3,TLK3,2017,944
TLG3,TLK4,2017,2429
TLG3,TLL1,2017,2053
TLG3,TLL2,2017,1581
TLG3,TLN0,2017,310
TLH1,S92000003,2017,2061
TLH1,TLC1,2017,1313
TLH1,TLC2,2017,1293
TLH1,TLD1,2017,362
TLH1,TLD3,2017,2011
TLH1,TLD4,2017,1012
TLH1,TLD6,2017,705
TLH1,TLD7,2017,928
TLH1,TLE1,2017,1023
TLH1,TLE2,2017,1646
TLH1,TLE3,2017,1871
TLH1,TLE4,2017,2679
TLH1,TLF1,2017,4216
TLH1,TLF2,2017,5488
TLH1,TLF3,2017,6184
TLH1,TLG1,2017,1309
TLH1,TLG2,2017,1412
TLH1,TLG3,2017,2896
TLH1,TLH2,2017,5023
TLH1,TLH3,2017,6567
TLH1,TLI3,2017,2987
TLH1,TLI4,2017,5626
TLH1,TLI5,2017,2192
TLH1,TLI6,2017,1363
TLH1,TLI7,2017,2461
TLH1,TLJ1,2017,3951
TLH1,TLJ2,2017,4120
TLH1,TLJ3,2017,2309
TLH1,TLJ4,2017,2285
TLH1,TLK1,2017,3366
TLH1,TLK2,2017,1485
TLH1,TLK3,2017,828
TLH1,TLK4,2017,1722
TLH1,TLL1,2017,1059
TLH1,TLL2,2017,759
TLH1,TLN0,2017,349
TLH2,S92000003,2017,1213
TLH2,TLC1,2017,754
TLH2,TLC2,2017,911
TLH2,TLD1,2017,297
TLH2,TLD3,2017,1671
TLH2,TLD4,2017,731
TLH2,TLD6,2017,574
TLH2,TLD7,2017,870
TLH2,TLE1,2017,656
TLH2,TLE2,2017,900
TLH2,TLE3,2017,1194
TLH2,TLE4,2017,1906
TLH2,TLF1,2017,3634
TLH2,TLF2,2017,6578
TLH2,TLF3,2017,1813
TLH2,TLG1,2017,1272
TLH2,TLG2,2017,1131
TLH2,TLG3,2017,3749
TLH2,TLH1,2017,9910
TLH2,TLH3,2017,5926
TLH2,TLI3,2017,2460
TLH2,TLI4,2017,4895
TLH2,TLI5,2017,3545
TLH2,TLI6,2017,1390
TLH2,TLI7,2017,6100
TLH2,TLJ1,2017,9979
TLH2,TLJ2,2017,3796
TLH2,TLJ3,2017,2904
TLH2,TLJ4,2017,2076
TLH2,TLK1,2017,2744
TLH2,TLK2,2017,2290
TLH2,TLK3,2017,860
TLH2,TLK4,2017,2044
TLH2,TLL1,2017,953
TLH2,TLL2,2017,656
TLH2,TLN0,2017,264
TLH3,S92000003,2017,876
TLH3,TLC1,2017,590
TLH3,TLC2,2017,576
TLH3,TLD1,2017,200
TLH3,TLD3,2017,859
TLH3,TLD4,2017,531
TLH3,TLD6,2017,368
TLH3,TLD7,2017,572
TLH3,TLE1,2017,505
TLH3,TLE2,2017,689
TLH3,TLE3,2017,565
TLH3,TLE4,2017,1024
TLH3,TLF1,2017,1816
TLH3,TLF2,2017,1984
TLH3,TLF3,2017,1142
TLH3,TLG1,2017,648
TLH3,TLG2,2017,692
TLH3,TLG3,2017,1542
TLH3,TLH1,2017,12043
TLH3,TLH2,2017,5022
TLH3,TLI3,2017,1558
TLH3,TLI4,2017,4759
TLH3,TLI5,2017,6609
TLH3,TLI6,2017,1119
TLH3,TLI7,2017,1849
TLH3,TLJ1,2017,2114
TLH3,TLJ2,2017,3145
TLH3,TLJ3,2017,2099
TLH3,TLJ4,2017,3396
TLH3,TLK1,2017,1845
TLH3,TLK2,2017,1309
TLH3,TLK3,2017,797
TLH3,TLK4,2017,1385
TLH3,TLL1,2017,854
TLH3,TLL2,2017,452
TLH3,TLN0,2017,215
TLI3,S92000003,2017,1496
TLI3,TLC1,2017,478
TLI3,TLC2,2017,578
TLI3,TLD1,2017,113
TLI3,TLD3,2017,1446
TLI3,TLD4,2017,367
TLI3,TLD6,2017,392
TLI3,TLD7,2017,560
TLI3,TLE1,2017,248
TLI3,TLE2,2017,625
TLI3,TLE3,2017,454
TLI3,TLE4,2017,1071
TLI3,TLF1,2017,1017
TLI3,TLF2,2017,1206
TLI3,TLF3,2017,264
TLI3,TLG1,2017,717
TLI3,TLG2,2017,460
TLI3,TLG3,2017,1646
TLI3,TLH1,2017,2740
TLI3,TLH2,2017,3302
TLI3,TLH3,2017,1616
TLI3,TLI4,2017,27405
TLI3,TLI5,2017,5004
TLI3,TLI6,2017,11931
TLI3,TLI7,2017,20097
TLI3,TLJ1,2017,5505
TLI3,TLJ2,2017,7476
TLI3,TLJ3,2017,2379
TLI3,TLJ4,2017,2269
TLI3,TLK1,2017,3507
TLI3,TLK2,2017,1477
TLI3,TLK3,2017,348
TLI3,TLK4,2017,1140
TLI3,TLL1,2017,413
TLI3,TLL2,2017,580
TLI3,TLN0,2017,263
TLI4,S92000003,2017,2691
TLI4,TLC1,2017,741
TLI4,TLC2,2017,1082
TLI4,TLD1,2017,282
TLI4,TLD3,2017,3562
TLI4,TLD4,2017,917
TLI4,TLD6,2017,672
TLI4,TLD7,2017,1328
TLI4,TLE1,2017,557
TLI4,TLE2,2017,870
TLI4,TLE3,2017,1155
TLI4,TLE4,2017,2717
TLI4,TLF1,2017,2371
TLI4,TLF2,2017,3566
TLI4,TLF3,2017,637
TLI4,TLG1,2017,1161
TLI4,TLG2,2017,988
TLI4,TLG3,2017,5056
TLI4,TLH1,2017,5256
TLI4,TLH2,2017,7259
TLI4,TLH3,2017,8946
TLI4,TLI3,2017,22687
TLI4,TLI5,2017,44522
TLI4,TLI6,2017,20543
TLI4,TLI7,2017,16236
TLI4,TLJ1,2017,5529
TLI4,TLJ2,2017,9062
TLI4,TLJ3,2017,3239
TLI4,TLJ4,2017,8685
TLI4,TLK1,2017,5117
TLI4,TLK2,2017,2325
TLI4,TLK3,2017,668
TLI4,TLK4,2017,1782
TLI4,TLL1,2017,866
TLI4,TLL2,2017,1063
TLI4,TLN0,2017,481
TLI5,S92000003,2017,1143
TLI5,TLC1,2017,540
TLI5,TLC2,2017,607
TLI5,TLD1,2017,143
TLI5,TLD3,2017,2187
TLI5,TLD4,2017,607
TLI5,TLD6,2017,352
TLI5,TLD7,2017,763
TLI5,TLE1,2017,460
TLI5,TLE2,2017,438
TLI5,TLE3,2017,858
TLI5,TLE4,2017,1507
TLI5,TLF1,2017,1973
TLI5,TLF2,2017,3036
TLI5,TLF3,2017,629
TLI5,TLG1,2017,627
TLI5,TLG2,2017,706
TLI5,TLG3,2017,4250
TLI5,TLH1,2017,4691
TLI5,TLH2,2017,8322
TLI5,TLH3,2017,20583
TLI5,TLI3,2017,3744
TLI5,TLI4,2017,24994
TLI5,TLI6,2017,5432
TLI5,TLI7,2017,8438
TLI5,TLJ1,2017,3080
TLI5,TLJ2,2017,4308
TLI5,TLJ3,2017,2128
TLI5,TLJ4,2017,12594
TLI5,TLK1,2017,1966
TLI5,TLK2,2017,1244
TLI5,TLK3,2017,493
TLI5,TLK4,2017,1088
TLI5,TLL1,2017,632
TLI5,TLL2,2017,557
TLI5,TLN0,2017,243
TLI6,S92000003,2017,926
TLI6,TLC1,2017,416
TLI6,TLC2,2017,466
TLI6,TLD1,2017,103
TLI6,TLD3,2017,1086
TLI6,TLD4,2017,413
TLI6,TLD6,2017,292
TLI6,TLD7,2017,617
TLI6,TLE1,2017,295
TLI6,TLE2,2017,495
TLI6,TLE3,2017,537
TLI6,TLE4,2017,979
TLI6,TLF1,2017,1326
TLI6,TLF2,2017,1648
TLI6,TLF3,2017,370
TLI6,TLG1,2017,555
TLI6,TLG2,2017,552
TLI6,TLG3,2017,2111
TLI6,TLH1,2017,2211
TLI6,TLH2,2017,1829
TLI6,TLH3,2017,1690
TLI6,TLI3,2017,6808
TLI6,TLI4,2017,11478
TLI6,TLI5,2017,4431
TLI6,TLI7,2017,4656
TLI6,TLJ1,2017,2722
TLI6,TLJ2,2017,18779
TLI6,TLJ3,2017,3542
TLI6,TLJ4,2017,8091
TLI6,TLK1,2017,2201
TLI6,TLK2,2017,1827
TLI6,TLK3,2017,509
TLI6,TLK4,2017,1317
TLI6,TLL1,2017,554
TLI6,TLL2,2017,511
TLI6,TLN0,2017,173
TLI7,S92000003,2017,1655
TLI7,TLC1,2017,726
TLI7,TLC2,2017,831
TLI7,TLD1,2017,165
TLI7,TLD3,2017,2625
TLI7,TLD4,2017,706
TLI7,TLD6,2017,512
TLI7,TLD7,2017,1089
TLI7,TLE1,2017,490
TLI7,TLE2,2017,778
TLI7,TLE3,2017,942
TLI7,TLE4,2017,1977
TLI7,TLF1,2017,2684
TLI7,TLF2,2017,4291
TLI7,TLF3,2017,644
TLI7,TLG1,2017,1169
TLI7,TLG2,2017,977
TLI7,TLG3,2017,6036
TLI7,TLH1,2017,3725
TLI7,TLH2,2017,16233
TLI7,TLH3,2017,3065
TLI7,TLI3,2017,14213
TLI7,TLI4,2017,14226
TLI7,TLI5,2017,8371
TLI7,TLI6,2017,6293
TLI7,TLJ1,2017,15548
TLI7,TLJ2,2017,11995
TLI7,TLJ3,2017,4611
TLI7,TLJ4,2017,3080
TLI7,TLK1,2017,4177
TLI7,TLK2,2017,2528
TLI7,TLK3,2017,579
TLI7,TLK4,2017,1759
TLI7,TLL1,2017,989
TLI7,TLL2,2017,892
TLI7,TLN0,2017,414
TLJ1,S92000003,2017,2355
TLJ1,TLC1,2017,1092
TLJ1,TLC2,2017,1181
TLJ1,TLD1,2017,378
TLJ1,TLD3,2017,2284
TLJ1,TLD4,2017,1209
TLJ1,TLD6,2017,862
TLJ1,TLD7,2017,1211
TLJ1,TLE1,2017,691
TLJ1,TLE2,2017,1372
TLJ1,TLE3,2017,1286
TLJ1,TLE4,2017,2209
TLJ1,TLF1,2017,3367
TLJ1,TLF2,2017,9011
TLJ1,TLF3,2017,1299
TLJ1,TLG1,2017,3345
TLJ1,TLG2,2017,1772
TLJ1,TLG3,2017,5122
TLJ1,TLH1,2017,4801
TLJ1,TLH2,2017,7030
TLJ1,TLH3,2017,1881
TLJ1,TLI3,2017,5185
TLJ1,TLI4,2017,6305
TLJ1,TLI5,2017,1970
TLJ1,TLI6,2017,2006
TLJ1,TLI7,2017,6335
TLJ1,TLJ2,2017,8570
TLJ1,TLJ3,2017,9938
TLJ1,TLJ4,2017,2266
TLJ1,TLK1,2017,11400
TLJ1,TLK2,2017,4791
TLJ1,TLK3,2017,1676
TLJ1,TLK4,2017,4163
TLJ1,TLL1,2017,2218
TLJ1,TLL2,2017,1680
TLJ1,TLN0,2017,411
TLJ2,S92000003,2017,2091
TLJ2,TLC1,2017,1063
TLJ2,TLC2,2017,1051
TLJ2,TLD1,2017,259
TLJ2,TLD3,2017,1932
TLJ2,TLD4,2017,873
TLJ2,TLD6,2017,725
TLJ2,TLD7,2017,1036
TLJ2,TLE1,2017,579
TLJ2,TLE2,2017,1158
TLJ2,TLE3,2017,1044
TLJ2,TLE4,2017,1880
TLJ2,TLF1,2017,2736
TLJ2,TLF2,2017,2814
TLJ2,TLF3,2017,1117
TLJ2,TLG1,2017,1575
TLJ2,TLG2,2017,1347
TLJ2,TLG3,2017,2879
TLJ2,TLH1,2017,5004
TLJ2,TLH2,2017,2891
TLJ2,TLH3,2017,2717
TLJ2,TLI3,2017,5270
TLJ2,TLI4,2017,7964
TLJ2,TLI5,2017,2826
TLJ2,TLI6,2017,8136
TLJ2,TLI7,2017,5993
TLJ2,TLJ1,2017,8963
TLJ2,TLJ3,2017,16451
TLJ2,TLJ4,2017,7827
TLJ2,TLK1,2017,6893
TLJ2,TLK2,2017,5603
TLJ2,TLK3,2017,1859
TLJ2,TLK4,2017,4140
TLJ2,TLL1,2017,1811
TLJ2,TLL2,2017,1501
TLJ2,TLN0,2017,387
TLJ3,S92000003,2017,1588
TLJ3,TLC1,2017,572
TLJ3,TLC2,2017,626
TLJ3,TLD1,2017,294
TLJ3,TLD3,2017,1202
TLJ3,TLD4,2017,587
TLJ3,TLD6,2017,465
TLJ3,TLD7,2017,680
TLJ3,TLE1,2017,484
TLJ3,TLE2,2017,710
TLJ3,TLE3,2017,618
TLJ3,TLE4,2017,942
TLJ3,TLF1,2017,1434
TLJ3,TLF2,2017,1611
TLJ3,TLF3,2017,776
TLJ3,TLG1,2017,1301
TLJ3,TLG2,2017,1032
TLJ3,TLG3,2017,1961
TLJ3,TLH1,2017,2672
TLJ3,TLH2,2017,1882
TLJ3,TLH3,2017,1623
TLJ3,TLI3,2017,2203
TLJ3,TLI4,2017,3402
TLJ3,TLI5,2017,1436
TLJ3,TLI6,2017,1980
TLJ3,TLI7,2017,2679
TLJ3,TLJ1,2017,7319
TLJ3,TLJ2,2017,12474
TLJ3,TLJ4,2017,2226
TLJ3,TLK1,2017,8117
TLJ3,TLK2,2017,7878
TLJ3,TLK3,2017,1487
TLJ3,TLK4,2017,3490
TLJ3,TLL1,2017,1596
TLJ3,TLL2,2017,1272
TLJ3,TLN0,2017,298
TLJ4,S92000003,2017,1163
TLJ4,TLC1,2017,744
TLJ4,TLC2,2017,583
TLJ4,TLD1,2017,234
TLJ4,TLD3,2017,938
TLJ4,TLD4,2017,563
TLJ4,TLD6,2017,345
TLJ4,TLD7,2017,529
TLJ4,TLE1,2017,409
TLJ4,TLE2,2017,639
TLJ4,TLE3,2017,681
TLJ4,TLE4,2017,906
TLJ4,TLF1,2017,1548
TLJ4,TLF2,2017,1759
TLJ4,TLF3,2017,856
TLJ4,TLG1,2017,722
TLJ4,TLG2,2017,714
TLJ4,TLG3,2017,1540
TLJ4,TLH1,2017,3702
TLJ4,TLH2,2017,1739
TLJ4,TLH3,2017,2963
TLJ4,TLI3,2017,1836
TLJ4,TLI4,2017,4400
TLJ4,TLI5,2017,4553
TLJ4,TLI6,2017,2941
TLJ4,TLI7,2017,2000
TLJ4,TLJ1,2017,2415
TLJ4,TLJ2,2017,8707
TLJ4,TLJ3,2017,2789
TLJ4,TLK1,2017,2301
TLJ4,TLK2,2017,1720
TLJ4,TLK3,2017,892
TLJ4,TLK4,2017,1659
TLJ4,TLL1,2017,931
TLJ4,TLL2,2017,573
TLJ4,TLN0,2017,241
TLK1,S92000003,2017,1920
TLK1,TLC1,2017,735
TLK1,TLC2,2017,796
TLK1,TLD1,2017,373
TLK1,TLD3,2017,1999
TLK1,TLD4,2017,935
TLK1,TLD6,2017,765
TLK1,TLD7,2017,1068
TLK1,TLE1,2017,526
TLK1,TLE2,2017,1111
TLK1,TLE3,2017,1006
TLK1,TLE4,2017,1518
TLK1,TLF1,2017,2185
TLK1,TLF2,2017,2348
TLK1,TLF3,2017,630
TLK1,TLG1,2017,5381
TLK1,TLG2,2017,1690
TLK1,TLG3,2017,3822
TLK1,TLH1,2017,2973
TLK1,TLH2,2017,1713
TLK1,TLH3,2017,1134
TLK1,TLI3,2017,3354
TLK1,TLI4,2017,4712
TLK1,TLI5,2017,1315
TLK1,TLI6,2017,1360
TLK1,TLI7,2017,2563
TLK1,TLJ1,2017,7346
TLK1,TLJ2,2017,4863
TLK1,TLJ3,2017,6032
TLK1,TLJ4,2017,1455
TLK1,TLK2,2017,10378
TLK1,TLK3,2017,2934
TLK1,TLK4,2017,8078
TLK1,TLL1,2017,4402
TLK1,TLL2,2017,5919
TLK1,TLN0,2017,386
TLK2,S92000003,2017,901
TLK2,TLC1,2017,356
TLK2,TLC2,2017,350
TLK2,TLD1,2017,170
TLK2,TLD3,2017,780
TLK2,TLD4,2017,413
TLK2,TLD6,2017,332
TLK2,TLD7,2017,426
TLK2,TLE1,2017,233
TLK2,TLE2,2017,480
TLK2,TLE3,2017,377
TLK2,TLE4,2017,589
TLK2,TLF1,2017,931
TLK2,TLF2,2017,1037
TLK2,TLF3,2017,405
TLK2,TLG1,2017,1038
TLK2,TLG2,2017,744
TLK2,TLG3,2017,1343
TLK2,TLH1,2017,1321
TLK2,TLH2,2017,1202
TLK2,TLH3,2017,776
TLK2,TLI3,2017,1524
TLK2,TLI4,2017,2121
TLK2,TLI5,2017,745
TLK2,TLI6,2017,962
TLK2,TLI7,2017,1398
TLK2,TLJ1,2017,2995
TLK2,TLJ2,2017,3872
TLK2,TLJ3,2017,6882
TLK2,TLJ4,2017,972
TLK2,TLK1,2017,10012
TLK2,TLK3,2017,1491
TLK2,TLK4,2017,5968
TLK2,TLL1,2017,1230
TLK2,TLL2,2017,1360
TLK2,TLN0,2017,138
TLK3,S92000003,2017,433
TLK3,TLC1,2017,176
TLK3,TLC2,2017,119
TLK3,TLD1,2017,93
TLK3,TLD3,2017,335
TLK3,TLD4,2017,197
TLK3,TLD6,2017,160
TLK3,TLD7,2017,182
TLK3,TLE1,2017,113
TLK3,TLE2,2017,208
TLK3,TLE3,2017,198
TLK3,TLE4,2017,295
TLK3,TLF1,2017,476
TLK3,TLF2,2017,386
TLK3,TLF3,2017,192
TLK3,TLG1,2017,496
TLK3,TLG2,2017,391
TLK3,TLG3,2017,600
TLK3,TLH1,2017,567
TLK3,TLH2,2017,286
TLK3,TLH3,2017,334
TLK3,TLI3,2017,348
TLK3,TLI4,2017,621
TLK3,TLI5,2017,207
TLK3,TLI6,2017,192
TLK3,TLI7,2017,332
TLK3,TLJ1,2017,769
TLK3,TLJ2,2017,968
TLK3,TLJ3,2017,975
TLK3,TLJ4,2017,340
TLK3,TLK1,2017,2524
TLK3,TLK2,2017,1229
TLK3,TLK4,2017,5322
TLK3,TLL1,2017,543
TLK3,TLL2,2017,503
TLK3,TLN0,2017,62
TLK4,S92000003,2017,824
TLK4,TLC1,2017,379
TLK4,TLC2,2017,369
TLK4,TLD1,2017,185
TLK4,TLD3,2017,771
TLK4,TLD4,2017,431
TLK4,TLD6,2017,372
TLK4,TLD7,2017,494
TLK4,TLE1,2017,234
TLK4,TLE2,2017,368
TLK4,TLE3,2017,428
TLK4,TLE4,2017,635
TLK4,TLF1,2017,960
TLK4,TLF2,2017,1085
TLK4,TLF3,2017,333
TLK4,TLG1,2017,1310
TLK4,TLG2,2017,810
TLK4,TLG3,2017,1828
TLK4,TLH1,2017,1279
TLK4,TLH2,2017,914
TLK4,TLH3,2017,777
TLK4,TLI3,2017,1238
TLK4,TLI4,2017,1883
TLK4,TLI5,2017,629
TLK4,TLI6,2017,771
TLK4,TLI7,2017,1159
TLK4,TLJ1,2017,2524
TLK4,TLJ2,2017,2775
TLK4,TLJ3,2017,2520
TLK4,TLJ4,2017,945
TLK4,TLK1,2017,7384
TLK4,TLK2,2017,5321
TLK4,TLK3,2017,4954
TLK4,TLL1,2017,1249
TLK4,TLL2,2017,1376
TLK4,TLN0,2017,152
TLL1,S92000003,2017,939
TLL1,TLC1,2017,316
TLL1,TLC2,2017,350
TLL1,TLD1,2017,178
TLL1,TLD3,2017,1990
TLL1,TLD4,2017,909
TLL1,TLD6,2017,1450
TLL1,TLD7,2017,1969
TLL1,TLE1,2017,236
TLL1,TLE2,2017,452
TLL1,TLE3,2017,436
TLL1,TLE4,2017,750
TLL1,TLF1,2017,1011
TLL1,TLF2,2017,1002
TLL1,TLF3,2017,313
TLL1,TLG1,2017,1414
TLL1,TLG2,2017,1553
TLL1,TLG3,2017,1787
TLL1,TLH1,2017,1021
TLL1,TLH2,2017,639
TLL1,TLH3,2017,537
TLL1,TLI3,2017,597
TLL1,TLI4,2017,1098
TLL1,TLI5,2017,422
TLL1,TLI6,2017,360
TLL1,TLI7,2017,763
TLL1,TLJ1,2017,1554
TLL1,TLJ2,2017,1335
TLL1,TLJ3,2017,1195
TLL1,TLJ4,2017,493
TLL1,TLK1,2017,4088
TLL1,TLK2,2017,1188
TLL1,TLK3,2017,534
TLL1,TLK4,2017,1509
TLL1,TLL2,2017,13191
TLL1,TLN0,2017,176
TLL2,S92000003,2017,655
TLL2,TLC1,2017,267
TLL2,TLC2,2017,283
TLL2,TLD1,2017,122
TLL2,TLD3,2017,1344
TLL2,TLD4,2017,580
TLL2,TLD6,2017,2065
TLL2,TLD7,2017,1408
TLL2,TLE1,2017,160
TLL2,TLE2,2017,263
TLL2,TLE3,2017,392
TLL2,TLE4,2017,597
TLL2,TLF1,2017,698
TLL2,TLF2,2017,664
TLL2,TLF3,2017,201
TLL2,TLG1,2017,1528
TLL2,TLG2,2017,2233
TLL2,TLG3,2017,1553
TLL2,TLH1,2017,705
TLL2,TLH2,2017,456
TLL2,TLH3,2017,324
TLL2,TLI3,2017,774
TLL2,TLI4,2017,1253
TLL2,TLI5,2017,376
TLL2,TLI6,2017,415
TLL2,TLI7,2017,799
TLL2,TLJ1,2017,1384
TLL2,TLJ2,2017,1066
TLL2,TLJ3,2017,1086
TLL2,TLJ4,2017,383
TLL2,TLK1,2017,4726
TLL2,TLK2,2017,1049
TLL2,TLK3,2017,514
TLL2,TLK4,2017,1493
TLL2,TLL1,2017,13339
TLL2,TLN0,2017,155
TLM5,TLM6,2017,1690
TLM5,TLM7,2017,4467
TLM5,TLM8,2017,1870
TLM5,TLM9,2017,684
TLM6,TLM5,2017,1460
TLM6,TLM7,2017,3299
TLM6,TLM8,2017,2668
TLM6,TLM9,2017,1107
TLM7,TLM5,2017,2991
TLM7,TLM6,2017,2826
TLM7,TLM8,2017,7666
TLM7,TLM9,2017,4541
TLM8,TLM5,2017,991
TLM8,TLM6,2017,2243
TLM8,TLM7,2017,6978
TLM8,TLM9,2017,8522
TLM9,TLM5,2017,565
TLM9,TLM6,2017,1013
TLM9,TLM7,2017,4326
TLM9,TLM8,2017,7133
TLN0,S92000003,2017,2353
TLN0,TLC1,2017,180
TLN0,TLC2,2017,493
TLN0,TLD1,2017,75
TLN0,TLD3,2017,593
TLN0,TLD4,2017,261
TLN0,TLD6,2017,139
TLN0,TLD7,2017,752
TLN0,TLE1,2017,57
TLN0,TLE2,2017,104
TLN0,TLE3,2017,104
TLN0,TLE4,2017,288
TLN0,TLF1,2017,216
TLN0,TLF2,2017,176
TLN0,TLF3,2017,53
TLN0,TLG1,2017,117
TLN0,TLG2,2017,174
TLN0,TLG3,2017,231
TLN0,TLH1,2017,259
TLN0,TLH2,2017,173
TLN0,TLH3,2017,113
TLN0,TLI3,2017,262
TLN0,TLI4,2017,463
TLN0,TLI5,2017,145
TLN0,TLI6,2017,120
TLN0,TLI7,2017,267
TLN0,TLJ1,2017,261
TLN0,TLJ2,2017,319
TLN0,TLJ3,2017,195
TLN0,TLJ4,2017,178
TLN0,TLK1,2017,372
TLN0,TLK2,2017,101
TLN0,TLK3,2017,52
TLN0,TLK4,2017,136
TLN0,TLL1,2017,201
TLN0,TLL2,2017,157
S92000003,TLC1,2018,993
S92000003,TLC2,2018,2310
S92000003,TLD1,2018,1150
S92000003,TLD3,2018,1731
S92000003,TLD4,2018,1073
S92000003,TLD6,2018,524
S92000003,TLD7,2018,872
S92000003,TLE1,2018,441
S92000003,TLE2,2018,981
S92000003,TLE3,2018,622
S92000003,TLE4,2018,1205
S92000003,TLF1,2018,1009
S92000003,TLF2,2018,771
S92000003,TLF3,2018,442
S92000003,TLG1,2018,602
S92000003,TLG2,2018,642
S92000003,TLG3,2018,1080
S92000003,TLH1,2018,1505
S92000003,TLH2,2018,729
S92000003,TLH3,2018,607
S92000003,TLI3,2018,1713
S92000003,TLI4,2018,2852
S92000003,TLI5,2018,710
S92000003,TLI6,2018,597
S92000003,TLI7,2018,1280
S92000003,TLJ1,2018,1647
S92000003,TLJ2,2018,1537
S92000003,TLJ3,2018,1048
S92000003,TLJ4,2018,722
S92000003,TLK1,2018,1504
S92000003,TLK2,2018,704
S92000003,TLK3,2018,310
S92000003,TLK4,2018,642
S92000003,TLL1,2018,712
S92000003,TLL2,2018,599
S92000003,TLN0,2018,1801
TLC1,S92000003,2018,1131
TLC1,TLC2,2018,9992
TLC1,TLD1,2018,686
TLC1,TLD3,2018,1518
TLC1,TLD4,2018,751
TLC1,TLD6,2018,386
TLC1,TLD7,2018,688
TLC1,TLE1,2018,692
TLC1,TLE2,2018,3666
TLC1,TLE3,2018,962
TLC1,TLE4,2018,2454
TLC1,TLF1,2018,1074
TLC1,TLF2,2018,619
TLC1,TLF3,2018,441
TLC1,TLG1,2018,385
TLC1,TLG2,2018,411
TLC1,TLG3,2018,787
TLC1,TLH1,2018,1064
TLC1,TLH2,2018,534
TLC1,TLH3,2018,401
TLC1,TLI3,2018,985
TLC1,TLI4,2018,1261
TLC1,TLI5,2018,406
TLC1,TLI6,2018,388
TLC1,TLI7,2018,721
TLC1,TLJ1,2018,907
TLC1,TLJ2,2018,924
TLC1,TLJ3,2018,512
TLC1,TLJ4,2018,390
TLC1,TLK1,2018,711
TLC1,TLK2,2018,309
TLC1,TLK3,2018,174
TLC1,TLK4,2018,309
TLC1,TLL1,2018,273
TLC1,TLL2,2018,248
TLC1,TLN0,2018,125
TLC2,S92000003,2018,2196
TLC2,TLC1,2018,9120
TLC2,TLD1,2018,1170
TLC2,TLD3,2018,2061
TLC2,TLD4,2018,913
TLC2,TLD6,2018,579
TLC2,TLD7,2018,883
TLC2,TLE1,2018,793
TLC2,TLE2,2018,2326
TLC2,TLE3,2018,1148
TLC2,TLE4,2018,3495
TLC2,TLF1,2018,1180
TLC2,TLF2,2018,808
TLC2,TLF3,2018,569
TLC2,TLG1,2018,320
TLC2,TLG2,2018,407
TLC2,TLG3,2018,871
TLC2,TLH1,2018,1131
TLC2,TLH2,2018,593
TLC2,TLH3,2018,375
TLC2,TLI3,2018,1060
TLC2,TLI4,2018,1565
TLC2,TLI5,2018,420
TLC2,TLI6,2018,373
TLC2,TLI7,2018,938
TLC2,TLJ1,2018,934
TLC2,TLJ2,2018,763
TLC2,TLJ3,2018,490
TLC2,TLJ4,2018,346
TLC2,TLK1,2018,866
TLC2,TLK2,2018,297
TLC2,TLK3,2018,110
TLC2,TLK4,2018,353
TLC2,TLL1,2018,260
TLC2,TLL2,2018,243
TLC2,TLN0,2018,367
TLD1,S92000003,2018,1114
TLD1,TLC1,2018,660
TLD1,TLC2,2018,1310
TLD1,TLD3,2018,1015
TLD1,TLD4,2018,2156
TLD1,TLD6,2018,343
TLD1,TLD7,2018,598
TLD1,TLE1,2018,167
TLD1,TLE2,2018,578
TLD1,TLE3,2018,211
TLD1,TLE4,2018,693
TLD1,TLF1,2018,344
TLD1,TLF2,2018,247
TLD1,TLF3,2018,124
TLD1,TLG1,2018,171
TLD1,TLG2,2018,252
TLD1,TLG3,2018,227
TLD1,TLH1,2018,328
TLD1,TLH2,2018,124
TLD1,TLH3,2018,102
TLD1,TLI3,2018,144
TLD1,TLI4,2018,251
TLD1,TLI5,2018,80
TLD1,TLI6,2018,51
TLD1,TLI7,2018,142
TLD1,TLJ1,2018,242
TLD1,TLJ2,2018,196
TLD1,TLJ3,2018,162
TLD1,TLJ4,2018,92
TLD1,TLK1,2018,298
TLD1,TLK2,2018,169
TLD1,TLK3,2018,101
TLD1,TLK4,2018,158
TLD1,TLL1,2018,197
TLD1,TLL2,2018,110
TLD1,TLN0,2018,67
TLD3,S92000003,2018,2096
TLD3,TLC1,2018,1242
TLD3,TLC2,2018,1913
TLD3,TLD1,2018,1220
TLD3,TLD4,2018,13564
TLD3,TLD6,2018,9684
TLD3,TLD7,2018,7079
TLD3,TLE1,2018,1132
TLD3,TLE2,2018,1677
TLD3,TLE3,2018,3003
TLD3,TLE4,2018,7567
TLD3,TLF1,2018,4425
TLD3,TLF2,2018,1598
TLD3,TLF3,2018,756
TLD3,TLG1,2018,968
TLD3,TLG2,2018,2090
TLD3,TLG3,2018,3414
TLD3,TLH1,2018,1747
TLD3,TLH2,2018,1241
TLD3,TLH3,2018,639
TLD3,TLI3,2018,1864
TLD3,TLI4,2018,3618
TLD3,TLI5,2018,1355
TLD3,TLI6,2018,824
TLD3,TLI7,2018,2198
TLD3,TLJ1,2018,1905
TLD3,TLJ2,2018,1618
TLD3,TLJ3,2018,927
TLD3,TLJ4,2018,655
TLD3,TLK1,2018,2013
TLD3,TLK2,2018,739
TLD3,TLK3,2018,557
TLD3,TLK4,2018,1020
TLD3,TLL1,2018,2200
TLD3,TLL2,2018,1126
TLD3,TLN0,2018,533
TLD4,S92000003,2018,1456
TLD4,TLC1,2018,816
TLD4,TLC2,2018,1235
TLD4,TLD1,2018,2026
TLD4,TLD3,2018,10704
TLD4,TLD6,2018,1790
TLD4,TLD7,2018,5076
TLD4,TLE1,2018,531
TLD4,TLE2,2018,1493
TLD4,TLE3,2018,1070
TLD4,TLE4,2018,3887
TLD4,TLF1,2018,1257
TLD4,TLF2,2018,983
TLD4,TLF3,2018,405
TLD4,TLG1,2018,506
TLD4,TLG2,2018,1103
TLD4,TLG3,2018,1521
TLD4,TLH1,2018,859
TLD4,TLH2,2018,416
TLD4,TLH3,2018,380
TLD4,TLI3,2018,606
TLD4,TLI4,2018,1092
TLD4,TLI5,2018,372
TLD4,TLI6,2018,290
TLD4,TLI7,2018,667
TLD4,TLJ1,2018,928
TLD4,TLJ2,2018,755
TLD4,TLJ3,2018,535
TLD4,TLJ4,2018,327
TLD4,TLK1,2018,876
TLD4,TLK2,2018,442
TLD4,TLK3,2018,245
TLD4,TLK4,2018,532
TLD4,TLL1,2018,838
TLD4,TLL2,2018,518
TLD4,TLN0,2018,243
TLD6,S92000003,2018,658
TLD6,TLC1,2018,396
TLD6,TLC2,2018,579
TLD6,TLD1,2018,404
TLD6,TLD3,2018,6275
TLD6,TLD4,2018,1757
TLD6,TLD7,2018,5906
TLD6,TLE1,2018,263
TLD6,TLE2,2018,713
TLD6,TLE3,2018,1066
TLD6,TLE4,2018,1632
TLD6,TLF1,2018,1380
TLD6,TLF2,2018,664
TLD6,TLF3,2018,271
TLD6,TLG1,2018,497
TLD6,TLG2,2018,2865
TLD6,TLG3,2018,1105
TLD6,TLH1,2018,629
TLD6,TLH2,2018,323
TLD6,TLH3,2018,206
TLD6,TLI3,2018,480
TLD6,TLI4,2018,750
TLD6,TLI5,2018,220
TLD6,TLI6,2018,168
TLD6,TLI7,2018,367
TLD6,TLJ1,2018,703
TLD6,TLJ2,2018,614
TLD6,TLJ3,2018,390
TLD6,TLJ4,2018,200
TLD6,TLK1,2018,955
TLD6,TLK2,2018,305
TLD6,TLK3,2018,260
TLD6,TLK4,2018,419
TLD6,TLL1,2018,1255
TLD6,TLL2,2018,2037
TLD6,TLN0,2018,127
TLD7,S92000003,2018,964
TLD7,TLC1,2018,585
TLD7,TLC2,2018,816
TLD7,TLD1,2018,617
TLD7,TLD3,2018,6620
TLD7,TLD4,2018,5404
TLD7,TLD6,2018,5771
TLD7,TLE1,2018,482
TLD7,TLE2,2018,795
TLD7,TLE3,2018,1086
TLD7,TLE4,2018,2282
TLD7,TLF1,2018,1350
TLD7,TLF2,2018,791
TLD7,TLF3,2018,280
TLD7,TLG1,2018,544
TLD7,TLG2,2018,1293
TLD7,TLG3,2018,1647
TLD7,TLH1,2018,785
TLD7,TLH2,2018,582
TLD7,TLH3,2018,339
TLD7,TLI3,2018,803
TLD7,TLI4,2018,1423
TLD7,TLI5,2018,472
TLD7,TLI6,2018,367
TLD7,TLI7,2018,747
TLD7,TLJ1,2018,923
TLD7,TLJ2,2018,792
TLD7,TLJ3,2018,464
TLD7,TLJ4,2018,332
TLD7,TLK1,2018,993
TLD7,TLK2,2018,419
TLD7,TLK3,2018,233
TLD7,TLK4,2018,429
TLD7,TLL1,2018,1609
TLD7,TLL2,2018,1239
TLD7,TLN0,2018,707
TLE1,S92000003,2018,613
TLE1,TLC1,2018,774
TLE1,TLC2,2018,1050
TLE1,TLD1,2018,185
TLE1,TLD3,2018,1361
TLE1,TLD4,2018,572
TLE1,TLD6,2018,354
TLE1,TLD7,2018,503
TLE1,TLE2,2018,3327
TLE1,TLE3,2018,2704
TLE1,TLE4,2018,3682
TLE1,TLF1,2018,1673
TLE1,TLF2,2018,724
TLE1,TLF3,2018,3041
TLE1,TLG1,2018,293
TLE1,TLG2,2018,411
TLE1,TLG3,2018,802
TLE1,TLH1,2018,824
TLE1,TLH2,2018,350
TLE1,TLH3,2018,298
TLE1,TLI3,2018,325
TLE1,TLI4,2018,640
TLE1,TLI5,2018,320
TLE1,TLI6,2018,229
TLE1,TLI7,2018,453
TLE1,TLJ1,2018,546
TLE1,TLJ2,2018,452
TLE1,TLJ3,2018,277
TLE1,TLJ4,2018,247
TLE1,TLK1,2018,478
TLE1,TLK2,2018,212
TLE1,TLK3,2018,177
TLE1,TLK4,2018,257
TLE1,TLL1,2018,271
TLE1,TLL2,2018,182
TLE1,TLN0,2018,59
TLE2,S92000003,2018,1431
TLE2,TLC1,2018,3914
TLE2,TLC2,2018,2758
TLE2,TLD1,2018,627
TLE2,TLD3,2018,1750
TLE2,TLD4,2018,1480
TLE2,TLD6,2018,518
TLE2,TLD7,2018,806
TLE2,TLE1,2018,3639
TLE2,TLE3,2018,2131
TLE2,TLE4,2018,7177
TLE2,TLF1,2018,1618
TLE2,TLF2,2018,759
TLE2,TLF3,2018,711
TLE2,TLG1,2018,467
TLE2,TLG2,2018,559
TLE2,TLG3,2018,750
TLE2,TLH1,2018,1330
TLE2,TLH2,2018,550
TLE2,TLH3,2018,399
TLE2,TLI3,2018,811
TLE2,TLI4,2018,1191
TLE2,TLI5,2018,308
TLE2,TLI6,2018,293
TLE2,TLI7,2018,581
TLE2,TLJ1,2018,1134
TLE2,TLJ2,2018,849
TLE2,TLJ3,2018,523
TLE2,TLJ4,2018,396
TLE2,TLK1,2018,1171
TLE2,TLK2,2018,360
TLE2,TLK3,2018,194
TLE2,TLK4,2018,403
TLE2,TLL1,2018,312
TLE2,TLL2,2018,299
TLE2,TLN0,2018,135
TLE3,S92000003,2018,831
TLE3,TLC1,2018,970
TLE3,TLC2,2018,1243
TLE3,TLD1,2018,301
TLE3,TLD3,2018,3429
TLE3,TLD4,2018,1000
TLE3,TLD6,2018,940
TLE3,TLD7,2018,1194
TLE3,TLE1,2018,2572
TLE3,TLE2,2018,2078
TLE3,TLE4,2018,6999
TLE3,TLF1,2018,8570
TLE3,TLF2,2018,1722
TLE3,TLF3,2018,2503
TLE3,TLG1,2018,727
TLE3,TLG2,2018,889
TLE3,TLG3,2018,1847
TLE3,TLH1,2018,1639
TLE3,TLH2,2018,806
TLE3,TLH3,2018,406
TLE3,TLI3,2018,704
TLE3,TLI4,2018,1456
TLE3,TLI5,2018,567
TLE3,TLI6,2018,360
TLE3,TLI7,2018,789
TLE3,TLJ1,2018,1181
TLE3,TLJ2,2018,750
TLE3,TLJ3,2018,505
TLE3,TLJ4,2018,390
TLE3,TLK1,2018,1008
TLE3,TLK2,2018,307
TLE3,TLK3,2018,292
TLE3,TLK4,2018,451
TLE3,TLL1,2018,411
TLE3,TLL2,2018,385
TLE3,TLN0,2018,106
TLE4,S92000003,2018,1784
TLE4,TLC1,2018,2510
TLE4,TLC2,2018,3781
TLE4,TLD1,2018,845
TLE4,TLD3,2018,7912
TLE4,TLD4,2018,3940
TLE4,TLD6,2018,1657
TLE4,TLD7,2018,2720
TLE4,TLE1,2018,3898
TLE4,TLE2,2018,9615
TLE4,TLE3,2018,7578
TLE4,TLF1,2018,3957
TLE4,TLF2,2018,2197
TLE4,TLF3,2018,1461
TLE4,TLG1,2018,934
TLE4,TLG2,2018,1326
TLE4,TLG3,2018,3126
TLE4,TLH1,2018,2331
TLE4,TLH2,2018,1554
TLE4,TLH3,2018,785
TLE4,TLI3,2018,1690
TLE4,TLI4,2018,3095
TLE4,TLI5,2018,1140
TLE4,TLI6,2018,871
TLE4,TLI7,2018,2109
TLE4,TLJ1,2018,2024
TLE4,TLJ2,2018,1673
TLE4,TLJ3,2018,904
TLE4,TLJ4,2018,768
TLE4,TLK1,2018,1649
TLE4,TLK2,2018,598
TLE4,TLK3,2018,389
TLE4,TLK4,2018,740
TLE4,TLL1,2018,849
TLE4,TLL2,2018,569
TLE4,TLN0,2018,301
TLF1,S92000003,2018,1350
TLF1,TLC1,2018,992
TLF1,TLC2,2018,1534
TLF1,TLD1,2018,351
TLF1,TLD3,2018,4148
TLF1,TLD4,2018,1174
TLF1,TLD6,2018,1424
TLF1,TLD7,2018,1500
TLF1,TLE1,2018,1537
TLF1,TLE2,2018,1700
TLF1,TLE3,2018,7674
TLF1,TLE4,2018,4061
TLF1,TLF2,2018,7626
TLF1,TLF3,2018,5482
TLF1,TLG1,2018,1678
TLF1,TLG2,2018,4718
TLF1,TLG3,2018,5000
TLF1,TLH1,2018,3318
TLF1,TLH2,2018,2307
TLF1,TLH3,2018,1194
TLF1,TLI3,2018,1601
TLF1,TLI4,2018,2733
TLF1,TLI5,2018,1216
TLF1,TLI6,2018,955
TLF1,TLI7,2018,2146
TLF1,TLJ1,2018,2546
TLF1,TLJ2,2018,1965
TLF1,TLJ3,2018,1193
TLF1,TLJ4,2018,949
TLF1,TLK1,2018,2184
TLF1,TLK2,2018,854
TLF1,TLK3,2018,652
TLF1,TLK4,2018,1100
TLF1,TLL1,2018,940
TLF1,TLL2,2018,660
TLF1,TLN0,2018,214
TLF2,S92000003,2018,1246
TLF2,TLC1,2018,814
TLF2,TLC2,2018,937
TLF2,TLD1,2018,306
TLF2,TLD3,2018,2014
TLF2,TLD4,2018,976
TLF2,TLD6,2018,708
TLF2,TLD7,2018,1051
TLF2,TLE1,2018,785
TLF2,TLE2,2018,1112
TLF2,TLE3,2018,2103
TLF2,TLE4,2018,2126
TLF2,TLF1,2018,8437
TLF2,TLF3,2018,3514
TLF2,TLG1,2018,3878
TLF2,TLG2,2018,2068
TLF2,TLG3,2018,6187
TLF2,TLH1,2018,5097
TLF2,TLH2,2018,3313
TLF2,TLH3,2018,1331
TLF2,TLI3,2018,1476
TLF2,TLI4,2018,3315
TLF2,TLI5,2018,1732
TLF2,TLI6,2018,1102
TLF2,TLI7,2018,2386
TLF2,TLJ1,2018,5418
TLF2,TLJ2,2018,2213
TLF2,TLJ3,2018,1625
TLF2,TLJ4,2018,1071
TLF2,TLK1,2018,2549
TLF2,TLK2,2018,1293
TLF2,TLK3,2018,753
TLF2,TLK4,2018,1532
TLF2,TLL1,2018,1127
TLF2,TLL2,2018,737
TLF2,TLN0,2018,229
TLF3,S92000003,2018,547
TLF3,TLC1,2018,479
TLF3,TLC2,2018,741
TLF3,TLD1,2018,187
TLF3,TLD3,2018,724
TLF3,TLD4,2018,506
TLF3,TLD6,2018,267
TLF3,TLD7,2018,391
TLF3,TLE1,2018,2964
TLF3,TLE2,2018,880
TLF3,TLE3,2018,2662
TLF3,TLE4,2018,1587
TLF3,TLF1,2018,5459
TLF3,TLF2,2018,2891
TLF3,TLG1,2018,528
TLF3,TLG2,2018,571
TLF3,TLG3,2018,944
TLF3,TLH1,2018,4349
TLF3,TLH2,2018,751
TLF3,TLH3,2018,503
TLF3,TLI3,2018,377
TLF3,TLI4,2018,702
TLF3,TLI5,2018,317
TLF3,TLI6,2018,216
TLF3,TLI7,2018,418
TLF3,TLJ1,2018,882
TLF3,TLJ2,2018,701
TLF3,TLJ3,2018,547
TLF3,TLJ4,2018,390
TLF3,TLK1,2018,717
TLF3,TLK2,2018,335
TLF3,TLK3,2018,255
TLF3,TLK4,2018,382
TLF3,TLL1,2018,299
TLF3,TLL2,2018,191
TLF3,TLN0,2018,81
TLG1,S92000003,2018,770
TLG1,TLC1,2018,491
TLG1,TLC2,2018,444
TLG1,TLD1,2018,166
TLG1,TLD3,2018,1033
TLG1,TLD4,2018,534
TLG1,TLD6,2018,504
TLG1,TLD7,2018,759
TLG1,TLE1,2018,250
TLG1,TLE2,2018,548
TLG1,TLE3,2018,767
TLG1,TLE4,2018,1032
TLG1,TLF1,2018,2007
TLG1,TLF2,2018,4432
TLG1,TLF3,2018,632
TLG1,TLG2,2018,3541
TLG1,TLG3,2018,11057
TLG1,TLH1,2018,1219
TLG1,TLH2,2018,697
TLG1,TLH3,2018,430
TLG1,TLI3,2018,1012
TLG1,TLI4,2018,1418
TLG1,TLI5,2018,419
TLG1,TLI6,2018,369
TLG1,TLI7,2018,820
TLG1,TLJ1,2018,2302
TLG1,TLJ2,2018,1269
TLG1,TLJ3,2018,1160
TLG1,TLJ4,2018,471
TLG1,TLK1,2018,5514
TLG1,TLK2,2018,1250
TLG1,TLK3,2018,810
TLG1,TLK4,2018,1745
TLG1,TLL1,2018,1700
TLG1,TLL2,2018,1707
TLG1,TLN0,2018,99
TLG2,S92000003,2018,804
TLG2,TLC1,2018,483
TLG2,TLC2,2018,489
TLG2,TLD1,2018,257
TLG2,TLD3,2018,2336
TLG2,TLD4,2018,1088
TLG2,TLD6,2018,3587
TLG2,TLD7,2018,1603
TLG2,TLE1,2018,390
TLG2,TLE2,2018,671
TLG2,TLE3,2018,932
TLG2,TLE4,2018,1308
TLG2,TLF1,2018,5119
TLG2,TLF2,2018,2090
TLG2,TLF3,2018,672
TLG2,TLG1,2018,3485
TLG2,TLG3,2018,8207
TLG2,TLH1,2018,1314
TLG2,TLH2,2018,577
TLG2,TLH3,2018,478
TLG2,TLI3,2018,496
TLG2,TLI4,2018,1048
TLG2,TLI5,2018,384
TLG2,TLI6,2018,253
TLG2,TLI7,2018,665
TLG2,TLJ1,2018,1287
TLG2,TLJ2,2018,996
TLG2,TLJ3,2018,774
TLG2,TLJ4,2018,443
TLG2,TLK1,2018,1807
TLG2,TLK2,2018,731
TLG2,TLK3,2018,596
TLG2,TLK4,2018,1097
TLG2,TLL1,2018,1607
TLG2,TLL2,2018,2016
TLG2,TLN0,2018,166
TLG3,S92000003,2018,1330
TLG3,TLC1,2018,781
TLG3,TLC2,2018,935
TLG3,TLD1,2018,323
TLG3,TLD3,2018,3848
TLG3,TLD4,2018,1529
TLG3,TLD6,2018,1178
TLG3,TLD7,2018,1922
TLG3,TLE1,2018,717
TLG3,TLE2,2018,839
TLG3,TLE3,2018,1771
TLG3,TLE4,2018,3059
TLG3,TLF1,2018,5718
TLG3,TLF2,2018,6497
TLG3,TLF3,2018,1022
TLG3,TLG1,2018,21074
TLG3,TLG2,2018,14969
TLG3,TLH1,2018,2659
TLG3,TLH2,2018,2526
TLG3,TLH3,2018,1209
TLG3,TLI3,2018,2148
TLG3,TLI4,2018,4701
TLG3,TLI5,2018,2466
TLG3,TLI6,2018,1477
TLG3,TLI7,2018,3921
TLG3,TLJ1,2018,4304
TLG3,TLJ2,2018,2442
TLG3,TLJ3,2018,1827
TLG3,TLJ4,2018,1068
TLG3,TLK1,2018,4073
TLG3,TLK2,2018,1627
TLG3,TLK3,2018,928
TLG3,TLK4,2018,2341
TLG3,TLL1,2018,2037
TLG3,TLL2,2018,1642
TLG3,TLN0,2018,311
TLH1,S92000003,2018,1911
TLH1,TLC1,2018,1347
TLH1,TLC2,2018,1366
TLH1,TLD1,2018,336
TLH1,TLD3,2018,1974
TLH1,TLD4,2018,1017
TLH1,TLD6,2018,685
TLH1,TLD7,2018,1014
TLH1,TLE1,2018,1047
TLH1,TLE2,2018,1696
TLH1,TLE3,2018,1976
TLH1,TLE4,2018,2589
TLH1,TLF1,2018,4201
TLH1,TLF2,2018,5305
TLH1,TLF3,2018,6436
TLH1,TLG1,2018,1292
TLH1,TLG2,2018,1358
TLH1,TLG3,2018,2710
TLH1,TLH2,2018,4870
TLH1,TLH3,2018,6674
TLH1,TLI3,2018,3030
TLH1,TLI4,2018,5925
TLH1,TLI5,2018,2289
TLH1,TLI6,2018,1296
TLH1,TLI7,2018,2518
TLH1,TLJ1,2018,4138
TLH1,TLJ2,2018,3807
TLH1,TLJ3,2018,2335
TLH1,TLJ4,2018,2118
TLH1,TLK1,2018,3205
TLH1,TLK2,2018,1417
TLH1,TLK3,2018,769
TLH1,TLK4,2018,1595
TLH1,TLL1,2018,1053
TLH1,TLL2,2018,798
TLH1,TLN0,2018,316
TLH2,S92000003,2018,1263
TLH2,TLC1,2018,770
TLH2,TLC2,2018,782
TLH2,TLD1,2018,261
TLH2,TLD3,2018,1556
TLH2,TLD4,2018,687
TLH2,TLD6,2018,618
TLH2,TLD7,2018,964
TLH2,TLE1,2018,557
TLH2,TLE2,2018,830
TLH2,TLE3,2018,1192
TLH2,TLE4,2018,1937
TLH2,TLF1,2018,3434
TLH2,TLF2,2018,5988
TLH2,TLF3,2018,1762
TLH2,TLG1,2018,1093
TLH2,TLG2,2018,1091
TLH2,TLG3,2018,3389
TLH2,TLH1,2018,9245
TLH2,TLH3,2018,5907
TLH2,TLI3,2018,2428
TLH2,TLI4,2018,5061
TLH2,TLI5,2018,3443
TLH2,TLI6,2018,1242
TLH2,TLI7,2018,6007
TLH2,TLJ1,2018,9558
TLH2,TLJ2,2018,3747
TLH2,TLJ3,2018,2774
TLH2,TLJ4,2018,1922
TLH2,TLK1,2018,2803
TLH2,TLK2,2018,2257
TLH2,TLK3,2018,829
TLH2,TLK4,2018,1935
TLH2,TLL1,2018,944
TLH2,TLL2,2018,655
TLH2,TLN0,2018,223
TLH3,S92000003,2018,940
TLH3,TLC1,2018,636
TLH3,TLC2,2018,560
TLH3,TLD1,2018,212
TLH3,TLD3,2018,911
TLH3,TLD4,2018,539
TLH3,TLD6,2018,291
TLH3,TLD7,2018,589
TLH3,TLE1,2018,504
TLH3,TLE2,2018,609
TLH3,TLE3,2018,780
TLH3,TLE4,2018,1048
TLH3,TLF1,2018,1923
TLH3,TLF2,2018,1921
TLH3,TLF3,2018,1297
TLH3,TLG1,2018,686
TLH3,TLG2,2018,695
TLH3,TLG3,2018,1674
TLH3,TLH1,2018,11910
TLH3,TLH2,2018,4774
TLH3,TLI3,2018,1462
TLH3,TLI4,2018,4670
TLH3,TLI5,2018,6283
TLH3,TLI6,2018,1109
TLH3,TLI7,2018,2044
TLH3,TLJ1,2018,2224
TLH3,TLJ2,2018,3191
TLH3,TLJ3,2018,1977
TLH3,TLJ4,2018,3488
TLH3,TLK1,2018,1746
TLH3,TLK2,2018,1241
TLH3,TLK3,2018,796
TLH3,TLK4,2018,1312
TLH3,TLL1,2018,783
TLH3,TLL2,2018,501
TLH3,TLN0,2018,206
TLI3,S92000003,2018,1485
TLI3,TLC1,2018,531
TLI3,TLC2,2018,609
TLI3,TLD1,2018,130
TLI3,TLD3,2018,1452
TLI3,TLD4,2018,345
TLI3,TLD6,2018,382
TLI3,TLD7,2018,526
TLI3,TLE1,2018,225
TLI3,TLE2,2018,560
TLI3,TLE3,2018,527
TLI3,TLE4,2018,1081
TLI3,TLF1,2018,969
TLI3,TLF2,2018,1260
TLI3,TLF3,2018,275
TLI3,TLG1,2018,673
TLI3,TLG2,2018,421
TLI3,TLG3,2018,1633
TLI3,TLH1,2018,2725
TLI3,TLH2,2018,3189
TLI3,TLH3,2018,1555
TLI3,TLI4,2018,27727
TLI3,TLI5,2018,4960
TLI3,TLI6,2018,11698
TLI3,TLI7,2018,19771
TLI3,TLJ1,2018,5473
TLI3,TLJ2,2018,7277
TLI3,TLJ3,2018,2108
TLI3,TLJ4,2018,2309
TLI3,TLK1,2018,3590
TLI3,TLK2,2018,1411
TLI3,TLK3,2018,351
TLI3,TLK4,2018,1129
TLI3,TLL1,2018,450
TLI3,TLL2,2018,548
TLI3,TLN0,2018,272
TLI4,S92000003,2018,2557
TLI4,TLC1,2018,742
TLI4,TLC2,2018,1206
TLI4,TLD1,2018,190
TLI4,TLD3,2018,3694
TLI4,TLD4,2018,834
TLI4,TLD6,2018,693
TLI4,TLD7,2018,1305
TLI4,TLE1,2018,518
TLI4,TLE2,2018,903
TLI4,TLE3,2018,1375
TLI4,TLE4,2018,2641
TLI4,TLF1,2018,2341
TLI4,TLF2,2018,3385
TLI4,TLF3,2018,618
TLI4,TLG1,2018,1079
TLI4,TLG2,2018,919
TLI4,TLG3,2018,4872
TLI4,TLH1,2018,5297
TLI4,TLH2,2018,7237
TLI4,TLH3,2018,8641
TLI4,TLI3,2018,23516
TLI4,TLI5,2018,43305
TLI4,TLI6,2018,20198
TLI4,TLI7,2018,16314
TLI4,TLJ1,2018,5943
TLI4,TLJ2,2018,9377
TLI4,TLJ3,2018,3045
TLI4,TLJ4,2018,8811
TLI4,TLK1,2018,5092
TLI4,TLK2,2018,2141
TLI4,TLK3,2018,685
TLI4,TLK4,2018,1749
TLI4,TLL1,2018,862
TLI4,TLL2,2018,1012
TLI4,TLN0,2018,433
TLI5,S92000003,2018,1188
TLI5,TLC1,2018,492
TLI5,TLC2,2018,545
TLI5,TLD1,2018,124
TLI5,TLD3,2018,2007
TLI5,TLD4,2018,746
TLI5,TLD6,2018,317
TLI5,TLD7,2018,778
TLI5,TLE1,2018,446
TLI5,TLE2,2018,493
TLI5,TLE3,2018,869
TLI5,TLE4,2018,1547
TLI5,TLF1,2018,1955
TLI5,TLF2,2018,2915
TLI5,TLF3,2018,645
TLI5,TLG1,2018,669
TLI5,TLG2,2018,785
TLI5,TLG3,2018,4357
TLI5,TLH1,2018,4802
TLI5,TLH2,2018,8172
TLI5,TLH3,2018,20861
TLI5,TLI3,2018,3837
TLI5,TLI4,2018,25190
TLI5,TLI6,2018,5141
TLI5,TLI7,2018,8327
TLI5,TLJ1,2018,2965
TLI5,TLJ2,2018,4409
TLI5,TLJ3,2018,1997
TLI5,TLJ4,2018,12441
TLI5,TLK1,2018,1802
TLI5,TLK2,2018,1227
TLI5,TLK3,2018,420
TLI5,TLK4,2018,1070
TLI5,TLL1,2018,612
TLI5,TLL2,2018,601
TLI5,TLN0,2018,276
TLI6,S92000003,2018,948
TLI6,TLC1,2018,403
TLI6,TLC2,2018,510
TLI6,TLD1,2018,126
TLI6,TLD3,2018,1182
TLI6,TLD4,2018,405
TLI6,TLD6,2018,310
TLI6,TLD7,2018,631
TLI6,TLE1,2018,240
TLI6,TLE2,2018,431
TLI6,TLE3,2018,551
TLI6,TLE4,2018,1090
TLI6,TLF1,2018,1334
TLI6,TLF2,2018,1619
TLI6,TLF3,2018,355
TLI6,TLG1,2018,569
TLI6,TLG2,2018,530
TLI6,TLG3,2018,2251
TLI6,TLH1,2018,2130
TLI6,TLH2,2018,1842
TLI6,TLH3,2018,1562
TLI6,TLI3,2018,6538
TLI6,TLI4,2018,11486
TLI6,TLI5,2018,4624
TLI6,TLI7,2018,4860
TLI6,TLJ1,2018,2915
TLI6,TLJ2,2018,18394
TLI6,TLJ3,2018,3297
TLI6,TLJ4,2018,7662
TLI6,TLK1,2018,2278
TLI6,TLK2,2018,1819
TLI6,TLK3,2018,466
TLI6,TLK4,2018,1242
TLI6,TLL1,2018,498
TLI6,TLL2,2018,530
TLI6,TLN0,2018,179
TLI7,S92000003,2018,1683
TLI7,TLC1,2018,747
TLI7,TLC2,2018,891
TLI7,TLD1,2018,159
TLI7,TLD3,2018,2583
TLI7,TLD4,2018,625
TLI7,TLD6,2018,528
TLI7,TLD7,2018,1044
TLI7,TLE1,2018,453
TLI7,TLE2,2018,680
TLI7,TLE3,2018,1000
TLI7,TLE4,2018,1999
TLI7,TLF1,2018,2699
TLI7,TLF2,2018,4011
TLI7,TLF3,2018,525
TLI7,TLG1,2018,1109
TLI7,TLG2,2018,950
TLI7,TLG3,2018,5709
TLI7,TLH1,2018,3493
TLI7,TLH2,2018,15193
TLI7,TLH3,2018,2809
TLI7,TLI3,2018,14251
TLI7,TLI4,2018,14235
TLI7,TLI5,2018,8104
TLI7,TLI6,2018,6276
TLI7,TLJ1,2018,15088
TLI7,TLJ2,2018,12084
TLI7,TLJ3,2018,4337
TLI7,TLJ4,2018,3028
TLI7,TLK1,2018,4146
TLI7,TLK2,2018,2639
TLI7,TLK3,2018,567
TLI7,TLK4,2018,1777
TLI7,TLL1,2018,881
TLI7,TLL2,2018,975
TLI7,TLN0,2018,391
TLJ1,S92000003,2018,2366
TLJ1,TLC1,2018,1249
TLJ1,TLC2,2018,1138
TLJ1,TLD1,2018,386
TLJ1,TLD3,2018,2213
TLJ1,TLD4,2018,1049
TLJ1,TLD6,2018,897
TLJ1,TLD7,2018,1175
TLJ1,TLE1,2018,643
TLJ1,TLE2,2018,1231
TLJ1,TLE3,2018,1289
TLJ1,TLE4,2018,2316
TLJ1,TLF1,2018,3299
TLJ1,TLF2,2018,8095
TLJ1,TLF3,2018,1248
TLJ1,TLG1,2018,3113
TLJ1,TLG2,2018,1800
TLJ1,TLG3,2018,5218
TLJ1,TLH1,2018,4856
TLJ1,TLH2,2018,6492
TLJ1,TLH3,2018,1914
TLJ1,TLI3,2018,5251
TLJ1,TLI4,2018,6382
TLJ1,TLI5,2018,1993
TLJ1,TLI6,2018,1864
TLJ1,TLI7,2018,6382
TLJ1,TLJ2,2018,8284
TLJ1,TLJ3,2018,8893
TLJ1,TLJ4,2018,2236
TLJ1,TLK1,2018,10983
TLJ1,TLK2,2018,4733
TLJ1,TLK3,2018,1652
TLJ1,TLK4,2018,4234
TLJ1,TLL1,2018,2169
TLJ1,TLL2,2018,1778
TLJ1,TLN0,2018,385
TLJ2,S92000003,2018,2345
TLJ2,TLC1,2018,1160
TLJ2,TLC2,2018,1054
TLJ2,TLD1,2018,395
TLJ2,TLD3,2018,1995
TLJ2,TLD4,2018,883
TLJ2,TLD6,2018,734
TLJ2,TLD7,2018,1045
TLJ2,TLE1,2018,531
TLJ2,TLE2,2018,1071
TLJ2,TLE3,2018,1069
TLJ2,TLE4,2018,1882
TLJ2,TLF1,2018,2691
TLJ2,TLF2,2018,2513
TLJ2,TLF3,2018,990
TLJ2,TLG1,2018,1514
TLJ2,TLG2,2018,1256
TLJ2,TLG3,2018,2974
TLJ2,TLH1,2018,4775
TLJ2,TLH2,2018,2763
TLJ2,TLH3,2018,2680
TLJ2,TLI3,2018,5483
TLJ2,TLI4,2018,7953
TLJ2,TLI5,2018,2786
TLJ2,TLI6,2018,8099
TLJ2,TLI7,2018,5956
TLJ2,TLJ1,2018,8808
TLJ2,TLJ3,2018,15891
TLJ2,TLJ4,2018,7568
TLJ2,TLK1,2018,6952
TLJ2,TLK2,2018,5745
TLJ2,TLK3,2018,1718
TLJ2,TLK4,2018,4263
TLJ2,TLL1,2018,1859
TLJ2,TLL2,2018,1431
TLJ2,TLN0,2018,432
TLJ3,S92000003,2018,1543
TLJ3,TLC1,2018,678
TLJ3,TLC2,2018,681
TLJ3,TLD1,2018,243
TLJ3,TLD3,2018,1177
TLJ3,TLD4,2018,608
TLJ3,TLD6,2018,478
TLJ3,TLD7,2018,625
TLJ3,TLE1,2018,391
TLJ3,TLE2,2018,664
TLJ3,TLE3,2018,642
TLJ3,TLE4,2018,889
TLJ3,TLF1,2018,1535
TLJ3,TLF2,2018,1614
TLJ3,TLF3,2018,693
TLJ3,TLG1,2018,1218
TLJ3,TLG2,2018,1083
TLJ3,TLG3,2018,1939
TLJ3,TLH1,2018,2509
TLJ3,TLH2,2018,2015
TLJ3,TLH3,2018,1523
TLJ3,TLI3,2018,2281
TLJ3,TLI4,2018,3301
TLJ3,TLI5,2018,1468
TLJ3,TLI6,2018,2208
TLJ3,TLI7,2018,2727
TLJ3,TLJ1,2018,7475
TLJ3,TLJ2,2018,12119
TLJ3,TLJ4,2018,2263
TLJ3,TLK1,2018,8098
TLJ3,TLK2,2018,7713
TLJ3,TLK3,2018,1420
TLJ3,TLK4,2018,3457
TLJ3,TLL1,2018,1684
TLJ3,TLL2,2018,1379
TLJ3,TLN0,2018,261
TLJ4,S92000003,2018,1086
TLJ4,TLC1,2018,712
TLJ4,TLC2,2018,575
TLJ4,TLD1,2018,187
TLJ4,TLD3,2018,902
TLJ4,TLD4,2018,580
TLJ4,TLD6,2018,346
TLJ4,TLD7,2018,546
TLJ4,TLE1,2018,388
TLJ4,TLE2,2018,620
TLJ4,TLE3,2018,655
TLJ4,TLE4,2018,1144
TLJ4,TLF1,2018,1499
TLJ4,TLF2,2018,1540
TLJ4,TLF3,2018,796
TLJ4,TLG1,2018,700
TLJ4,TLG2,2018,650
TLJ4,TLG3,2018,1637
TLJ4,TLH1,2018,3556
TLJ4,TLH2,2018,1689
TLJ4,TLH3,2018,2968
TLJ4,TLI3,2018,1928
TLJ4,TLI4,2018,4695
TLJ4,TLI5,2018,4812
TLJ4,TLI6,2018,3170
TLJ4,TLI7,2018,1984
TLJ4,TLJ1,2018,2397
TLJ4,TLJ2,2018,8459
TLJ4,TLJ3,2018,2713
TLJ4,TLK1,2018,2315
TLJ4,TLK2,2018,1557
TLJ4,TLK3,2018,704
TLJ4,TLK4,2018,1632
TLJ4,TLL1,2018,862
TLJ4,TLL2,2018,601
TLJ4,TLN0,2018,233
TLK1,S92000003,2018,1888
TLK1,TLC1,2018,841
TLK1,TLC2,2018,830
TLK1,TLD1,2018,333
TLK1,TLD3,2018,1989
TLK1,TLD4,2018,820
TLK1,TLD6,2018,786
TLK1,TLD7,2018,1031
TLK1,TLE1,2018,444
TLK1,TLE2,2018,954
TLK1,TLE3,2018,1063
TLK1,TLE4,2018,1616
TLK1,TLF1,2018,2120
TLK1,TLF2,2018,2127
TLK1,TLF3,2018,634
TLK1,TLG1,2018,5403
TLK1,TLG2,2018,1710
TLK1,TLG3,2018,3761
TLK1,TLH1,2018,2694
TLK1,TLH2,2018,1902
TLK1,TLH3,2018,1251
TLK1,TLI3,2018,3379
TLK1,TLI4,2018,4864
TLK1,TLI5,2018,1267
TLK1,TLI6,2018,1394
TLK1,TLI7,2018,2745
TLK1,TLJ1,2018,7821
TLK1,TLJ2,2018,4754
TLK1,TLJ3,2018,6007
TLK1,TLJ4,2018,1526
TLK1,TLK2,2018,10606
TLK1,TLK3,2018,2902
TLK1,TLK4,2018,7734
TLK1,TLL1,2018,4752
TLK1,TLL2,2018,5988
TLK1,TLN0,2018,351
TLK2,S92000003,2018,927
TLK2,TLC1,2018,342
TLK2,TLC2,2018,399
TLK2,TLD1,2018,187
TLK2,TLD3,2018,802
TLK2,TLD4,2018,427
TLK2,TLD6,2018,351
TLK2,TLD7,2018,498
TLK2,TLE1,2018,268
TLK2,TLE2,2018,440
TLK2,TLE3,2018,435
TLK2,TLE4,2018,581
TLK2,TLF1,2018,925
TLK2,TLF2,2018,928
TLK2,TLF3,2018,317
TLK2,TLG1,2018,996
TLK2,TLG2,2018,809
TLK2,TLG3,2018,1231
TLK2,TLH1,2018,1296
TLK2,TLH2,2018,1249
TLK2,TLH3,2018,853
TLK2,TLI3,2018,1538
TLK2,TLI4,2018,2307
TLK2,TLI5,2018,772
TLK2,TLI6,2018,1099
TLK2,TLI7,2018,1472
TLK2,TLJ1,2018,3281
TLK2,TLJ2,2018,4026
TLK2,TLJ3,2018,7117
TLK2,TLJ4,2018,1042
TLK2,TLK1,2018,9902
TLK2,TLK3,2018,1404
TLK2,TLK4,2018,5727
TLK2,TLL1,2018,1315
TLK2,TLL2,2018,1308
TLK2,TLN0,2018,143
TLK3,S92000003,2018,398
TLK3,TLC1,2018,134
TLK3,TLC2,2018,146
TLK3,TLD1,2018,120
TLK3,TLD3,2018,394
TLK3,TLD4,2018,216
TLK3,TLD6,2018,217
TLK3,TLD7,2018,215
TLK3,TLE1,2018,120
TLK3,TLE2,2018,191
TLK3,TLE3,2018,199
TLK3,TLE4,2018,290
TLK3,TLF1,2018,427
TLK3,TLF2,2018,407
TLK3,TLF3,2018,203
TLK3,TLG1,2018,553
TLK3,TLG2,2018,410
TLK3,TLG3,2018,518
TLK3,TLH1,2018,574
TLK3,TLH2,2018,311
TLK3,TLH3,2018,296
TLK3,TLI3,2018,388
TLK3,TLI4,2018,573
TLK3,TLI5,2018,188
TLK3,TLI6,2018,227
TLK3,TLI7,2018,344
TLK3,TLJ1,2018,844
TLK3,TLJ2,2018,1068
TLK3,TLJ3,2018,906
TLK3,TLJ4,2018,390
TLK3,TLK1,2018,2619
TLK3,TLK2,2018,1235
TLK3,TLK4,2018,5263
TLK3,TLL1,2018,541
TLK3,TLL2,2018,561
TLK3,TLN0,2018,59
TLK4,S92000003,2018,927
TLK4,TLC1,2018,379
TLK4,TLC2,2018,376
TLK4,TLD1,2018,199
TLK4,TLD3,2018,852
TLK4,TLD4,2018,427
TLK4,TLD6,2018,379
TLK4,TLD7,2018,458
TLK4,TLE1,2018,206
TLK4,TLE2,2018,388
TLK4,TLE3,2018,402
TLK4,TLE4,2018,621
TLK4,TLF1,2018,968
TLK4,TLF2,2018,912
TLK4,TLF3,2018,343
TLK4,TLG1,2018,1304
TLK4,TLG2,2018,872
TLK4,TLG3,2018,1590
TLK4,TLH1,2018,1341
TLK4,TLH2,2018,907
TLK4,TLH3,2018,727
TLK4,TLI3,2018,1473
TLK4,TLI4,2018,1891
TLK4,TLI5,2018,640
TLK4,TLI6,2018,692
TLK4,TLI7,2018,1102
TLK4,TLJ1,2018,2540
TLK4,TLJ2,2018,2719
TLK4,TLJ3,2018,2430
TLK4,TLJ4,2018,972
TLK4,TLK1,2018,7645
TLK4,TLK2,2018,5200
TLK4,TLK3,2018,4896
TLK4,TLL1,2018,1249
TLK4,TLL2,2018,1503
TLK4,TLN0,2018,172
TLL1,S92000003,2018,947
TLL1,TLC1,2018,354
TLL1,TLC2,2018,354
TLL1,TLD1,2018,206
TLL1,TLD3,2018,1841
TLL1,TLD4,2018,913
TLL1,TLD6,2018,1424
TLL1,TLD7,2018,1821
TLL1,TLE1,2018,252
TLL1,TLE2,2018,399
TLL1,TLE3,2018,399
TLL1,TLE4,2018,824
TLL1,TLF1,2018,970
TLL1,TLF2,2018,943
TLL1,TLF3,2018,276
TLL1,TLG1,2018,1287
TLL1,TLG2,2018,1552
TLL1,TLG3,2018,1691
TLL1,TLH1,2018,1029
TLL1,TLH2,2018,594
TLL1,TLH3,2018,510
TLL1,TLI3,2018,591
TLL1,TLI4,2018,981
TLL1,TLI5,2018,460
TLL1,TLI6,2018,388
TLL1,TLI7,2018,739
TLL1,TLJ1,2018,1567
TLL1,TLJ2,2018,1259
TLL1,TLJ3,2018,1116
TLL1,TLJ4,2018,513
TLL1,TLK1,2018,4092
TLL1,TLK2,2018,1149
TLL1,TLK3,2018,475
TLL1,TLK4,2018,1373
TLL1,TLL2,2018,12839
TLL1,TLN0,2018,212
TLL2,S92000003,2018,701
TLL2,TLC1,2018,246
TLL2,TLC2,2018,266
TLL2,TLD1,2018,103
TLL2,TLD3,2018,1169
TLL2,TLD4,2018,531
TLL2,TLD6,2018,1990
TLL2,TLD7,2018,1387
TLL2,TLE1,2018,125
TLL2,TLE2,2018,273
TLL2,TLE3,2018,400
TLL2,TLE4,2018,643
TLL2,TLF1,2018,633
TLL2,TLF2,2018,694
TLL2,TLF3,2018,225
TLL2,TLG1,2018,1542
TLL2,TLG2,2018,2084
TLL2,TLG3,2018,1494
TLL2,TLH1,2018,738
TLL2,TLH2,2018,444
TLL2,TLH3,2018,356
TLL2,TLI3,2018,851
TLL2,TLI4,2018,1260
TLL2,TLI5,2018,402
TLL2,TLI6,2018,383
TLL2,TLI7,2018,914
TLL2,TLJ1,2018,1502
TLL2,TLJ2,2018,976
TLL2,TLJ3,2018,1031
TLL2,TLJ4,2018,347
TLL2,TLK1,2018,5065
TLL2,TLK2,2018,1103
TLL2,TLK3,2018,498
TLL2,TLK4,2018,1432
TLL2,TLL1,2018,13711
TLL2,TLN0,2018,185
TLM5,TLM6,2018,1517
TLM5,TLM7,2018,3969
TLM5,TLM8,2018,1857
TLM5,TLM9,2018,625
TLM6,TLM5,2018,1462
TLM6,TLM7,2018,3229
TLM6,TLM8,2018,2535
TLM6,TLM9,2018,1048
TLM7,TLM5,2018,2915
TLM7,TLM6,2018,2811
TLM7,TLM8,2018,7781
TLM7,TLM9,2018,4555
TLM8,TLM5,2018,958
TLM8,TLM6,2018,2200
TLM8,TLM7,2018,6846
TLM8,TLM9,2018,8763
TLM9,TLM5,2018,476
TLM9,TLM6,2018,896
TLM9,TLM7,2018,4368
TLM9,TLM8,2018,7361
TLN0,S92000003,2018,2225
TLN0,TLC1,2018,137
TLN0,TLC2,2018,433
TLN0,TLD1,2018,81
TLN0,TLD3,2018,564
TLN0,TLD4,2018,266
TLN0,TLD6,2018,122
TLN0,TLD7,2018,984
TLN0,TLE1,2018,62
TLN0,TLE2,2018,93
TLN0,TLE3,2018,113
TLN0,TLE4,2018,286
TLN0,TLF1,2018,187
TLN0,TLF2,2018,182
TLN0,TLF3,2018,54
TLN0,TLG1,2018,108
TLN0,TLG2,2018,165
TLN0,TLG3,2018,299
TLN0,TLH1,2018,251
TLN0,TLH2,2018,152
TLN0,TLH3,2018,136
TLN0,TLI3,2018,300
TLN0,TLI4,2018,555
TLN0,TLI5,2018,139
TLN0,TLI6,2018,99
TLN0,TLI7,2018,265
TLN0,TLJ1,2018,257
TLN0,TLJ2,2018,339
TLN0,TLJ3,2018,201
TLN0,TLJ4,2018,177
TLN0,TLK1,2018,362
TLN0,TLK2,2018,127
TLN0,TLK3,2018,35
TLN0,TLK4,2018,120
TLN0,TLL1,2018,149
TLN0,TLL2,2018,172
S92000003,TLC1,2019,1024
S92000003,TLC2,2019,2292
S92000003,TLD1,2019,995
S92000003,TLD3,2019,1719
S92000003,TLD4,2019,1172
S92000003,TLD6,2019,526
S92000003,TLD7,2019,865
S92000003,TLE1,2019,447
S92000003,TLE2,2019,985
S92000003,TLE3,2019,637
S92000003,TLE4,2019,1257
S92000003,TLF1,2019,1014
S92000003,TLF2,2019,659
S92000003,TLF3,2019,456
S92000003,TLG1,2019,623
S92000003,TLG2,2019,678
S92000003,TLG3,2019,1075
S92000003,TLH1,2019,1345
S92000003,TLH2,2019,723
S92000003,TLH3,2019,536
S92000003,TLI3,2019,1892
S92000003,TLI4,2019,2818
S92000003,TLI5,2019,741
S92000003,TLI6,2019,623
S92000003,TLI7,2019,1194
S92000003,TLJ1,2019,1664
S92000003,TLJ2,2019,1487
S92000003,TLJ3,2019,954
S92000003,TLJ4,2019,687
S92000003,TLK1,2019,1489
S92000003,TLK2,2019,645
S92000003,TLK3,2019,319
S92000003,TLK4,2019,726
S92000003,TLL1,2019,690
S92000003,TLL2,2019,529
S92000003,TLN0,2019,1920
TLC1,S92000003,2019,1193
TLC1,TLC2,2019,10768
TLC1,TLD1,2019,746
TLC1,TLD3,2019,1641
TLC1,TLD4,2019,883
TLC1,TLD6,2019,432
TLC1,TLD7,2019,612
TLC1,TLE1,2019,695
TLC1,TLE2,2019,3648
TLC1,TLE3,2019,1076
TLC1,TLE4,2019,2828
TLC1,TLF1,2019,911
TLC1,TLF2,2019,577
TLC1,TLF3,2019,403
TLC1,TLG1,2019,359
TLC1,TLG2,2019,415
TLC1,TLG3,2019,766
TLC1,TLH1,2019,1055
TLC1,TLH2,2019,519
TLC1,TLH3,2019,354
TLC1,TLI3,2019,1045
TLC1,TLI4,2019,1365
TLC1,TLI5,2019,538
TLC1,TLI6,2019,418
TLC1,TLI7,2019,872
TLC1,TLJ1,2019,934
TLC1,TLJ2,2019,807
TLC1,TLJ3,2019,481
TLC1,TLJ4,2019,466
TLC1,TLK1,2019,771
TLC1,TLK2,2019,329
TLC1,TLK3,2019,122
TLC1,TLK4,2019,353
TLC1,TLL1,2019,244
TLC1,TLL2,2019,193
TLC1,TLN0,2019,151
TLC2,S92000003,2019,2192
TLC2,TLC1,2019,10365
TLC2,TLD1,2019,1079
TLC2,TLD3,2019,2264
TLC2,TLD4,2019,930
TLC2,TLD6,2019,486
TLC2,TLD7,2019,888
TLC2,TLE1,2019,779
TLC2,TLE2,2019,2415
TLC2,TLE3,2019,1208
TLC2,TLE4,2019,3520
TLC2,TLF1,2019,1260
TLC2,TLF2,2019,680
TLC2,TLF3,2019,534
TLC2,TLG1,2019,322
TLC2,TLG2,2019,358
TLC2,TLG3,2019,968
TLC2,TLH1,2019,1111
TLC2,TLH2,2019,594
TLC2,TLH3,2019,376
TLC2,TLI3,2019,1117
TLC2,TLI4,2019,1704
TLC2,TLI5,2019,464
TLC2,TLI6,2019,419
TLC2,TLI7,2019,961
TLC2,TLJ1,2019,943
TLC2,TLJ2,2019,771
TLC2,TLJ3,2019,510
TLC2,TLJ4,2019,330
TLC2,TLK1,2019,905
TLC2,TLK2,2019,330
TLC2,TLK3,2019,127
TLC2,TLK4,2019,326
TLC2,TLL1,2019,287
TLC2,TLL2,2019,231
TLC2,TLN0,2019,350
TLD1,S92000003,2019,1093
TLD1,TLC1,2019,797
TLD1,TLC2,2019,1255
TLD1,TLD3,2019,1017
TLD1,TLD4,2019,2380
TLD1,TLD6,2019,391
TLD1,TLD7,2019,582
TLD1,TLE1,2019,133
TLD1,TLE2,2019,589
TLD1,TLE3,2019,268
TLD1,TLE4,2019,749
TLD1,TLF1,2019,305
TLD1,TLF2,2019,248
TLD1,TLF3,2019,137
TLD1,TLG1,2019,166
TLD1,TLG2,2019,281
TLD1,TLG3,2019,254
TLD1,TLH1,2019,278
TLD1,TLH2,2019,145
TLD1,TLH3,2019,79
TLD1,TLI3,2019,126
TLD1,TLI4,2019,203
TLD1,TLI5,2019,70
TLD1,TLI6,2019,77
TLD1,TLI7,2019,136
TLD1,TLJ1,2019,281
TLD1,TLJ2,2019,239
TLD1,TLJ3,2019,156
TLD1,TLJ4,2019,97
TLD1,TLK1,2019,292
TLD1,TLK2,2019,185
TLD1,TLK3,2019,85
TLD1,TLK4,2019,164
TLD1,TLL1,2019,187
TLD1,TLL2,2019,140
TLD1,TLN0,2019,79
TLD3,S92000003,2019,2041
TLD3,TLC1,2019,1413
TLD3,TLC2,2019,1948
TLD3,TLD1,2019,1289
TLD3,TLD4,2019,14080
TLD3,TLD6,2019,10149
TLD3,TLD7,2019,7060
TLD3,TLE1,2019,1127
TLD3,TLE2,2019,1793
TLD3,TLE3,2019,2850
TLD3,TLE4,2019,8086
TLD3,TLF1,2019,4510
TLD3,TLF2,2019,1758
TLD3,TLF3,2019,745
TLD3,TLG1,2019,941
TLD3,TLG2,2019,2323
TLD3,TLG3,2019,3325
TLD3,TLH1,2019,1804
TLD3,TLH2,2019,1166
TLD3,TLH3,2019,676
TLD3,TLI3,2019,2038
TLD3,TLI4,2019,3736
TLD3,TLI5,2019,1307
TLD3,TLI6,2019,948
TLD3,TLI7,2019,2382
TLD3,TLJ1,2019,1989
TLD3,TLJ2,2019,1663
TLD3,TLJ3,2019,974
TLD3,TLJ4,2019,672
TLD3,TLK1,2019,2078
TLD3,TLK2,2019,757
TLD3,TLK3,2019,577
TLD3,TLK4,2019,923
TLD3,TLL1,2019,2335
TLD3,TLL2,2019,1168
TLD3,TLN0,2019,595
TLD4,S92000003,2019,1477
TLD4,TLC1,2019,890
TLD4,TLC2,2019,1162
TLD4,TLD1,2019,2073
TLD4,TLD3,2019,11133
TLD4,TLD6,2019,2003
TLD4,TLD7,2019,5236
TLD4,TLE1,2019,519
TLD4,TLE2,2019,1603
TLD4,TLE3,2019,1192
TLD4,TLE4,2019,3909
TLD4,TLF1,2019,1161
TLD4,TLF2,2019,843
TLD4,TLF3,2019,397
TLD4,TLG1,2019,514
TLD4,TLG2,2019,1055
TLD4,TLG3,2019,1360
TLD4,TLH1,2019,819
TLD4,TLH2,2019,562
TLD4,TLH3,2019,383
TLD4,TLI3,2019,600
TLD4,TLI4,2019,1166
TLD4,TLI5,2019,475
TLD4,TLI6,2019,305
TLD4,TLI7,2019,709
TLD4,TLJ1,2019,956
TLD4,TLJ2,2019,653
TLD4,TLJ3,2019,491
TLD4,TLJ4,2019,341
TLD4,TLK1,2019,995
TLD4,TLK2,2019,409
TLD4,TLK3,2019,349
TLD4,TLK4,2019,476
TLD4,TLL1,2019,862
TLD4,TLL2,2019,517
TLD4,TLN0,2019,257
TLD6,S92000003,2019,689
TLD6,TLC1,2019,411
TLD6,TLC2,2019,558
TLD6,TLD1,2019,403
TLD6,TLD3,2019,6593
TLD6,TLD4,2019,1789
TLD6,TLD7,2019,6083
TLD6,TLE1,2019,243
TLD6,TLE2,2019,637
TLD6,TLE3,2019,897
TLD6,TLE4,2019,1719
TLD6,TLF1,2019,1512
TLD6,TLF2,2019,681
TLD6,TLF3,2019,200
TLD6,TLG1,2019,434
TLD6,TLG2,2019,2880
TLD6,TLG3,2019,1024
TLD6,TLH1,2019,581
TLD6,TLH2,2019,305
TLD6,TLH3,2019,211
TLD6,TLI3,2019,458
TLD6,TLI4,2019,712
TLD6,TLI5,2019,198
TLD6,TLI6,2019,177
TLD6,TLI7,2019,361
TLD6,TLJ1,2019,802
TLD6,TLJ2,2019,592
TLD6,TLJ3,2019,370
TLD6,TLJ4,2019,224
TLD6,TLK1,2019,787
TLD6,TLK2,2019,312
TLD6,TLK3,2019,304
TLD6,TLK4,2019,400
TLD6,TLL1,2019,1307
TLD6,TLL2,2019,1920
TLD6,TLN0,2019,160
TLD7,S92000003,2019,971
TLD7,TLC1,2019,653
TLD7,TLC2,2019,895
TLD7,TLD1,2019,612
TLD7,TLD3,2019,7214
TLD7,TLD4,2019,5519
TLD7,TLD6,2019,6258
TLD7,TLE1,2019,468
TLD7,TLE2,2019,823
TLD7,TLE3,2019,1109
TLD7,TLE4,2019,2510
TLD7,TLF1,2019,1407
TLD7,TLF2,2019,790
TLD7,TLF3,2019,320
TLD7,TLG1,2019,615
TLD7,TLG2,2019,1364
TLD7,TLG3,2019,1698
TLD7,TLH1,2019,830
TLD7,TLH2,2019,551
TLD7,TLH3,2019,409
TLD7,TLI3,2019,839
TLD7,TLI4,2019,1558
TLD7,TLI5,2019,479
TLD7,TLI6,2019,434
TLD7,TLI7,2019,888
TLD7,TLJ1,2019,995
TLD7,TLJ2,2019,803
TLD7,TLJ3,2019,510
TLD7,TLJ4,2019,343
TLD7,TLK1,2019,1043
TLD7,TLK2,2019,400
TLD7,TLK3,2019,223
TLD7,TLK4,2019,430
TLD7,TLL1,2019,1650
TLD7,TLL2,2019,1352
TLD7,TLN0,2019,746
TLE1,S92000003,2019,567
TLE1,TLC1,2019,905
TLE1,TLC2,2019,967
TLE1,TLD1,2019,210
TLE1,TLD3,2019,1489
TLE1,TLD4,2019,570
TLE1,TLD6,2019,364
TLE1,TLD7,2019,511
TLE1,TLE2,2019,3326
TLE1,TLE3,2019,2685
TLE1,TLE4,2019,3801
TLE1,TLF1,2019,1594
TLE1,TLF2,2019,703
TLE1,TLF3,2019,3195
TLE1,TLG1,2019,265
TLE1,TLG2,2019,446
TLE1,TLG3,2019,658
TLE1,TLH1,2019,795
TLE1,TLH2,2019,329
TLE1,TLH3,2019,263
TLE1,TLI3,2019,301
TLE1,TLI4,2019,653
TLE1,TLI5,2019,318
TLE1,TLI6,2019,227
TLE1,TLI7,2019,483
TLE1,TLJ1,2019,465
TLE1,TLJ2,2019,444
TLE1,TLJ3,2019,384
TLE1,TLJ4,2019,226
TLE1,TLK1,2019,426
TLE1,TLK2,2019,188
TLE1,TLK3,2019,165
TLE1,TLK4,2019,250
TLE1,TLL1,2019,314
TLE1,TLL2,2019,149
TLE1,TLN0,2019,99
TLE2,S92000003,2019,1304
TLE2,TLC1,2019,3849
TLE2,TLC2,2019,2638
TLE2,TLD1,2019,623
TLE2,TLD3,2019,1749
TLE2,TLD4,2019,1527
TLE2,TLD6,2019,617
TLE2,TLD7,2019,847
TLE2,TLE1,2019,3929
TLE2,TLE3,2019,2126
TLE2,TLE4,2019,7219
TLE2,TLF1,2019,1522
TLE2,TLF2,2019,813
TLE2,TLF3,2019,717
TLE2,TLG1,2019,520
TLE2,TLG2,2019,575
TLE2,TLG3,2019,739
TLE2,TLH1,2019,1347
TLE2,TLH2,2019,553
TLE2,TLH3,2019,367
TLE2,TLI3,2019,822
TLE2,TLI4,2019,1185
TLE2,TLI5,2019,347
TLE2,TLI6,2019,280
TLE2,TLI7,2019,599
TLE2,TLJ1,2019,1106
TLE2,TLJ2,2019,855
TLE2,TLJ3,2019,586
TLE2,TLJ4,2019,403
TLE2,TLK1,2019,1167
TLE2,TLK2,2019,318
TLE2,TLK3,2019,237
TLE2,TLK4,2019,362
TLE2,TLL1,2019,336
TLE2,TLL2,2019,241
TLE2,TLN0,2019,143
TLE3,S92000003,2019,929
TLE3,TLC1,2019,1005
TLE3,TLC2,2019,1237
TLE3,TLD1,2019,244
TLE3,TLD3,2019,3583
TLE3,TLD4,2019,990
TLE3,TLD6,2019,941
TLE3,TLD7,2019,1226
TLE3,TLE1,2019,2905
TLE3,TLE2,2019,2150
TLE3,TLE4,2019,7458
TLE3,TLF1,2019,8791
TLE3,TLF2,2019,1755
TLE3,TLF3,2019,2625
TLE3,TLG1,2019,751
TLE3,TLG2,2019,933
TLE3,TLG3,2019,1862
TLE3,TLH1,2019,1607
TLE3,TLH2,2019,825
TLE3,TLH3,2019,522
TLE3,TLI3,2019,783
TLE3,TLI4,2019,1610
TLE3,TLI5,2019,560
TLE3,TLI6,2019,401
TLE3,TLI7,2019,982
TLE3,TLJ1,2019,1176
TLE3,TLJ2,2019,840
TLE3,TLJ3,2019,499
TLE3,TLJ4,2019,407
TLE3,TLK1,2019,1073
TLE3,TLK2,2019,326
TLE3,TLK3,2019,306
TLE3,TLK4,2019,426
TLE3,TLL1,2019,464
TLE3,TLL2,2019,394
TLE3,TLN0,2019,125
TLE4,S92000003,2019,1708
TLE4,TLC1,2019,2736
TLE4,TLC2,2019,3847
TLE4,TLD1,2019,857
TLE4,TLD3,2019,8356
TLE4,TLD4,2019,3989
TLE4,TLD6,2019,1577
TLE4,TLD7,2019,2724
TLE4,TLE1,2019,4264
TLE4,TLE2,2019,9472
TLE4,TLE3,2019,7699
TLE4,TLF1,2019,3876
TLE4,TLF2,2019,2124
TLE4,TLF3,2019,1523
TLE4,TLG1,2019,959
TLE4,TLG2,2019,1236
TLE4,TLG3,2019,3133
TLE4,TLH1,2019,2352
TLE4,TLH2,2019,1469
TLE4,TLH3,2019,762
TLE4,TLI3,2019,1751
TLE4,TLI4,2019,3410
TLE4,TLI5,2019,1150
TLE4,TLI6,2019,953
TLE4,TLI7,2019,2051
TLE4,TLJ1,2019,1899
TLE4,TLJ2,2019,1668
TLE4,TLJ3,2019,898
TLE4,TLJ4,2019,756
TLE4,TLK1,2019,1628
TLE4,TLK2,2019,617
TLE4,TLK3,2019,420
TLE4,TLK4,2019,644
TLE4,TLL1,2019,783
TLE4,TLL2,2019,612
TLE4,TLN0,2019,315
TLF1,S92000003,2019,1302
TLF1,TLC1,2019,1078
TLF1,TLC2,2019,1476
TLF1,TLD1,2019,384
TLF1,TLD3,2019,4198
TLF1,TLD4,2019,1205
TLF1,TLD6,2019,1403
TLF1,TLD7,2019,1399
TLF1,TLE1,2019,1731
TLF1,TLE2,2019,1837
TLF1,TLE3,2019,7811
TLF1,TLE4,2019,4149
TLF1,TLF2,2019,7899
TLF1,TLF3,2019,5398
TLF1,TLG1,2019,1884
TLF1,TLG2,2019,4817
TLF1,TLG3,2019,5155
TLF1,TLH1,2019,3543
TLF1,TLH2,2019,2450
TLF1,TLH3,2019,1212
TLF1,TLI3,2019,1551
TLF1,TLI4,2019,3017
TLF1,TLI5,2019,1462
TLF1,TLI6,2019,1065
TLF1,TLI7,2019,2290
TLF1,TLJ1,2019,2755
TLF1,TLJ2,2019,2076
TLF1,TLJ3,2019,1199
TLF1,TLJ4,2019,1036
TLF1,TLK1,2019,2371
TLF1,TLK2,2019,918
TLF1,TLK3,2019,721
TLF1,TLK4,2019,1126
TLF1,TLL1,2019,992
TLF1,TLL2,2019,740
TLF1,TLN0,2019,267
TLF2,S92000003,2019,1287
TLF2,TLC1,2019,864
TLF2,TLC2,2019,1109
TLF2,TLD1,2019,287
TLF2,TLD3,2019,2087
TLF2,TLD4,2019,1093
TLF2,TLD6,2019,700
TLF2,TLD7,2019,1070
TLF2,TLE1,2019,831
TLF2,TLE2,2019,1159
TLF2,TLE3,2019,2016
TLF2,TLE4,2019,2350
TLF2,TLF1,2019,9047
TLF2,TLF3,2019,3789
TLF2,TLG1,2019,4302
TLF2,TLG2,2019,2241
TLF2,TLG3,2019,6335
TLF2,TLH1,2019,5045
TLF2,TLH2,2019,3489
TLF2,TLH3,2019,1468
TLF2,TLI3,2019,1711
TLF2,TLI4,2019,3703
TLF2,TLI5,2019,1876
TLF2,TLI6,2019,1313
TLF2,TLI7,2019,2638
TLF2,TLJ1,2019,5585
TLF2,TLJ2,2019,2403
TLF2,TLJ3,2019,1619
TLF2,TLJ4,2019,1195
TLF2,TLK1,2019,2626
TLF2,TLK2,2019,1263
TLF2,TLK3,2019,712
TLF2,TLK4,2019,1396
TLF2,TLL1,2019,1138
TLF2,TLL2,2019,797
TLF2,TLN0,2019,222
TLF3,S92000003,2019,624
TLF3,TLC1,2019,468
TLF3,TLC2,2019,720
TLF3,TLD1,2019,209
TLF3,TLD3,2019,850
TLF3,TLD4,2019,442
TLF3,TLD6,2019,284
TLF3,TLD7,2019,326
TLF3,TLE1,2019,3157
TLF3,TLE2,2019,883
TLF3,TLE3,2019,2458
TLF3,TLE4,2019,1670
TLF3,TLF1,2019,5697
TLF3,TLF2,2019,2963
TLF3,TLG1,2019,545
TLF3,TLG2,2019,686
TLF3,TLG3,2019,884
TLF3,TLH1,2019,4396
TLF3,TLH2,2019,796
TLF3,TLH3,2019,527
TLF3,TLI3,2019,419
TLF3,TLI4,2019,672
TLF3,TLI5,2019,332
TLF3,TLI6,2019,194
TLF3,TLI7,2019,396
TLF3,TLJ1,2019,785
TLF3,TLJ2,2019,620
TLF3,TLJ3,2019,522
TLF3,TLJ4,2019,380
TLF3,TLK1,2019,661
TLF3,TLK2,2019,429
TLF3,TLK3,2019,228
TLF3,TLK4,2019,327
TLF3,TLL1,2019,319
TLF3,TLL2,2019,170
TLF3,TLN0,2019,90
TLG1,S92000003,2019,657
TLG1,TLC1,2019,428
TLG1,TLC2,2019,460
TLG1,TLD1,2019,168
TLG1,TLD3,2019,1064
TLG1,TLD4,2019,577
TLG1,TLD6,2019,457
TLG1,TLD7,2019,776
TLG1,TLE1,2019,322
TLG1,TLE2,2019,545
TLG1,TLE3,2019,689
TLG1,TLE4,2019,1026
TLG1,TLF1,2019,2265
TLG1,TLF2,2019,4293
TLG1,TLF3,2019,647
TLG1,TLG2,2019,3691
TLG1,TLG3,2019,10681
TLG1,TLH1,2019,1320
TLG1,TLH2,2019,744
TLG1,TLH3,2019,478
TLG1,TLI3,2019,1082
TLG1,TLI4,2019,1438
TLG1,TLI5,2019,431
TLG1,TLI6,2019,394
TLG1,TLI7,2019,853
TLG1,TLJ1,2019,2415
TLG1,TLJ2,2019,1242
TLG1,TLJ3,2019,1116
TLG1,TLJ4,2019,459
TLG1,TLK1,2019,5676
TLG1,TLK2,2019,1194
TLG1,TLK3,2019,909
TLG1,TLK4,2019,1823
TLG1,TLL1,2019,1713
TLG1,TLL2,2019,1790
TLG1,TLN0,2019,137
TLG2,S92000003,2019,810
TLG2,TLC1,2019,490
TLG2,TLC2,2019,531
TLG2,TLD1,2019,304
TLG2,TLD3,2019,2404
TLG2,TLD4,2019,1170
TLG2,TLD6,2019,3569
TLG2,TLD7,2019,1574
TLG2,TLE1,2019,397
TLG2,TLE2,2019,646
TLG2,TLE3,2019,1066
TLG2,TLE4,2019,1292
TLG2,TLF1,2019,5586
TLG2,TLF2,2019,2079
TLG2,TLF3,2019,593
TLG2,TLG1,2019,3479
TLG2,TLG3,2019,8564
TLG2,TLH1,2019,1256
TLG2,TLH2,2019,685
TLG2,TLH3,2019,396
TLG2,TLI3,2019,579
TLG2,TLI4,2019,1045
TLG2,TLI5,2019,424
TLG2,TLI6,2019,276
TLG2,TLI7,2019,749
TLG2,TLJ1,2019,1326
TLG2,TLJ2,2019,889
TLG2,TLJ3,2019,808
TLG2,TLJ4,2019,435
TLG2,TLK1,2019,1811
TLG2,TLK2,2019,722
TLG2,TLK3,2019,642
TLG2,TLK4,2019,1084
TLG2,TLL1,2019,1647
TLG2,TLL2,2019,1979
TLG2,TLN0,2019,195
TLG3,S92000003,2019,1317
TLG3,TLC1,2019,820
TLG3,TLC2,2019,879
TLG3,TLD1,2019,317
TLG3,TLD3,2019,4029
TLG3,TLD4,2019,1626
TLG3,TLD6,2019,1131
TLG3,TLD7,2019,1863
TLG3,TLE1,2019,727
TLG3,TLE2,2019,781
TLG3,TLE3,2019,1869
TLG3,TLE4,2019,3124
TLG3,TLF1,2019,5968
TLG3,TLF2,2019,6633
TLG3,TLF3,2019,1004
TLG3,TLG1,2019,22114
TLG3,TLG2,2019,16608
TLG3,TLH1,2019,2721
TLG3,TLH2,2019,2649
TLG3,TLH3,2019,1287
TLG3,TLI3,2019,2274
TLG3,TLI4,2019,5043
TLG3,TLI5,2019,2744
TLG3,TLI6,2019,1646
TLG3,TLI7,2019,4227
TLG3,TLJ1,2019,4499
TLG3,TLJ2,2019,2442
TLG3,TLJ3,2019,1817
TLG3,TLJ4,2019,1102
TLG3,TLK1,2019,4229
TLG3,TLK2,2019,1586
TLG3,TLK3,2019,958
TLG3,TLK4,2019,2269
TLG3,TLL1,2019,2294
TLG3,TLL2,2019,1642
TLG3,TLN0,2019,323
TLH1,S92000003,2019,2021
TLH1,TLC1,2019,1317
TLH1,TLC2,2019,1292
TLH1,TLD1,2019,428
TLH1,TLD3,2019,2206
TLH1,TLD4,2019,1009
TLH1,TLD6,2019,620
TLH1,TLD7,2019,949
TLH1,TLE1,2019,1009
TLH1,TLE2,2019,1776
TLH1,TLE3,2019,1868
TLH1,TLE4,2019,2658
TLH1,TLF1,2019,4046
TLH1,TLF2,2019,5096
TLH1,TLF3,2019,6911
TLH1,TLG1,2019,1230
TLH1,TLG2,2019,1297
TLH1,TLG3,2019,2808
TLH1,TLH2,2019,5171
TLH1,TLH3,2019,6719
TLH1,TLI3,2019,3268
TLH1,TLI4,2019,5994
TLH1,TLI5,2019,2324
TLH1,TLI6,2019,1405
TLH1,TLI7,2019,2671
TLH1,TLJ1,2019,4000
TLH1,TLJ2,2019,4021
TLH1,TLJ3,2019,2154
TLH1,TLJ4,2019,2251
TLH1,TLK1,2019,3286
TLH1,TLK2,2019,1383
TLH1,TLK3,2019,808
TLH1,TLK4,2019,1497
TLH1,TLL1,2019,1036
TLH1,TLL2,2019,756
TLH1,TLN0,2019,354
TLH2,S92000003,2019,1171
TLH2,TLC1,2019,776
TLH2,TLC2,2019,769
TLH2,TLD1,2019,261
TLH2,TLD3,2019,1539
TLH2,TLD4,2019,686
TLH2,TLD6,2019,634
TLH2,TLD7,2019,888
TLH2,TLE1,2019,496
TLH2,TLE2,2019,918
TLH2,TLE3,2019,1127
TLH2,TLE4,2019,1951
TLH2,TLF1,2019,3670
TLH2,TLF2,2019,5603
TLH2,TLF3,2019,1710
TLH2,TLG1,2019,1133
TLH2,TLG2,2019,1000
TLH2,TLG3,2019,3349
TLH2,TLH1,2019,9096
TLH2,TLH3,2019,5712
TLH2,TLI3,2019,2521
TLH2,TLI4,2019,5288
TLH2,TLI5,2019,3494
TLH2,TLI6,2019,1325
TLH2,TLI7,2019,6320
TLH2,TLJ1,2019,9282
TLH2,TLJ2,2019,3658
TLH2,TLJ3,2019,2566
TLH2,TLJ4,2019,1974
TLH2,TLK1,2019,2834
TLH2,TLK2,2019,2133
TLH2,TLK3,2019,882
TLH2,TLK4,2019,1776
TLH2,TLL1,2019,875
TLH2,TLL2,2019,673
TLH2,TLN0,2019,287
TLH3,S92000003,2019,1062
TLH3,TLC1,2019,704
TLH3,TLC2,2019,548
TLH3,TLD1,2019,258
TLH3,TLD3,2019,977
TLH3,TLD4,2019,466
TLH3,TLD6,2019,348
TLH3,TLD7,2019,532
TLH3,TLE1,2019,463
TLH3,TLE2,2019,692
TLH3,TLE3,2019,726
TLH3,TLE4,2019,1027
TLH3,TLF1,2019,2010
TLH3,TLF2,2019,1759
TLH3,TLF3,2019,1222
TLH3,TLG1,2019,579
TLH3,TLG2,2019,706
TLH3,TLG3,2019,1576
TLH3,TLH1,2019,11895
TLH3,TLH2,2019,4757
TLH3,TLI3,2019,1644
TLH3,TLI4,2019,4832
TLH3,TLI5,2019,7231
TLH3,TLI6,2019,1185
TLH3,TLI7,2019,1925
TLH3,TLJ1,2019,2152
TLH3,TLJ2,2019,3179
TLH3,TLJ3,2019,1958
TLH3,TLJ4,2019,3636
TLH3,TLK1,2019,1833
TLH3,TLK2,2019,1176
TLH3,TLK3,2019,732
TLH3,TLK4,2019,1333
TLH3,TLL1,2019,711
TLH3,TLL2,2019,462
TLH3,TLN0,2019,225
TLI3,S92000003,2019,1587
TLI3,TLC1,2019,581
TLI3,TLC2,2019,630
TLI3,TLD1,2019,146
TLI3,TLD3,2019,1636
TLI3,TLD4,2019,427
TLI3,TLD6,2019,386
TLI3,TLD7,2019,591
TLI3,TLE1,2019,214
TLI3,TLE2,2019,582
TLI3,TLE3,2019,461
TLI3,TLE4,2019,1087
TLI3,TLF1,2019,976
TLI3,TLF2,2019,1255
TLI3,TLF3,2019,295
TLI3,TLG1,2019,672
TLI3,TLG2,2019,479
TLI3,TLG3,2019,1680
TLI3,TLH1,2019,2772
TLI3,TLH2,2019,3393
TLI3,TLH3,2019,1537
TLI3,TLI4,2019,29443
TLI3,TLI5,2019,5229
TLI3,TLI6,2019,11497
TLI3,TLI7,2019,21121
TLI3,TLJ1,2019,5513
TLI3,TLJ2,2019,7613
TLI3,TLJ3,2019,2250
TLI3,TLJ4,2019,2336
TLI3,TLK1,2019,3670
TLI3,TLK2,2019,1367
TLI3,TLK3,2019,390
TLI3,TLK4,2019,1175
TLI3,TLL1,2019,435
TLI3,TLL2,2019,567
TLI3,TLN0,2019,264
TLI4,S92000003,2019,2508
TLI4,TLC1,2019,792
TLI4,TLC2,2019,1173
TLI4,TLD1,2019,239
TLI4,TLD3,2019,3791
TLI4,TLD4,2019,866
TLI4,TLD6,2019,704
TLI4,TLD7,2019,1443
TLI4,TLE1,2019,474
TLI4,TLE2,2019,952
TLI4,TLE3,2019,1323
TLI4,TLE4,2019,2609
TLI4,TLF1,2019,2332
TLI4,TLF2,2019,3401
TLI4,TLF3,2019,542
TLI4,TLG1,2019,1192
TLI4,TLG2,2019,1028
TLI4,TLG3,2019,4979
TLI4,TLH1,2019,5256
TLI4,TLH2,2019,7358
TLI4,TLH3,2019,9175
TLI4,TLI3,2019,25684
TLI4,TLI5,2019,45103
TLI4,TLI6,2019,21367
TLI4,TLI7,2019,18158
TLI4,TLJ1,2019,5969
TLI4,TLJ2,2019,9531
TLI4,TLJ3,2019,3195
TLI4,TLJ4,2019,9133
TLI4,TLK1,2019,5296
TLI4,TLK2,2019,2145
TLI4,TLK3,2019,711
TLI4,TLK4,2019,1660
TLI4,TLL1,2019,913
TLI4,TLL2,2019,1109
TLI4,TLN0,2019,533
TLI5,S92000003,2019,1198
TLI5,TLC1,2019,585
TLI5,TLC2,2019,513
TLI5,TLD1,2019,171
TLI5,TLD3,2019,1991
TLI5,TLD4,2019,581
TLI5,TLD6,2019,329
TLI5,TLD7,2019,798
TLI5,TLE1,2019,427
TLI5,TLE2,2019,536
TLI5,TLE3,2019,801
TLI5,TLE4,2019,1697
TLI5,TLF1,2019,2032
TLI5,TLF2,2019,2772
TLI5,TLF3,2019,633
TLI5,TLG1,2019,596
TLI5,TLG2,2019,809
TLI5,TLG3,2019,3923
TLI5,TLH1,2019,4706
TLI5,TLH2,2019,8411
TLI5,TLH3,2019,21819
TLI5,TLI3,2019,4180
TLI5,TLI4,2019,26201
TLI5,TLI6,2019,5430
TLI5,TLI7,2019,8676
TLI5,TLJ1,2019,3026
TLI5,TLJ2,2019,4298
TLI5,TLJ3,2019,2058
TLI5,TLJ4,2019,13179
TLI5,TLK1,2019,1913
TLI5,TLK2,2019,1088
TLI5,TLK3,2019,424
TLI5,TLK4,2019,966
TLI5,TLL1,2019,683
TLI5,TLL2,2019,535
TLI5,TLN0,2019,290
TLI6,S92000003,2019,996
TLI6,TLC1,2019,449
TLI6,TLC2,2019,515
TLI6,TLD1,2019,103
TLI6,TLD3,2019,1225
TLI6,TLD4,2019,400
TLI6,TLD6,2019,289
TLI6,TLD7,2019,582
TLI6,TLE1,2019,227
TLI6,TLE2,2019,441
TLI6,TLE3,2019,532
TLI6,TLE4,2019,997
TLI6,TLF1,2019,1330
TLI6,TLF2,2019,1635
TLI6,TLF3,2019,375
TLI6,TLG1,2019,557
TLI6,TLG2,2019,578
TLI6,TLG3,2019,2109
TLI6,TLH1,2019,2165
TLI6,TLH2,2019,1639
TLI6,TLH3,2019,1551
TLI6,TLI3,2019,6684
TLI6,TLI4,2019,11927
TLI6,TLI5,2019,4683
TLI6,TLI7,2019,4962
TLI6,TLJ1,2019,2686
TLI6,TLJ2,2019,18430
TLI6,TLJ3,2019,3224
TLI6,TLJ4,2019,7832
TLI6,TLK1,2019,2350
TLI6,TLK2,2019,1521
TLI6,TLK3,2019,469
TLI6,TLK4,2019,1257
TLI6,TLL1,2019,548
TLI6,TLL2,2019,526
TLI6,TLN0,2019,213
TLI7,S92000003,2019,1611
TLI7,TLC1,2019,708
TLI7,TLC2,2019,858
TLI7,TLD1,2019,168
TLI7,TLD3,2019,2627
TLI7,TLD4,2019,711
TLI7,TLD6,2019,478
TLI7,TLD7,2019,1005
TLI7,TLE1,2019,393
TLI7,TLE2,2019,674
TLI7,TLE3,2019,1000
TLI7,TLE4,2019,1944
TLI7,TLF1,2019,2745
TLI7,TLF2,2019,3843
TLI7,TLF3,2019,616
TLI7,TLG1,2019,1097
TLI7,TLG2,2019,863
TLI7,TLG3,2019,5554
TLI7,TLH1,2019,3814
TLI7,TLH2,2019,15492
TLI7,TLH3,2019,2796
TLI7,TLI3,2019,15094
TLI7,TLI4,2019,14874
TLI7,TLI5,2019,7888
TLI7,TLI6,2019,6834
TLI7,TLJ1,2019,15916
TLI7,TLJ2,2019,12507
TLI7,TLJ3,2019,4095
TLI7,TLJ4,2019,2922
TLI7,TLK1,2019,4138
TLI7,TLK2,2019,2416
TLI7,TLK3,2019,600
TLI7,TLK4,2019,1511
TLI7,TLL1,2019,905
TLI7,TLL2,2019,963
TLI7,TLN0,2019,411
TLJ1,S92000003,2019,2337
TLJ1,TLC1,2019,1148
TLJ1,TLC2,2019,1091
TLJ1,TLD1,2019,381
TLJ1,TLD3,2019,2337
TLJ1,TLD4,2019,1083
TLJ1,TLD6,2019,870
TLJ1,TLD7,2019,1147
TLJ1,TLE1,2019,590
TLJ1,TLE2,2019,1290
TLJ1,TLE3,2019,1252
TLJ1,TLE4,2019,2167
TLJ1,TLF1,2019,3348
TLJ1,TLF2,2019,7920
TLJ1,TLF3,2019,1295
TLJ1,TLG1,2019,3110
TLJ1,TLG2,2019,1701
TLJ1,TLG3,2019,5133
TLJ1,TLH1,2019,4740
TLJ1,TLH2,2019,6564
TLJ1,TLH3,2019,1892
TLJ1,TLI3,2019,5904
TLJ1,TLI4,2019,6990
TLJ1,TLI5,2019,2038
TLJ1,TLI6,2019,1962
TLJ1,TLI7,2019,6747
TLJ1,TLJ2,2019,8550
TLJ1,TLJ3,2019,9089
TLJ1,TLJ4,2019,2215
TLJ1,TLK1,2019,11011
TLJ1,TLK2,2019,4588
TLJ1,TLK3,2019,1622
TLJ1,TLK4,2019,4060
TLJ1,TLL1,2019,2180
TLJ1,TLL2,2019,1858
TLJ1,TLN0,2019,467
TLJ2,S92000003,2019,2279
TLJ2,TLC1,2019,1254
TLJ2,TLC2,2019,1015
TLJ2,TLD1,2019,348
TLJ2,TLD3,2019,2136
TLJ2,TLD4,2019,861
TLJ2,TLD6,2019,756
TLJ2,TLD7,2019,1118
TLJ2,TLE1,2019,511
TLJ2,TLE2,2019,1158
TLJ2,TLE3,2019,1050
TLJ2,TLE4,2019,2126
TLJ2,TLF1,2019,2732
TLJ2,TLF2,2019,2707
TLJ2,TLF3,2019,975
TLJ2,TLG1,2019,1489
TLJ2,TLG2,2019,1274
TLJ2,TLG3,2019,2823
TLJ2,TLH1,2019,4974
TLJ2,TLH2,2019,2789
TLJ2,TLH3,2019,2575
TLJ2,TLI3,2019,5905
TLJ2,TLI4,2019,8341
TLJ2,TLI5,2019,2842
TLJ2,TLI6,2019,8684
TLJ2,TLI7,2019,5870
TLJ2,TLJ1,2019,9011
TLJ2,TLJ3,2019,15646
TLJ2,TLJ4,2019,7834
TLJ2,TLK1,2019,7036
TLJ2,TLK2,2019,5404
TLJ2,TLK3,2019,1672
TLJ2,TLK4,2019,4274
TLJ2,TLL1,2019,1796
TLJ2,TLL2,2019,1428
TLJ2,TLN0,2019,446
TLJ3,S92000003,2019,1536
TLJ3,TLC1,2019,692
TLJ3,TLC2,2019,670
TLJ3,TLD1,2019,278
TLJ3,TLD3,2019,1124
TLJ3,TLD4,2019,646
TLJ3,TLD6,2019,463
TLJ3,TLD7,2019,609
TLJ3,TLE1,2019,424
TLJ3,TLE2,2019,696
TLJ3,TLE3,2019,665
TLJ3,TLE4,2019,1054
TLJ3,TLF1,2019,1405
TLJ3,TLF2,2019,1679
TLJ3,TLF3,2019,606
TLJ3,TLG1,2019,1238
TLJ3,TLG2,2019,999
TLJ3,TLG3,2019,1878
TLJ3,TLH1,2019,2382
TLJ3,TLH2,2019,1984
TLJ3,TLH3,2019,1634
TLJ3,TLI3,2019,2273
TLJ3,TLI4,2019,3595
TLJ3,TLI5,2019,1606
TLJ3,TLI6,2019,2383
TLJ3,TLI7,2019,2781
TLJ3,TLJ1,2019,8060
TLJ3,TLJ2,2019,12583
TLJ3,TLJ4,2019,2252
TLJ3,TLK1,2019,8085
TLJ3,TLK2,2019,7775
TLJ3,TLK3,2019,1440
TLJ3,TLK4,2019,3360
TLJ3,TLL1,2019,1558
TLJ3,TLL2,2019,1295
TLJ3,TLN0,2019,293
TLJ4,S92000003,2019,1197
TLJ4,TLC1,2019,778
TLJ4,TLC2,2019,525
TLJ4,TLD1,2019,170
TLJ4,TLD3,2019,887
TLJ4,TLD4,2019,521
TLJ4,TLD6,2019,365
TLJ4,TLD7,2019,522
TLJ4,TLE1,2019,426
TLJ4,TLE2,2019,599
TLJ4,TLE3,2019,679
TLJ4,TLE4,2019,1075
TLJ4,TLF1,2019,1746
TLJ4,TLF2,2019,1527
TLJ4,TLF3,2019,902
TLJ4,TLG1,2019,640
TLJ4,TLG2,2019,631
TLJ4,TLG3,2019,1510
TLJ4,TLH1,2019,3449
TLJ4,TLH2,2019,1539
TLJ4,TLH3,2019,2932
TLJ4,TLI3,2019,2182
TLJ4,TLI4,2019,4999
TLJ4,TLI5,2019,4962
TLJ4,TLI6,2019,3205
TLJ4,TLI7,2019,2062
TLJ4,TLJ1,2019,2456
TLJ4,TLJ2,2019,8405
TLJ4,TLJ3,2019,2802
TLJ4,TLK1,2019,2410
TLJ4,TLK2,2019,1459
TLJ4,TLK3,2019,896
TLJ4,TLK4,2019,1664
TLJ4,TLL1,2019,842
TLJ4,TLL2,2019,597
TLJ4,TLN0,2019,254
TLK1,S92000003,2019,1990
TLK1,TLC1,2019,760
TLK1,TLC2,2019,932
TLK1,TLD1,2019,332
TLK1,TLD3,2019,2084
TLK1,TLD4,2019,886
TLK1,TLD6,2019,809
TLK1,TLD7,2019,1061
TLK1,TLE1,2019,443
TLK1,TLE2,2019,1031
TLK1,TLE3,2019,1003
TLK1,TLE4,2019,1694
TLK1,TLF1,2019,2205
TLK1,TLF2,2019,2271
TLK1,TLF3,2019,649
TLK1,TLG1,2019,5415
TLK1,TLG2,2019,1771
TLK1,TLG3,2019,3813
TLK1,TLH1,2019,2753
TLK1,TLH2,2019,1817
TLK1,TLH3,2019,1212
TLK1,TLI3,2019,3905
TLK1,TLI4,2019,5330
TLK1,TLI5,2019,1288
TLK1,TLI6,2019,1401
TLK1,TLI7,2019,2928
TLK1,TLJ1,2019,7976
TLK1,TLJ2,2019,5107
TLK1,TLJ3,2019,6323
TLK1,TLJ4,2019,1568
TLK1,TLK2,2019,10715
TLK1,TLK3,2019,2900
TLK1,TLK4,2019,7919
TLK1,TLL1,2019,4758
TLK1,TLL2,2019,6180
TLK1,TLN0,2019,381
TLK2,S92000003,2019,813
TLK2,TLC1,2019,398
TLK2,TLC2,2019,373
TLK2,TLD1,2019,185
TLK2,TLD3,2019,844
TLK2,TLD4,2019,468
TLK2,TLD6,2019,306
TLK2,TLD7,2019,445
TLK2,TLE1,2019,203
TLK2,TLE2,2019,437
TLK2,TLE3,2019,336
TLK2,TLE4,2019,647
TLK2,TLF1,2019,873
TLK2,TLF2,2019,1015
TLK2,TLF3,2019,366
TLK2,TLG1,2019,1045
TLK2,TLG2,2019,655
TLK2,TLG3,2019,1246
TLK2,TLH1,2019,1280
TLK2,TLH2,2019,1249
TLK2,TLH3,2019,814
TLK2,TLI3,2019,1626
TLK2,TLI4,2019,2386
TLK2,TLI5,2019,717
TLK2,TLI6,2019,1106
TLK2,TLI7,2019,1462
TLK2,TLJ1,2019,3291
TLK2,TLJ2,2019,4030
TLK2,TLJ3,2019,6943
TLK2,TLJ4,2019,1175
TLK2,TLK1,2019,9804
TLK2,TLK3,2019,1383
TLK2,TLK4,2019,5736
TLK2,TLL1,2019,1320
TLK2,TLL2,2019,1261
TLK2,TLN0,2019,149
TLK3,S92000003,2019,488
TLK3,TLC1,2019,132
TLK3,TLC2,2019,161
TLK3,TLD1,2019,111
TLK3,TLD3,2019,377
TLK3,TLD4,2019,219
TLK3,TLD6,2019,183
TLK3,TLD7,2019,210
TLK3,TLE1,2019,123
TLK3,TLE2,2019,190
TLK3,TLE3,2019,169
TLK3,TLE4,2019,276
TLK3,TLF1,2019,449
TLK3,TLF2,2019,442
TLK3,TLF3,2019,181
TLK3,TLG1,2019,561
TLK3,TLG2,2019,484
TLK3,TLG3,2019,474
TLK3,TLH1,2019,579
TLK3,TLH2,2019,332
TLK3,TLH3,2019,310
TLK3,TLI3,2019,389
TLK3,TLI4,2019,688
TLK3,TLI5,2019,200
TLK3,TLI6,2019,278
TLK3,TLI7,2019,384
TLK3,TLJ1,2019,849
TLK3,TLJ2,2019,1112
TLK3,TLJ3,2019,893
TLK3,TLJ4,2019,385
TLK3,TLK1,2019,2629
TLK3,TLK2,2019,1236
TLK3,TLK4,2019,5158
TLK3,TLL1,2019,497
TLK3,TLL2,2019,510
TLK3,TLN0,2019,74
TLK4,S92000003,2019,842
TLK4,TLC1,2019,337
TLK4,TLC2,2019,361
TLK4,TLD1,2019,179
TLK4,TLD3,2019,884
TLK4,TLD4,2019,487
TLK4,TLD6,2019,427
TLK4,TLD7,2019,463
TLK4,TLE1,2019,195
TLK4,TLE2,2019,435
TLK4,TLE3,2019,390
TLK4,TLE4,2019,689
TLK4,TLF1,2019,945
TLK4,TLF2,2019,968
TLK4,TLF3,2019,286
TLK4,TLG1,2019,1331
TLK4,TLG2,2019,861
TLK4,TLG3,2019,1539
TLK4,TLH1,2019,1290
TLK4,TLH2,2019,978
TLK4,TLH3,2019,814
TLK4,TLI3,2019,1430
TLK4,TLI4,2019,2067
TLK4,TLI5,2019,628
TLK4,TLI6,2019,728
TLK4,TLI7,2019,1098
TLK4,TLJ1,2019,2727
TLK4,TLJ2,2019,2761
TLK4,TLJ3,2019,2494
TLK4,TLJ4,2019,975
TLK4,TLK1,2019,7736
TLK4,TLK2,2019,5163
TLK4,TLK3,2019,4902
TLK4,TLL1,2019,1254
TLK4,TLL2,2019,1484
TLK4,TLN0,2019,161
TLL1,S92000003,2019,870
TLL1,TLC1,2019,374
TLL1,TLC2,2019,347
TLL1,TLD1,2019,216
TLL1,TLD3,2019,1839
TLL1,TLD4,2019,824
TLL1,TLD6,2019,1351
TLL1,TLD7,2019,1745
TLL1,TLE1,2019,213
TLL1,TLE2,2019,366
TLL1,TLE3,2019,375
TLL1,TLE4,2019,799
TLL1,TLF1,2019,885
TLL1,TLF2,2019,858
TLL1,TLF3,2019,266
TLL1,TLG1,2019,1332
TLL1,TLG2,2019,1457
TLL1,TLG3,2019,1674
TLL1,TLH1,2019,998
TLL1,TLH2,2019,607
TLL1,TLH3,2019,449
TLL1,TLI3,2019,587
TLL1,TLI4,2019,1055
TLL1,TLI5,2019,421
TLL1,TLI6,2019,393
TLL1,TLI7,2019,788
TLL1,TLJ1,2019,1486
TLL1,TLJ2,2019,1227
TLL1,TLJ3,2019,1197
TLL1,TLJ4,2019,441
TLL1,TLK1,2019,4287
TLL1,TLK2,2019,1138
TLL1,TLK3,2019,556
TLL1,TLK4,2019,1382
TLL1,TLL2,2019,12535
TLL1,TLN0,2019,211
TLL2,S92000003,2019,716
TLL2,TLC1,2019,255
TLL2,TLC2,2019,271
TLL2,TLD1,2019,89
TLL2,TLD3,2019,1286
TLL2,TLD4,2019,495
TLL2,TLD6,2019,1972
TLL2,TLD7,2019,1321
TLL2,TLE1,2019,160
TLL2,TLE2,2019,303
TLL2,TLE3,2019,352
TLL2,TLE4,2019,690
TLL2,TLF1,2019,694
TLL2,TLF2,2019,642
TLL2,TLF3,2019,201
TLL2,TLG1,2019,1453
TLL2,TLG2,2019,2132
TLL2,TLG3,2019,1475
TLL2,TLH1,2019,711
TLL2,TLH2,2019,504
TLL2,TLH3,2019,338
TLL2,TLI3,2019,874
TLL2,TLI4,2019,1369
TLL2,TLI5,2019,488
TLL2,TLI6,2019,412
TLL2,TLI7,2019,972
TLL2,TLJ1,2019,1518
TLL2,TLJ2,2019,1073
TLL2,TLJ3,2019,1089
TLL2,TLJ4,2019,343
TLL2,TLK1,2019,5044
TLL2,TLK2,2019,1107
TLL2,TLK3,2019,542
TLL2,TLK4,2019,1448
TLL2,TLL1,2019,13482
TLL2,TLN0,2019,188
TLM5,TLM6,2019,1388
TLM5,TLM7,2019,4063
TLM5,TLM8,2019,1496
TLM5,TLM9,2019,600
TLM6,TLM5,2019,1653
TLM6,TLM7,2019,3175
TLM6,TLM8,2019,2537
TLM6,TLM9,2019,1062
TLM7,TLM5,2019,2943
TLM7,TLM6,2019,2850
TLM7,TLM8,2019,7820
TLM7,TLM9,2019,4465
TLM8,TLM5,2019,997
TLM8,TLM6,2019,2106
TLM8,TLM7,2019,7348
TLM8,TLM9,2019,9046
TLM9,TLM5,2019,510
TLM9,TLM6,2019,974
TLM9,TLM7,2019,4374
TLM9,TLM8,2019,7150
TLN0,S92000003,2019,2071
TLN0,TLC1,2019,175
TLN0,TLC2,2019,461
TLN0,TLD1,2019,45
TLN0,TLD3,2019,570
TLN0,TLD4,2019,283
TLN0,TLD6,2019,138
TLN0,TLD7,2019,1071
TLN0,TLE1,2019,76
TLN0,TLE2,2019,123
TLN0,TLE3,2019,107
TLN0,TLE4,2019,294
TLN0,TLF1,2019,232
TLN0,TLF2,2019,160
TLN0,TLF3,2019,50
TLN0,TLG1,2019,114
TLN0,TLG2,2019,185
TLN0,TLG3,2019,279
TLN0,TLH1,2019,227
TLN0,TLH2,2019,159
TLN0,TLH3,2019,141
TLN0,TLI3,2019,295
TLN0,TLI4,2019,542
TLN0,TLI5,2019,172
TLN0,TLI6,2019,112
TLN0,TLI7,2019,266
TLN0,TLJ1,2019,301
TLN0,TLJ2,2019,307
TLN0,TLJ3,2019,198
TLN0,TLJ4,2019,181
TLN0,TLK1,2019,342
TLN0,TLK2,2019,96
TLN0,TLK3,2019,40
TLN0,TLK4,2019,115
TLN0,TLL1,2019,175
TLN0,TLL2,2019,187
S92000003,TLC1,2020,926
S92000003,TLC2,2020,1918
S92000003,TLD1,2020,762
S92000003,TLD3,2020,1497
S92000003,TLD4,2020,1044
S92000003,TLD6,2020,497
S92000003,TLD7,2020,728
S92000003,TLE1,2020,421
S92000003,TLE2,2020,799
S92000003,TLE3,2020,526
S92000003,TLE4,2020,1078
S92000003,TLF1,2020,901
S92000003,TLF2,2020,591
S92000003,TLF3,2020,404
S92000003,TLG1,2020,505
S92000003,TLG2,2020,567
S92000003,TLG3,2020,861
S92000003,TLH1,2020,1228
S92000003,TLH2,2020,725
S92000003,TLH3,2020,464
S92000003,TLI3,2020,1699
S92000003,TLI4,2020,2579
S92000003,TLI5,2020,609
S92000003,TLI6,2020,626
S92000003,TLI7,2020,1037
S92000003,TLJ1,2020,1443
S92000003,TLJ2,2020,1359
S92000003,TLJ3,2020,981
S92000003,TLJ4,2020,589
S92000003,TLK1,2020,1278
S92000003,TLK2,2020,568
S92000003,TLK3,2020,305
S92000003,TLK4,2020,587
S92000003,TLL1,2020,548
S92000003,TLL2,2020,414
S92000003,TLN0,2020,1786
TLC1,S92000003,2020,902
TLC1,TLC2,2020,9839
TLC1,TLD1,2020,627
TLC1,TLD3,2020,1372
TLC1,TLD4,2020,785
TLC1,TLD6,2020,375
TLC1,TLD7,2020,577
TLC1,TLE1,2020,574
TLC1,TLE2,2020,3169
TLC1,TLE3,2020,794
TLC1,TLE4,2020,2432
TLC1,TLF1,2020,801
TLC1,TLF2,2020,541
TLC1,TLF3,2020,356
TLC1,TLG1,2020,375
TLC1,TLG2,2020,355
TLC1,TLG3,2020,674
TLC1,TLH1,2020,979
TLC1,TLH2,2020,486
TLC1,TLH3,2020,365
TLC1,TLI3,2020,900
TLC1,TLI4,2020,1329
TLC1,TLI5,2020,429
TLC1,TLI6,2020,363
TLC1,TLI7,2020,776
TLC1,TLJ1,2020,967
TLC1,TLJ2,2020,761
TLC1,TLJ3,2020,411
TLC1,TLJ4,2020,398
TLC1,TLK1,2020,680
TLC1,TLK2,2020,217
TLC1,TLK3,2020,146
TLC1,TLK4,2020,276
TLC1,TLL1,2020,434
TLC1,TLL2,2020,274
TLC1,TLN0,2020,134
TLC2,S92000003,2020,1880
TLC2,TLC1,2020,9742
TLC2,TLD1,2020,976
TLC2,TLD3,2020,2074
TLC2,TLD4,2020,936
TLC2,TLD6,2020,434
TLC2,TLD7,2020,883
TLC2,TLE1,2020,845
TLC2,TLE2,2020,1965
TLC2,TLE3,2020,1050
TLC2,TLE4,2020,3253
TLC2,TLF1,2020,1149
TLC2,TLF2,2020,671
TLC2,TLF3,2020,476
TLC2,TLG1,2020,293
TLC2,TLG2,2020,436
TLC2,TLG3,2020,828
TLC2,TLH1,2020,976
TLC2,TLH2,2020,529
TLC2,TLH3,2020,305
TLC2,TLI3,2020,918
TLC2,TLI4,2020,1471
TLC2,TLI5,2020,369
TLC2,TLI6,2020,365
TLC2,TLI7,2020,992
TLC2,TLJ1,2020,892
TLC2,TLJ2,2020,813
TLC2,TLJ3,2020,385
TLC2,TLJ4,2020,347
TLC2,TLK1,2020,872
TLC2,TLK2,2020,221
TLC2,TLK3,2020,128
TLC2,TLK4,2020,287
TLC2,TLL1,2020,355
TLC2,TLL2,2020,361
TLC2,TLN0,2020,336
TLD1,S92000003,2020,884
TLD1,TLC1,2020,727
TLD1,TLC2,2020,1177
TLD1,TLD3,2020,963
TLD1,TLD4,2020,2083
TLD1,TLD6,2020,255
TLD1,TLD7,2020,449
TLD1,TLE1,2020,142
TLD1,TLE2,2020,531
TLD1,TLE3,2020,213
TLD1,TLE4,2020,682
TLD1,TLF1,2020,233
TLD1,TLF2,2020,200
TLD1,TLF3,2020,112
TLD1,TLG1,2020,142
TLD1,TLG2,2020,166
TLD1,TLG3,2020,166
TLD1,TLH1,2020,248
TLD1,TLH2,2020,109
TLD1,TLH3,2020,94
TLD1,TLI3,2020,118
TLD1,TLI4,2020,174
TLD1,TLI5,2020,59
TLD1,TLI6,2020,40
TLD1,TLI7,2020,86
TLD1,TLJ1,2020,234
TLD1,TLJ2,2020,186
TLD1,TLJ3,2020,146
TLD1,TLJ4,2020,81
TLD1,TLK1,2020,259
TLD1,TLK2,2020,141
TLD1,TLK3,2020,56
TLD1,TLK4,2020,145
TLD1,TLL1,2020,232
TLD1,TLL2,2020,116
TLD1,TLN0,2020,76
TLD3,S92000003,2020,1797
TLD3,TLC1,2020,1200
TLD3,TLC2,2020,1944
TLD3,TLD1,2020,1184
TLD3,TLD4,2020,13501
TLD3,TLD6,2020,9113
TLD3,TLD7,2020,7234
TLD3,TLE1,2020,920
TLD3,TLE2,2020,1569
TLD3,TLE3,2020,2726
TLD3,TLE4,2020,7175
TLD3,TLF1,2020,4233
TLD3,TLF2,2020,1541
TLD3,TLF3,2020,669
TLD3,TLG1,2020,900
TLD3,TLG2,2020,2044
TLD3,TLG3,2020,3247
TLD3,TLH1,2020,1699
TLD3,TLH2,2020,1159
TLD3,TLH3,2020,671
TLD3,TLI3,2020,1839
TLD3,TLI4,2020,3453
TLD3,TLI5,2020,1186
TLD3,TLI6,2020,882
TLD3,TLI7,2020,2328
TLD3,TLJ1,2020,1902
TLD3,TLJ2,2020,1471
TLD3,TLJ3,2020,917
TLD3,TLJ4,2020,641
TLD3,TLK1,2020,1884
TLD3,TLK2,2020,732
TLD3,TLK3,2020,435
TLD3,TLK4,2020,792
TLD3,TLL1,2020,2406
TLD3,TLL2,2020,1230
TLD3,TLN0,2020,511
TLD4,S92000003,2020,1295
TLD4,TLC1,2020,828
TLD4,TLC2,2020,979
TLD4,TLD1,2020,2115
TLD4,TLD3,2020,10186
TLD4,TLD6,2020,1615
TLD4,TLD7,2020,5092
TLD4,TLE1,2020,517
TLD4,TLE2,2020,1353
TLD4,TLE3,2020,903
TLD4,TLE4,2020,3365
TLD4,TLF1,2020,1059
TLD4,TLF2,2020,769
TLD4,TLF3,2020,323
TLD4,TLG1,2020,432
TLD4,TLG2,2020,997
TLD4,TLG3,2020,1272
TLD4,TLH1,2020,749
TLD4,TLH2,2020,499
TLD4,TLH3,2020,347
TLD4,TLI3,2020,550
TLD4,TLI4,2020,940
TLD4,TLI5,2020,437
TLD4,TLI6,2020,323
TLD4,TLI7,2020,594
TLD4,TLJ1,2020,887
TLD4,TLJ2,2020,621
TLD4,TLJ3,2020,408
TLD4,TLJ4,2020,303
TLD4,TLK1,2020,843
TLD4,TLK2,2020,311
TLD4,TLK3,2020,249
TLD4,TLK4,2020,433
TLD4,TLL1,2020,894
TLD4,TLL2,2020,517
TLD4,TLN0,2020,255
TLD6,S92000003,2020,608
TLD6,TLC1,2020,414
TLD6,TLC2,2020,582
TLD6,TLD1,2020,351
TLD6,TLD3,2020,5491
TLD6,TLD4,2020,1704
TLD6,TLD7,2020,5876
TLD6,TLE1,2020,231
TLD6,TLE2,2020,589
TLD6,TLE3,2020,899
TLD6,TLE4,2020,1392
TLD6,TLF1,2020,1343
TLD6,TLF2,2020,517
TLD6,TLF3,2020,219
TLD6,TLG1,2020,386
TLD6,TLG2,2020,2587
TLD6,TLG3,2020,1005
TLD6,TLH1,2020,521
TLD6,TLH2,2020,296
TLD6,TLH3,2020,206
TLD6,TLI3,2020,367
TLD6,TLI4,2020,577
TLD6,TLI5,2020,192
TLD6,TLI6,2020,137
TLD6,TLI7,2020,313
TLD6,TLJ1,2020,618
TLD6,TLJ2,2020,454
TLD6,TLJ3,2020,268
TLD6,TLJ4,2020,219
TLD6,TLK1,2020,724
TLD6,TLK2,2020,227
TLD6,TLK3,2020,223
TLD6,TLK4,2020,362
TLD6,TLL1,2020,1462
TLD6,TLL2,2020,2078
TLD6,TLN0,2020,122
TLD7,S92000003,2020,880
TLD7,TLC1,2020,527
TLD7,TLC2,2020,808
TLD7,TLD1,2020,553
TLD7,TLD3,2020,6769
TLD7,TLD4,2020,5534
TLD7,TLD6,2020,5783
TLD7,TLE1,2020,367
TLD7,TLE2,2020,710
TLD7,TLE3,2020,972
TLD7,TLE4,2020,2140
TLD7,TLF1,2020,1319
TLD7,TLF2,2020,719
TLD7,TLF3,2020,266
TLD7,TLG1,2020,619
TLD7,TLG2,2020,1363
TLD7,TLG3,2020,1533
TLD7,TLH1,2020,725
TLD7,TLH2,2020,536
TLD7,TLH3,2020,308
TLD7,TLI3,2020,743
TLD7,TLI4,2020,1363
TLD7,TLI5,2020,408
TLD7,TLI6,2020,387
TLD7,TLI7,2020,790
TLD7,TLJ1,2020,926
TLD7,TLJ2,2020,729
TLD7,TLJ3,2020,447
TLD7,TLJ4,2020,356
TLD7,TLK1,2020,925
TLD7,TLK2,2020,315
TLD7,TLK3,2020,217
TLD7,TLK4,2020,369
TLD7,TLL1,2020,2044
TLD7,TLL2,2020,1637
TLD7,TLN0,2020,709
TLE1,S92000003,2020,496
TLE1,TLC1,2020,726
TLE1,TLC2,2020,940
TLE1,TLD1,2020,225
TLE1,TLD3,2020,1332
TLE1,TLD4,2020,491
TLE1,TLD6,2020,245
TLE1,TLD7,2020,558
TLE1,TLE2,2020,2957
TLE1,TLE3,2020,2439
TLE1,TLE4,2020,3366
TLE1,TLF1,2020,1347
TLE1,TLF2,2020,628
TLE1,TLF3,2020,2946
TLE1,TLG1,2020,215
TLE1,TLG2,2020,363
TLE1,TLG3,2020,547
TLE1,TLH1,2020,707
TLE1,TLH2,2020,301
TLE1,TLH3,2020,252
TLE1,TLI3,2020,285
TLE1,TLI4,2020,491
TLE1,TLI5,2020,216
TLE1,TLI6,2020,173
TLE1,TLI7,2020,362
TLE1,TLJ1,2020,456
TLE1,TLJ2,2020,340
TLE1,TLJ3,2020,274
TLE1,TLJ4,2020,226
TLE1,TLK1,2020,431
TLE1,TLK2,2020,173
TLE1,TLK3,2020,142
TLE1,TLK4,2020,189
TLE1,TLL1,2020,350
TLE1,TLL2,2020,234
TLE1,TLN0,2020,63
TLE2,S92000003,2020,1135
TLE2,TLC1,2020,3473
TLE2,TLC2,2020,2540
TLE2,TLD1,2020,550
TLE2,TLD3,2020,1623
TLE2,TLD4,2020,1442
TLE2,TLD6,2020,516
TLE2,TLD7,2020,810
TLE2,TLE1,2020,3685
TLE2,TLE3,2020,1850
TLE2,TLE4,2020,6307
TLE2,TLF1,2020,1395
TLE2,TLF2,2020,686
TLE2,TLF3,2020,643
TLE2,TLG1,2020,393
TLE2,TLG2,2020,493
TLE2,TLG3,2020,642
TLE2,TLH1,2020,1238
TLE2,TLH2,2020,532
TLE2,TLH3,2020,352
TLE2,TLI3,2020,811
TLE2,TLI4,2020,1160
TLE2,TLI5,2020,291
TLE2,TLI6,2020,301
TLE2,TLI7,2020,531
TLE2,TLJ1,2020,922
TLE2,TLJ2,2020,807
TLE2,TLJ3,2020,508
TLE2,TLJ4,2020,336
TLE2,TLK1,2020,1030
TLE2,TLK2,2020,267
TLE2,TLK3,2020,148
TLE2,TLK4,2020,341
TLE2,TLL1,2020,489
TLE2,TLL2,2020,339
TLE2,TLN0,2020,144
TLE3,S92000003,2020,730
TLE3,TLC1,2020,794
TLE3,TLC2,2020,1278
TLE3,TLD1,2020,285
TLE3,TLD3,2020,3110
TLE3,TLD4,2020,900
TLE3,TLD6,2020,794
TLE3,TLD7,2020,1093
TLE3,TLE1,2020,2439
TLE3,TLE2,2020,1881
TLE3,TLE4,2020,6686
TLE3,TLF1,2020,8067
TLE3,TLF2,2020,1639
TLE3,TLF3,2020,1829
TLE3,TLG1,2020,595
TLE3,TLG2,2020,803
TLE3,TLG3,2020,1671
TLE3,TLH1,2020,1473
TLE3,TLH2,2020,749
TLE3,TLH3,2020,395
TLE3,TLI3,2020,712
TLE3,TLI4,2020,1367
TLE3,TLI5,2020,489
TLE3,TLI6,2020,388
TLE3,TLI7,2020,813
TLE3,TLJ1,2020,1058
TLE3,TLJ2,2020,746
TLE3,TLJ3,2020,444
TLE3,TLJ4,2020,413
TLE3,TLK1,2020,999
TLE3,TLK2,2020,301
TLE3,TLK3,2020,237
TLE3,TLK4,2020,365
TLE3,TLL1,2020,489
TLE3,TLL2,2020,420
TLE3,TLN0,2020,146
TLE4,S92000003,2020,1522
TLE4,TLC1,2020,2366
TLE4,TLC2,2020,3409
TLE4,TLD1,2020,713
TLE4,TLD3,2020,7661
TLE4,TLD4,2020,3687
TLE4,TLD6,2020,1250
TLE4,TLD7,2020,2421
TLE4,TLE1,2020,3770
TLE4,TLE2,2020,8441
TLE4,TLE3,2020,7038
TLE4,TLF1,2020,3564
TLE4,TLF2,2020,1810
TLE4,TLF3,2020,1408
TLE4,TLG1,2020,832
TLE4,TLG2,2020,1102
TLE4,TLG3,2020,2744
TLE4,TLH1,2020,2013
TLE4,TLH2,2020,1323
TLE4,TLH3,2020,720
TLE4,TLI3,2020,1480
TLE4,TLI4,2020,3003
TLE4,TLI5,2020,1053
TLE4,TLI6,2020,809
TLE4,TLI7,2020,1961
TLE4,TLJ1,2020,1893
TLE4,TLJ2,2020,1489
TLE4,TLJ3,2020,730
TLE4,TLJ4,2020,601
TLE4,TLK1,2020,1665
TLE4,TLK2,2020,447
TLE4,TLK3,2020,342
TLE4,TLK4,2020,632
TLE4,TLL1,2020,1043
TLE4,TLL2,2020,776
TLE4,TLN0,2020,305
TLF1,S92000003,2020,1189
TLF1,TLC1,2020,925
TLF1,TLC2,2020,1399
TLF1,TLD1,2020,328
TLF1,TLD3,2020,3935
TLF1,TLD4,2020,1209
TLF1,TLD6,2020,1177
TLF1,TLD7,2020,1452
TLF1,TLE1,2020,1419
TLF1,TLE2,2020,1547
TLF1,TLE3,2020,6796
TLF1,TLE4,2020,3792
TLF1,TLF2,2020,7241
TLF1,TLF3,2020,5021
TLF1,TLG1,2020,1890
TLF1,TLG2,2020,4582
TLF1,TLG3,2020,5147
TLF1,TLH1,2020,3300
TLF1,TLH2,2020,2440
TLF1,TLH3,2020,1199
TLF1,TLI3,2020,1583
TLF1,TLI4,2020,2768
TLF1,TLI5,2020,1311
TLF1,TLI6,2020,960
TLF1,TLI7,2020,2083
TLF1,TLJ1,2020,2576
TLF1,TLJ2,2020,1856
TLF1,TLJ3,2020,1014
TLF1,TLJ4,2020,916
TLF1,TLK1,2020,2106
TLF1,TLK2,2020,762
TLF1,TLK3,2020,705
TLF1,TLK4,2020,992
TLF1,TLL1,2020,1434
TLF1,TLL2,2020,893
TLF1,TLN0,2020,231
TLF2,S92000003,2020,1111
TLF2,TLC1,2020,817
TLF2,TLC2,2020,974
TLF2,TLD1,2020,289
TLF2,TLD3,2020,1956
TLF2,TLD4,2020,970
TLF2,TLD6,2020,650
TLF2,TLD7,2020,1052
TLF2,TLE1,2020,750
TLF2,TLE2,2020,1058
TLF2,TLE3,2020,1835
TLF2,TLE4,2020,2212
TLF2,TLF1,2020,8000
TLF2,TLF3,2020,3330
TLF2,TLG1,2020,3788
TLF2,TLG2,2020,1981
TLF2,TLG3,2020,5888
TLF2,TLH1,2020,4829
TLF2,TLH2,2020,3275
TLF2,TLH3,2020,1294
TLF2,TLI3,2020,1504
TLF2,TLI4,2020,3101
TLF2,TLI5,2020,1773
TLF2,TLI6,2020,1092
TLF2,TLI7,2020,2391
TLF2,TLJ1,2020,5337
TLF2,TLJ2,2020,2180
TLF2,TLJ3,2020,1471
TLF2,TLJ4,2020,1065
TLF2,TLK1,2020,2467
TLF2,TLK2,2020,1013
TLF2,TLK3,2020,642
TLF2,TLK4,2020,1155
TLF2,TLL1,2020,1557
TLF2,TLL2,2020,972
TLF2,TLN0,2020,209
TLF3,S92000003,2020,541
TLF3,TLC1,2020,466
TLF3,TLC2,2020,632
TLF3,TLD1,2020,146
TLF3,TLD3,2020,715
TLF3,TLD4,2020,371
TLF3,TLD6,2020,265
TLF3,TLD7,2020,362
TLF3,TLE1,2020,2766
TLF3,TLE2,2020,753
TLF3,TLE3,2020,2127
TLF3,TLE4,2020,1426
TLF3,TLF1,2020,4966
TLF3,TLF2,2020,2543
TLF3,TLG1,2020,445
TLF3,TLG2,2020,587
TLF3,TLG3,2020,910
TLF3,TLH1,2020,4062
TLF3,TLH2,2020,750
TLF3,TLH3,2020,513
TLF3,TLI3,2020,290
TLF3,TLI4,2020,613
TLF3,TLI5,2020,281
TLF3,TLI6,2020,181
TLF3,TLI7,2020,353
TLF3,TLJ1,2020,767
TLF3,TLJ2,2020,609
TLF3,TLJ3,2020,442
TLF3,TLJ4,2020,408
TLF3,TLK1,2020,656
TLF3,TLK2,2020,316
TLF3,TLK3,2020,215
TLF3,TLK4,2020,257
TLF3,TLL1,2020,469
TLF3,TLL2,2020,293
TLF3,TLN0,2020,71
TLG1,S92000003,2020,653
TLG1,TLC1,2020,387
TLG1,TLC2,2020,417
TLG1,TLD1,2020,151
TLG1,TLD3,2020,1037
TLG1,TLD4,2020,497
TLG1,TLD6,2020,433
TLG1,TLD7,2020,703
TLG1,TLE1,2020,231
TLG1,TLE2,2020,480
TLG1,TLE3,2020,618
TLG1,TLE4,2020,813
TLG1,TLF1,2020,2085
TLG1,TLF2,2020,3712
TLG1,TLF3,2020,521
TLG1,TLG2,2020,3186
TLG1,TLG3,2020,9858
TLG1,TLH1,2020,1103
TLG1,TLH2,2020,671
TLG1,TLH3,2020,336
TLG1,TLI3,2020,883
TLG1,TLI4,2020,1305
TLG1,TLI5,2020,441
TLG1,TLI6,2020,403
TLG1,TLI7,2020,721
TLG1,TLJ1,2020,2260
TLG1,TLJ2,2020,1077
TLG1,TLJ3,2020,890
TLG1,TLJ4,2020,427
TLG1,TLK1,2020,5011
TLG1,TLK2,2020,978
TLG1,TLK3,2020,783
TLG1,TLK4,2020,1432
TLG1,TLL1,2020,1660
TLG1,TLL2,2020,1837
TLG1,TLN0,2020,135
TLG2,S92000003,2020,733
TLG2,TLC1,2020,450
TLG2,TLC2,2020,433
TLG2,TLD1,2020,243
TLG2,TLD3,2020,2358
TLG2,TLD4,2020,1017
TLG2,TLD6,2020,3416
TLG2,TLD7,2020,1681
TLG2,TLE1,2020,383
TLG2,TLE2,2020,632
TLG2,TLE3,2020,860
TLG2,TLE4,2020,1101
TLG2,TLF1,2020,5108
TLG2,TLF2,2020,1889
TLG2,TLF3,2020,520
TLG2,TLG1,2020,3075
TLG2,TLG3,2020,7500
TLG2,TLH1,2020,1101
TLG2,TLH2,2020,588
TLG2,TLH3,2020,380
TLG2,TLI3,2020,469
TLG2,TLI4,2020,939
TLG2,TLI5,2020,397
TLG2,TLI6,2020,324
TLG2,TLI7,2020,516
TLG2,TLJ1,2020,1256
TLG2,TLJ2,2020,794
TLG2,TLJ3,2020,765
TLG2,TLJ4,2020,404
TLG2,TLK1,2020,1616
TLG2,TLK2,2020,565
TLG2,TLK3,2020,465
TLG2,TLK4,2020,896
TLG2,TLL1,2020,1685
TLG2,TLL2,2020,1945
TLG2,TLN0,2020,165
TLG3,S92000003,2020,1181
TLG3,TLC1,2020,816
TLG3,TLC2,2020,792
TLG3,TLD1,2020,284
TLG3,TLD3,2020,3600
TLG3,TLD4,2020,1530
TLG3,TLD6,2020,884
TLG3,TLD7,2020,1757
TLG3,TLE1,2020,618
TLG3,TLE2,2020,700
TLG3,TLE3,2020,1540
TLG3,TLE4,2020,2675
TLG3,TLF1,2020,5580
TLG3,TLF2,2020,6032
TLG3,TLF3,2020,944
TLG3,TLG1,2020,20207
TLG3,TLG2,2020,15121
TLG3,TLH1,2020,2577
TLG3,TLH2,2020,2518
TLG3,TLH3,2020,1270
TLG3,TLI3,2020,2041
TLG3,TLI4,2020,4617
TLG3,TLI5,2020,2591
TLG3,TLI6,2020,1550
TLG3,TLI7,2020,3870
TLG3,TLJ1,2020,4274
TLG3,TLJ2,2020,2331
TLG3,TLJ3,2020,1612
TLG3,TLJ4,2020,1063
TLG3,TLK1,2020,4046
TLG3,TLK2,2020,1378
TLG3,TLK3,2020,854
TLG3,TLK4,2020,1998
TLG3,TLL1,2020,2469
TLG3,TLL2,2020,1919
TLG3,TLN0,2020,277
TLH1,S92000003,2020,1721
TLH1,TLC1,2020,1023
TLH1,TLC2,2020,1231
TLH1,TLD1,2020,368
TLH1,TLD3,2020,1850
TLH1,TLD4,2020,818
TLH1,TLD6,2020,548
TLH1,TLD7,2020,843
TLH1,TLE1,2020,759
TLH1,TLE2,2020,1461
TLH1,TLE3,2020,1711
TLH1,TLE4,2020,2462
TLH1,TLF1,2020,3921
TLH1,TLF2,2020,4578
TLH1,TLF3,2020,5847
TLH1,TLG1,2020,1151
TLH1,TLG2,2020,1106
TLH1,TLG3,2020,2443
TLH1,TLH2,2020,4418
TLH1,TLH3,2020,6262
TLH1,TLI3,2020,2998
TLH1,TLI4,2020,5432
TLH1,TLI5,2020,1935
TLH1,TLI6,2020,1284
TLH1,TLI7,2020,2481
TLH1,TLJ1,2020,3845
TLH1,TLJ2,2020,3600
TLH1,TLJ3,2020,2023
TLH1,TLJ4,2020,1959
TLH1,TLK1,2020,3176
TLH1,TLK2,2020,1128
TLH1,TLK3,2020,680
TLH1,TLK4,2020,1375
TLH1,TLL1,2020,1374
TLH1,TLL2,2020,1039
TLH1,TLN0,2020,256
TLH2,S92000003,2020,1064
TLH2,TLC1,2020,729
TLH2,TLC2,2020,759
TLH2,TLD1,2020,204
TLH2,TLD3,2020,1348
TLH2,TLD4,2020,726
TLH2,TLD6,2020,412
TLH2,TLD7,2020,778
TLH2,TLE1,2020,439
TLH2,TLE2,2020,839
TLH2,TLE3,2020,913
TLH2,TLE4,2020,1771
TLH2,TLF1,2020,3551
TLH2,TLF2,2020,4936
TLH2,TLF3,2020,1525
TLH2,TLG1,2020,969
TLH2,TLG2,2020,894
TLH2,TLG3,2020,2907
TLH2,TLH1,2020,8223
TLH2,TLH3,2020,4670
TLH2,TLI3,2020,2260
TLH2,TLI4,2020,4439
TLH2,TLI5,2020,3027
TLH2,TLI6,2020,1221
TLH2,TLI7,2020,5326
TLH2,TLJ1,2020,8083
TLH2,TLJ2,2020,3314
TLH2,TLJ3,2020,2326
TLH2,TLJ4,2020,1583
TLH2,TLK1,2020,2498
TLH2,TLK2,2020,1817
TLH2,TLK3,2020,599
TLH2,TLK4,2020,1385
TLH2,TLL1,2020,1102
TLH2,TLL2,2020,808
TLH2,TLN0,2020,237
TLH3,S92000003,2020,879
TLH3,TLC1,2020,735
TLH3,TLC2,2020,530
TLH3,TLD1,2020,165
TLH3,TLD3,2020,819
TLH3,TLD4,2020,524
TLH3,TLD6,2020,268
TLH3,TLD7,2020,561
TLH3,TLE1,2020,401
TLH3,TLE2,2020,485
TLH3,TLE3,2020,619
TLH3,TLE4,2020,957
TLH3,TLF1,2020,1798
TLH3,TLF2,2020,1725
TLH3,TLF3,2020,1106
TLH3,TLG1,2020,632
TLH3,TLG2,2020,619
TLH3,TLG3,2020,1595
TLH3,TLH1,2020,11096
TLH3,TLH2,2020,4546
TLH3,TLI3,2020,1374
TLH3,TLI4,2020,4332
TLH3,TLI5,2020,6097
TLH3,TLI6,2020,1090
TLH3,TLI7,2020,1898
TLH3,TLJ1,2020,2025
TLH3,TLJ2,2020,2896
TLH3,TLJ3,2020,1751
TLH3,TLJ4,2020,3249
TLH3,TLK1,2020,1609
TLH3,TLK2,2020,1092
TLH3,TLK3,2020,593
TLH3,TLK4,2020,1205
TLH3,TLL1,2020,964
TLH3,TLL2,2020,607
TLH3,TLN0,2020,173
TLI3,S92000003,2020,1455
TLI3,TLC1,2020,548
TLI3,TLC2,2020,664
TLI3,TLD1,2020,148
TLI3,TLD3,2020,1398
TLI3,TLD4,2020,433
TLI3,TLD6,2020,369
TLI3,TLD7,2020,614
TLI3,TLE1,2020,206
TLI3,TLE2,2020,652
TLI3,TLE3,2020,470
TLI3,TLE4,2020,1194
TLI3,TLF1,2020,1068
TLI3,TLF2,2020,1245
TLI3,TLF3,2020,355
TLI3,TLG1,2020,775
TLI3,TLG2,2020,399
TLI3,TLG3,2020,1568
TLI3,TLH1,2020,3045
TLI3,TLH2,2020,3386
TLI3,TLH3,2020,1561
TLI3,TLI4,2020,26099
TLI3,TLI5,2020,4692
TLI3,TLI6,2020,10489
TLI3,TLI7,2020,18932
TLI3,TLJ1,2020,5728
TLI3,TLJ2,2020,7428
TLI3,TLJ3,2020,2404
TLI3,TLJ4,2020,2256
TLI3,TLK1,2020,3904
TLI3,TLK2,2020,1605
TLI3,TLK3,2020,390
TLI3,TLK4,2020,1275
TLI3,TLL1,2020,593
TLI3,TLL2,2020,736
TLI3,TLN0,2020,231
TLI4,S92000003,2020,2493
TLI4,TLC1,2020,822
TLI4,TLC2,2020,1268
TLI4,TLD1,2020,297
TLI4,TLD3,2020,3389
TLI4,TLD4,2020,855
TLI4,TLD6,2020,652
TLI4,TLD7,2020,1363
TLI4,TLE1,2020,601
TLI4,TLE2,2020,1015
TLI4,TLE3,2020,1361
TLI4,TLE4,2020,2577
TLI4,TLF1,2020,2505
TLI4,TLF2,2020,2912
TLI4,TLF3,2020,664
TLI4,TLG1,2020,1193
TLI4,TLG2,2020,1007
TLI4,TLG3,2020,4685
TLI4,TLH1,2020,5755
TLI4,TLH2,2020,7446
TLI4,TLH3,2020,8354
TLI4,TLI3,2020,22835
TLI4,TLI5,2020,39316
TLI4,TLI6,2020,19680
TLI4,TLI7,2020,16124
TLI4,TLJ1,2020,6114
TLI4,TLJ2,2020,9687
TLI4,TLJ3,2020,3123
TLI4,TLJ4,2020,8774
TLI4,TLK1,2020,5407
TLI4,TLK2,2020,2265
TLI4,TLK3,2020,780
TLI4,TLK4,2020,1784
TLI4,TLL1,2020,1119
TLI4,TLL2,2020,1332
TLI4,TLN0,2020,511
TLI5,S92000003,2020,1005
TLI5,TLC1,2020,581
TLI5,TLC2,2020,510
TLI5,TLD1,2020,128
TLI5,TLD3,2020,1736
TLI5,TLD4,2020,577
TLI5,TLD6,2020,348
TLI5,TLD7,2020,684
TLI5,TLE1,2020,311
TLI5,TLE2,2020,471
TLI5,TLE3,2020,772
TLI5,TLE4,2020,1393
TLI5,TLF1,2020,2126
TLI5,TLF2,2020,2454
TLI5,TLF3,2020,697
TLI5,TLG1,2020,581
TLI5,TLG2,2020,679
TLI5,TLG3,2020,3606
TLI5,TLH1,2020,4404
TLI5,TLH2,2020,7590
TLI5,TLH3,2020,18659
TLI5,TLI3,2020,3605
TLI5,TLI4,2020,22045
TLI5,TLI6,2020,5026
TLI5,TLI7,2020,7675
TLI5,TLJ1,2020,2921
TLI5,TLJ2,2020,4241
TLI5,TLJ3,2020,1861
TLI5,TLJ4,2020,11154
TLI5,TLK1,2020,1837
TLI5,TLK2,2020,1120
TLI5,TLK3,2020,400
TLI5,TLK4,2020,967
TLI5,TLL1,2020,715
TLI5,TLL2,2020,607
TLI5,TLN0,2020,248
TLI6,S92000003,2020,817
TLI6,TLC1,2020,434
TLI6,TLC2,2020,430
TLI6,TLD1,2020,99
TLI6,TLD3,2020,1128
TLI6,TLD4,2020,358
TLI6,TLD6,2020,255
TLI6,TLD7,2020,551
TLI6,TLE1,2020,249
TLI6,TLE2,2020,379
TLI6,TLE3,2020,459
TLI6,TLE4,2020,924
TLI6,TLF1,2020,1377
TLI6,TLF2,2020,1309
TLI6,TLF3,2020,341
TLI6,TLG1,2020,532
TLI6,TLG2,2020,419
TLI6,TLG3,2020,1976
TLI6,TLH1,2020,1954
TLI6,TLH2,2020,1710
TLI6,TLH3,2020,1539
TLI6,TLI3,2020,5857
TLI6,TLI4,2020,10559
TLI6,TLI5,2020,4060
TLI6,TLI7,2020,4482
TLI6,TLJ1,2020,2635
TLI6,TLJ2,2020,17291
TLI6,TLJ3,2020,3144
TLI6,TLJ4,2020,7193
TLI6,TLK1,2020,2280
TLI6,TLK2,2020,1527
TLI6,TLK3,2020,444
TLI6,TLK4,2020,1198
TLI6,TLL1,2020,570
TLI6,TLL2,2020,599
TLI6,TLN0,2020,140
TLI7,S92000003,2020,1422
TLI7,TLC1,2020,701
TLI7,TLC2,2020,825
TLI7,TLD1,2020,170
TLI7,TLD3,2020,2453
TLI7,TLD4,2020,680
TLI7,TLD6,2020,405
TLI7,TLD7,2020,1071
TLI7,TLE1,2020,355
TLI7,TLE2,2020,665
TLI7,TLE3,2020,947
TLI7,TLE4,2020,1847
TLI7,TLF1,2020,2745
TLI7,TLF2,2020,3569
TLI7,TLF3,2020,627
TLI7,TLG1,2020,1069
TLI7,TLG2,2020,951
TLI7,TLG3,2020,5024
TLI7,TLH1,2020,3606
TLI7,TLH2,2020,14544
TLI7,TLH3,2020,2877
TLI7,TLI3,2020,13379
TLI7,TLI4,2020,13075
TLI7,TLI5,2020,6990
TLI7,TLI6,2020,6137
TLI7,TLJ1,2020,14832
TLI7,TLJ2,2020,11647
TLI7,TLJ3,2020,3726
TLI7,TLJ4,2020,2674
TLI7,TLK1,2020,4128
TLI7,TLK2,2020,2149
TLI7,TLK3,2020,577
TLI7,TLK4,2020,1484
TLI7,TLL1,2020,952
TLI7,TLL2,2020,1098
TLI7,TLN0,2020,301
TLJ1,S92000003,2020,2085
TLJ1,TLC1,2020,1069
TLJ1,TLC2,2020,968
TLJ1,TLD1,2020,374
TLJ1,TLD3,2020,2187
TLJ1,TLD4,2020,972
TLJ1,TLD6,2020,659
TLJ1,TLD7,2020,1066
TLJ1,TLE1,2020,475
TLJ1,TLE2,2020,1129
TLJ1,TLE3,2020,1113
TLJ1,TLE4,2020,1857
TLJ1,TLF1,2020,3485
TLJ1,TLF2,2020,6437
TLJ1,TLF3,2020,1091
TLJ1,TLG1,2020,2743
TLJ1,TLG2,2020,1486
TLJ1,TLG3,2020,4453
TLJ1,TLH1,2020,4374
TLJ1,TLH2,2020,5901
TLJ1,TLH3,2020,1720
TLJ1,TLI3,2020,5004
TLJ1,TLI4,2020,6047
TLJ1,TLI5,2020,1845
TLJ1,TLI6,2020,1820
TLJ1,TLI7,2020,5827
TLJ1,TLJ2,2020,8087
TLJ1,TLJ3,2020,8244
TLJ1,TLJ4,2020,2061
TLJ1,TLK1,2020,9971
TLJ1,TLK2,2020,3907
TLJ1,TLK3,2020,1417
TLJ1,TLK4,2020,3640
TLJ1,TLL1,2020,2266
TLJ1,TLL2,2020,2020
TLJ1,TLN0,2020,373
TLJ2,S92000003,2020,2031
TLJ2,TLC1,2020,1055
TLJ2,TLC2,2020,939
TLJ2,TLD1,2020,384
TLJ2,TLD3,2020,1753
TLJ2,TLD4,2020,814
TLJ2,TLD6,2020,592
TLJ2,TLD7,2020,1015
TLJ2,TLE1,2020,435
TLJ2,TLE2,2020,1024
TLJ2,TLE3,2020,1001
TLJ2,TLE4,2020,1849
TLJ2,TLF1,2020,2708
TLJ2,TLF2,2020,2358
TLJ2,TLF3,2020,931
TLJ2,TLG1,2020,1287
TLJ2,TLG2,2020,1093
TLJ2,TLG3,2020,2626
TLJ2,TLH1,2020,4349
TLJ2,TLH2,2020,2631
TLJ2,TLH3,2020,2493
TLJ2,TLI3,2020,4957
TLJ2,TLI4,2020,7405
TLJ2,TLI5,2020,2595
TLJ2,TLI6,2020,7566
TLJ2,TLI7,2020,5785
TLJ2,TLJ1,2020,8488
TLJ2,TLJ3,2020,14277
TLJ2,TLJ4,2020,6960
TLJ2,TLK1,2020,6730
TLJ2,TLK2,2020,4657
TLJ2,TLK3,2020,1598
TLJ2,TLK4,2020,3940
TLJ2,TLL1,2020,2071
TLJ2,TLL2,2020,1777
TLJ2,TLN0,2020,354
TLJ3,S92000003,2020,1337
TLJ3,TLC1,2020,532
TLJ3,TLC2,2020,555
TLJ3,TLD1,2020,207
TLJ3,TLD3,2020,1073
TLJ3,TLD4,2020,519
TLJ3,TLD6,2020,358
TLJ3,TLD7,2020,591
TLJ3,TLE1,2020,336
TLJ3,TLE2,2020,580
TLJ3,TLE3,2020,507
TLJ3,TLE4,2020,866
TLJ3,TLF1,2020,1332
TLJ3,TLF2,2020,1375
TLJ3,TLF3,2020,569
TLJ3,TLG1,2020,1048
TLJ3,TLG2,2020,865
TLJ3,TLG3,2020,1638
TLJ3,TLH1,2020,2178
TLJ3,TLH2,2020,1724
TLJ3,TLH3,2020,1473
TLJ3,TLI3,2020,1865
TLJ3,TLI4,2020,3078
TLJ3,TLI5,2020,1397
TLJ3,TLI6,2020,2026
TLJ3,TLI7,2020,2518
TLJ3,TLJ1,2020,7000
TLJ3,TLJ2,2020,11746
TLJ3,TLJ4,2020,1902
TLJ3,TLK1,2020,7527
TLJ3,TLK2,2020,6918
TLJ3,TLK3,2020,1173
TLJ3,TLK4,2020,2810
TLJ3,TLL1,2020,1682
TLJ3,TLL2,2020,1449
TLJ3,TLN0,2020,209
TLJ4,S92000003,2020,1082
TLJ4,TLC1,2020,687
TLJ4,TLC2,2020,481
TLJ4,TLD1,2020,191
TLJ4,TLD3,2020,851
TLJ4,TLD4,2020,449
TLJ4,TLD6,2020,291
TLJ4,TLD7,2020,450
TLJ4,TLE1,2020,298
TLJ4,TLE2,2020,557
TLJ4,TLE3,2020,571
TLJ4,TLE4,2020,974
TLJ4,TLF1,2020,1541
TLJ4,TLF2,2020,1419
TLJ4,TLF3,2020,754
TLJ4,TLG1,2020,581
TLJ4,TLG2,2020,578
TLJ4,TLG3,2020,1354
TLJ4,TLH1,2020,3287
TLJ4,TLH2,2020,1523
TLJ4,TLH3,2020,2684
TLJ4,TLI3,2020,1800
TLJ4,TLI4,2020,4433
TLJ4,TLI5,2020,4625
TLJ4,TLI6,2020,3129
TLJ4,TLI7,2020,1915
TLJ4,TLJ1,2020,2292
TLJ4,TLJ2,2020,7761
TLJ4,TLJ3,2020,2397
TLJ4,TLK1,2020,2084
TLJ4,TLK2,2020,1271
TLJ4,TLK3,2020,628
TLJ4,TLK4,2020,1420
TLJ4,TLL1,2020,950
TLJ4,TLL2,2020,613
TLJ4,TLN0,2020,211
TLK1,S92000003,2020,1810
TLK1,TLC1,2020,729
TLK1,TLC2,2020,803
TLK1,TLD1,2020,341
TLK1,TLD3,2020,2059
TLK1,TLD4,2020,881
TLK1,TLD6,2020,784
TLK1,TLD7,2020,1009
TLK1,TLE1,2020,419
TLK1,TLE2,2020,870
TLK1,TLE3,2020,969
TLK1,TLE4,2020,1536
TLK1,TLF1,2020,2161
TLK1,TLF2,2020,1797
TLK1,TLF3,2020,586
TLK1,TLG1,2020,4919
TLK1,TLG2,2020,1432
TLK1,TLG3,2020,3473
TLK1,TLH1,2020,2625
TLK1,TLH2,2020,1743
TLK1,TLH3,2020,1242
TLK1,TLI3,2020,3399
TLK1,TLI4,2020,4780
TLK1,TLI5,2020,1224
TLK1,TLI6,2020,1402
TLK1,TLI7,2020,2796
TLK1,TLJ1,2020,7787
TLK1,TLJ2,2020,4817
TLK1,TLJ3,2020,5572
TLK1,TLJ4,2020,1536
TLK1,TLK2,2020,9518
TLK1,TLK3,2020,2655
TLK1,TLK4,2020,6748
TLK1,TLL1,2020,5506
TLK1,TLL2,2020,6660
TLK1,TLN0,2020,365
TLK2,S92000003,2020,728
TLK2,TLC1,2020,307
TLK2,TLC2,2020,389
TLK2,TLD1,2020,158
TLK2,TLD3,2020,758
TLK2,TLD4,2020,380
TLK2,TLD6,2020,256
TLK2,TLD7,2020,376
TLK2,TLE1,2020,168
TLK2,TLE2,2020,355
TLK2,TLE3,2020,311
TLK2,TLE4,2020,522
TLK2,TLF1,2020,835
TLK2,TLF2,2020,877
TLK2,TLF3,2020,282
TLK2,TLG1,2020,893
TLK2,TLG2,2020,639
TLK2,TLG3,2020,1085
TLK2,TLH1,2020,1151
TLK2,TLH2,2020,1084
TLK2,TLH3,2020,663
TLK2,TLI3,2020,1332
TLK2,TLI4,2020,1900
TLK2,TLI5,2020,664
TLK2,TLI6,2020,947
TLK2,TLI7,2020,1301
TLK2,TLJ1,2020,2906
TLK2,TLJ2,2020,3612
TLK2,TLJ3,2020,6455
TLK2,TLJ4,2020,886
TLK2,TLK1,2020,9147
TLK2,TLK3,2020,1237
TLK2,TLK4,2020,5077
TLK2,TLL1,2020,1722
TLK2,TLL2,2020,1695
TLK2,TLN0,2020,133
TLK3,S92000003,2020,403
TLK3,TLC1,2020,143
TLK3,TLC2,2020,129
TLK3,TLD1,2020,80
TLK3,TLD3,2020,371
TLK3,TLD4,2020,195
TLK3,TLD6,2020,177
TLK3,TLD7,2020,189
TLK3,TLE1,2020,84
TLK3,TLE2,2020,165
TLK3,TLE3,2020,175
TLK3,TLE4,2020,270
TLK3,TLF1,2020,399
TLK3,TLF2,2020,394
TLK3,TLF3,2020,183
TLK3,TLG1,2020,486
TLK3,TLG2,2020,448
TLK3,TLG3,2020,416
TLK3,TLH1,2020,510
TLK3,TLH2,2020,340
TLK3,TLH3,2020,279
TLK3,TLI3,2020,313
TLK3,TLI4,2020,576
TLK3,TLI5,2020,184
TLK3,TLI6,2020,233
TLK3,TLI7,2020,301
TLK3,TLJ1,2020,814
TLK3,TLJ2,2020,1009
TLK3,TLJ3,2020,841
TLK3,TLJ4,2020,407
TLK3,TLK1,2020,2485
TLK3,TLK2,2020,1068
TLK3,TLK4,2020,4692
TLK3,TLL1,2020,763
TLK3,TLL2,2020,766
TLK3,TLN0,2020,45
TLK4,S92000003,2020,748
TLK4,TLC1,2020,321
TLK4,TLC2,2020,346
TLK4,TLD1,2020,139
TLK4,TLD3,2020,730
TLK4,TLD4,2020,385
TLK4,TLD6,2020,344
TLK4,TLD7,2020,395
TLK4,TLE1,2020,190
TLK4,TLE2,2020,302
TLK4,TLE3,2020,393
TLK4,TLE4,2020,538
TLK4,TLF1,2020,771
TLK4,TLF2,2020,845
TLK4,TLF3,2020,276
TLK4,TLG1,2020,1159
TLK4,TLG2,2020,782
TLK4,TLG3,2020,1368
TLK4,TLH1,2020,1098
TLK4,TLH2,2020,925
TLK4,TLH3,2020,689
TLK4,TLI3,2020,1298
TLK4,TLI4,2020,1755
TLK4,TLI5,2020,547
TLK4,TLI6,2020,673
TLK4,TLI7,2020,947
TLK4,TLJ1,2020,2458
TLK4,TLJ2,2020,2549
TLK4,TLJ3,2020,2182
TLK4,TLJ4,2020,916
TLK4,TLK1,2020,6886
TLK4,TLK2,2020,4469
TLK4,TLK3,2020,4369
TLK4,TLL1,2020,1948
TLK4,TLL2,2020,2166
TLK4,TLN0,2020,157
TLL1,S92000003,2020,736
TLL1,TLC1,2020,318
TLL1,TLC2,2020,315
TLL1,TLD1,2020,190
TLL1,TLD3,2020,1618
TLL1,TLD4,2020,793
TLL1,TLD6,2020,1254
TLL1,TLD7,2020,1720
TLL1,TLE1,2020,191
TLL1,TLE2,2020,290
TLL1,TLE3,2020,412
TLL1,TLE4,2020,638
TLL1,TLF1,2020,780
TLL1,TLF2,2020,723
TLL1,TLF3,2020,278
TLL1,TLG1,2020,1013
TLL1,TLG2,2020,1347
TLL1,TLG3,2020,1409
TLL1,TLH1,2020,799
TLL1,TLH2,2020,519
TLL1,TLH3,2020,382
TLL1,TLI3,2020,483
TLL1,TLI4,2020,850
TLL1,TLI5,2020,375
TLL1,TLI6,2020,329
TLL1,TLI7,2020,635
TLL1,TLJ1,2020,1503
TLL1,TLJ2,2020,1074
TLL1,TLJ3,2020,973
TLL1,TLJ4,2020,460
TLL1,TLK1,2020,4083
TLL1,TLK2,2020,916
TLL1,TLK3,2020,429
TLL1,TLK4,2020,1100
TLL1,TLL2,2020,11264
TLL1,TLN0,2020,181
TLL2,S92000003,2020,600
TLL2,TLC1,2020,202
TLL2,TLC2,2020,231
TLL2,TLD1,2020,104
TLL2,TLD3,2020,1107
TLL2,TLD4,2020,543
TLL2,TLD6,2020,1850
TLL2,TLD7,2020,1307
TLL2,TLE1,2020,139
TLL2,TLE2,2020,252
TLL2,TLE3,2020,324
TLL2,TLE4,2020,559
TLL2,TLF1,2020,604
TLL2,TLF2,2020,584
TLL2,TLF3,2020,142
TLL2,TLG1,2020,1525
TLL2,TLG2,2020,1922
TLL2,TLG3,2020,1411
TLL2,TLH1,2020,652
TLL2,TLH2,2020,378
TLL2,TLH3,2020,251
TLL2,TLI3,2020,744
TLL2,TLI4,2020,1221
TLL2,TLI5,2020,389
TLL2,TLI6,2020,371
TLL2,TLI7,2020,827
TLL2,TLJ1,2020,1412
TLL2,TLJ2,2020,985
TLL2,TLJ3,2020,972
TLL2,TLJ4,2020,334
TLL2,TLK1,2020,4643
TLL2,TLK2,2020,945
TLL2,TLK3,2020,474
TLL2,TLK4,2020,1376
TLL2,TLL1,2020,12495
TLL2,TLN0,2020,175
TLM5,TLM6,2020,1221
TLM5,TLM7,2020,3160
TLM5,TLM8,2020,1315
TLM5,TLM9,2020,477
TLM6,TLM5,2020,1406
TLM6,TLM7,2020,2674
TLM6,TLM8,2020,2129
TLM6,TLM9,2020,769
TLM7,TLM5,2020,2533
TLM7,TLM6,2020,2488
TLM7,TLM8,2020,6876
TLM7,TLM9,2020,3729
TLM8,TLM5,2020,951
TLM8,TLM6,2020,1854
TLM8,TLM7,2020,6238
TLM8,TLM9,2020,7488
TLM9,TLM5,2020,485
TLM9,TLM6,2020,731
TLM9,TLM7,2020,3440
TLM9,TLM8,2020,6017
TLN0,S92000003,2020,1868
TLN0,TLC1,2020,200
TLN0,TLC2,2020,453
TLN0,TLD1,2020,52
TLN0,TLD3,2020,535
TLN0,TLD4,2020,379
TLN0,TLD6,2020,173
TLN0,TLD7,2020,1600
TLN0,TLE1,2020,50
TLN0,TLE2,2020,117
TLN0,TLE3,2020,131
TLN0,TLE4,2020,349
TLN0,TLF1,2020,264
TLN0,TLF2,2020,187
TLN0,TLF3,2020,73
TLN0,TLG1,2020,139
TLN0,TLG2,2020,211
TLN0,TLG3,2020,307
TLN0,TLH1,2020,293
TLN0,TLH2,2020,156
TLN0,TLH3,2020,180
TLN0,TLI3,2020,311
TLN0,TLI4,2020,636
TLN0,TLI5,2020,122
TLN0,TLI6,2020,141
TLN0,TLI7,2020,301
TLN0,TLJ1,2020,321
TLN0,TLJ2,2020,351
TLN0,TLJ3,2020,315
TLN0,TLJ4,2020,146
TLN0,TLK1,2020,379
TLN0,TLK2,2020,91
TLN0,TLK3,2020,65
TLN0,TLK4,2020,197
TLN0,TLL1,2020,220
TLN0,TLL2,2020,230
S92000003,TLC1,2021,1283
S92000003,TLC2,2021,2686
S92000003,TLD1,2021,1297
S92000003,TLD3,2021,1925
S92000003,TLD4,2021,1414
S92000003,TLD6,2021,770
S92000003,TLD7,2021,1031
S92000003,TLE1,2021,554
S92000003,TLE2,2021,1193
S92000003,TLE3,2021,694
S92000003,TLE4,2021,1324
S92000003,TLF1,2021,1207
S92000003,TLF2,2021,820
S92000003,TLF3,2021,534
S92000003,TLG1,2021,743
S92000003,TLG2,2021,813
S92000003,TLG3,2021,1001
S92000003,TLH1,2021,1804
S92000003,TLH2,2021,924
S92000003,TLH3,2021,663
S92000003,TLI3,2021,2842
S92000003,TLI4,2021,4361
S92000003,TLI5,2021,904
S92000003,TLI6,2021,857
S92000003,TLI7,2021,1650
S92000003,TLJ1,2021,2067
S92000003,TLJ2,2021,2095
S92000003,TLJ3,2021,1290
S92000003,TLJ4,2021,866
S92000003,TLK1,2021,1935
S92000003,TLK2,2021,833
S92000003,TLK3,2021,403
S92000003,TLK4,2021,903
S92000003,TLL1,2021,745
S92000003,TLL2,2021,636
S92000003,TLN0,2021,2224
TLC1,S92000003,2021,1227
TLC1,TLC2,2021,10450
TLC1,TLD1,2021,773
TLC1,TLD3,2021,1561
TLC1,TLD4,2021,790
TLC1,TLD6,2021,418
TLC1,TLD7,2021,630
TLC1,TLE1,2021,632
TLC1,TLE2,2021,3619
TLC1,TLE3,2021,861
TLC1,TLE4,2021,2254
TLC1,TLF1,2021,975
TLC1,TLF2,2021,565
TLC1,TLF3,2021,397
TLC1,TLG1,2021,370
TLC1,TLG2,2021,403
TLC1,TLG3,2021,710
TLC1,TLH1,2021,999
TLC1,TLH2,2021,559
TLC1,TLH3,2021,375
TLC1,TLI3,2021,1282
TLC1,TLI4,2021,1573
TLC1,TLI5,2021,432
TLC1,TLI6,2021,410
TLC1,TLI7,2021,860
TLC1,TLJ1,2021,994
TLC1,TLJ2,2021,877
TLC1,TLJ3,2021,499
TLC1,TLJ4,2021,433
TLC1,TLK1,2021,687
TLC1,TLK2,2021,290
TLC1,TLK3,2021,129
TLC1,TLK4,2021,299
TLC1,TLL1,2021,273
TLC1,TLL2,2021,222
TLC1,TLN0,2021,170
TLC2,S92000003,2021,2429
TLC2,TLC1,2021,11296
TLC2,TLD1,2021,1172
TLC2,TLD3,2021,2336
TLC2,TLD4,2021,924
TLC2,TLD6,2021,487
TLC2,TLD7,2021,938
TLC2,TLE1,2021,824
TLC2,TLE2,2021,2140
TLC2,TLE3,2021,1114
TLC2,TLE4,2021,3136
TLC2,TLF1,2021,1179
TLC2,TLF2,2021,691
TLC2,TLF3,2021,441
TLC2,TLG1,2021,362
TLC2,TLG2,2021,411
TLC2,TLG3,2021,741
TLC2,TLH1,2021,1039
TLC2,TLH2,2021,517
TLC2,TLH3,2021,347
TLC2,TLI3,2021,1037
TLC2,TLI4,2021,1733
TLC2,TLI5,2021,432
TLC2,TLI6,2021,408
TLC2,TLI7,2021,1050
TLC2,TLJ1,2021,966
TLC2,TLJ2,2021,774
TLC2,TLJ3,2021,406
TLC2,TLJ4,2021,369
TLC2,TLK1,2021,922
TLC2,TLK2,2021,280
TLC2,TLK3,2021,127
TLC2,TLK4,2021,300
TLC2,TLL1,2021,342
TLC2,TLL2,2021,278
TLC2,TLN0,2021,435
TLD1,S92000003,2021,1204
TLD1,TLC1,2021,698
TLD1,TLC2,2021,1196
TLD1,TLD3,2021,1020
TLD1,TLD4,2021,2275
TLD1,TLD6,2021,324
TLD1,TLD7,2021,648
TLD1,TLE1,2021,120
TLD1,TLE2,2021,537
TLD1,TLE3,2021,214
TLD1,TLE4,2021,675
TLD1,TLF1,2021,298
TLD1,TLF2,2021,200
TLD1,TLF3,2021,121
TLD1,TLG1,2021,158
TLD1,TLG2,2021,243
TLD1,TLG3,2021,227
TLD1,TLH1,2021,297
TLD1,TLH2,2021,117
TLD1,TLH3,2021,99
TLD1,TLI3,2021,126
TLD1,TLI4,2021,248
TLD1,TLI5,2021,70
TLD1,TLI6,2021,55
TLD1,TLI7,2021,103
TLD1,TLJ1,2021,231
TLD1,TLJ2,2021,228
TLD1,TLJ3,2021,126
TLD1,TLJ4,2021,110
TLD1,TLK1,2021,319
TLD1,TLK2,2021,156
TLD1,TLK3,2021,121
TLD1,TLK4,2021,186
TLD1,TLL1,2021,210
TLD1,TLL2,2021,130
TLD1,TLN0,2021,57
TLD3,S92000003,2021,2406
TLD3,TLC1,2021,1537
TLD3,TLC2,2021,2087
TLD3,TLD1,2021,1520
TLD3,TLD4,2021,16583
TLD3,TLD6,2021,12346
TLD3,TLD7,2021,8633
TLD3,TLE1,2021,1132
TLD3,TLE2,2021,1893
TLD3,TLE3,2021,2870
TLD3,TLE4,2021,8181
TLD3,TLF1,2021,4945
TLD3,TLF2,2021,1608
TLD3,TLF3,2021,792
TLD3,TLG1,2021,1023
TLD3,TLG2,2021,2534
TLD3,TLG3,2021,3624
TLD3,TLH1,2021,1904
TLD3,TLH2,2021,1340
TLD3,TLH3,2021,687
TLD3,TLI3,2021,2213
TLD3,TLI4,2021,4219
TLD3,TLI5,2021,1425
TLD3,TLI6,2021,860
TLD3,TLI7,2021,2562
TLD3,TLJ1,2021,2142
TLD3,TLJ2,2021,1644
TLD3,TLJ3,2021,1000
TLD3,TLJ4,2021,789
TLD3,TLK1,2021,2203
TLD3,TLK2,2021,825
TLD3,TLK3,2021,612
TLD3,TLK4,2021,930
TLD3,TLL1,2021,2654
TLD3,TLL2,2021,1467
TLD3,TLN0,2021,680
TLD4,S92000003,2021,1662
TLD4,TLC1,2021,956
TLD4,TLC2,2021,1021
TLD4,TLD1,2021,2443
TLD4,TLD3,2021,11218
TLD4,TLD6,2021,1885
TLD4,TLD7,2021,5958
TLD4,TLE1,2021,433
TLD4,TLE2,2021,1682
TLD4,TLE3,2021,1062
TLD4,TLE4,2021,3589
TLD4,TLF1,2021,1254
TLD4,TLF2,2021,853
TLD4,TLF3,2021,399
TLD4,TLG1,2021,559
TLD4,TLG2,2021,1114
TLD4,TLG3,2021,1393
TLD4,TLH1,2021,890
TLD4,TLH2,2021,500
TLD4,TLH3,2021,416
TLD4,TLI3,2021,604
TLD4,TLI4,2021,1116
TLD4,TLI5,2021,430
TLD4,TLI6,2021,291
TLD4,TLI7,2021,663
TLD4,TLJ1,2021,988
TLD4,TLJ2,2021,677
TLD4,TLJ3,2021,472
TLD4,TLJ4,2021,389
TLD4,TLK1,2021,975
TLD4,TLK2,2021,376
TLD4,TLK3,2021,309
TLD4,TLK4,2021,493
TLD4,TLL1,2021,839
TLD4,TLL2,2021,633
TLD4,TLN0,2021,293
TLD6,S92000003,2021,781
TLD6,TLC1,2021,458
TLD6,TLC2,2021,687
TLD6,TLD1,2021,479
TLD6,TLD3,2021,6630
TLD6,TLD4,2021,2008
TLD6,TLD7,2021,6855
TLD6,TLE1,2021,296
TLD6,TLE2,2021,638
TLD6,TLE3,2021,935
TLD6,TLE4,2021,1478
TLD6,TLF1,2021,1528
TLD6,TLF2,2021,586
TLD6,TLF3,2021,278
TLD6,TLG1,2021,514
TLD6,TLG2,2021,3248
TLD6,TLG3,2021,982
TLD6,TLH1,2021,649
TLD6,TLH2,2021,367
TLD6,TLH3,2021,228
TLD6,TLI3,2021,483
TLD6,TLI4,2021,753
TLD6,TLI5,2021,194
TLD6,TLI6,2021,174
TLD6,TLI7,2021,287
TLD6,TLJ1,2021,708
TLD6,TLJ2,2021,575
TLD6,TLJ3,2021,362
TLD6,TLJ4,2021,296
TLD6,TLK1,2021,887
TLD6,TLK2,2021,305
TLD6,TLK3,2021,233
TLD6,TLK4,2021,439
TLD6,TLL1,2021,1675
TLD6,TLL2,2021,2458
TLD6,TLN0,2021,149
TLD7,S92000003,2021,1078
TLD7,TLC1,2021,692
TLD7,TLC2,2021,905
TLD7,TLD1,2021,723
TLD7,TLD3,2021,7817
TLD7,TLD4,2021,6426
TLD7,TLD6,2021,7185
TLD7,TLE1,2021,453
TLD7,TLE2,2021,731
TLD7,TLE3,2021,1044
TLD7,TLE4,2021,2371
TLD7,TLF1,2021,1385
TLD7,TLF2,2021,855
TLD7,TLF3,2021,251
TLD7,TLG1,2021,749
TLD7,TLG2,2021,1486
TLD7,TLG3,2021,1655
TLD7,TLH1,2021,904
TLD7,TLH2,2021,606
TLD7,TLH3,2021,385
TLD7,TLI3,2021,1036
TLD7,TLI4,2021,1558
TLD7,TLI5,2021,488
TLD7,TLI6,2021,411
TLD7,TLI7,2021,1006
TLD7,TLJ1,2021,1013
TLD7,TLJ2,2021,804
TLD7,TLJ3,2021,484
TLD7,TLJ4,2021,345
TLD7,TLK1,2021,1092
TLD7,TLK2,2021,460
TLD7,TLK3,2021,285
TLD7,TLK4,2021,421
TLD7,TLL1,2021,1903
TLD7,TLL2,2021,1596
TLD7,TLN0,2021,943
TLE1,S92000003,2021,630
TLE1,TLC1,2021,811
TLE1,TLC2,2021,1189
TLE1,TLD1,2021,217
TLE1,TLD3,2021,1390
TLE1,TLD4,2021,508
TLE1,TLD6,2021,272
TLE1,TLD7,2021,559
TLE1,TLE2,2021,3427
TLE1,TLE3,2021,2641
TLE1,TLE4,2021,3531
TLE1,TLF1,2021,1535
TLE1,TLF2,2021,600
TLE1,TLF3,2021,3206
TLE1,TLG1,2021,289
TLE1,TLG2,2021,430
TLE1,TLG3,2021,606
TLE1,TLH1,2021,693
TLE1,TLH2,2021,302
TLE1,TLH3,2021,258
TLE1,TLI3,2021,346
TLE1,TLI4,2021,698
TLE1,TLI5,2021,266
TLE1,TLI6,2021,193
TLE1,TLI7,2021,357
TLE1,TLJ1,2021,443
TLE1,TLJ2,2021,385
TLE1,TLJ3,2021,351
TLE1,TLJ4,2021,234
TLE1,TLK1,2021,411
TLE1,TLK2,2021,202
TLE1,TLK3,2021,144
TLE1,TLK4,2021,255
TLE1,TLL1,2021,271
TLE1,TLL2,2021,161
TLE1,TLN0,2021,77
TLE2,S92000003,2021,1491
TLE2,TLC1,2021,3991
TLE2,TLC2,2021,2517
TLE2,TLD1,2021,641
TLE2,TLD3,2021,1725
TLE2,TLD4,2021,1573
TLE2,TLD6,2021,500
TLE2,TLD7,2021,816
TLE2,TLE1,2021,4110
TLE2,TLE3,2021,1699
TLE2,TLE4,2021,6555
TLE2,TLF1,2021,1482
TLE2,TLF2,2021,751
TLE2,TLF3,2021,616
TLE2,TLG1,2021,465
TLE2,TLG2,2021,572
TLE2,TLG3,2021,599
TLE2,TLH1,2021,1335
TLE2,TLH2,2021,477
TLE2,TLH3,2021,373
TLE2,TLI3,2021,846
TLE2,TLI4,2021,1142
TLE2,TLI5,2021,312
TLE2,TLI6,2021,340
TLE2,TLI7,2021,506
TLE2,TLJ1,2021,1013
TLE2,TLJ2,2021,780
TLE2,TLJ3,2021,488
TLE2,TLJ4,2021,401
TLE2,TLK1,2021,1151
TLE2,TLK2,2021,322
TLE2,TLK3,2021,209
TLE2,TLK4,2021,398
TLE2,TLL1,2021,366
TLE2,TLL2,2021,285
TLE2,TLN0,2021,178
TLE3,S92000003,2021,946
TLE3,TLC1,2021,1088
TLE3,TLC2,2021,1292
TLE3,TLD1,2021,265
TLE3,TLD3,2021,3481
TLE3,TLD4,2021,1041
TLE3,TLD6,2021,916
TLE3,TLD7,2021,1131
TLE3,TLE1,2021,2736
TLE3,TLE2,2021,2083
TLE3,TLE4,2021,7053
TLE3,TLF1,2021,9348
TLE3,TLF2,2021,1538
TLE3,TLF3,2021,1953
TLE3,TLG1,2021,618
TLE3,TLG2,2021,970
TLE3,TLG3,2021,1646
TLE3,TLH1,2021,1457
TLE3,TLH2,2021,752
TLE3,TLH3,2021,429
TLE3,TLI3,2021,862
TLE3,TLI4,2021,1663
TLE3,TLI5,2021,573
TLE3,TLI6,2021,417
TLE3,TLI7,2021,812
TLE3,TLJ1,2021,1129
TLE3,TLJ2,2021,891
TLE3,TLJ3,2021,500
TLE3,TLJ4,2021,462
TLE3,TLK1,2021,1120
TLE3,TLK2,2021,370
TLE3,TLK3,2021,299
TLE3,TLK4,2021,406
TLE3,TLL1,2021,521
TLE3,TLL2,2021,443
TLE3,TLN0,2021,118
TLE4,S92000003,2021,1872
TLE4,TLC1,2021,2896
TLE4,TLC2,2021,3766
TLE4,TLD1,2021,969
TLE4,TLD3,2021,8600
TLE4,TLD4,2021,4056
TLE4,TLD6,2021,1569
TLE4,TLD7,2021,2803
TLE4,TLE1,2021,4365
TLE4,TLE2,2021,10683
TLE4,TLE3,2021,7792
TLE4,TLF1,2021,3764
TLE4,TLF2,2021,1916
TLE4,TLF3,2021,1405
TLE4,TLG1,2021,936
TLE4,TLG2,2021,1292
TLE4,TLG3,2021,2822
TLE4,TLH1,2021,2092
TLE4,TLH2,2021,1396
TLE4,TLH3,2021,831
TLE4,TLI3,2021,1859
TLE4,TLI4,2021,3286
TLE4,TLI5,2021,1091
TLE4,TLI6,2021,850
TLE4,TLI7,2021,2019
TLE4,TLJ1,2021,1968
TLE4,TLJ2,2021,1621
TLE4,TLJ3,2021,793
TLE4,TLJ4,2021,743
TLE4,TLK1,2021,1712
TLE4,TLK2,2021,531
TLE4,TLK3,2021,395
TLE4,TLK4,2021,732
TLE4,TLL1,2021,852
TLE4,TLL2,2021,651
TLE4,TLN0,2021,375
TLF1,S92000003,2021,1538
TLF1,TLC1,2021,1038
TLF1,TLC2,2021,1558
TLF1,TLD1,2021,441
TLF1,TLD3,2021,4777
TLF1,TLD4,2021,1378
TLF1,TLD6,2021,1465
TLF1,TLD7,2021,1572
TLF1,TLE1,2021,1541
TLF1,TLE2,2021,1656
TLF1,TLE3,2021,7258
TLF1,TLE4,2021,3815
TLF1,TLF2,2021,7917
TLF1,TLF3,2021,5206
TLF1,TLG1,2021,1992
TLF1,TLG2,2021,5223
TLF1,TLG3,2021,5179
TLF1,TLH1,2021,3755
TLF1,TLH2,2021,2538
TLF1,TLH3,2021,1223
TLF1,TLI3,2021,1807
TLF1,TLI4,2021,3234
TLF1,TLI5,2021,1473
TLF1,TLI6,2021,974
TLF1,TLI7,2021,2139
TLF1,TLJ1,2021,2842
TLF1,TLJ2,2021,2043
TLF1,TLJ3,2021,1105
TLF1,TLJ4,2021,1010
TLF1,TLK1,2021,2391
TLF1,TLK2,2021,801
TLF1,TLK3,2021,751
TLF1,TLK4,2021,1155
TLF1,TLL1,2021,1124
TLF1,TLL2,2021,766
TLF1,TLN0,2021,256
TLF2,S92000003,2021,1311
TLF2,TLC1,2021,1023
TLF2,TLC2,2021,1033
TLF2,TLD1,2021,403
TLF2,TLD3,2021,2197
TLF2,TLD4,2021,1052
TLF2,TLD6,2021,762
TLF2,TLD7,2021,1087
TLF2,TLE1,2021,901
TLF2,TLE2,2021,1141
TLF2,TLE3,2021,1987
TLF2,TLE4,2021,2220
TLF2,TLF1,2021,9157
TLF2,TLF3,2021,3992
TLF2,TLG1,2021,4494
TLF2,TLG2,2021,2227
TLF2,TLG3,2021,6127
TLF2,TLH1,2021,5277
TLF2,TLH2,2021,3498
TLF2,TLH3,2021,1316
TLF2,TLI3,2021,1708
TLF2,TLI4,2021,3580
TLF2,TLI5,2021,1932
TLF2,TLI6,2021,1194
TLF2,TLI7,2021,2392
TLF2,TLJ1,2021,6043
TLF2,TLJ2,2021,2265
TLF2,TLJ3,2021,1651
TLF2,TLJ4,2021,1149
TLF2,TLK1,2021,2635
TLF2,TLK2,2021,1146
TLF2,TLK3,2021,876
TLF2,TLK4,2021,1406
TLF2,TLL1,2021,1324
TLF2,TLL2,2021,919
TLF2,TLN0,2021,270
TLF3,S92000003,2021,646
TLF3,TLC1,2021,535
TLF3,TLC2,2021,690
TLF3,TLD1,2021,175
TLF3,TLD3,2021,724
TLF3,TLD4,2021,461
TLF3,TLD6,2021,309
TLF3,TLD7,2021,325
TLF3,TLE1,2021,2895
TLF3,TLE2,2021,828
TLF3,TLE3,2021,1828
TLF3,TLE4,2021,1449
TLF3,TLF1,2021,4937
TLF3,TLF2,2021,2781
TLF3,TLG1,2021,553
TLF3,TLG2,2021,554
TLF3,TLG3,2021,782
TLF3,TLH1,2021,4861
TLF3,TLH2,2021,793
TLF3,TLH3,2021,551
TLF3,TLI3,2021,384
TLF3,TLI4,2021,734
TLF3,TLI5,2021,292
TLF3,TLI6,2021,224
TLF3,TLI7,2021,425
TLF3,TLJ1,2021,827
TLF3,TLJ2,2021,624
TLF3,TLJ3,2021,504
TLF3,TLJ4,2021,401
TLF3,TLK1,2021,690
TLF3,TLK2,2021,340
TLF3,TLK3,2021,242
TLF3,TLK4,2021,318
TLF3,TLL1,2021,338
TLF3,TLL2,2021,174
TLF3,TLN0,2021,90
TLG1,S92000003,2021,884
TLG1,TLC1,2021,504
TLG1,TLC2,2021,479
TLG1,TLD1,2021,220
TLG1,TLD3,2021,1275
TLG1,TLD4,2021,598
TLG1,TLD6,2021,461
TLG1,TLD7,2021,896
TLG1,TLE1,2021,347
TLG1,TLE2,2021,574
TLG1,TLE3,2021,727
TLG1,TLE4,2021,890
TLG1,TLF1,2021,2374
TLG1,TLF2,2021,4365
TLG1,TLF3,2021,594
TLG1,TLG2,2021,4025
TLG1,TLG3,2021,11038
TLG1,TLH1,2021,1306
TLG1,TLH2,2021,746
TLG1,TLH3,2021,476
TLG1,TLI3,2021,1145
TLG1,TLI4,2021,1550
TLG1,TLI5,2021,457
TLG1,TLI6,2021,391
TLG1,TLI7,2021,828
TLG1,TLJ1,2021,2586
TLG1,TLJ2,2021,1238
TLG1,TLJ3,2021,1015
TLG1,TLJ4,2021,464
TLG1,TLK1,2021,5592
TLG1,TLK2,2021,1159
TLG1,TLK3,2021,849
TLG1,TLK4,2021,1655
TLG1,TLL1,2021,1865
TLG1,TLL2,2021,1941
TLG1,TLN0,2021,140
TLG2,S92000003,2021,1026
TLG2,TLC1,2021,595
TLG2,TLC2,2021,480
TLG2,TLD1,2021,316
TLG2,TLD3,2021,2706
TLG2,TLD4,2021,1142
TLG2,TLD6,2021,4052
TLG2,TLD7,2021,1727
TLG2,TLE1,2021,426
TLG2,TLE2,2021,674
TLG2,TLE3,2021,905
TLG2,TLE4,2021,1214
TLG2,TLF1,2021,5762
TLG2,TLF2,2021,2146
TLG2,TLF3,2021,595
TLG2,TLG1,2021,3909
TLG2,TLG3,2021,8819
TLG2,TLH1,2021,1295
TLG2,TLH2,2021,668
TLG2,TLH3,2021,421
TLG2,TLI3,2021,692
TLG2,TLI4,2021,998
TLG2,TLI5,2021,472
TLG2,TLI6,2021,309
TLG2,TLI7,2021,716
TLG2,TLJ1,2021,1463
TLG2,TLJ2,2021,865
TLG2,TLJ3,2021,741
TLG2,TLJ4,2021,390
TLG2,TLK1,2021,1824
TLG2,TLK2,2021,755
TLG2,TLK3,2021,658
TLG2,TLK4,2021,1010
TLG2,TLL1,2021,1730
TLG2,TLL2,2021,2350
TLG2,TLN0,2021,279
TLG3,S92000003,2021,1589
TLG3,TLC1,2021,882
TLG3,TLC2,2021,898
TLG3,TLD1,2021,332
TLG3,TLD3,2021,4054
TLG3,TLD4,2021,1676
TLG3,TLD6,2021,1112
TLG3,TLD7,2021,2006
TLG3,TLE1,2021,654
TLG3,TLE2,2021,877
TLG3,TLE3,2021,1665
TLG3,TLE4,2021,2858
TLG3,TLF1,2021,6094
TLG3,TLF2,2021,6777
TLG3,TLF3,2021,1124
TLG3,TLG1,2021,25506
TLG3,TLG2,2021,19971
TLG3,TLH1,2021,2800
TLG3,TLH2,2021,2778
TLG3,TLH3,2021,1655
TLG3,TLI3,2021,2666
TLG3,TLI4,2021,5714
TLG3,TLI5,2021,3059
TLG3,TLI6,2021,1624
TLG3,TLI7,2021,4283
TLG3,TLJ1,2021,4813
TLG3,TLJ2,2021,2611
TLG3,TLJ3,2021,1849
TLG3,TLJ4,2021,1357
TLG3,TLK1,2021,4360
TLG3,TLK2,2021,1536
TLG3,TLK3,2021,940
TLG3,TLK4,2021,2109
TLG3,TLL1,2021,2364
TLG3,TLL2,2021,1867
TLG3,TLN0,2021,333
TLH1,S92000003,2021,2313
TLH1,TLC1,2021,1271
TLH1,TLC2,2021,1306
TLH1,TLD1,2021,445
TLH1,TLD3,2021,2074
TLH1,TLD4,2021,884
TLH1,TLD6,2021,605
TLH1,TLD7,2021,933
TLH1,TLE1,2021,878
TLH1,TLE2,2021,1637
TLH1,TLE3,2021,1738
TLH1,TLE4,2021,2335
TLH1,TLF1,2021,4193
TLH1,TLF2,2021,4810
TLH1,TLF3,2021,6787
TLH1,TLG1,2021,1399
TLH1,TLG2,2021,1235
TLH1,TLG3,2021,2477
TLH1,TLH2,2021,4874
TLH1,TLH3,2021,6705
TLH1,TLI3,2021,3628
TLH1,TLI4,2021,6255
TLH1,TLI5,2021,2115
TLH1,TLI6,2021,1224
TLH1,TLI7,2021,2328
TLH1,TLJ1,2021,3988
TLH1,TLJ2,2021,3749
TLH1,TLJ3,2021,2067
TLH1,TLJ4,2021,1993
TLH1,TLK1,2021,3386
TLH1,TLK2,2021,1423
TLH1,TLK3,2021,844
TLH1,TLK4,2021,1491
TLH1,TLL1,2021,1288
TLH1,TLL2,2021,860
TLH1,TLN0,2021,334
TLH2,S92000003,2021,1583
TLH2,TLC1,2021,988
TLH2,TLC2,2021,825
TLH2,TLD1,2021,345
TLH2,TLD3,2021,1772
TLH2,TLD4,2021,817
TLH2,TLD6,2021,637
TLH2,TLD7,2021,937
TLH2,TLE1,2021,468
TLH2,TLE2,2021,999
TLH2,TLE3,2021,1208
TLH2,TLE4,2021,1954
TLH2,TLF1,2021,3762
TLH2,TLF2,2021,5676
TLH2,TLF3,2021,1936
TLH2,TLG1,2021,1321
TLH2,TLG2,2021,1140
TLH2,TLG3,2021,3265
TLH2,TLH1,2021,10988
TLH2,TLH3,2021,5832
TLH2,TLI3,2021,2764
TLH2,TLI4,2021,5319
TLH2,TLI5,2021,3613
TLH2,TLI6,2021,1296
TLH2,TLI7,2021,6038
TLH2,TLJ1,2021,11181
TLH2,TLJ2,2021,3910
TLH2,TLJ3,2021,2631
TLH2,TLJ4,2021,1939
TLH2,TLK1,2021,2937
TLH2,TLK2,2021,2334
TLH2,TLK3,2021,898
TLH2,TLK4,2021,1938
TLH2,TLL1,2021,1054
TLH2,TLL2,2021,810
TLH2,TLN0,2021,345
TLH3,S92000003,2021,1127
TLH3,TLC1,2021,739
TLH3,TLC2,2021,588
TLH3,TLD1,2021,251
TLH3,TLD3,2021,1045
TLH3,TLD4,2021,620
TLH3,TLD6,2021,337
TLH3,TLD7,2021,563
TLH3,TLE1,2021,424
TLH3,TLE2,2021,671
TLH3,TLE3,2021,681
TLH3,TLE4,2021,982
TLH3,TLF1,2021,2085
TLH3,TLF2,2021,1757
TLH3,TLF3,2021,1445
TLH3,TLG1,2021,697
TLH3,TLG2,2021,681
TLH3,TLG3,2021,1860
TLH3,TLH1,2021,14308
TLH3,TLH2,2021,5503
TLH3,TLI3,2021,1697
TLH3,TLI4,2021,5433
TLH3,TLI5,2021,7150
TLH3,TLI6,2021,1288
TLH3,TLI7,2021,2068
TLH3,TLJ1,2021,2329
TLH3,TLJ2,2021,3375
TLH3,TLJ3,2021,1876
TLH3,TLJ4,2021,3756
TLH3,TLK1,2021,1955
TLH3,TLK2,2021,1196
TLH3,TLK3,2021,681
TLH3,TLK4,2021,1413
TLH3,TLL1,2021,783
TLH3,TLL2,2021,523
TLH3,TLN0,2021,221
TLI3,S92000003,2021,2282
TLI3,TLC1,2021,629
TLI3,TLC2,2021,816
TLI3,TLD1,2021,225
TLI3,TLD3,2021,2027
TLI3,TLD4,2021,593
TLI3,TLD6,2021,619
TLI3,TLD7,2021,825
TLI3,TLE1,2021,298
TLI3,TLE2,2021,902
TLI3,TLE3,2021,678
TLI3,TLE4,2021,1383
TLI3,TLF1,2021,1417
TLI3,TLF2,2021,1555
TLI3,TLF3,2021,395
TLI3,TLG1,2021,1186
TLI3,TLG2,2021,687
TLI3,TLG3,2021,1957
TLI3,TLH1,2021,3876
TLI3,TLH2,2021,4523
TLI3,TLH3,2021,2135
TLI3,TLI4,2021,35386
TLI3,TLI5,2021,6131
TLI3,TLI6,2021,13445
TLI3,TLI7,2021,23670
TLI3,TLJ1,2021,8167
TLI3,TLJ2,2021,11552
TLI3,TLJ3,2021,3587
TLI3,TLJ4,2021,3365
TLI3,TLK1,2021,5109
TLI3,TLK2,2021,2213
TLI3,TLK3,2021,625
TLI3,TLK4,2021,1592
TLI3,TLL1,2021,746
TLI3,TLL2,2021,837
TLI3,TLN0,2021,434
TLI4,S92000003,2021,3936
TLI4,TLC1,2021,1042
TLI4,TLC2,2021,1658
TLI4,TLD1,2021,468
TLI4,TLD3,2021,4532
TLI4,TLD4,2021,1102
TLI4,TLD6,2021,1096
TLI4,TLD7,2021,1846
TLI4,TLE1,2021,637
TLI4,TLE2,2021,1489
TLI4,TLE3,2021,1658
TLI4,TLE4,2021,3118
TLI4,TLF1,2021,2963
TLI4,TLF2,2021,3649
TLI4,TLF3,2021,810
TLI4,TLG1,2021,1901
TLI4,TLG2,2021,1337
TLI4,TLG3,2021,5239
TLI4,TLH1,2021,7649
TLI4,TLH2,2021,9736
TLI4,TLH3,2021,10825
TLI4,TLI3,2021,33500
TLI4,TLI5,2021,48434
TLI4,TLI6,2021,23741
TLI4,TLI7,2021,19946
TLI4,TLJ1,2021,9286
TLI4,TLJ2,2021,15183
TLI4,TLJ3,2021,4336
TLI4,TLJ4,2021,11494
TLI4,TLK1,2021,7561
TLI4,TLK2,2021,3236
TLI4,TLK3,2021,1154
TLI4,TLK4,2021,2347
TLI4,TLL1,2021,1453
TLI4,TLL2,2021,1606
TLI4,TLN0,2021,832
TLI5,S92000003,2021,1367
TLI5,TLC1,2021,607
TLI5,TLC2,2021,600
TLI5,TLD1,2021,214
TLI5,TLD3,2021,2176
TLI5,TLD4,2021,638
TLI5,TLD6,2021,440
TLI5,TLD7,2021,799
TLI5,TLE1,2021,471
TLI5,TLE2,2021,587
TLI5,TLE3,2021,876
TLI5,TLE4,2021,1656
TLI5,TLF1,2021,2479
TLI5,TLF2,2021,2581
TLI5,TLF3,2021,782
TLI5,TLG1,2021,867
TLI5,TLG2,2021,880
TLI5,TLG3,2021,4281
TLI5,TLH1,2021,5613
TLI5,TLH2,2021,9596
TLI5,TLH3,2021,23181
TLI5,TLI3,2021,4774
TLI5,TLI4,2021,29065
TLI5,TLI6,2021,6057
TLI5,TLI7,2021,8608
TLI5,TLJ1,2021,3960
TLI5,TLJ2,2021,5683
TLI5,TLJ3,2021,2018
TLI5,TLJ4,2021,13808
TLI5,TLK1,2021,2236
TLI5,TLK2,2021,1324
TLI5,TLK3,2021,513
TLI5,TLK4,2021,1145
TLI5,TLL1,2021,669
TLI5,TLL2,2021,626
TLI5,TLN0,2021,317
TLI6,S92000003,2021,1198
TLI6,TLC1,2021,575
TLI6,TLC2,2021,552
TLI6,TLD1,2021,151
TLI6,TLD3,2021,1368
TLI6,TLD4,2021,456
TLI6,TLD6,2021,368
TLI6,TLD7,2021,800
TLI6,TLE1,2021,301
TLI6,TLE2,2021,581
TLI6,TLE3,2021,613
TLI6,TLE4,2021,1241
TLI6,TLF1,2021,1594
TLI6,TLF2,2021,1604
TLI6,TLF3,2021,431
TLI6,TLG1,2021,798
TLI6,TLG2,2021,607
TLI6,TLG3,2021,2331
TLI6,TLH1,2021,2537
TLI6,TLH2,2021,2146
TLI6,TLH3,2021,1805
TLI6,TLI3,2021,8009
TLI6,TLI4,2021,13171
TLI6,TLI5,2021,5226
TLI6,TLI7,2021,5760
TLI6,TLJ1,2021,3625
TLI6,TLJ2,2021,23975
TLI6,TLJ3,2021,3913
TLI6,TLJ4,2021,9293
TLI6,TLK1,2021,2629
TLI6,TLK2,2021,1980
TLI6,TLK3,2021,547
TLI6,TLK4,2021,1503
TLI6,TLL1,2021,624
TLI6,TLL2,2021,635
TLI6,TLN0,2021,275
TLI7,S92000003,2021,1990
TLI7,TLC1,2021,842
TLI7,TLC2,2021,1096
TLI7,TLD1,2021,209
TLI7,TLD3,2021,2929
TLI7,TLD4,2021,850
TLI7,TLD6,2021,692
TLI7,TLD7,2021,1294
TLI7,TLE1,2021,495
TLI7,TLE2,2021,831
TLI7,TLE3,2021,1041
TLI7,TLE4,2021,2303
TLI7,TLF1,2021,3151
TLI7,TLF2,2021,4413
TLI7,TLF3,2021,714
TLI7,TLG1,2021,1452
TLI7,TLG2,2021,1184
TLI7,TLG3,2021,5885
TLI7,TLH1,2021,4407
TLI7,TLH2,2021,18247
TLI7,TLH3,2021,3076
TLI7,TLI3,2021,18207
TLI7,TLI4,2021,18095
TLI7,TLI5,2021,8587
TLI7,TLI6,2021,7281
TLI7,TLJ1,2021,19975
TLI7,TLJ2,2021,15806
TLI7,TLJ3,2021,5261
TLI7,TLJ4,2021,3623
TLI7,TLK1,2021,5047
TLI7,TLK2,2021,3067
TLI7,TLK3,2021,830
TLI7,TLK4,2021,1966
TLI7,TLL1,2021,1060
TLI7,TLL2,2021,1100
TLI7,TLN0,2021,482
TLJ1,S92000003,2021,2944
TLJ1,TLC1,2021,1161
TLJ1,TLC2,2021,1144
TLJ1,TLD1,2021,503
TLJ1,TLD3,2021,2523
TLJ1,TLD4,2021,1106
TLJ1,TLD6,2021,976
TLJ1,TLD7,2021,1216
TLJ1,TLE1,2021,643
TLJ1,TLE2,2021,1368
TLJ1,TLE3,2021,1440
TLJ1,TLE4,2021,2232
TLJ1,TLF1,2021,3847
TLJ1,TLF2,2021,8104
TLJ1,TLF3,2021,1407
TLJ1,TLG1,2021,3786
TLJ1,TLG2,2021,1834
TLJ1,TLG3,2021,5098
TLJ1,TLH1,2021,5308
TLJ1,TLH2,2021,7107
TLJ1,TLH3,2021,1986
TLJ1,TLI3,2021,6105
TLJ1,TLI4,2021,7237
TLJ1,TLI5,2021,1957
TLJ1,TLI6,2021,2020
TLJ1,TLI7,2021,6492
TLJ1,TLJ2,2021,9258
TLJ1,TLJ3,2021,10320
TLJ1,TLJ4,2021,2344
TLJ1,TLK1,2021,11670
TLJ1,TLK2,2021,4947
TLJ1,TLK3,2021,1967
TLJ1,TLK4,2021,4323
TLJ1,TLL1,2021,2549
TLJ1,TLL2,2021,2237
TLJ1,TLN0,2021,486
TLJ2,S92000003,2021,2856
TLJ2,TLC1,2021,1300
TLJ2,TLC2,2021,1159
TLJ2,TLD1,2021,472
TLJ2,TLD3,2021,2199
TLJ2,TLD4,2021,906
TLJ2,TLD6,2021,808
TLJ2,TLD7,2021,1208
TLJ2,TLE1,2021,637
TLJ2,TLE2,2021,1255
TLJ2,TLE3,2021,1202
TLJ2,TLE4,2021,2168
TLJ2,TLF1,2021,3134
TLJ2,TLF2,2021,2680
TLJ2,TLF3,2021,1214
TLJ2,TLG1,2021,1878
TLJ2,TLG2,2021,1471
TLJ2,TLG3,2021,2863
TLJ2,TLH1,2021,5314
TLJ2,TLH2,2021,3052
TLJ2,TLH3,2021,2848
TLJ2,TLI3,2021,6196
TLJ2,TLI4,2021,8492
TLJ2,TLI5,2021,3023
TLJ2,TLI6,2021,8762
TLJ2,TLI7,2021,6235
TLJ2,TLJ1,2021,10252
TLJ2,TLJ3,2021,17713
TLJ2,TLJ4,2021,8334
TLJ2,TLK1,2021,7567
TLJ2,TLK2,2021,6110
TLJ2,TLK3,2021,2194
TLJ2,TLK4,2021,4872
TLJ2,TLL1,2021,2122
TLJ2,TLL2,2021,1831
TLJ2,TLN0,2021,513
TLJ3,S92000003,2021,1694
TLJ3,TLC1,2021,747
TLJ3,TLC2,2021,649
TLJ3,TLD1,2021,265
TLJ3,TLD3,2021,1212
TLJ3,TLD4,2021,602
TLJ3,TLD6,2021,503
TLJ3,TLD7,2021,642
TLJ3,TLE1,2021,370
TLJ3,TLE2,2021,783
TLJ3,TLE3,2021,551
TLJ3,TLE4,2021,886
TLJ3,TLF1,2021,1504
TLJ3,TLF2,2021,1566
TLJ3,TLF3,2021,654
TLJ3,TLG1,2021,1238
TLJ3,TLG2,2021,1062
TLJ3,TLG3,2021,1683
TLJ3,TLH1,2021,2490
TLJ3,TLH2,2021,1732
TLJ3,TLH3,2021,1507
TLJ3,TLI3,2021,2247
TLJ3,TLI4,2021,3384
TLJ3,TLI5,2021,1447
TLJ3,TLI6,2021,1924
TLJ3,TLI7,2021,2456
TLJ3,TLJ1,2021,8251
TLJ3,TLJ2,2021,13197
TLJ3,TLJ4,2021,2181
TLJ3,TLK1,2021,8447
TLJ3,TLK2,2021,8268
TLJ3,TLK3,2021,1564
TLJ3,TLK4,2021,3561
TLJ3,TLL1,2021,1700
TLJ3,TLL2,2021,1547
TLJ3,TLN0,2021,288
TLJ4,S92000003,2021,1426
TLJ4,TLC1,2021,907
TLJ4,TLC2,2021,684
TLJ4,TLD1,2021,311
TLJ4,TLD3,2021,1015
TLJ4,TLD4,2021,626
TLJ4,TLD6,2021,369
TLJ4,TLD7,2021,583
TLJ4,TLE1,2021,439
TLJ4,TLE2,2021,640
TLJ4,TLE3,2021,668
TLJ4,TLE4,2021,1149
TLJ4,TLF1,2021,1742
TLJ4,TLF2,2021,1418
TLJ4,TLF3,2021,994
TLJ4,TLG1,2021,778
TLJ4,TLG2,2021,725
TLJ4,TLG3,2021,1545
TLJ4,TLH1,2021,3821
TLJ4,TLH2,2021,1650
TLJ4,TLH3,2021,3104
TLJ4,TLI3,2021,2253
TLJ4,TLI4,2021,5020
TLJ4,TLI5,2021,5319
TLJ4,TLI6,2021,3595
TLJ4,TLI7,2021,2093
TLJ4,TLJ1,2021,2731
TLJ4,TLJ2,2021,9653
TLJ4,TLJ3,2021,2635
TLJ4,TLK1,2021,2353
TLJ4,TLK2,2021,1554
TLJ4,TLK3,2021,814
TLJ4,TLK4,2021,1769
TLJ4,TLL1,2021,954
TLJ4,TLL2,2021,693
TLJ4,TLN0,2021,244
TLK1,S92000003,2021,2370
TLK1,TLC1,2021,885
TLK1,TLC2,2021,919
TLK1,TLD1,2021,433
TLK1,TLD3,2021,2349
TLK1,TLD4,2021,954
TLK1,TLD6,2021,823
TLK1,TLD7,2021,1152
TLK1,TLE1,2021,498
TLK1,TLE2,2021,1111
TLK1,TLE3,2021,1088
TLK1,TLE4,2021,1614
TLK1,TLF1,2021,2232
TLK1,TLF2,2021,1987
TLK1,TLF3,2021,708
TLK1,TLG1,2021,6368
TLK1,TLG2,2021,1922
TLK1,TLG3,2021,3725
TLK1,TLH1,2021,2931
TLK1,TLH2,2021,1846
TLK1,TLH3,2021,1293
TLK1,TLI3,2021,3976
TLK1,TLI4,2021,5539
TLK1,TLI5,2021,1293
TLK1,TLI6,2021,1421
TLK1,TLI7,2021,2772
TLK1,TLJ1,2021,8888
TLK1,TLJ2,2021,5383
TLK1,TLJ3,2021,6566
TLK1,TLJ4,2021,1587
TLK1,TLK2,2021,11547
TLK1,TLK3,2021,3526
TLK1,TLK4,2021,8443
TLK1,TLL1,2021,5708
TLK1,TLL2,2021,7411
TLK1,TLN0,2021,509
TLK2,S92000003,2021,981
TLK2,TLC1,2021,328
TLK2,TLC2,2021,314
TLK2,TLD1,2021,203
TLK2,TLD3,2021,681
TLK2,TLD4,2021,375
TLK2,TLD6,2021,264
TLK2,TLD7,2021,454
TLK2,TLE1,2021,236
TLK2,TLE2,2021,407
TLK2,TLE3,2021,339
TLK2,TLE4,2021,493
TLK2,TLF1,2021,853
TLK2,TLF2,2021,832
TLK2,TLF3,2021,304
TLK2,TLG1,2021,1031
TLK2,TLG2,2021,640
TLK2,TLG3,2021,1059
TLK2,TLH1,2021,1272
TLK2,TLH2,2021,1082
TLK2,TLH3,2021,732
TLK2,TLI3,2021,1448
TLK2,TLI4,2021,2187
TLK2,TLI5,2021,691
TLK2,TLI6,2021,871
TLK2,TLI7,2021,1155
TLK2,TLJ1,2021,3010
TLK2,TLJ2,2021,3755
TLK2,TLJ3,2021,7070
TLK2,TLJ4,2021,894
TLK2,TLK1,2021,10287
TLK2,TLK3,2021,1429
TLK2,TLK4,2021,5872
TLK2,TLL1,2021,1351
TLK2,TLL2,2021,1349
TLK2,TLN0,2021,167
TLK3,S92000003,2021,472
TLK3,TLC1,2021,165
TLK3,TLC2,2021,153
TLK3,TLD1,2021,106
TLK3,TLD3,2021,359
TLK3,TLD4,2021,201
TLK3,TLD6,2021,197
TLK3,TLD7,2021,213
TLK3,TLE1,2021,116
TLK3,TLE2,2021,191
TLK3,TLE3,2021,149
TLK3,TLE4,2021,250
TLK3,TLF1,2021,402
TLK3,TLF2,2021,293
TLK3,TLF3,2021,209
TLK3,TLG1,2021,563
TLK3,TLG2,2021,398
TLK3,TLG3,2021,467
TLK3,TLH1,2021,691
TLK3,TLH2,2021,371
TLK3,TLH3,2021,307
TLK3,TLI3,2021,423
TLK3,TLI4,2021,734
TLK3,TLI5,2021,213
TLK3,TLI6,2021,237
TLK3,TLI7,2021,356
TLK3,TLJ1,2021,880
TLK3,TLJ2,2021,1021
TLK3,TLJ3,2021,856
TLK3,TLJ4,2021,361
TLK3,TLK1,2021,2531
TLK3,TLK2,2021,1308
TLK3,TLK4,2021,5178
TLK3,TLL1,2021,545
TLK3,TLL2,2021,607
TLK3,TLN0,2021,68
TLK4,S92000003,2021,1101
TLK4,TLC1,2021,401
TLK4,TLC2,2021,364
TLK4,TLD1,2021,163
TLK4,TLD3,2021,749
TLK4,TLD4,2021,445
TLK4,TLD6,2021,321
TLK4,TLD7,2021,513
TLK4,TLE1,2021,208
TLK4,TLE2,2021,347
TLK4,TLE3,2021,381
TLK4,TLE4,2021,567
TLK4,TLF1,2021,786
TLK4,TLF2,2021,822
TLK4,TLF3,2021,307
TLK4,TLG1,2021,1167
TLK4,TLG2,2021,701
TLK4,TLG3,2021,1263
TLK4,TLH1,2021,1301
TLK4,TLH2,2021,853
TLK4,TLH3,2021,642
TLK4,TLI3,2021,1517
TLK4,TLI4,2021,2016
TLK4,TLI5,2021,618
TLK4,TLI6,2021,613
TLK4,TLI7,2021,1030
TLK4,TLJ1,2021,2585
TLK4,TLJ2,2021,2562
TLK4,TLJ3,2021,2279
TLK4,TLJ4,2021,914
TLK4,TLK1,2021,7145
TLK4,TLK2,2021,5055
TLK4,TLK3,2021,5367
TLK4,TLL1,2021,1454
TLK4,TLL2,2021,1728
TLK4,TLN0,2021,164
TLL1,S92000003,2021,957
TLL1,TLC1,2021,362
TLL1,TLC2,2021,361
TLL1,TLD1,2021,221
TLL1,TLD3,2021,2088
TLL1,TLD4,2021,935
TLL1,TLD6,2021,1481
TLL1,TLD7,2021,2068
TLL1,TLE1,2021,278
TLL1,TLE2,2021,430
TLL1,TLE3,2021,528
TLL1,TLE4,2021,834
TLL1,TLF1,2021,1063
TLL1,TLF2,2021,1031
TLL1,TLF3,2021,368
TLL1,TLG1,2021,1672
TLL1,TLG2,2021,1785
TLL1,TLG3,2021,1830
TLL1,TLH1,2021,1054
TLL1,TLH2,2021,665
TLL1,TLH3,2021,532
TLL1,TLI3,2021,762
TLL1,TLI4,2021,1290
TLL1,TLI5,2021,511
TLL1,TLI6,2021,431
TLL1,TLI7,2021,914
TLL1,TLJ1,2021,1804
TLL1,TLJ2,2021,1534
TLL1,TLJ3,2021,1304
TLL1,TLJ4,2021,608
TLL1,TLK1,2021,4975
TLL1,TLK2,2021,1289
TLL1,TLK3,2021,620
TLL1,TLK4,2021,1535
TLL1,TLL2,2021,13511
TLL1,TLN0,2021,189
TLL2,S92000003,2021,831
TLL2,TLC1,2021,260
TLL2,TLC2,2021,316
TLL2,TLD1,2021,134
TLL2,TLD3,2021,1475
TLL2,TLD4,2021,589
TLL2,TLD6,2021,2403
TLL2,TLD7,2021,1724
TLL2,TLE1,2021,162
TLL2,TLE2,2021,295
TLL2,TLE3,2021,444
TLL2,TLE4,2021,615
TLL2,TLF1,2021,793
TLL2,TLF2,2021,666
TLL2,TLF3,2021,198
TLL2,TLG1,2021,1913
TLL2,TLG2,2021,2208
TLL2,TLG3,2021,1658
TLL2,TLH1,2021,821
TLL2,TLH2,2021,557
TLL2,TLH3,2021,391
TLL2,TLI3,2021,1029
TLL2,TLI4,2021,1532
TLL2,TLI5,2021,477
TLL2,TLI6,2021,490
TLL2,TLI7,2021,968
TLL2,TLJ1,2021,1782
TLL2,TLJ2,2021,1282
TLL2,TLJ3,2021,1308
TLL2,TLJ4,2021,426
TLL2,TLK1,2021,5773
TLL2,TLK2,2021,1367
TLL2,TLK3,2021,703
TLL2,TLK4,2021,1805
TLL2,TLL1,2021,14735
TLL2,TLN0,2021,176
TLM5,TLM6,2021,1678
TLM5,TLM7,2021,4106
TLM5,TLM8,2021,1757
TLM5,TLM9,2021,774
TLM6,TLM5,2021,1679
TLM6,TLM7,2021,3076
TLM6,TLM8,2021,2458
TLM6,TLM9,2021,1064
TLM7,TLM5,2021,3286
TLM7,TLM6,2021,4038
TLM7,TLM8,2021,8739
TLM7,TLM9,2021,5547
TLM8,TLM5,2021,1234
TLM8,TLM6,2021,3156
TLM8,TLM7,2021,8595
TLM8,TLM9,2021,11180
TLM9,TLM5,2021,592
TLM9,TLM6,2021,1317
TLM9,TLM7,2021,4285
TLM9,TLM8,2021,7228
TLN0,S92000003,2021,2043
TLN0,TLC1,2021,238
TLN0,TLC2,2021,699
TLN0,TLD1,2021,112
TLN0,TLD3,2021,629
TLN0,TLD4,2021,417
TLN0,TLD6,2021,229
TLN0,TLD7,2021,2283
TLN0,TLE1,2021,62
TLN0,TLE2,2021,167
TLN0,TLE3,2021,160
TLN0,TLE4,2021,336
TLN0,TLF1,2021,379
TLN0,TLF2,2021,258
TLN0,TLF3,2021,86
TLN0,TLG1,2021,173
TLN0,TLG2,2021,275
TLN0,TLG3,2021,390
TLN0,TLH1,2021,359
TLN0,TLH2,2021,235
TLN0,TLH3,2021,177
TLN0,TLI3,2021,599
TLN0,TLI4,2021,1280
TLN0,TLI5,2021,275
TLN0,TLI6,2021,190
TLN0,TLI7,2021,392
TLN0,TLJ1,2021,493
TLN0,TLJ2,2021,538
TLN0,TLJ3,2021,353
TLN0,TLJ4,2021,210
TLN0,TLK1,2021,504
TLN0,TLK2,2021,136
TLN0,TLK3,2021,58
TLN0,TLK4,2021,261
TLN0,TLL1,2021,253
TLN0,TLL2,2021,274
S92000003,TLC1,2022,1010
S92000003,TLC2,2022,2056
S92000003,TLD1,2022,1017
S92000003,TLD3,2022,1672
S92000003,TLD4,2022,1180
S92000003,TLD6,2022,831
S92000003,TLD7,2022,904
S92000003,TLE1,2022,462
S92000003,TLE2,2022,856
S92000003,TLE3,2022,598
S92000003,TLE4,2022,1012
S92000003,TLF1,2022,908
S92000003,TLF2,2022,670
S92000003,TLF3,2022,413
S92000003,TLG1,2022,623
S92000003,TLG2,2022,544
S92000003,TLG3,2022,1048
S92000003,TLH1,2022,1509
S92000003,TLH2,2022,663
S92000003,TLH3,2022,539
S92000003,TLI3,2022,2207
S92000003,TLI4,2022,3418
S92000003,TLI5,2022,1177
S92000003,TLI6,2022,711
S92000003,TLI7,2022,1778
S92000003,TLJ1,2022,1638
S92000003,TLJ2,2022,1480
S92000003,TLJ3,2022,1005
S92000003,TLJ4,2022,665
S92000003,TLK1,2022,1564
S92000003,TLK2,2022,671
S92000003,TLK3,2022,324
S92000003,TLK4,2022,691
S92000003,TLL1,2022,633
S92000003,TLL2,2022,589
S92000003,TLN0,2022,1591
TLC1,S92000003,2022,1162
TLC1,TLC2,2022,10269
TLC1,TLD1,2022,780
TLC1,TLD3,2022,1756
TLC1,TLD4,2022,796
TLC1,TLD6,2022,442
TLC1,TLD7,2022,721
TLC1,TLE1,2022,662
TLC1,TLE2,2022,3397
TLC1,TLE3,2022,903
TLC1,TLE4,2022,2348
TLC1,TLF1,2022,874
TLC1,TLF2,2022,606
TLC1,TLF3,2022,336
TLC1,TLG1,2022,315
TLC1,TLG2,2022,417
TLC1,TLG3,2022,839
TLC1,TLH1,2022,1101
TLC1,TLH2,2022,571
TLC1,TLH3,2022,378
TLC1,TLI3,2022,1201
TLC1,TLI4,2022,1522
TLC1,TLI5,2022,426
TLC1,TLI6,2022,336
TLC1,TLI7,2022,854
TLC1,TLJ1,2022,905
TLC1,TLJ2,2022,750
TLC1,TLJ3,2022,418
TLC1,TLJ4,2022,391
TLC1,TLK1,2022,721
TLC1,TLK2,2022,284
TLC1,TLK3,2022,109
TLC1,TLK4,2022,335
TLC1,TLL1,2022,289
TLC1,TLL2,2022,229
TLC1,TLN0,2022,93
TLC2,S92000003,2022,2239
TLC2,TLC1,2022,11431
TLC2,TLD1,2022,1060
TLC2,TLD3,2022,2348
TLC2,TLD4,2022,810
TLC2,TLD6,2022,457
TLC2,TLD7,2022,908
TLC2,TLE1,2022,802
TLC2,TLE2,2022,1957
TLC2,TLE3,2022,1084
TLC2,TLE4,2022,3235
TLC2,TLF1,2022,1134
TLC2,TLF2,2022,684
TLC2,TLF3,2022,447
TLC2,TLG1,2022,331
TLC2,TLG2,2022,391
TLC2,TLG3,2022,802
TLC2,TLH1,2022,1031
TLC2,TLH2,2022,533
TLC2,TLH3,2022,342
TLC2,TLI3,2022,1112
TLC2,TLI4,2022,1643
TLC2,TLI5,2022,407
TLC2,TLI6,2022,343
TLC2,TLI7,2022,982
TLC2,TLJ1,2022,862
TLC2,TLJ2,2022,728
TLC2,TLJ3,2022,456
TLC2,TLJ4,2022,355
TLC2,TLK1,2022,886
TLC2,TLK2,2022,324
TLC2,TLK3,2022,134
TLC2,TLK4,2022,323
TLC2,TLL1,2022,315
TLC2,TLL2,2022,244
TLC2,TLN0,2022,319
TLD1,S92000003,2022,1070
TLD1,TLC1,2022,779
TLD1,TLC2,2022,1087
TLD1,TLD3,2022,1019
TLD1,TLD4,2022,2353
TLD1,TLD6,2022,329
TLD1,TLD7,2022,644
TLD1,TLE1,2022,159
TLD1,TLE2,2022,524
TLD1,TLE3,2022,207
TLD1,TLE4,2022,661
TLD1,TLF1,2022,309
TLD1,TLF2,2022,210
TLD1,TLF3,2022,106
TLD1,TLG1,2022,141
TLD1,TLG2,2022,206
TLD1,TLG3,2022,207
TLD1,TLH1,2022,307
TLD1,TLH2,2022,90
TLD1,TLH3,2022,78
TLD1,TLI3,2022,160
TLD1,TLI4,2022,297
TLD1,TLI5,2022,62
TLD1,TLI6,2022,48
TLD1,TLI7,2022,129
TLD1,TLJ1,2022,267
TLD1,TLJ2,2022,202
TLD1,TLJ3,2022,152
TLD1,TLJ4,2022,112
TLD1,TLK1,2022,300
TLD1,TLK2,2022,159
TLD1,TLK3,2022,101
TLD1,TLK4,2022,148
TLD1,TLL1,2022,197
TLD1,TLL2,2022,125
TLD1,TLN0,2022,52
TLD3,S92000003,2022,2179
TLD3,TLC1,2022,1476
TLD3,TLC2,2022,2132
TLD3,TLD1,2022,1333
TLD3,TLD4,2022,16841
TLD3,TLD6,2022,11788
TLD3,TLD7,2022,8636
TLD3,TLE1,2022,1089
TLD3,TLE2,2022,1730
TLD3,TLE3,2022,2915
TLD3,TLE4,2022,8093
TLD3,TLF1,2022,4686
TLD3,TLF2,2022,1730
TLD3,TLF3,2022,682
TLD3,TLG1,2022,922
TLD3,TLG2,2022,2616
TLD3,TLG3,2022,3636
TLD3,TLH1,2022,1775
TLD3,TLH2,2022,1116
TLD3,TLH3,2022,649
TLD3,TLI3,2022,2256
TLD3,TLI4,2022,4321
TLD3,TLI5,2022,1489
TLD3,TLI6,2022,919
TLD3,TLI7,2022,2451
TLD3,TLJ1,2022,2231
TLD3,TLJ2,2022,1735
TLD3,TLJ3,2022,958
TLD3,TLJ4,2022,734
TLD3,TLK1,2022,2051
TLD3,TLK2,2022,752
TLD3,TLK3,2022,532
TLD3,TLK4,2022,907
TLD3,TLL1,2022,2497
TLD3,TLL2,2022,1401
TLD3,TLN0,2022,493
TLD4,S92000003,2022,1456
TLD4,TLC1,2022,914
TLD4,TLC2,2022,1120
TLD4,TLD1,2022,2365
TLD4,TLD3,2022,10981
TLD4,TLD6,2022,1822
TLD4,TLD7,2022,5979
TLD4,TLE1,2022,532
TLD4,TLE2,2022,1565
TLD4,TLE3,2022,990
TLD4,TLE4,2022,3435
TLD4,TLF1,2022,1211
TLD4,TLF2,2022,822
TLD4,TLF3,2022,405
TLD4,TLG1,2022,450
TLD4,TLG2,2022,1065
TLD4,TLG3,2022,1459
TLD4,TLH1,2022,831
TLD4,TLH2,2022,507
TLD4,TLH3,2022,385
TLD4,TLI3,2022,664
TLD4,TLI4,2022,1243
TLD4,TLI5,2022,415
TLD4,TLI6,2022,268
TLD4,TLI7,2022,750
TLD4,TLJ1,2022,865
TLD4,TLJ2,2022,701
TLD4,TLJ3,2022,517
TLD4,TLJ4,2022,382
TLD4,TLK1,2022,981
TLD4,TLK2,2022,368
TLD4,TLK3,2022,225
TLD4,TLK4,2022,420
TLD4,TLL1,2022,919
TLD4,TLL2,2022,559
TLD4,TLN0,2022,225
TLD6,S92000003,2022,723
TLD6,TLC1,2022,481
TLD6,TLC2,2022,660
TLD6,TLD1,2022,553
TLD6,TLD3,2022,6656
TLD6,TLD4,2022,1979
TLD6,TLD7,2022,7032
TLD6,TLE1,2022,238
TLD6,TLE2,2022,580
TLD6,TLE3,2022,805
TLD6,TLE4,2022,1417
TLD6,TLF1,2022,1447
TLD6,TLF2,2022,567
TLD6,TLF3,2022,230
TLD6,TLG1,2022,421
TLD6,TLG2,2022,3104
TLD6,TLG3,2022,915
TLD6,TLH1,2022,609
TLD6,TLH2,2022,280
TLD6,TLH3,2022,204
TLD6,TLI3,2022,487
TLD6,TLI4,2022,669
TLD6,TLI5,2022,218
TLD6,TLI6,2022,128
TLD6,TLI7,2022,292
TLD6,TLJ1,2022,744
TLD6,TLJ2,2022,508
TLD6,TLJ3,2022,359
TLD6,TLJ4,2022,215
TLD6,TLK1,2022,862
TLD6,TLK2,2022,298
TLD6,TLK3,2022,290
TLD6,TLK4,2022,409
TLD6,TLL1,2022,1407
TLD6,TLL2,2022,2267
TLD6,TLN0,2022,137
TLD7,S92000003,2022,1085
TLD7,TLC1,2022,628
TLD7,TLC2,2022,884
TLD7,TLD1,2022,675
TLD7,TLD3,2022,7924
TLD7,TLD4,2022,7333
TLD7,TLD6,2022,6944
TLD7,TLE1,2022,398
TLD7,TLE2,2022,765
TLD7,TLE3,2022,1059
TLD7,TLE4,2022,2348
TLD7,TLF1,2022,1202
TLD7,TLF2,2022,776
TLD7,TLF3,2022,270
TLD7,TLG1,2022,669
TLD7,TLG2,2022,1496
TLD7,TLG3,2022,1760
TLD7,TLH1,2022,775
TLD7,TLH2,2022,602
TLD7,TLH3,2022,384
TLD7,TLI3,2022,990
TLD7,TLI4,2022,1698
TLD7,TLI5,2022,500
TLD7,TLI6,2022,435
TLD7,TLI7,2022,1038
TLD7,TLJ1,2022,939
TLD7,TLJ2,2022,750
TLD7,TLJ3,2022,499
TLD7,TLJ4,2022,428
TLD7,TLK1,2022,1076
TLD7,TLK2,2022,404
TLD7,TLK3,2022,265
TLD7,TLK4,2022,455
TLD7,TLL1,2022,1718
TLD7,TLL2,2022,1584
TLD7,TLN0,2022,701
TLE1,S92000003,2022,596
TLE1,TLC1,2022,871
TLE1,TLC2,2022,1085
TLE1,TLD1,2022,182
TLE1,TLD3,2022,1461
TLE1,TLD4,2022,528
TLE1,TLD6,2022,279
TLE1,TLD7,2022,585
TLE1,TLE2,2022,3109
TLE1,TLE3,2022,2486
TLE1,TLE4,2022,3597
TLE1,TLF1,2022,1500
TLE1,TLF2,2022,599
TLE1,TLF3,2022,3019
TLE1,TLG1,2022,276
TLE1,TLG2,2022,344
TLE1,TLG3,2022,615
TLE1,TLH1,2022,737
TLE1,TLH2,2022,293
TLE1,TLH3,2022,245
TLE1,TLI3,2022,343
TLE1,TLI4,2022,637
TLE1,TLI5,2022,257
TLE1,TLI6,2022,197
TLE1,TLI7,2022,328
TLE1,TLJ1,2022,436
TLE1,TLJ2,2022,335
TLE1,TLJ3,2022,291
TLE1,TLJ4,2022,233
TLE1,TLK1,2022,430
TLE1,TLK2,2022,190
TLE1,TLK3,2022,148
TLE1,TLK4,2022,214
TLE1,TLL1,2022,241
TLE1,TLL2,2022,205
TLE1,TLN0,2022,71
TLE2,S92000003,2022,1335
TLE2,TLC1,2022,3800
TLE2,TLC2,2022,2290
TLE2,TLD1,2022,644
TLE2,TLD3,2022,1791
TLE2,TLD4,2022,1381
TLE2,TLD6,2022,414
TLE2,TLD7,2022,822
TLE2,TLE1,2022,4215
TLE2,TLE3,2022,1731
TLE2,TLE4,2022,6520
TLE2,TLF1,2022,1289
TLE2,TLF2,2022,644
TLE2,TLF3,2022,662
TLE2,TLG1,2022,434
TLE2,TLG2,2022,473
TLE2,TLG3,2022,614
TLE2,TLH1,2022,1258
TLE2,TLH2,2022,433
TLE2,TLH3,2022,348
TLE2,TLI3,2022,869
TLE2,TLI4,2022,1181
TLE2,TLI5,2022,296
TLE2,TLI6,2022,273
TLE2,TLI7,2022,558
TLE2,TLJ1,2022,835
TLE2,TLJ2,2022,796
TLE2,TLJ3,2022,447
TLE2,TLJ4,2022,356
TLE2,TLK1,2022,1070
TLE2,TLK2,2022,270
TLE2,TLK3,2022,202
TLE2,TLK4,2022,379
TLE2,TLL1,2022,366
TLE2,TLL2,2022,321
TLE2,TLN0,2022,144
TLE3,S92000003,2022,910
TLE3,TLC1,2022,992
TLE3,TLC2,2022,1273
TLE3,TLD1,2022,237
TLE3,TLD3,2022,3510
TLE3,TLD4,2022,904
TLE3,TLD6,2022,856
TLE3,TLD7,2022,1190
TLE3,TLE1,2022,2821
TLE3,TLE2,2022,2143
TLE3,TLE4,2022,7085
TLE3,TLF1,2022,8986
TLE3,TLF2,2022,1472
TLE3,TLF3,2022,1831
TLE3,TLG1,2022,601
TLE3,TLG2,2022,905
TLE3,TLG3,2022,1623
TLE3,TLH1,2022,1472
TLE3,TLH2,2022,728
TLE3,TLH3,2022,400
TLE3,TLI3,2022,807
TLE3,TLI4,2022,1631
TLE3,TLI5,2022,588
TLE3,TLI6,2022,377
TLE3,TLI7,2022,872
TLE3,TLJ1,2022,1151
TLE3,TLJ2,2022,833
TLE3,TLJ3,2022,467
TLE3,TLJ4,2022,433
TLE3,TLK1,2022,1107
TLE3,TLK2,2022,331
TLE3,TLK3,2022,234
TLE3,TLK4,2022,430
TLE3,TLL1,2022,467
TLE3,TLL2,2022,420
TLE3,TLN0,2022,105
TLE4,S92000003,2022,1860
TLE4,TLC1,2022,2826
TLE4,TLC2,2022,3718
TLE4,TLD1,2022,789
TLE4,TLD3,2022,8407
TLE4,TLD4,2022,3996
TLE4,TLD6,2022,1406
TLE4,TLD7,2022,2596
TLE4,TLE1,2022,4138
TLE4,TLE2,2022,10000
TLE4,TLE3,2022,7697
TLE4,TLF1,2022,3522
TLE4,TLF2,2022,1773
TLE4,TLF3,2022,1387
TLE4,TLG1,2022,849
TLE4,TLG2,2022,1236
TLE4,TLG3,2022,2980
TLE4,TLH1,2022,1977
TLE4,TLH2,2022,1437
TLE4,TLH3,2022,681
TLE4,TLI3,2022,1877
TLE4,TLI4,2022,3449
TLE4,TLI5,2022,1369
TLE4,TLI6,2022,758
TLE4,TLI7,2022,1966
TLE4,TLJ1,2022,1879
TLE4,TLJ2,2022,1568
TLE4,TLJ3,2022,763
TLE4,TLJ4,2022,840
TLE4,TLK1,2022,1605
TLE4,TLK2,2022,543
TLE4,TLK3,2022,362
TLE4,TLK4,2022,655
TLE4,TLL1,2022,854
TLE4,TLL2,2022,555
TLE4,TLN0,2022,291
TLF1,S92000003,2022,1420
TLF1,TLC1,2022,1140
TLF1,TLC2,2022,1579
TLF1,TLD1,2022,460
TLF1,TLD3,2022,4785
TLF1,TLD4,2022,1333
TLF1,TLD6,2022,1330
TLF1,TLD7,2022,1706
TLF1,TLE1,2022,1453
TLF1,TLE2,2022,1622
TLF1,TLE3,2022,7046
TLF1,TLE4,2022,3804
TLF1,TLF2,2022,7654
TLF1,TLF3,2022,4790
TLF1,TLG1,2022,1947
TLF1,TLG2,2022,5163
TLF1,TLG3,2022,5374
TLF1,TLH1,2022,3475
TLF1,TLH2,2022,2542
TLF1,TLH3,2022,1259
TLF1,TLI3,2022,1710
TLF1,TLI4,2022,3264
TLF1,TLI5,2022,1463
TLF1,TLI6,2022,1069
TLF1,TLI7,2022,2255
TLF1,TLJ1,2022,2720
TLF1,TLJ2,2022,1993
TLF1,TLJ3,2022,1111
TLF1,TLJ4,2022,1076
TLF1,TLK1,2022,2289
TLF1,TLK2,2022,915
TLF1,TLK3,2022,659
TLF1,TLK4,2022,997
TLF1,TLL1,2022,1046
TLF1,TLL2,2022,780
TLF1,TLN0,2022,184
TLF2,S92000003,2022,1250
TLF2,TLC1,2022,931
TLF2,TLC2,2022,1068
TLF2,TLD1,2022,350
TLF2,TLD3,2022,2287
TLF2,TLD4,2022,1058
TLF2,TLD6,2022,720
TLF2,TLD7,2022,1197
TLF2,TLE1,2022,817
TLF2,TLE2,2022,986
TLF2,TLE3,2022,1956
TLF2,TLE4,2022,2030
TLF2,TLF1,2022,8934
TLF2,TLF3,2022,3803
TLF2,TLG1,2022,4253
TLF2,TLG2,2022,2381
TLF2,TLG3,2022,5822
TLF2,TLH1,2022,5087
TLF2,TLH2,2022,3222
TLF2,TLH3,2022,1411
TLF2,TLI3,2022,1722
TLF2,TLI4,2022,3582
TLF2,TLI5,2022,1957
TLF2,TLI6,2022,1095
TLF2,TLI7,2022,2560
TLF2,TLJ1,2022,5551
TLF2,TLJ2,2022,2184
TLF2,TLJ3,2022,1491
TLF2,TLJ4,2022,1127
TLF2,TLK1,2022,2546
TLF2,TLK2,2022,1165
TLF2,TLK3,2022,629
TLF2,TLK4,2022,1431
TLF2,TLL1,2022,1224
TLF2,TLL2,2022,848
TLF2,TLN0,2022,227
TLF3,S92000003,2022,655
TLF3,TLC1,2022,471
TLF3,TLC2,2022,702
TLF3,TLD1,2022,198
TLF3,TLD3,2022,800
TLF3,TLD4,2022,418
TLF3,TLD6,2022,234
TLF3,TLD7,2022,303
TLF3,TLE1,2022,2939
TLF3,TLE2,2022,779
TLF3,TLE3,2022,1804
TLF3,TLE4,2022,1517
TLF3,TLF1,2022,4919
TLF3,TLF2,2022,2658
TLF3,TLG1,2022,437
TLF3,TLG2,2022,647
TLF3,TLG3,2022,797
TLF3,TLH1,2022,4185
TLF3,TLH2,2022,709
TLF3,TLH3,2022,484
TLF3,TLI3,2022,370
TLF3,TLI4,2022,705
TLF3,TLI5,2022,318
TLF3,TLI6,2022,197
TLF3,TLI7,2022,401
TLF3,TLJ1,2022,746
TLF3,TLJ2,2022,588
TLF3,TLJ3,2022,439
TLF3,TLJ4,2022,379
TLF3,TLK1,2022,631
TLF3,TLK2,2022,287
TLF3,TLK3,2022,201
TLF3,TLK4,2022,346
TLF3,TLL1,2022,360
TLF3,TLL2,2022,219
TLF3,TLN0,2022,72
TLG1,S92000003,2022,792
TLG1,TLC1,2022,560
TLG1,TLC2,2022,441
TLG1,TLD1,2022,253
TLG1,TLD3,2022,1309
TLG1,TLD4,2022,626
TLG1,TLD6,2022,447
TLG1,TLD7,2022,884
TLG1,TLE1,2022,310
TLG1,TLE2,2022,591
TLG1,TLE3,2022,711
TLG1,TLE4,2022,926
TLG1,TLF1,2022,2364
TLG1,TLF2,2022,4048
TLG1,TLF3,2022,633
TLG1,TLG2,2022,3943
TLG1,TLG3,2022,10593
TLG1,TLH1,2022,1203
TLG1,TLH2,2022,755
TLG1,TLH3,2022,390
TLG1,TLI3,2022,1292
TLG1,TLI4,2022,1611
TLG1,TLI5,2022,453
TLG1,TLI6,2022,380
TLG1,TLI7,2022,836
TLG1,TLJ1,2022,2380
TLG1,TLJ2,2022,1308
TLG1,TLJ3,2022,982
TLG1,TLJ4,2022,494
TLG1,TLK1,2022,5130
TLG1,TLK2,2022,1005
TLG1,TLK3,2022,744
TLG1,TLK4,2022,1613
TLG1,TLL1,2022,1650
TLG1,TLL2,2022,1950
TLG1,TLN0,2022,146
TLG2,S92000003,2022,971
TLG2,TLC1,2022,579
TLG2,TLC2,2022,458
TLG2,TLD1,2022,320
TLG2,TLD3,2022,2663
TLG2,TLD4,2022,1226
TLG2,TLD6,2022,3689
TLG2,TLD7,2022,2092
TLG2,TLE1,2022,432
TLG2,TLE2,2022,656
TLG2,TLE3,2022,952
TLG2,TLE4,2022,1147
TLG2,TLF1,2022,5274
TLG2,TLF2,2022,2003
TLG2,TLF3,2022,567
TLG2,TLG1,2022,3515
TLG2,TLG3,2022,8556
TLG2,TLH1,2022,1131
TLG2,TLH2,2022,570
TLG2,TLH3,2022,437
TLG2,TLI3,2022,723
TLG2,TLI4,2022,1024
TLG2,TLI5,2022,465
TLG2,TLI6,2022,281
TLG2,TLI7,2022,670
TLG2,TLJ1,2022,1324
TLG2,TLJ2,2022,927
TLG2,TLJ3,2022,763
TLG2,TLJ4,2022,455
TLG2,TLK1,2022,1762
TLG2,TLK2,2022,731
TLG2,TLK3,2022,521
TLG2,TLK4,2022,975
TLG2,TLL1,2022,1856
TLG2,TLL2,2022,2165
TLG2,TLN0,2022,179
TLG3,S92000003,2022,1582
TLG3,TLC1,2022,1004
TLG3,TLC2,2022,938
TLG3,TLD1,2022,371
TLG3,TLD3,2022,4266
TLG3,TLD4,2022,1663
TLG3,TLD6,2022,1106
TLG3,TLD7,2022,2066
TLG3,TLE1,2022,676
TLG3,TLE2,2022,735
TLG3,TLE3,2022,1754
TLG3,TLE4,2022,2940
TLG3,TLF1,2022,6495
TLG3,TLF2,2022,6536
TLG3,TLF3,2022,1008
TLG3,TLG1,2022,24763
TLG3,TLG2,2022,19947
TLG3,TLH1,2022,2725
TLG3,TLH2,2022,2656
TLG3,TLH3,2022,1322
TLG3,TLI3,2022,2680
TLG3,TLI4,2022,5754
TLG3,TLI5,2022,3010
TLG3,TLI6,2022,1746
TLG3,TLI7,2022,4510
TLG3,TLJ1,2022,4584
TLG3,TLJ2,2022,2528
TLG3,TLJ3,2022,1739
TLG3,TLJ4,2022,1444
TLG3,TLK1,2022,4363
TLG3,TLK2,2022,1449
TLG3,TLK3,2022,891
TLG3,TLK4,2022,1962
TLG3,TLL1,2022,2372
TLG3,TLL2,2022,1816
TLG3,TLN0,2022,284
TLH1,S92000003,2022,2212
TLH1,TLC1,2022,1375
TLH1,TLC2,2022,1255
TLH1,TLD1,2022,406
TLH1,TLD3,2022,2062
TLH1,TLD4,2022,934
TLH1,TLD6,2022,654
TLH1,TLD7,2022,869
TLH1,TLE1,2022,900
TLH1,TLE2,2022,1485
TLH1,TLE3,2022,1792
TLH1,TLE4,2022,2424
TLH1,TLF1,2022,4157
TLH1,TLF2,2022,4801
TLH1,TLF3,2022,6196
TLH1,TLG1,2022,1193
TLH1,TLG2,2022,1239
TLH1,TLG3,2022,2621
TLH1,TLH2,2022,4572
TLH1,TLH3,2022,6216
TLH1,TLI3,2022,3740
TLH1,TLI4,2022,5900
TLH1,TLI5,2022,2157
TLH1,TLI6,2022,1197
TLH1,TLI7,2022,2615
TLH1,TLJ1,2022,3919
TLH1,TLJ2,2022,3820
TLH1,TLJ3,2022,1945
TLH1,TLJ4,2022,1989
TLH1,TLK1,2022,3225
TLH1,TLK2,2022,1256
TLH1,TLK3,2022,741
TLH1,TLK4,2022,1464
TLH1,TLL1,2022,1175
TLH1,TLL2,2022,821
TLH1,TLN0,2022,344
TLH2,S92000003,2022,1370
TLH2,TLC1,2022,928
TLH2,TLC2,2022,860
TLH2,TLD1,2022,266
TLH2,TLD3,2022,2001
TLH2,TLD4,2022,807
TLH2,TLD6,2022,571
TLH2,TLD7,2022,1027
TLH2,TLE1,2022,492
TLH2,TLE2,2022,1023
TLH2,TLE3,2022,1262
TLH2,TLE4,2022,2014
TLH2,TLF1,2022,3902
TLH2,TLF2,2022,5796
TLH2,TLF3,2022,1752
TLH2,TLG1,2022,1145
TLH2,TLG2,2022,1053
TLH2,TLG3,2022,3436
TLH2,TLH1,2022,9986
TLH2,TLH3,2022,5178
TLH2,TLI3,2022,2547
TLH2,TLI4,2022,5233
TLH2,TLI5,2022,3356
TLH2,TLI6,2022,1255
TLH2,TLI7,2022,6454
TLH2,TLJ1,2022,10386
TLH2,TLJ2,2022,3778
TLH2,TLJ3,2022,2290
TLH2,TLJ4,2022,1899
TLH2,TLK1,2022,3074
TLH2,TLK2,2022,2126
TLH2,TLK3,2022,783
TLH2,TLK4,2022,1864
TLH2,TLL1,2022,1068
TLH2,TLL2,2022,770
TLH2,TLN0,2022,289
TLH3,S92000003,2022,1037
TLH3,TLC1,2022,703
TLH3,TLC2,2022,619
TLH3,TLD1,2022,290
TLH3,TLD3,2022,1133
TLH3,TLD4,2022,603
TLH3,TLD6,2022,405
TLH3,TLD7,2022,648
TLH3,TLE1,2022,448
TLH3,TLE2,2022,645
TLH3,TLE3,2022,702
TLH3,TLE4,2022,1075
TLH3,TLF1,2022,1979
TLH3,TLF2,2022,1758
TLH3,TLF3,2022,1257
TLH3,TLG1,2022,650
TLH3,TLG2,2022,694
TLH3,TLG3,2022,1694
TLH3,TLH1,2022,13701
TLH3,TLH2,2022,4697
TLH3,TLI3,2022,1652
TLH3,TLI4,2022,5250
TLH3,TLI5,2022,6651
TLH3,TLI6,2022,1101
TLH3,TLI7,2022,1994
TLH3,TLJ1,2022,2158
TLH3,TLJ2,2022,3186
TLH3,TLJ3,2022,1577
TLH3,TLJ4,2022,3300
TLH3,TLK1,2022,1971
TLH3,TLK2,2022,1113
TLH3,TLK3,2022,717
TLH3,TLK4,2022,1286
TLH3,TLL1,2022,777
TLH3,TLL2,2022,559
TLH3,TLN0,2022,186
TLI3,S92000003,2022,1718
TLI3,TLC1,2022,706
TLI3,TLC2,2022,701
TLI3,TLD1,2022,172
TLI3,TLD3,2022,1705
TLI3,TLD4,2022,444
TLI3,TLD6,2022,441
TLI3,TLD7,2022,649
TLI3,TLE1,2022,219
TLI3,TLE2,2022,666
TLI3,TLE3,2022,493
TLI3,TLE4,2022,1138
TLI3,TLF1,2022,1187
TLI3,TLF2,2022,1286
TLI3,TLF3,2022,305
TLI3,TLG1,2022,824
TLI3,TLG2,2022,552
TLI3,TLG3,2022,1822
TLI3,TLH1,2022,3035
TLI3,TLH2,2022,3614
TLI3,TLH3,2022,1562
TLI3,TLI4,2022,30028
TLI3,TLI5,2022,5258
TLI3,TLI6,2022,11704
TLI3,TLI7,2022,22031
TLI3,TLJ1,2022,6443
TLI3,TLJ2,2022,9187
TLI3,TLJ3,2022,2443
TLI3,TLJ4,2022,2583
TLI3,TLK1,2022,3779
TLI3,TLK2,2022,1426
TLI3,TLK3,2022,380
TLI3,TLK4,2022,1167
TLI3,TLL1,2022,494
TLI3,TLL2,2022,619
TLI3,TLN0,2022,245
TLI4,S92000003,2022,2939
TLI4,TLC1,2022,967
TLI4,TLC2,2022,1347
TLI4,TLD1,2022,312
TLI4,TLD3,2022,3846
TLI4,TLD4,2022,921
TLI4,TLD6,2022,674
TLI4,TLD7,2022,1385
TLI4,TLE1,2022,538
TLI4,TLE2,2022,983
TLI4,TLE3,2022,1511
TLI4,TLE4,2022,2552
TLI4,TLF1,2022,2696
TLI4,TLF2,2022,2978
TLI4,TLF3,2022,754
TLI4,TLG1,2022,1339
TLI4,TLG2,2022,1014
TLI4,TLG3,2022,5070
TLI4,TLH1,2022,5923
TLI4,TLH2,2022,8372
TLI4,TLH3,2022,9667
TLI4,TLI3,2022,27123
TLI4,TLI5,2022,46694
TLI4,TLI6,2022,21068
TLI4,TLI7,2022,18840
TLI4,TLJ1,2022,7279
TLI4,TLJ2,2022,11635
TLI4,TLJ3,2022,3116
TLI4,TLJ4,2022,10223
TLI4,TLK1,2022,5669
TLI4,TLK2,2022,2227
TLI4,TLK3,2022,790
TLI4,TLK4,2022,1675
TLI4,TLL1,2022,1014
TLI4,TLL2,2022,1113
TLI4,TLN0,2022,530
TLI5,S92000003,2022,1209
TLI5,TLC1,2022,603
TLI5,TLC2,2022,571
TLI5,TLD1,2022,178
TLI5,TLD3,2022,1990
TLI5,TLD4,2022,698
TLI5,TLD6,2022,409
TLI5,TLD7,2022,854
TLI5,TLE1,2022,383
TLI5,TLE2,2022,523
TLI5,TLE3,2022,839
TLI5,TLE4,2022,1462
TLI5,TLF1,2022,2491
TLI5,TLF2,2022,2678
TLI5,TLF3,2022,805
TLI5,TLG1,2022,771
TLI5,TLG2,2022,931
TLI5,TLG3,2022,4434
TLI5,TLH1,2022,5175
TLI5,TLH2,2022,8774
TLI5,TLH3,2022,22211
TLI5,TLI3,2022,4284
TLI5,TLI4,2022,26973
TLI5,TLI6,2022,5660
TLI5,TLI7,2022,8966
TLI5,TLJ1,2022,3742
TLI5,TLJ2,2022,4907
TLI5,TLJ3,2022,1894
TLI5,TLJ4,2022,14160
TLI5,TLK1,2022,2233
TLI5,TLK2,2022,1196
TLI5,TLK3,2022,375
TLI5,TLK4,2022,1116
TLI5,TLL1,2022,709
TLI5,TLL2,2022,529
TLI5,TLN0,2022,290
TLI6,S92000003,2022,1007
TLI6,TLC1,2022,545
TLI6,TLC2,2022,505
TLI6,TLD1,2022,111
TLI6,TLD3,2022,1379
TLI6,TLD4,2022,416
TLI6,TLD6,2022,325
TLI6,TLD7,2022,624
TLI6,TLE1,2022,271
TLI6,TLE2,2022,474
TLI6,TLE3,2022,647
TLI6,TLE4,2022,1022
TLI6,TLF1,2022,1804
TLI6,TLF2,2022,1637
TLI6,TLF3,2022,421
TLI6,TLG1,2022,698
TLI6,TLG2,2022,580
TLI6,TLG3,2022,2284
TLI6,TLH1,2022,2205
TLI6,TLH2,2022,1869
TLI6,TLH3,2022,1656
TLI6,TLI3,2022,6788
TLI6,TLI4,2022,11963
TLI6,TLI5,2022,4955
TLI6,TLI7,2022,5505
TLI6,TLJ1,2022,3229
TLI6,TLJ2,2022,21066
TLI6,TLJ3,2022,3438
TLI6,TLJ4,2022,8973
TLI6,TLK1,2022,2502
TLI6,TLK2,2022,1737
TLI6,TLK3,2022,435
TLI6,TLK4,2022,1206
TLI6,TLL1,2022,571
TLI6,TLL2,2022,651
TLI6,TLN0,2022,209
TLI7,S92000003,2022,1783
TLI7,TLC1,2022,867
TLI7,TLC2,2022,997
TLI7,TLD1,2022,187
TLI7,TLD3,2022,2863
TLI7,TLD4,2022,867
TLI7,TLD6,2022,470
TLI7,TLD7,2022,1075
TLI7,TLE1,2022,395
TLI7,TLE2,2022,698
TLI7,TLE3,2022,1147
TLI7,TLE4,2022,2139
TLI7,TLF1,2022,3158
TLI7,TLF2,2022,4013
TLI7,TLF3,2022,720
TLI7,TLG1,2022,1285
TLI7,TLG2,2022,980
TLI7,TLG3,2022,5966
TLI7,TLH1,2022,3633
TLI7,TLH2,2022,17604
TLI7,TLH3,2022,2943
TLI7,TLI3,2022,15893
TLI7,TLI4,2022,15380
TLI7,TLI5,2022,8388
TLI7,TLI6,2022,6109
TLI7,TLJ1,2022,18561
TLI7,TLJ2,2022,13939
TLI7,TLJ3,2022,4300
TLI7,TLJ4,2022,3026
TLI7,TLK1,2022,4686
TLI7,TLK2,2022,2585
TLI7,TLK3,2022,578
TLI7,TLK4,2022,1694
TLI7,TLL1,2022,993
TLI7,TLL2,2022,951
TLI7,TLN0,2022,315
TLJ1,S92000003,2022,2503
TLJ1,TLC1,2022,1278
TLJ1,TLC2,2022,1215
TLJ1,TLD1,2022,401
TLJ1,TLD3,2022,2507
TLJ1,TLD4,2022,1228
TLJ1,TLD6,2022,963
TLJ1,TLD7,2022,1199
TLJ1,TLE1,2022,665
TLJ1,TLE2,2022,1214
TLJ1,TLE3,2022,1392
TLJ1,TLE4,2022,2008
TLJ1,TLF1,2022,3854
TLJ1,TLF2,2022,7765
TLJ1,TLF3,2022,1300
TLJ1,TLG1,2022,3450
TLJ1,TLG2,2022,1897
TLJ1,TLG3,2022,5134
TLJ1,TLH1,2022,4682
TLJ1,TLH2,2022,6530
TLJ1,TLH3,2022,1597
TLJ1,TLI3,2022,6080
TLJ1,TLI4,2022,7041
TLJ1,TLI5,2022,2022
TLJ1,TLI6,2022,1856
TLJ1,TLI7,2022,6935
TLJ1,TLJ2,2022,8600
TLJ1,TLJ3,2022,9188
TLJ1,TLJ4,2022,2296
TLJ1,TLK1,2022,10668
TLJ1,TLK2,2022,4323
TLJ1,TLK3,2022,1484
TLJ1,TLK4,2022,3853
TLJ1,TLL1,2022,2344
TLJ1,TLL2,2022,2054
TLJ1,TLN0,2022,360
TLJ2,S92000003,2022,2589
TLJ2,TLC1,2022,1206
TLJ2,TLC2,2022,1085
TLJ2,TLD1,2022,422
TLJ2,TLD3,2022,2477
TLJ2,TLD4,2022,956
TLJ2,TLD6,2022,693
TLJ2,TLD7,2022,1241
TLJ2,TLE1,2022,475
TLJ2,TLE2,2022,1149
TLJ2,TLE3,2022,1126
TLJ2,TLE4,2022,1954
TLJ2,TLF1,2022,3166
TLJ2,TLF2,2022,2662
TLJ2,TLF3,2022,1112
TLJ2,TLG1,2022,1626
TLJ2,TLG2,2022,1318
TLJ2,TLG3,2022,2825
TLJ2,TLH1,2022,4802
TLJ2,TLH2,2022,2702
TLJ2,TLH3,2022,2553
TLJ2,TLI3,2022,6471
TLJ2,TLI4,2022,8696
TLJ2,TLI5,2022,2869
TLJ2,TLI6,2022,8252
TLJ2,TLI7,2022,6529
TLJ2,TLJ1,2022,9779
TLJ2,TLJ3,2022,16178
TLJ2,TLJ4,2022,7766
TLJ2,TLK1,2022,7582
TLJ2,TLK2,2022,5288
TLJ2,TLK3,2022,1703
TLJ2,TLK4,2022,4284
TLJ2,TLL1,2022,2096
TLJ2,TLL2,2022,1827
TLJ2,TLN0,2022,385
TLJ3,S92000003,2022,1726
TLJ3,TLC1,2022,724
TLJ3,TLC2,2022,613
TLJ3,TLD1,2022,316
TLJ3,TLD3,2022,1257
TLJ3,TLD4,2022,614
TLJ3,TLD6,2022,436
TLJ3,TLD7,2022,675
TLJ3,TLE1,2022,512
TLJ3,TLE2,2022,733
TLJ3,TLE3,2022,657
TLJ3,TLE4,2022,883
TLJ3,TLF1,2022,1446
TLJ3,TLF2,2022,1406
TLJ3,TLF3,2022,719
TLJ3,TLG1,2022,1071
TLJ3,TLG2,2022,1061
TLJ3,TLG3,2022,1772
TLJ3,TLH1,2022,2267
TLJ3,TLH2,2022,1679
TLJ3,TLH3,2022,1331
TLJ3,TLI3,2022,2284
TLJ3,TLI4,2022,3411
TLJ3,TLI5,2022,1367
TLJ3,TLI6,2022,1808
TLJ3,TLI7,2022,2364
TLJ3,TLJ1,2022,7325
TLJ3,TLJ2,2022,12077
TLJ3,TLJ4,2022,1904
TLJ3,TLK1,2022,7563
TLJ3,TLK2,2022,7671
TLJ3,TLK3,2022,1293
TLJ3,TLK4,2022,3191
TLJ3,TLL1,2022,1719
TLJ3,TLL2,2022,1462
TLJ3,TLN0,2022,276
TLJ4,S92000003,2022,1292
TLJ4,TLC1,2022,928
TLJ4,TLC2,2022,670
TLJ4,TLD1,2022,285
TLJ4,TLD3,2022,1167
TLJ4,TLD4,2022,700
TLJ4,TLD6,2022,367
TLJ4,TLD7,2022,740
TLJ4,TLE1,2022,425
TLJ4,TLE2,2022,663
TLJ4,TLE3,2022,831
TLJ4,TLE4,2022,1136
TLJ4,TLF1,2022,1859
TLJ4,TLF2,2022,1633
TLJ4,TLF3,2022,1061
TLJ4,TLG1,2022,701
TLJ4,TLG2,2022,755
TLJ4,TLG3,2022,1654
TLJ4,TLH1,2022,3724
TLJ4,TLH2,2022,1468
TLJ4,TLH3,2022,2992
TLJ4,TLI3,2022,2251
TLJ4,TLI4,2022,5257
TLJ4,TLI5,2022,5356
TLJ4,TLI6,2022,3096
TLJ4,TLI7,2022,2092
TLJ4,TLJ1,2022,2483
TLJ4,TLJ2,2022,9138
TLJ4,TLJ3,2022,2524
TLJ4,TLK1,2022,2635
TLJ4,TLK2,2022,1579
TLJ4,TLK3,2022,719
TLJ4,TLK4,2022,1539
TLJ4,TLL1,2022,977
TLJ4,TLL2,2022,735
TLJ4,TLN0,2022,196
TLK1,S92000003,2022,2315
TLK1,TLC1,2022,957
TLK1,TLC2,2022,998
TLK1,TLD1,2022,448
TLK1,TLD3,2022,2546
TLK1,TLD4,2022,946
TLK1,TLD6,2022,789
TLK1,TLD7,2022,1093
TLK1,TLE1,2022,418
TLK1,TLE2,2022,1017
TLK1,TLE3,2022,998
TLK1,TLE4,2022,1625
TLK1,TLF1,2022,2246
TLK1,TLF2,2022,1975
TLK1,TLF3,2022,598
TLK1,TLG1,2022,5729
TLK1,TLG2,2022,1788
TLK1,TLG3,2022,3534
TLK1,TLH1,2022,2914
TLK1,TLH2,2022,1821
TLK1,TLH3,2022,1149
TLK1,TLI3,2022,4260
TLK1,TLI4,2022,5901
TLK1,TLI5,2022,1438
TLK1,TLI6,2022,1444
TLK1,TLI7,2022,2904
TLK1,TLJ1,2022,8449
TLK1,TLJ2,2022,4926
TLK1,TLJ3,2022,5835
TLK1,TLJ4,2022,1576
TLK1,TLK2,2022,10419
TLK1,TLK3,2022,2904
TLK1,TLK4,2022,7657
TLK1,TLL1,2022,5291
TLK1,TLL2,2022,7110
TLK1,TLN0,2022,374
TLK2,S92000003,2022,967
TLK2,TLC1,2022,384
TLK2,TLC2,2022,388
TLK2,TLD1,2022,203
TLK2,TLD3,2022,805
TLK2,TLD4,2022,439
TLK2,TLD6,2022,308
TLK2,TLD7,2022,451
TLK2,TLE1,2022,210
TLK2,TLE2,2022,350
TLK2,TLE3,2022,332
TLK2,TLE4,2022,621
TLK2,TLF1,2022,868
TLK2,TLF2,2022,813
TLK2,TLF3,2022,359
TLK2,TLG1,2022,925
TLK2,TLG2,2022,607
TLK2,TLG3,2022,993
TLK2,TLH1,2022,1150
TLK2,TLH2,2022,1007
TLK2,TLH3,2022,671
TLK2,TLI3,2022,1566
TLK2,TLI4,2022,2201
TLK2,TLI5,2022,647
TLK2,TLI6,2022,850
TLK2,TLI7,2022,1389
TLK2,TLJ1,2022,2989
TLK2,TLJ2,2022,3526
TLK2,TLJ3,2022,6737
TLK2,TLJ4,2022,927
TLK2,TLK1,2022,9785
TLK2,TLK3,2022,1400
TLK2,TLK4,2022,5502
TLK2,TLL1,2022,1382
TLK2,TLL2,2022,1459
TLK2,TLN0,2022,152
TLK3,S92000003,2022,505
TLK3,TLC1,2022,166
TLK3,TLC2,2022,163
TLK3,TLD1,2022,122
TLK3,TLD3,2022,398
TLK3,TLD4,2022,223
TLK3,TLD6,2022,206
TLK3,TLD7,2022,230
TLK3,TLE1,2022,126
TLK3,TLE2,2022,224
TLK3,TLE3,2022,165
TLK3,TLE4,2022,292
TLK3,TLF1,2022,426
TLK3,TLF2,2022,353
TLK3,TLF3,2022,196
TLK3,TLG1,2022,474
TLK3,TLG2,2022,416
TLK3,TLG3,2022,451
TLK3,TLH1,2022,654
TLK3,TLH2,2022,335
TLK3,TLH3,2022,267
TLK3,TLI3,2022,498
TLK3,TLI4,2022,698
TLK3,TLI5,2022,192
TLK3,TLI6,2022,236
TLK3,TLI7,2022,380
TLK3,TLJ1,2022,800
TLK3,TLJ2,2022,991
TLK3,TLJ3,2022,816
TLK3,TLJ4,2022,351
TLK3,TLK1,2022,2629
TLK3,TLK2,2022,1072
TLK3,TLK4,2022,4972
TLK3,TLL1,2022,568
TLK3,TLL2,2022,667
TLK3,TLN0,2022,49
TLK4,S92000003,2022,1022
TLK4,TLC1,2022,402
TLK4,TLC2,2022,358
TLK4,TLD1,2022,194
TLK4,TLD3,2022,840
TLK4,TLD4,2022,434
TLK4,TLD6,2022,347
TLK4,TLD7,2022,497
TLK4,TLE1,2022,260
TLK4,TLE2,2022,361
TLK4,TLE3,2022,398
TLK4,TLE4,2022,637
TLK4,TLF1,2022,780
TLK4,TLF2,2022,746
TLK4,TLF3,2022,326
TLK4,TLG1,2022,1105
TLK4,TLG2,2022,728
TLK4,TLG3,2022,1277
TLK4,TLH1,2022,1226
TLK4,TLH2,2022,769
TLK4,TLH3,2022,680
TLK4,TLI3,2022,1610
TLK4,TLI4,2022,2153
TLK4,TLI5,2022,656
TLK4,TLI6,2022,710
TLK4,TLI7,2022,1041
TLK4,TLJ1,2022,2402
TLK4,TLJ2,2022,2488
TLK4,TLJ3,2022,2168
TLK4,TLJ4,2022,841
TLK4,TLK1,2022,6930
TLK4,TLK2,2022,4948
TLK4,TLK3,2022,4563
TLK4,TLL1,2022,1603
TLK4,TLL2,2022,1756
TLK4,TLN0,2022,149
TLL1,S92000003,2022,971
TLL1,TLC1,2022,362
TLL1,TLC2,2022,376
TLL1,TLD1,2022,224
TLL1,TLD3,2022,1902
TLL1,TLD4,2022,884
TLL1,TLD6,2022,1324
TLL1,TLD7,2022,2157
TLL1,TLE1,2022,232
TLL1,TLE2,2022,397
TLL1,TLE3,2022,430
TLL1,TLE4,2022,745
TLL1,TLF1,2022,909
TLL1,TLF2,2022,804
TLL1,TLF3,2022,300
TLL1,TLG1,2022,1298
TLL1,TLG2,2022,1407
TLL1,TLG3,2022,1664
TLL1,TLH1,2022,1023
TLL1,TLH2,2022,571
TLL1,TLH3,2022,405
TLL1,TLI3,2022,750
TLL1,TLI4,2022,1174
TLL1,TLI5,2022,460
TLL1,TLI6,2022,414
TLL1,TLI7,2022,859
TLL1,TLJ1,2022,1574
TLL1,TLJ2,2022,1261
TLL1,TLJ3,2022,1109
TLL1,TLJ4,2022,510
TLL1,TLK1,2022,4581
TLL1,TLK2,2022,1037
TLL1,TLK3,2022,587
TLL1,TLK4,2022,1381
TLL1,TLL2,2022,12605
TLL1,TLN0,2022,215
TLL2,S92000003,2022,799
TLL2,TLC1,2022,269
TLL2,TLC2,2022,268
TLL2,TLD1,2022,109
TLL2,TLD3,2022,1491
TLL2,TLD4,2022,553
TLL2,TLD6,2022,2043
TLL2,TLD7,2022,1699
TLL2,TLE1,2022,150
TLL2,TLE2,2022,311
TLL2,TLE3,2022,396
TLL2,TLE4,2022,704
TLL2,TLF1,2022,739
TLL2,TLF2,2022,625
TLL2,TLF3,2022,198
TLL2,TLG1,2022,1701
TLL2,TLG2,2022,2029
TLL2,TLG3,2022,1521
TLL2,TLH1,2022,753
TLL2,TLH2,2022,496
TLL2,TLH3,2022,291
TLL2,TLI3,2022,1056
TLL2,TLI4,2022,1661
TLL2,TLI5,2022,425
TLL2,TLI6,2022,439
TLL2,TLI7,2022,1024
TLL2,TLJ1,2022,1544
TLL2,TLJ2,2022,1116
TLL2,TLJ3,2022,1004
TLL2,TLJ4,2022,427
TLL2,TLK1,2022,5537
TLL2,TLK2,2022,1104
TLL2,TLK3,2022,519
TLL2,TLK4,2022,1449
TLL2,TLL1,2022,14012
TLL2,TLN0,2022,188
TLM5,TLM6,2022,1294
TLM5,TLM7,2022,3525
TLM5,TLM8,2022,1466
TLM5,TLM9,2022,505
TLM6,TLM5,2022,1549
TLM6,TLM7,2022,2905
TLM6,TLM8,2022,2303
TLM6,TLM9,2022,903
TLM7,TLM5,2022,3019
TLM7,TLM6,2022,2975
TLM7,TLM8,2022,7434
TLM7,TLM9,2022,4116
TLM8,TLM5,2022,982
TLM8,TLM6,2022,2163
TLM8,TLM7,2022,7064
TLM8,TLM9,2022,9356
TLM9,TLM5,2022,584
TLM9,TLM6,2022,998
TLM9,TLM7,2022,3698
TLM9,TLM8,2022,6111
TLN0,S92000003,2022,1929
TLN0,TLC1,2022,224
TLN0,TLC2,2022,728
TLN0,TLD1,2022,82
TLN0,TLD3,2022,626
TLN0,TLD4,2022,361
TLN0,TLD6,2022,125
TLN0,TLD7,2022,1962
TLN0,TLE1,2022,59
TLN0,TLE2,2022,90
TLN0,TLE3,2022,165
TLN0,TLE4,2022,291
TLN0,TLF1,2022,289
TLN0,TLF2,2022,161
TLN0,TLF3,2022,62
TLN0,TLG1,2022,145
TLN0,TLG2,2022,200
TLN0,TLG3,2022,356
TLN0,TLH1,2022,266
TLN0,TLH2,2022,167
TLN0,TLH3,2022,121
TLN0,TLI3,2022,528
TLN0,TLI4,2022,813
TLN0,TLI5,2022,212
TLN0,TLI6,2022,134
TLN0,TLI7,2022,278
TLN0,TLJ1,2022,367
TLN0,TLJ2,2022,313
TLN0,TLJ3,2022,244
TLN0,TLJ4,2022,129
TLN0,TLK1,2022,421
TLN0,TLK2,2022,153
TLN0,TLK3,2022,59
TLN0,TLK4,2022,227
TLN0,TLL1,2022,209
TLN0,TLL2,2022,279
S92000003,TLC1,2023,871
S92000003,TLC2,2023,2125
S92000003,TLD1,2023,911
S92000003,TLD3,2023,1642
S92000003,TLD4,2023,997
S92000003,TLD6,2023,593
S92000003,TLD7,2023,780
S92000003,TLE1,2023,450
S92000003,TLE2,2023,709
S92000003,TLE3,2023,641
S92000003,TLE4,2023,864
S92000003,TLF1,2023,773
S92000003,TLF2,2023,560
S92000003,TLF3,2023,314
S92000003,TLG1,2023,653
S92000003,TLG2,2023,592
S92000003,TLG3,2023,843
S92000003,TLH1,2023,1418
S92000003,TLH2,2023,666
S92000003,TLH3,2023,513
S92000003,TLI3,2023,1644
S92000003,TLI4,2023,2826
S92000003,TLI5,2023,919
S92000003,TLI6,2023,588
S92000003,TLI7,2023,1345
S92000003,TLJ1,2023,2000
S92000003,TLJ2,2023,1366
S92000003,TLJ3,2023,863
S92000003,TLJ4,2023,496
S92000003,TLK1,2023,1345
S92000003,TLK2,2023,546
S92000003,TLK3,2023,279
S92000003,TLK4,2023,635
S92000003,TLL1,2023,578
S92000003,TLL2,2023,477
S92000003,TLN0,2023,1691
TLC1,S92000003,2023,1097
TLC1,TLC2,2023,10028
TLC1,TLD1,2023,745
TLC1,TLD3,2023,1725
TLC1,TLD4,2023,956
TLC1,TLD6,2023,372
TLC1,TLD7,2023,734
TLC1,TLE1,2023,688
TLC1,TLE2,2023,3430
TLC1,TLE3,2023,866
TLC1,TLE4,2023,2301
TLC1,TLF1,2023,882
TLC1,TLF2,2023,625
TLC1,TLF3,2023,371
TLC1,TLG1,2023,335
TLC1,TLG2,2023,412
TLC1,TLG3,2023,818
TLC1,TLH1,2023,1022
TLC1,TLH2,2023,514
TLC1,TLH3,2023,417
TLC1,TLI3,2023,1056
TLC1,TLI4,2023,1550
TLC1,TLI5,2023,464
TLC1,TLI6,2023,433
TLC1,TLI7,2023,803
TLC1,TLJ1,2023,893
TLC1,TLJ2,2023,928
TLC1,TLJ3,2023,461
TLC1,TLJ4,2023,522
TLC1,TLK1,2023,768
TLC1,TLK2,2023,276
TLC1,TLK3,2023,118
TLC1,TLK4,2023,252
TLC1,TLL1,2023,286
TLC1,TLL2,2023,248
TLC1,TLN0,2023,141
TLC2,S92000003,2023,2097
TLC2,TLC1,2023,11052
TLC2,TLD1,2023,1085
TLC2,TLD3,2023,2420
TLC2,TLD4,2023,992
TLC2,TLD6,2023,520
TLC2,TLD7,2023,906
TLC2,TLE1,2023,719
TLC2,TLE2,2023,2165
TLC2,TLE3,2023,1130
TLC2,TLE4,2023,3197
TLC2,TLF1,2023,1112
TLC2,TLF2,2023,672
TLC2,TLF3,2023,450
TLC2,TLG1,2023,368
TLC2,TLG2,2023,419
TLC2,TLG3,2023,841
TLC2,TLH1,2023,1101
TLC2,TLH2,2023,551
TLC2,TLH3,2023,321
TLC2,TLI3,2023,1000
TLC2,TLI4,2023,1638
TLC2,TLI5,2023,450
TLC2,TLI6,2023,352
TLC2,TLI7,2023,957
TLC2,TLJ1,2023,904
TLC2,TLJ2,2023,860
TLC2,TLJ3,2023,501
TLC2,TLJ4,2023,407
TLC2,TLK1,2023,913
TLC2,TLK2,2023,282
TLC2,TLK3,2023,142
TLC2,TLK4,2023,300
TLC2,TLL1,2023,300
TLC2,TLL2,2023,223
TLC2,TLN0,2023,344
TLD1,S92000003,2023,1031
TLD1,TLC1,2023,742
TLD1,TLC2,2023,1192
TLD1,TLD3,2023,1105
TLD1,TLD4,2023,2321
TLD1,TLD6,2023,374
TLD1,TLD7,2023,575
TLD1,TLE1,2023,145
TLD1,TLE2,2023,550
TLD1,TLE3,2023,220
TLD1,TLE4,2023,625
TLD1,TLF1,2023,291
TLD1,TLF2,2023,185
TLD1,TLF3,2023,116
TLD1,TLG1,2023,156
TLD1,TLG2,2023,235
TLD1,TLG3,2023,259
TLD1,TLH1,2023,240
TLD1,TLH2,2023,109
TLD1,TLH3,2023,79
TLD1,TLI3,2023,114
TLD1,TLI4,2023,220
TLD1,TLI5,2023,76
TLD1,TLI6,2023,60
TLD1,TLI7,2023,124
TLD1,TLJ1,2023,211
TLD1,TLJ2,2023,195
TLD1,TLJ3,2023,148
TLD1,TLJ4,2023,84
TLD1,TLK1,2023,274
TLD1,TLK2,2023,107
TLD1,TLK3,2023,89
TLD1,TLK4,2023,146
TLD1,TLL1,2023,211
TLD1,TLL2,2023,102
TLD1,TLN0,2023,89
TLD3,S92000003,2023,2211
TLD3,TLC1,2023,1449
TLD3,TLC2,2023,2264
TLD3,TLD1,2023,1435
TLD3,TLD4,2023,18004
TLD3,TLD6,2023,11932
TLD3,TLD7,2023,8535
TLD3,TLE1,2023,1205
TLD3,TLE2,2023,1707
TLD3,TLE3,2023,3161
TLD3,TLE4,2023,7792
TLD3,TLF1,2023,4792
TLD3,TLF2,2023,1750
TLD3,TLF3,2023,762
TLD3,TLG1,2023,1100
TLD3,TLG2,2023,2568
TLD3,TLG3,2023,3940
TLD3,TLH1,2023,1850
TLD3,TLH2,2023,1360
TLD3,TLH3,2023,753
TLD3,TLI3,2023,2166
TLD3,TLI4,2023,4341
TLD3,TLI5,2023,1458
TLD3,TLI6,2023,974
TLD3,TLI7,2023,2746
TLD3,TLJ1,2023,2336
TLD3,TLJ2,2023,1865
TLD3,TLJ3,2023,1007
TLD3,TLJ4,2023,867
TLD3,TLK1,2023,2253
TLD3,TLK2,2023,791
TLD3,TLK3,2023,458
TLD3,TLK4,2023,937
TLD3,TLL1,2023,2435
TLD3,TLL2,2023,1417
TLD3,TLN0,2023,577
TLD4,S92000003,2023,1320
TLD4,TLC1,2023,905
TLD4,TLC2,2023,1076
TLD4,TLD1,2023,2405
TLD4,TLD3,2023,10902
TLD4,TLD6,2023,1895
TLD4,TLD7,2023,6080
TLD4,TLE1,2023,483
TLD4,TLE2,2023,1486
TLD4,TLE3,2023,958
TLD4,TLE4,2023,3184
TLD4,TLF1,2023,1118
TLD4,TLF2,2023,856
TLD4,TLF3,2023,406
TLD4,TLG1,2023,490
TLD4,TLG2,2023,1048
TLD4,TLG3,2023,1427
TLD4,TLH1,2023,849
TLD4,TLH2,2023,513
TLD4,TLH3,2023,357
TLD4,TLI3,2023,545
TLD4,TLI4,2023,1059
TLD4,TLI5,2023,512
TLD4,TLI6,2023,296
TLD4,TLI7,2023,725
TLD4,TLJ1,2023,897
TLD4,TLJ2,2023,736
TLD4,TLJ3,2023,489
TLD4,TLJ4,2023,397
TLD4,TLK1,2023,906
TLD4,TLK2,2023,346
TLD4,TLK3,2023,287
TLD4,TLK4,2023,386
TLD4,TLL1,2023,800
TLD4,TLL2,2023,583
TLD4,TLN0,2023,226
TLD6,S92000003,2023,704
TLD6,TLC1,2023,446
TLD6,TLC2,2023,660
TLD6,TLD1,2023,434
TLD6,TLD3,2023,6553
TLD6,TLD4,2023,1907
TLD6,TLD7,2023,6803
TLD6,TLE1,2023,254
TLD6,TLE2,2023,568
TLD6,TLE3,2023,904
TLD6,TLE4,2023,1369
TLD6,TLF1,2023,1268
TLD6,TLF2,2023,584
TLD6,TLF3,2023,252
TLD6,TLG1,2023,406
TLD6,TLG2,2023,3058
TLD6,TLG3,2023,872
TLD6,TLH1,2023,567
TLD6,TLH2,2023,334
TLD6,TLH3,2023,208
TLD6,TLI3,2023,398
TLD6,TLI4,2023,646
TLD6,TLI5,2023,209
TLD6,TLI6,2023,216
TLD6,TLI7,2023,343
TLD6,TLJ1,2023,770
TLD6,TLJ2,2023,520
TLD6,TLJ3,2023,337
TLD6,TLJ4,2023,177
TLD6,TLK1,2023,876
TLD6,TLK2,2023,348
TLD6,TLK3,2023,257
TLD6,TLK4,2023,371
TLD6,TLL1,2023,1502
TLD6,TLL2,2023,2361
TLD6,TLN0,2023,190
TLD7,S92000003,2023,1021
TLD7,TLC1,2023,612
TLD7,TLC2,2023,997
TLD7,TLD1,2023,738
TLD7,TLD3,2023,7761
TLD7,TLD4,2023,6968
TLD7,TLD6,2023,7021
TLD7,TLE1,2023,416
TLD7,TLE2,2023,819
TLD7,TLE3,2023,1091
TLD7,TLE4,2023,2322
TLD7,TLF1,2023,1285
TLD7,TLF2,2023,797
TLD7,TLF3,2023,261
TLD7,TLG1,2023,699
TLD7,TLG2,2023,1504
TLD7,TLG3,2023,1776
TLD7,TLH1,2023,751
TLD7,TLH2,2023,688
TLD7,TLH3,2023,373
TLD7,TLI3,2023,883
TLD7,TLI4,2023,1572
TLD7,TLI5,2023,566
TLD7,TLI6,2023,432
TLD7,TLI7,2023,989
TLD7,TLJ1,2023,1007
TLD7,TLJ2,2023,823
TLD7,TLJ3,2023,511
TLD7,TLJ4,2023,448
TLD7,TLK1,2023,1048
TLD7,TLK2,2023,433
TLD7,TLK3,2023,220
TLD7,TLK4,2023,403
TLD7,TLL1,2023,1957
TLD7,TLL2,2023,1576
TLD7,TLN0,2023,844
TLE1,S92000003,2023,575
TLE1,TLC1,2023,818
TLE1,TLC2,2023,1081
TLE1,TLD1,2023,182
TLE1,TLD3,2023,1435
TLE1,TLD4,2023,454
TLE1,TLD6,2023,282
TLE1,TLD7,2023,496
TLE1,TLE2,2023,3043
TLE1,TLE3,2023,2534
TLE1,TLE4,2023,3330
TLE1,TLF1,2023,1187
TLE1,TLF2,2023,584
TLE1,TLF3,2023,2728
TLE1,TLG1,2023,235
TLE1,TLG2,2023,333
TLE1,TLG3,2023,603
TLE1,TLH1,2023,660
TLE1,TLH2,2023,284
TLE1,TLH3,2023,264
TLE1,TLI3,2023,247
TLE1,TLI4,2023,506
TLE1,TLI5,2023,298
TLE1,TLI6,2023,178
TLE1,TLI7,2023,369
TLE1,TLJ1,2023,426
TLE1,TLJ2,2023,397
TLE1,TLJ3,2023,275
TLE1,TLJ4,2023,237
TLE1,TLK1,2023,483
TLE1,TLK2,2023,180
TLE1,TLK3,2023,130
TLE1,TLK4,2023,160
TLE1,TLL1,2023,242
TLE1,TLL2,2023,127
TLE1,TLN0,2023,69
TLE2,S92000003,2023,1239
TLE2,TLC1,2023,3794
TLE2,TLC2,2023,2662
TLE2,TLD1,2023,600
TLE2,TLD3,2023,1791
TLE2,TLD4,2023,1510
TLE2,TLD6,2023,558
TLE2,TLD7,2023,773
TLE2,TLE1,2023,4431
TLE2,TLE3,2023,1729
TLE2,TLE4,2023,6868
TLE2,TLF1,2023,1344
TLE2,TLF2,2023,734
TLE2,TLF3,2023,605
TLE2,TLG1,2023,422
TLE2,TLG2,2023,540
TLE2,TLG3,2023,647
TLE2,TLH1,2023,1190
TLE2,TLH2,2023,538
TLE2,TLH3,2023,367
TLE2,TLI3,2023,736
TLE2,TLI4,2023,1048
TLE2,TLI5,2023,304
TLE2,TLI6,2023,287
TLE2,TLI7,2023,555
TLE2,TLJ1,2023,901
TLE2,TLJ2,2023,838
TLE2,TLJ3,2023,541
TLE2,TLJ4,2023,388
TLE2,TLK1,2023,913
TLE2,TLK2,2023,321
TLE2,TLK3,2023,192
TLE2,TLK4,2023,339
TLE2,TLL1,2023,355
TLE2,TLL2,2023,309
TLE2,TLN0,2023,166
TLE3,S92000003,2023,851
TLE3,TLC1,2023,1092
TLE3,TLC2,2023,1471
TLE3,TLD1,2023,233
TLE3,TLD3,2023,3814
TLE3,TLD4,2023,1004
TLE3,TLD6,2023,830
TLE3,TLD7,2023,1145
TLE3,TLE1,2023,2733
TLE3,TLE2,2023,1867
TLE3,TLE4,2023,6767
TLE3,TLF1,2023,8791
TLE3,TLF2,2023,1574
TLE3,TLF3,2023,1704
TLE3,TLG1,2023,614
TLE3,TLG2,2023,800
TLE3,TLG3,2023,1556
TLE3,TLH1,2023,1362
TLE3,TLH2,2023,711
TLE3,TLH3,2023,459
TLE3,TLI3,2023,713
TLE3,TLI4,2023,1505
TLE3,TLI5,2023,573
TLE3,TLI6,2023,386
TLE3,TLI7,2023,998
TLE3,TLJ1,2023,1049
TLE3,TLJ2,2023,861
TLE3,TLJ3,2023,506
TLE3,TLJ4,2023,452
TLE3,TLK1,2023,1020
TLE3,TLK2,2023,364
TLE3,TLK3,2023,213
TLE3,TLK4,2023,338
TLE3,TLL1,2023,479
TLE3,TLL2,2023,396
TLE3,TLN0,2023,146
TLE4,S92000003,2023,1768
TLE4,TLC1,2023,2678
TLE4,TLC2,2023,3675
TLE4,TLD1,2023,890
TLE4,TLD3,2023,8572
TLE4,TLD4,2023,4022
TLE4,TLD6,2023,1452
TLE4,TLD7,2023,2579
TLE4,TLE1,2023,4156
TLE4,TLE2,2023,9798
TLE4,TLE3,2023,8019
TLE4,TLF1,2023,3504
TLE4,TLF2,2023,1895
TLE4,TLF3,2023,1398
TLE4,TLG1,2023,883
TLE4,TLG2,2023,1222
TLE4,TLG3,2023,2931
TLE4,TLH1,2023,2278
TLE4,TLH2,2023,1523
TLE4,TLH3,2023,815
TLE4,TLI3,2023,1631
TLE4,TLI4,2023,3192
TLE4,TLI5,2023,1329
TLE4,TLI6,2023,807
TLE4,TLI7,2023,1989
TLE4,TLJ1,2023,2010
TLE4,TLJ2,2023,1711
TLE4,TLJ3,2023,829
TLE4,TLJ4,2023,869
TLE4,TLK1,2023,1676
TLE4,TLK2,2023,547
TLE4,TLK3,2023,321
TLE4,TLK4,2023,579
TLE4,TLL1,2023,898
TLE4,TLL2,2023,633
TLE4,TLN0,2023,314
TLF1,S92000003,2023,1345
TLF1,TLC1,2023,1058
TLF1,TLC2,2023,1406
TLF1,TLD1,2023,362
TLF1,TLD3,2023,4698
TLF1,TLD4,2023,1305
TLF1,TLD6,2023,1510
TLF1,TLD7,2023,1587
TLF1,TLE1,2023,1387
TLF1,TLE2,2023,1632
TLF1,TLE3,2023,6877
TLF1,TLE4,2023,3635
TLF1,TLF2,2023,7797
TLF1,TLF3,2023,4876
TLF1,TLG1,2023,2117
TLF1,TLG2,2023,4968
TLF1,TLG3,2023,5506
TLF1,TLH1,2023,3816
TLF1,TLH2,2023,2924
TLF1,TLH3,2023,1491
TLF1,TLI3,2023,1635
TLF1,TLI4,2023,3133
TLF1,TLI5,2023,1701
TLF1,TLI6,2023,1214
TLF1,TLI7,2023,2531
TLF1,TLJ1,2023,3056
TLF1,TLJ2,2023,2339
TLF1,TLJ3,2023,1139
TLF1,TLJ4,2023,1177
TLF1,TLK1,2023,2234
TLF1,TLK2,2023,750
TLF1,TLK3,2023,719
TLF1,TLK4,2023,972
TLF1,TLL1,2023,1197
TLF1,TLL2,2023,821
TLF1,TLN0,2023,213
TLF2,S92000003,2023,1329
TLF2,TLC1,2023,873
TLF2,TLC2,2023,977
TLF2,TLD1,2023,325
TLF2,TLD3,2023,2540
TLF2,TLD4,2023,1126
TLF2,TLD6,2023,618
TLF2,TLD7,2023,1154
TLF2,TLE1,2023,808
TLF2,TLE2,2023,1013
TLF2,TLE3,2023,2026
TLF2,TLE4,2023,2065
TLF2,TLF1,2023,8531
TLF2,TLF3,2023,3505
TLF2,TLG1,2023,4408
TLF2,TLG2,2023,2175
TLF2,TLG3,2023,6234
TLF2,TLH1,2023,5032
TLF2,TLH2,2023,3142
TLF2,TLH3,2023,1330
TLF2,TLI3,2023,1500
TLF2,TLI4,2023,3420
TLF2,TLI5,2023,1891
TLF2,TLI6,2023,1088
TLF2,TLI7,2023,2612
TLF2,TLJ1,2023,5462
TLF2,TLJ2,2023,2420
TLF2,TLJ3,2023,1505
TLF2,TLJ4,2023,1182
TLF2,TLK1,2023,2445
TLF2,TLK2,2023,1087
TLF2,TLK3,2023,732
TLF2,TLK4,2023,1239
TLF2,TLL1,2023,1201
TLF2,TLL2,2023,798
TLF2,TLN0,2023,293
TLF3,S92000003,2023,532
TLF3,TLC1,2023,513
TLF3,TLC2,2023,673
TLF3,TLD1,2023,168
TLF3,TLD3,2023,942
TLF3,TLD4,2023,434
TLF3,TLD6,2023,311
TLF3,TLD7,2023,350
TLF3,TLE1,2023,3063
TLF3,TLE2,2023,775
TLF3,TLE3,2023,1845
TLF3,TLE4,2023,1346
TLF3,TLF1,2023,4633
TLF3,TLF2,2023,2549
TLF3,TLG1,2023,435
TLF3,TLG2,2023,619
TLF3,TLG3,2023,849
TLF3,TLH1,2023,4212
TLF3,TLH2,2023,698
TLF3,TLH3,2023,510
TLF3,TLI3,2023,312
TLF3,TLI4,2023,594
TLF3,TLI5,2023,371
TLF3,TLI6,2023,207
TLF3,TLI7,2023,460
TLF3,TLJ1,2023,830
TLF3,TLJ2,2023,638
TLF3,TLJ3,2023,420
TLF3,TLJ4,2023,374
TLF3,TLK1,2023,634
TLF3,TLK2,2023,278
TLF3,TLK3,2023,211
TLF3,TLK4,2023,312
TLF3,TLL1,2023,341
TLF3,TLL2,2023,197
TLF3,TLN0,2023,85
TLG1,S92000003,2023,798
TLG1,TLC1,2023,473
TLG1,TLC2,2023,431
TLG1,TLD1,2023,217
TLG1,TLD3,2023,1247
TLG1,TLD4,2023,546
TLG1,TLD6,2023,452
TLG1,TLD7,2023,862
TLG1,TLE1,2023,306
TLG1,TLE2,2023,559
TLG1,TLE3,2023,677
TLG1,TLE4,2023,890
TLG1,TLF1,2023,2087
TLG1,TLF2,2023,3756
TLG1,TLF3,2023,567
TLG1,TLG2,2023,3708
TLG1,TLG3,2023,10430
TLG1,TLH1,2023,1108
TLG1,TLH2,2023,735
TLG1,TLH3,2023,403
TLG1,TLI3,2023,1057
TLG1,TLI4,2023,1439
TLG1,TLI5,2023,464
TLG1,TLI6,2023,372
TLG1,TLI7,2023,856
TLG1,TLJ1,2023,2261
TLG1,TLJ2,2023,1273
TLG1,TLJ3,2023,977
TLG1,TLJ4,2023,396
TLG1,TLK1,2023,5020
TLG1,TLK2,2023,1021
TLG1,TLK3,2023,766
TLG1,TLK4,2023,1475
TLG1,TLL1,2023,1549
TLG1,TLL2,2023,1907
TLG1,TLN0,2023,182
TLG2,S92000003,2023,878
TLG2,TLC1,2023,517
TLG2,TLC2,2023,461
TLG2,TLD1,2023,342
TLG2,TLD3,2023,2754
TLG2,TLD4,2023,1183
TLG2,TLD6,2023,3497
TLG2,TLD7,2023,1867
TLG2,TLE1,2023,389
TLG2,TLE2,2023,643
TLG2,TLE3,2023,923
TLG2,TLE4,2023,1210
TLG2,TLF1,2023,4928
TLG2,TLF2,2023,1915
TLG2,TLF3,2023,651
TLG2,TLG1,2023,3351
TLG2,TLG3,2023,7904
TLG2,TLH1,2023,1214
TLG2,TLH2,2023,576
TLG2,TLH3,2023,466
TLG2,TLI3,2023,573
TLG2,TLI4,2023,1025
TLG2,TLI5,2023,504
TLG2,TLI6,2023,277
TLG2,TLI7,2023,620
TLG2,TLJ1,2023,1266
TLG2,TLJ2,2023,940
TLG2,TLJ3,2023,651
TLG2,TLJ4,2023,417
TLG2,TLK1,2023,1823
TLG2,TLK2,2023,659
TLG2,TLK3,2023,468
TLG2,TLK4,2023,948
TLG2,TLL1,2023,1752
TLG2,TLL2,2023,2187
TLG2,TLN0,2023,226
TLG3,S92000003,2023,1713
TLG3,TLC1,2023,973
TLG3,TLC2,2023,1048
TLG3,TLD1,2023,301
TLG3,TLD3,2023,4578
TLG3,TLD4,2023,1733
TLG3,TLD6,2023,1297
TLG3,TLD7,2023,2157
TLG3,TLE1,2023,694
TLG3,TLE2,2023,759
TLG3,TLE3,2023,1887
TLG3,TLE4,2023,2917
TLG3,TLF1,2023,6088
TLG3,TLF2,2023,6882
TLG3,TLF3,2023,1024
TLG3,TLG1,2023,22753
TLG3,TLG2,2023,19362
TLG3,TLH1,2023,2857
TLG3,TLH2,2023,2759
TLG3,TLH3,2023,1457
TLG3,TLI3,2023,2375
TLG3,TLI4,2023,5685
TLG3,TLI5,2023,3337
TLG3,TLI6,2023,1899
TLG3,TLI7,2023,4713
TLG3,TLJ1,2023,5025
TLG3,TLJ2,2023,2775
TLG3,TLJ3,2023,1909
TLG3,TLJ4,2023,1568
TLG3,TLK1,2023,4470
TLG3,TLK2,2023,1519
TLG3,TLK3,2023,781
TLG3,TLK4,2023,2032
TLG3,TLL1,2023,2382
TLG3,TLL2,2023,1812
TLG3,TLN0,2023,395
TLH1,S92000003,2023,2092
TLH1,TLC1,2023,1236
TLH1,TLC2,2023,1245
TLH1,TLD1,2023,393
TLH1,TLD3,2023,2246
TLH1,TLD4,2023,924
TLH1,TLD6,2023,620
TLH1,TLD7,2023,904
TLH1,TLE1,2023,853
TLH1,TLE2,2023,1654
TLH1,TLE3,2023,1732
TLH1,TLE4,2023,2461
TLH1,TLF1,2023,3661
TLH1,TLF2,2023,4894
TLH1,TLF3,2023,6243
TLH1,TLG1,2023,1169
TLH1,TLG2,2023,1240
TLH1,TLG3,2023,2690
TLH1,TLH2,2023,4852
TLH1,TLH3,2023,6259
TLH1,TLI3,2023,3229
TLH1,TLI4,2023,5670
TLH1,TLI5,2023,2174
TLH1,TLI6,2023,1325
TLH1,TLI7,2023,2667
TLH1,TLJ1,2023,3863
TLH1,TLJ2,2023,3634
TLH1,TLJ3,2023,1948
TLH1,TLJ4,2023,2029
TLH1,TLK1,2023,3057
TLH1,TLK2,2023,1289
TLH1,TLK3,2023,746
TLH1,TLK4,2023,1501
TLH1,TLL1,2023,1097
TLH1,TLL2,2023,747
TLH1,TLN0,2023,366
TLH2,S92000003,2023,1288
TLH2,TLC1,2023,914
TLH2,TLC2,2023,961
TLH2,TLD1,2023,315
TLH2,TLD3,2023,1930
TLH2,TLD4,2023,859
TLH2,TLD6,2023,662
TLH2,TLD7,2023,970
TLH2,TLE1,2023,502
TLH2,TLE2,2023,921
TLH2,TLE3,2023,1146
TLH2,TLE4,2023,1908
TLH2,TLF1,2023,3377
TLH2,TLF2,2023,5625
TLH2,TLF3,2023,1585
TLH2,TLG1,2023,1159
TLH2,TLG2,2023,1178
TLH2,TLG3,2023,3436
TLH2,TLH1,2023,9729
TLH2,TLH3,2023,5192
TLH2,TLI3,2023,2232
TLH2,TLI4,2023,4620
TLH2,TLI5,2023,3311
TLH2,TLI6,2023,1294
TLH2,TLI7,2023,6548
TLH2,TLJ1,2023,10332
TLH2,TLJ2,2023,3839
TLH2,TLJ3,2023,2263
TLH2,TLJ4,2023,1887
TLH2,TLK1,2023,2838
TLH2,TLK2,2023,1997
TLH2,TLK3,2023,768
TLH2,TLK4,2023,1597
TLH2,TLL1,2023,1003
TLH2,TLL2,2023,752
TLH2,TLN0,2023,277
TLH3,S92000003,2023,1016
TLH3,TLC1,2023,760
TLH3,TLC2,2023,593
TLH3,TLD1,2023,247
TLH3,TLD3,2023,1072
TLH3,TLD4,2023,598
TLH3,TLD6,2023,296
TLH3,TLD7,2023,632
TLH3,TLE1,2023,464
TLH3,TLE2,2023,595
TLH3,TLE3,2023,804
TLH3,TLE4,2023,1059
TLH3,TLF1,2023,1909
TLH3,TLF2,2023,1752
TLH3,TLF3,2023,1189
TLH3,TLG1,2023,639
TLH3,TLG2,2023,747
TLH3,TLG3,2023,1768
TLH3,TLH1,2023,12367
TLH3,TLH2,2023,4727
TLH3,TLI3,2023,1493
TLH3,TLI4,2023,4616
TLH3,TLI5,2023,6432
TLH3,TLI6,2023,1093
TLH3,TLI7,2023,1872
TLH3,TLJ1,2023,2206
TLH3,TLJ2,2023,3124
TLH3,TLJ3,2023,1603
TLH3,TLJ4,2023,3285
TLH3,TLK1,2023,1773
TLH3,TLK2,2023,1008
TLH3,TLK3,2023,545
TLH3,TLK4,2023,1085
TLH3,TLL1,2023,765
TLH3,TLL2,2023,488
TLH3,TLN0,2023,220
TLI3,S92000003,2023,1557
TLI3,TLC1,2023,685
TLI3,TLC2,2023,629
TLI3,TLD1,2023,162
TLI3,TLD3,2023,1669
TLI3,TLD4,2023,423
TLI3,TLD6,2023,396
TLI3,TLD7,2023,775
TLI3,TLE1,2023,192
TLI3,TLE2,2023,608
TLI3,TLE3,2023,482
TLI3,TLE4,2023,1221
TLI3,TLF1,2023,1179
TLI3,TLF2,2023,1345
TLI3,TLF3,2023,304
TLI3,TLG1,2023,729
TLI3,TLG2,2023,465
TLI3,TLG3,2023,1811
TLI3,TLH1,2023,2825
TLI3,TLH2,2023,3693
TLI3,TLH3,2023,1645
TLI3,TLI4,2023,29750
TLI3,TLI5,2023,5481
TLI3,TLI6,2023,11517
TLI3,TLI7,2023,22525
TLI3,TLJ1,2023,6505
TLI3,TLJ2,2023,8821
TLI3,TLJ3,2023,2449
TLI3,TLJ4,2023,2546
TLI3,TLK1,2023,3704
TLI3,TLK2,2023,1489
TLI3,TLK3,2023,419
TLI3,TLK4,2023,1141
TLI3,TLL1,2023,546
TLI3,TLL2,2023,626
TLI3,TLN0,2023,281
TLI4,S92000003,2023,2616
TLI4,TLC1,2023,939
TLI4,TLC2,2023,1294
TLI4,TLD1,2023,323
TLI4,TLD3,2023,4091
TLI4,TLD4,2023,1063
TLI4,TLD6,2023,730
TLI4,TLD7,2023,1465
TLI4,TLE1,2023,505
TLI4,TLE2,2023,893
TLI4,TLE3,2023,1564
TLI4,TLE4,2023,2622
TLI4,TLF1,2023,2544
TLI4,TLF2,2023,3251
TLI4,TLF3,2023,664
TLI4,TLG1,2023,1280
TLI4,TLG2,2023,1061
TLI4,TLG3,2023,4933
TLI4,TLH1,2023,5978
TLI4,TLH2,2023,8277
TLI4,TLH3,2023,10166
TLI4,TLI3,2023,25240
TLI4,TLI5,2023,47546
TLI4,TLI6,2023,21262
TLI4,TLI7,2023,19795
TLI4,TLJ1,2023,7533
TLI4,TLJ2,2023,11564
TLI4,TLJ3,2023,3233
TLI4,TLJ4,2023,10263
TLI4,TLK1,2023,5468
TLI4,TLK2,2023,2209
TLI4,TLK3,2023,724
TLI4,TLK4,2023,1725
TLI4,TLL1,2023,1000
TLI4,TLL2,2023,1134
TLI4,TLN0,2023,590
TLI5,S92000003,2023,1210
TLI5,TLC1,2023,617
TLI5,TLC2,2023,616
TLI5,TLD1,2023,155
TLI5,TLD3,2023,2224
TLI5,TLD4,2023,770
TLI5,TLD6,2023,402
TLI5,TLD7,2023,801
TLI5,TLE1,2023,439
TLI5,TLE2,2023,485
TLI5,TLE3,2023,976
TLI5,TLE4,2023,1568
TLI5,TLF1,2023,2363
TLI5,TLF2,2023,2863
TLI5,TLF3,2023,693
TLI5,TLG1,2023,787
TLI5,TLG2,2023,808
TLI5,TLG3,2023,4532
TLI5,TLH1,2023,5254
TLI5,TLH2,2023,9485
TLI5,TLH3,2023,22446
TLI5,TLI3,2023,3911
TLI5,TLI4,2023,25355
TLI5,TLI6,2023,6065
TLI5,TLI7,2023,8611
TLI5,TLJ1,2023,3811
TLI5,TLJ2,2023,4949
TLI5,TLJ3,2023,1951
TLI5,TLJ4,2023,13789
TLI5,TLK1,2023,2177
TLI5,TLK2,2023,1075
TLI5,TLK3,2023,385
TLI5,TLK4,2023,955
TLI5,TLL1,2023,668
TLI5,TLL2,2023,585
TLI5,TLN0,2023,338
TLI6,S92000003,2023,938
TLI6,TLC1,2023,525
TLI6,TLC2,2023,502
TLI6,TLD1,2023,141
TLI6,TLD3,2023,1305
TLI6,TLD4,2023,467
TLI6,TLD6,2023,374
TLI6,TLD7,2023,707
TLI6,TLE1,2023,218
TLI6,TLE2,2023,474
TLI6,TLE3,2023,604
TLI6,TLE4,2023,940
TLI6,TLF1,2023,1613
TLI6,TLF2,2023,1603
TLI6,TLF3,2023,372
TLI6,TLG1,2023,654
TLI6,TLG2,2023,565
TLI6,TLG3,2023,2209
TLI6,TLH1,2023,2094
TLI6,TLH2,2023,1965
TLI6,TLH3,2023,1792
TLI6,TLI3,2023,6353
TLI6,TLI4,2023,11628
TLI6,TLI5,2023,4810
TLI6,TLI7,2023,5320
TLI6,TLJ1,2023,3368
TLI6,TLJ2,2023,20254
TLI6,TLJ3,2023,3124
TLI6,TLJ4,2023,8149
TLI6,TLK1,2023,2517
TLI6,TLK2,2023,1569
TLI6,TLK3,2023,437
TLI6,TLK4,2023,1021
TLI6,TLL1,2023,577
TLI6,TLL2,2023,584
TLI6,TLN0,2023,232
TLI7,S92000003,2023,1756
TLI7,TLC1,2023,831
TLI7,TLC2,2023,1082
TLI7,TLD1,2023,211
TLI7,TLD3,2023,2858
TLI7,TLD4,2023,846
TLI7,TLD6,2023,559
TLI7,TLD7,2023,1178
TLI7,TLE1,2023,451
TLI7,TLE2,2023,643
TLI7,TLE3,2023,1166
TLI7,TLE4,2023,2109
TLI7,TLF1,2023,2828
TLI7,TLF2,2023,4243
TLI7,TLF3,2023,579
TLI7,TLG1,2023,1318
TLI7,TLG2,2023,1052
TLI7,TLG3,2023,6156
TLI7,TLH1,2023,3733
TLI7,TLH2,2023,18266
TLI7,TLH3,2023,3034
TLI7,TLI3,2023,14615
TLI7,TLI4,2023,14629
TLI7,TLI5,2023,9073
TLI7,TLI6,2023,6667
TLI7,TLJ1,2023,18399
TLI7,TLJ2,2023,13642
TLI7,TLJ3,2023,4218
TLI7,TLJ4,2023,3193
TLI7,TLK1,2023,4654
TLI7,TLK2,2023,2402
TLI7,TLK3,2023,604
TLI7,TLK4,2023,1528
TLI7,TLL1,2023,946
TLI7,TLL2,2023,964
TLI7,TLN0,2023,406
TLJ1,S92000003,2023,2446
TLJ1,TLC1,2023,1227
TLJ1,TLC2,2023,1250
TLJ1,TLD1,2023,416
TLJ1,TLD3,2023,2723
TLJ1,TLD4,2023,1314
TLJ1,TLD6,2023,876
TLJ1,TLD7,2023,1208
TLJ1,TLE1,2023,680
TLJ1,TLE2,2023,1205
TLJ1,TLE3,2023,1445
TLJ1,TLE4,2023,2180
TLJ1,TLF1,2023,3674
TLJ1,TLF2,2023,7780
TLJ1,TLF3,2023,1275
TLJ1,TLG1,2023,3468
TLJ1,TLG2,2023,1788
TLJ1,TLG3,2023,5112
TLJ1,TLH1,2023,4584
TLJ1,TLH2,2023,6831
TLJ1,TLH3,2023,1853
TLJ1,TLI3,2023,5632
TLJ1,TLI4,2023,6695
TLJ1,TLI5,2023,1996
TLJ1,TLI6,2023,2060
TLJ1,TLI7,2023,6970
TLJ1,TLJ2,2023,9162
TLJ1,TLJ3,2023,8963
TLJ1,TLJ4,2023,2396
TLJ1,TLK1,2023,10497
TLJ1,TLK2,2023,4288
TLJ1,TLK3,2023,1532
TLJ1,TLK4,2023,3412
TLJ1,TLL1,2023,2356
TLJ1,TLL2,2023,2074
TLJ1,TLN0,2023,476
TLJ2,S92000003,2023,2446
TLJ2,TLC1,2023,1326
TLJ2,TLC2,2023,1191
TLJ2,TLD1,2023,421
TLJ2,TLD3,2023,2417
TLJ2,TLD4,2023,984
TLJ2,TLD6,2023,679
TLJ2,TLD7,2023,1338
TLJ2,TLE1,2023,597
TLJ2,TLE2,2023,1175
TLJ2,TLE3,2023,1195
TLJ2,TLE4,2023,1929
TLJ2,TLF1,2023,3025
TLJ2,TLF2,2023,2616
TLJ2,TLF3,2023,1042
TLJ2,TLG1,2023,1441
TLJ2,TLG2,2023,1380
TLJ2,TLG3,2023,2781
TLJ2,TLH1,2023,4568
TLJ2,TLH2,2023,2965
TLJ2,TLH3,2023,2633
TLJ2,TLI3,2023,5465
TLJ2,TLI4,2023,7795
TLJ2,TLI5,2023,2976
TLJ2,TLI6,2023,8343
TLJ2,TLI7,2023,6846
TLJ2,TLJ1,2023,9648
TLJ2,TLJ3,2023,16142
TLJ2,TLJ4,2023,7680
TLJ2,TLK1,2023,7052
TLJ2,TLK2,2023,4888
TLJ2,TLK3,2023,1654
TLJ2,TLK4,2023,3733
TLJ2,TLL1,2023,1968
TLJ2,TLL2,2023,1775
TLJ2,TLN0,2023,473
TLJ3,S92000003,2023,1501
TLJ3,TLC1,2023,719
TLJ3,TLC2,2023,574
TLJ3,TLD1,2023,277
TLJ3,TLD3,2023,1290
TLJ3,TLD4,2023,612
TLJ3,TLD6,2023,449
TLJ3,TLD7,2023,669
TLJ3,TLE1,2023,480
TLJ3,TLE2,2023,573
TLJ3,TLE3,2023,692
TLJ3,TLE4,2023,861
TLJ3,TLF1,2023,1403
TLJ3,TLF2,2023,1429
TLJ3,TLF3,2023,618
TLJ3,TLG1,2023,1136
TLJ3,TLG2,2023,905
TLJ3,TLG3,2023,1722
TLJ3,TLH1,2023,2212
TLJ3,TLH2,2023,1717
TLJ3,TLH3,2023,1328
TLJ3,TLI3,2023,1989
TLJ3,TLI4,2023,3224
TLJ3,TLI5,2023,1400
TLJ3,TLI6,2023,1892
TLJ3,TLI7,2023,2518
TLJ3,TLJ1,2023,7398
TLJ3,TLJ2,2023,12440
TLJ3,TLJ4,2023,1949
TLJ3,TLK1,2023,7760
TLJ3,TLK2,2023,6907
TLJ3,TLK3,2023,1125
TLJ3,TLK4,2023,2962
TLJ3,TLL1,2023,1568
TLJ3,TLL2,2023,1448
TLJ3,TLN0,2023,287
TLJ4,S92000003,2023,1150
TLJ4,TLC1,2023,982
TLJ4,TLC2,2023,817
TLJ4,TLD1,2023,294
TLJ4,TLD3,2023,1075
TLJ4,TLD4,2023,768
TLJ4,TLD6,2023,348
TLJ4,TLD7,2023,661
TLJ4,TLE1,2023,481
TLJ4,TLE2,2023,557
TLJ4,TLE3,2023,779
TLJ4,TLE4,2023,1089
TLJ4,TLF1,2023,1797
TLJ4,TLF2,2023,1594
TLJ4,TLF3,2023,931
TLJ4,TLG1,2023,676
TLJ4,TLG2,2023,765
TLJ4,TLG3,2023,1734
TLJ4,TLH1,2023,3307
TLJ4,TLH2,2023,1690
TLJ4,TLH3,2023,3110
TLJ4,TLI3,2023,1973
TLJ4,TLI4,2023,4744
TLJ4,TLI5,2023,5369
TLJ4,TLI6,2023,3443
TLJ4,TLI7,2023,2141
TLJ4,TLJ1,2023,2510
TLJ4,TLJ2,2023,8569
TLJ4,TLJ3,2023,2528
TLJ4,TLK1,2023,2457
TLJ4,TLK2,2023,1428
TLJ4,TLK3,2023,769
TLJ4,TLK4,2023,1489
TLJ4,TLL1,2023,989
TLJ4,TLL2,2023,610
TLJ4,TLN0,2023,249
TLK1,S92000003,2023,2168
TLK1,TLC1,2023,941
TLK1,TLC2,2023,893
TLK1,TLD1,2023,430
TLK1,TLD3,2023,2647
TLK1,TLD4,2023,977
TLK1,TLD6,2023,752
TLK1,TLD7,2023,1131
TLK1,TLE1,2023,477
TLK1,TLE2,2023,1000
TLK1,TLE3,2023,1133
TLK1,TLE4,2023,1592
TLK1,TLF1,2023,2145
TLK1,TLF2,2023,1961
TLK1,TLF3,2023,627
TLK1,TLG1,2023,5499
TLK1,TLG2,2023,1673
TLK1,TLG3,2023,3692
TLK1,TLH1,2023,2640
TLK1,TLH2,2023,1775
TLK1,TLH3,2023,1317
TLK1,TLI3,2023,3835
TLK1,TLI4,2023,5350
TLK1,TLI5,2023,1547
TLK1,TLI6,2023,1496
TLK1,TLI7,2023,3012
TLK1,TLJ1,2023,7769
TLK1,TLJ2,2023,5021
TLK1,TLJ3,2023,5836
TLK1,TLJ4,2023,1490
TLK1,TLK2,2023,9971
TLK1,TLK3,2023,2911
TLK1,TLK4,2023,7098
TLK1,TLL1,2023,5383
TLK1,TLL2,2023,7148
TLK1,TLN0,2023,465
TLK2,S92000003,2023,932
TLK2,TLC1,2023,390
TLK2,TLC2,2023,359
TLK2,TLD1,2023,179
TLK2,TLD3,2023,840
TLK2,TLD4,2023,437
TLK2,TLD6,2023,315
TLK2,TLD7,2023,476
TLK2,TLE1,2023,213
TLK2,TLE2,2023,342
TLK2,TLE3,2023,367
TLK2,TLE4,2023,593
TLK2,TLF1,2023,855
TLK2,TLF2,2023,845
TLK2,TLF3,2023,338
TLK2,TLG1,2023,983
TLK2,TLG2,2023,723
TLK2,TLG3,2023,1046
TLK2,TLH1,2023,1084
TLK2,TLH2,2023,1039
TLK2,TLH3,2023,649
TLK2,TLI3,2023,1322
TLK2,TLI4,2023,1957
TLK2,TLI5,2023,694
TLK2,TLI6,2023,811
TLK2,TLI7,2023,1292
TLK2,TLJ1,2023,2855
TLK2,TLJ2,2023,3542
TLK2,TLJ3,2023,6276
TLK2,TLJ4,2023,889
TLK2,TLK1,2023,9284
TLK2,TLK3,2023,1213
TLK2,TLK4,2023,4844
TLK2,TLL1,2023,1380
TLK2,TLL2,2023,1356
TLK2,TLN0,2023,169
TLK3,S92000003,2023,457
TLK3,TLC1,2023,166
TLK3,TLC2,2023,116
TLK3,TLD1,2023,113
TLK3,TLD3,2023,400
TLK3,TLD4,2023,193
TLK3,TLD6,2023,205
TLK3,TLD7,2023,201
TLK3,TLE1,2023,137
TLK3,TLE2,2023,200
TLK3,TLE3,2023,193
TLK3,TLE4,2023,254
TLK3,TLF1,2023,489
TLK3,TLF2,2023,376
TLK3,TLF3,2023,190
TLK3,TLG1,2023,487
TLK3,TLG2,2023,414
TLK3,TLG3,2023,403
TLK3,TLH1,2023,575
TLK3,TLH2,2023,328
TLK3,TLH3,2023,250
TLK3,TLI3,2023,408
TLK3,TLI4,2023,703
TLK3,TLI5,2023,204
TLK3,TLI6,2023,228
TLK3,TLI7,2023,390
TLK3,TLJ1,2023,768
TLK3,TLJ2,2023,926
TLK3,TLJ3,2023,815
TLK3,TLJ4,2023,369
TLK3,TLK1,2023,2404
TLK3,TLK2,2023,1118
TLK3,TLK4,2023,5028
TLK3,TLL1,2023,583
TLK3,TLL2,2023,635
TLK3,TLN0,2023,76
TLK4,S92000003,2023,916
TLK4,TLC1,2023,429
TLK4,TLC2,2023,366
TLK4,TLD1,2023,197
TLK4,TLD3,2023,927
TLK4,TLD4,2023,447
TLK4,TLD6,2023,330
TLK4,TLD7,2023,485
TLK4,TLE1,2023,245
TLK4,TLE2,2023,397
TLK4,TLE3,2023,391
TLK4,TLE4,2023,572
TLK4,TLF1,2023,798
TLK4,TLF2,2023,811
TLK4,TLF3,2023,311
TLK4,TLG1,2023,1071
TLK4,TLG2,2023,720
TLK4,TLG3,2023,1291
TLK4,TLH1,2023,1156
TLK4,TLH2,2023,885
TLK4,TLH3,2023,746
TLK4,TLI3,2023,1427
TLK4,TLI4,2023,2100
TLK4,TLI5,2023,625
TLK4,TLI6,2023,684
TLK4,TLI7,2023,1168
TLK4,TLJ1,2023,2337
TLK4,TLJ2,2023,2629
TLK4,TLJ3,2023,2061
TLK4,TLJ4,2023,897
TLK4,TLK1,2023,6698
TLK4,TLK2,2023,4733
TLK4,TLK3,2023,4834
TLK4,TLL1,2023,1440
TLK4,TLL2,2023,1762
TLK4,TLN0,2023,168
TLL1,S92000003,2023,951
TLL1,TLC1,2023,382
TLL1,TLC2,2023,390
TLL1,TLD1,2023,210
TLL1,TLD3,2023,2080
TLL1,TLD4,2023,823
TLL1,TLD6,2023,1426
TLL1,TLD7,2023,1892
TLL1,TLE1,2023,203
TLL1,TLE2,2023,395
TLL1,TLE3,2023,450
TLL1,TLE4,2023,836
TLL1,TLF1,2023,937
TLL1,TLF2,2023,870
TLL1,TLF3,2023,326
TLL1,TLG1,2023,1296
TLL1,TLG2,2023,1512
TLL1,TLG3,2023,1677
TLL1,TLH1,2023,946
TLL1,TLH2,2023,689
TLL1,TLH3,2023,457
TLL1,TLI3,2023,548
TLL1,TLI4,2023,1071
TLL1,TLI5,2023,489
TLL1,TLI6,2023,383
TLL1,TLI7,2023,825
TLL1,TLJ1,2023,1558
TLL1,TLJ2,2023,1256
TLL1,TLJ3,2023,1018
TLL1,TLJ4,2023,491
TLL1,TLK1,2023,4480
TLL1,TLK2,2023,933
TLL1,TLK3,2023,524
TLL1,TLK4,2023,1319
TLL1,TLL2,2023,12195
TLL1,TLN0,2023,205
TLL2,S92000003,2023,762
TLL2,TLC1,2023,288
TLL2,TLC2,2023,303
TLL2,TLD1,2023,156
TLL2,TLD3,2023,1494
TLL2,TLD4,2023,607
TLL2,TLD6,2023,1979
TLL2,TLD7,2023,1608
TLL2,TLE1,2023,156
TLL2,TLE2,2023,278
TLL2,TLE3,2023,467
TLL2,TLE4,2023,687
TLL2,TLF1,2023,774
TLL2,TLF2,2023,677
TLL2,TLF3,2023,174
TLL2,TLG1,2023,1631
TLL2,TLG2,2023,1761
TLL2,TLG3,2023,1587
TLL2,TLH1,2023,713
TLL2,TLH2,2023,505
TLL2,TLH3,2023,355
TLL2,TLI3,2023,859
TLL2,TLI4,2023,1407
TLL2,TLI5,2023,453
TLL2,TLI6,2023,426
TLL2,TLI7,2023,945
TLL2,TLJ1,2023,1593
TLL2,TLJ2,2023,1111
TLL2,TLJ3,2023,1055
TLL2,TLJ4,2023,449
TLL2,TLK1,2023,5239
TLL2,TLK2,2023,1128
TLL2,TLK3,2023,592
TLL2,TLK4,2023,1369
TLL2,TLL1,2023,14027
TLL2,TLN0,2023,209
TLM5,TLM6,2023,1305
TLM5,TLM7,2023,3562
TLM5,TLM8,2023,1465
TLM5,TLM9,2023,544
TLM6,TLM5,2023,1337
TLM6,TLM7,2023,2903
TLM6,TLM8,2023,2166
TLM6,TLM9,2023,1090
TLM7,TLM5,2023,2685
TLM7,TLM6,2023,2799
TLM7,TLM8,2023,7540
TLM7,TLM9,2023,4163
TLM8,TLM5,2023,953
TLM8,TLM6,2023,2273
TLM8,TLM7,2023,6991
TLM8,TLM9,2023,9317
TLM9,TLM5,2023,475
TLM9,TLM6,2023,1009
TLM9,TLM7,2023,3954
TLM9,TLM8,2023,6534
TLN0,S92000003,2023,1719
TLN0,TLC1,2023,186
TLN0,TLC2,2023,463
TLN0,TLD1,2023,115
TLN0,TLD3,2023,829
TLN0,TLD4,2023,272
TLN0,TLD6,2023,138
TLN0,TLD7,2023,1603
TLN0,TLE1,2023,44
TLN0,TLE2,2023,126
TLN0,TLE3,2023,162
TLN0,TLE4,2023,291
TLN0,TLF1,2023,239
TLN0,TLF2,2023,206
TLN0,TLF3,2023,41
TLN0,TLG1,2023,191
TLN0,TLG2,2023,207
TLN0,TLG3,2023,254
TLN0,TLH1,2023,272
TLN0,TLH2,2023,157
TLN0,TLH3,2023,111
TLN0,TLI3,2023,415
TLN0,TLI4,2023,853
TLN0,TLI5,2023,174
TLN0,TLI6,2023,140
TLN0,TLI7,2023,326
TLN0,TLJ1,2023,343
TLN0,TLJ2,2023,363
TLN0,TLJ3,2023,227
TLN0,TLJ4,2023,135
TLN0,TLK1,2023,343
TLN0,TLK2,2023,107
TLN0,TLK3,2023,57
TLN0,TLK4,2023,184
TLN0,TLL1,2023,221
TLN0,TLL2,2023,242
S92000003,TLC1,2024,767
S92000003,TLC2,2024,1748
S92000003,TLD1,2024,1103
S92000003,TLD3,2024,1893
S92000003,TLD4,2024,1100
S92000003,TLD6,2024,519
S92000003,TLD7,2024,824
S92000003,TLE1,2024,405
S92000003,TLE2,2024,758
S92000003,TLE3,2024,564
S92000003,TLE4,2024,941
S92000003,TLF1,2024,765
S92000003,TLF2,2024,596
S92000003,TLF3,2024,346
S92000003,TLG1,2024,578
S92000003,TLG2,2024,555
S92000003,TLG3,2024,952
S92000003,TLH1,2024,1428
S92000003,TLH2,2024,655
S92000003,TLH3,2024,531
S92000003,TLI3,2024,1749
S92000003,TLI4,2024,2677
S92000003,TLI5,2024,782
S92000003,TLI6,2024,612
S92000003,TLI7,2024,1240
S92000003,TLJ1,2024,1709
S92000003,TLJ2,2024,1398
S92000003,TLJ3,2024,1071
S92000003,TLJ4,2024,648
S92000003,TLK1,2024,1436
S92000003,TLK2,2024,600
S92000003,TLK3,2024,334
S92000003,TLK4,2024,633
S92000003,TLL1,2024,572
S92000003,TLL2,2024,478
S92000003,TLN0,2024,1653
TLC1,S92000003,2024,1135
TLC1,TLC2,2024,10459
TLC1,TLD1,2024,748
TLC1,TLD3,2024,1725
TLC1,TLD4,2024,869
TLC1,TLD6,2024,403
TLC1,TLD7,2024,659
TLC1,TLE1,2024,877
TLC1,TLE2,2024,3496
TLC1,TLE3,2024,957
TLC1,TLE4,2024,2507
TLC1,TLF1,2024,902
TLC1,TLF2,2024,665
TLC1,TLF3,2024,343
TLC1,TLG1,2024,359
TLC1,TLG2,2024,459
TLC1,TLG3,2024,927
TLC1,TLH1,2024,1096
TLC1,TLH2,2024,558
TLC1,TLH3,2024,423
TLC1,TLI3,2024,1268
TLC1,TLI4,2024,1567
TLC1,TLI5,2024,470
TLC1,TLI6,2024,451
TLC1,TLI7,2024,888
TLC1,TLJ1,2024,989
TLC1,TLJ2,2024,944
TLC1,TLJ3,2024,489
TLC1,TLJ4,2024,598
TLC1,TLK1,2024,816
TLC1,TLK2,2024,292
TLC1,TLK3,2024,118
TLC1,TLK4,2024,358
TLC1,TLL1,2024,304
TLC1,TLL2,2024,254
TLC1,TLN0,2024,166
TLC2,S92000003,2024,2118
TLC2,TLC1,2024,10606
TLC2,TLD1,2024,1055
TLC2,TLD3,2024,2453
TLC2,TLD4,2024,991
TLC2,TLD6,2024,518
TLC2,TLD7,2024,990
TLC2,TLE1,2024,940
TLC2,TLE2,2024,2187
TLC2,TLE3,2024,1285
TLC2,TLE4,2024,3281
TLC2,TLF1,2024,1115
TLC2,TLF2,2024,722
TLC2,TLF3,2024,461
TLC2,TLG1,2024,352
TLC2,TLG2,2024,456
TLC2,TLG3,2024,949
TLC2,TLH1,2024,1081
TLC2,TLH2,2024,587
TLC2,TLH3,2024,402
TLC2,TLI3,2024,1018
TLC2,TLI4,2024,1633
TLC2,TLI5,2024,597
TLC2,TLI6,2024,431
TLC2,TLI7,2024,1042
TLC2,TLJ1,2024,984
TLC2,TLJ2,2024,795
TLC2,TLJ3,2024,496
TLC2,TLJ4,2024,396
TLC2,TLK1,2024,928
TLC2,TLK2,2024,331
TLC2,TLK3,2024,125
TLC2,TLK4,2024,365
TLC2,TLL1,2024,297
TLC2,TLL2,2024,275
TLC2,TLN0,2024,378
TLD1,S92000003,2024,978
TLD1,TLC1,2024,667
TLD1,TLC2,2024,1204
TLD1,TLD3,2024,1065
TLD1,TLD4,2024,2297
TLD1,TLD6,2024,370
TLD1,TLD7,2024,693
TLD1,TLE1,2024,185
TLD1,TLE2,2024,518
TLD1,TLE3,2024,207
TLD1,TLE4,2024,628
TLD1,TLF1,2024,287
TLD1,TLF2,2024,160
TLD1,TLF3,2024,95
TLD1,TLG1,2024,127
TLD1,TLG2,2024,234
TLD1,TLG3,2024,228
TLD1,TLH1,2024,278
TLD1,TLH2,2024,92
TLD1,TLH3,2024,57
TLD1,TLI3,2024,129
TLD1,TLI4,2024,211
TLD1,TLI5,2024,74
TLD1,TLI6,2024,63
TLD1,TLI7,2024,131
TLD1,TLJ1,2024,256
TLD1,TLJ2,2024,215
TLD1,TLJ3,2024,133
TLD1,TLJ4,2024,145
TLD1,TLK1,2024,280
TLD1,TLK2,2024,107
TLD1,TLK3,2024,127
TLD1,TLK4,2024,148
TLD1,TLL1,2024,165
TLD1,TLL2,2024,115
TLD1,TLN0,2024,67
TLD3,S92000003,2024,2364
TLD3,TLC1,2024,1474
TLD3,TLC2,2024,2345
TLD3,TLD1,2024,1455
TLD3,TLD4,2024,18662
TLD3,TLD6,2024,11973
TLD3,TLD7,2024,9208
TLD3,TLE1,2024,1282
TLD3,TLE2,2024,1883
TLD3,TLE3,2024,3333
TLD3,TLE4,2024,8173
TLD3,TLF1,2024,4983
TLD3,TLF2,2024,1924
TLD3,TLF3,2024,702
TLD3,TLG1,2024,1174
TLD3,TLG2,2024,2875
TLD3,TLG3,2024,4327
TLD3,TLH1,2024,1985
TLD3,TLH2,2024,1463
TLD3,TLH3,2024,901
TLD3,TLI3,2024,2095
TLD3,TLI4,2024,4276
TLD3,TLI5,2024,1575
TLD3,TLI6,2024,1040
TLD3,TLI7,2024,2791
TLD3,TLJ1,2024,2482
TLD3,TLJ2,2024,2070
TLD3,TLJ3,2024,1059
TLD3,TLJ4,2024,933
TLD3,TLK1,2024,2348
TLD3,TLK2,2024,776
TLD3,TLK3,2024,507
TLD3,TLK4,2024,868
TLD3,TLL1,2024,2380
TLD3,TLL2,2024,1373
TLD3,TLN0,2024,575
TLD4,S92000003,2024,1351
TLD4,TLC1,2024,1005
TLD4,TLC2,2024,1188
TLD4,TLD1,2024,2373
TLD4,TLD3,2024,11294
TLD4,TLD6,2024,2019
TLD4,TLD7,2024,6276
TLD4,TLE1,2024,544
TLD4,TLE2,2024,1550
TLD4,TLE3,2024,980
TLD4,TLE4,2024,3202
TLD4,TLF1,2024,1305
TLD4,TLF2,2024,791
TLD4,TLF3,2024,385
TLD4,TLG1,2024,558
TLD4,TLG2,2024,1066
TLD4,TLG3,2024,1581
TLD4,TLH1,2024,992
TLD4,TLH2,2024,588
TLD4,TLH3,2024,436
TLD4,TLI3,2024,550
TLD4,TLI4,2024,1126
TLD4,TLI5,2024,554
TLD4,TLI6,2024,376
TLD4,TLI7,2024,828
TLD4,TLJ1,2024,915
TLD4,TLJ2,2024,761
TLD4,TLJ3,2024,480
TLD4,TLJ4,2024,448
TLD4,TLK1,2024,941
TLD4,TLK2,2024,383
TLD4,TLK3,2024,280
TLD4,TLK4,2024,408
TLD4,TLL1,2024,771
TLD4,TLL2,2024,574
TLD4,TLN0,2024,244
TLD6,S92000003,2024,629
TLD6,TLC1,2024,400
TLD6,TLC2,2024,681
TLD6,TLD1,2024,483
TLD6,TLD3,2024,6624
TLD6,TLD4,2024,2235
TLD6,TLD7,2024,6729
TLD6,TLE1,2024,239
TLD6,TLE2,2024,661
TLD6,TLE3,2024,902
TLD6,TLE4,2024,1316
TLD6,TLF1,2024,1310
TLD6,TLF2,2024,611
TLD6,TLF3,2024,213
TLD6,TLG1,2024,456
TLD6,TLG2,2024,2992
TLD6,TLG3,2024,994
TLD6,TLH1,2024,505
TLD6,TLH2,2024,296
TLD6,TLH3,2024,217
TLD6,TLI3,2024,398
TLD6,TLI4,2024,630
TLD6,TLI5,2024,222
TLD6,TLI6,2024,156
TLD6,TLI7,2024,319
TLD6,TLJ1,2024,773
TLD6,TLJ2,2024,525
TLD6,TLJ3,2024,322
TLD6,TLJ4,2024,230
TLD6,TLK1,2024,715
TLD6,TLK2,2024,269
TLD6,TLK3,2024,276
TLD6,TLK4,2024,347
TLD6,TLL1,2024,1275
TLD6,TLL2,2024,2076
TLD6,TLN0,2024,159
TLD7,S92000003,2024,984
TLD7,TLC1,2024,659
TLD7,TLC2,2024,949
TLD7,TLD1,2024,768
TLD7,TLD3,2024,8509
TLD7,TLD4,2024,7060
TLD7,TLD6,2024,7118
TLD7,TLE1,2024,427
TLD7,TLE2,2024,753
TLD7,TLE3,2024,995
TLD7,TLE4,2024,2291
TLD7,TLF1,2024,1310
TLD7,TLF2,2024,847
TLD7,TLF3,2024,266
TLD7,TLG1,2024,812
TLD7,TLG2,2024,1653
TLD7,TLG3,2024,2035
TLD7,TLH1,2024,930
TLD7,TLH2,2024,770
TLD7,TLH3,2024,430
TLD7,TLI3,2024,895
TLD7,TLI4,2024,1691
TLD7,TLI5,2024,603
TLD7,TLI6,2024,413
TLD7,TLI7,2024,1010
TLD7,TLJ1,2024,1086
TLD7,TLJ2,2024,949
TLD7,TLJ3,2024,527
TLD7,TLJ4,2024,427
TLD7,TLK1,2024,1140
TLD7,TLK2,2024,447
TLD7,TLK3,2024,238
TLD7,TLK4,2024,487
TLD7,TLL1,2024,1888
TLD7,TLL2,2024,1522
TLD7,TLN0,2024,919
TLE1,S92000003,2024,516
TLE1,TLC1,2024,952
TLE1,TLC2,2024,1220
TLE1,TLD1,2024,199
TLE1,TLD3,2024,1519
TLE1,TLD4,2024,505
TLE1,TLD6,2024,253
TLE1,TLD7,2024,546
TLE1,TLE2,2024,3170
TLE1,TLE3,2024,2401
TLE1,TLE4,2024,3314
TLE1,TLF1,2024,1245
TLE1,TLF2,2024,574
TLE1,TLF3,2024,2799
TLE1,TLG1,2024,277
TLE1,TLG2,2024,379
TLE1,TLG3,2024,713
TLE1,TLH1,2024,688
TLE1,TLH2,2024,304
TLE1,TLH3,2024,254
TLE1,TLI3,2024,236
TLE1,TLI4,2024,549
TLE1,TLI5,2024,312
TLE1,TLI6,2024,172
TLE1,TLI7,2024,412
TLE1,TLJ1,2024,497
TLE1,TLJ2,2024,401
TLE1,TLJ3,2024,287
TLE1,TLJ4,2024,257
TLE1,TLK1,2024,413
TLE1,TLK2,2024,182
TLE1,TLK3,2024,134
TLE1,TLK4,2024,173
TLE1,TLL1,2024,202
TLE1,TLL2,2024,149
TLE1,TLN0,2024,71
TLE2,S92000003,2024,1277
TLE2,TLC1,2024,3894
TLE2,TLC2,2024,2529
TLE2,TLD1,2024,573
TLE2,TLD3,2024,1803
TLE2,TLD4,2024,1497
TLE2,TLD6,2024,479
TLE2,TLD7,2024,873
TLE2,TLE1,2024,4374
TLE2,TLE3,2024,1846
TLE2,TLE4,2024,6885
TLE2,TLF1,2024,1291
TLE2,TLF2,2024,632
TLE2,TLF3,2024,688
TLE2,TLG1,2024,419
TLE2,TLG2,2024,521
TLE2,TLG3,2024,622
TLE2,TLH1,2024,1210
TLE2,TLH2,2024,515
TLE2,TLH3,2024,378
TLE2,TLI3,2024,747
TLE2,TLI4,2024,1031
TLE2,TLI5,2024,354
TLE2,TLI6,2024,270
TLE2,TLI7,2024,524
TLE2,TLJ1,2024,896
TLE2,TLJ2,2024,820
TLE2,TLJ3,2024,456
TLE2,TLJ4,2024,397
TLE2,TLK1,2024,932
TLE2,TLK2,2024,297
TLE2,TLK3,2024,145
TLE2,TLK4,2024,333
TLE2,TLL1,2024,328
TLE2,TLL2,2024,224
TLE2,TLN0,2024,115
TLE3,S92000003,2024,882
TLE3,TLC1,2024,1084
TLE3,TLC2,2024,1446
TLE3,TLD1,2024,262
TLE3,TLD3,2024,3693
TLE3,TLD4,2024,990
TLE3,TLD6,2024,789
TLE3,TLD7,2024,1180
TLE3,TLE1,2024,2692
TLE3,TLE2,2024,2002
TLE3,TLE4,2024,7055
TLE3,TLF1,2024,9095
TLE3,TLF2,2024,1547
TLE3,TLF3,2024,1736
TLE3,TLG1,2024,602
TLE3,TLG2,2024,780
TLE3,TLG3,2024,1727
TLE3,TLH1,2024,1410
TLE3,TLH2,2024,690
TLE3,TLH3,2024,439
TLE3,TLI3,2024,695
TLE3,TLI4,2024,1581
TLE3,TLI5,2024,624
TLE3,TLI6,2024,435
TLE3,TLI7,2024,947
TLE3,TLJ1,2024,1210
TLE3,TLJ2,2024,912
TLE3,TLJ3,2024,477
TLE3,TLJ4,2024,420
TLE3,TLK1,2024,1087
TLE3,TLK2,2024,359
TLE3,TLK3,2024,244
TLE3,TLK4,2024,393
TLE3,TLL1,2024,430
TLE3,TLL2,2024,361
TLE3,TLN0,2024,137
TLE4,S92000003,2024,1784
TLE4,TLC1,2024,2966
TLE4,TLC2,2024,4015
TLE4,TLD1,2024,884
TLE4,TLD3,2024,8998
TLE4,TLD4,2024,3901
TLE4,TLD6,2024,1415
TLE4,TLD7,2024,2583
TLE4,TLE1,2024,4244
TLE4,TLE2,2024,9433
TLE4,TLE3,2024,8410
TLE4,TLF1,2024,3773
TLE4,TLF2,2024,1891
TLE4,TLF3,2024,1382
TLE4,TLG1,2024,921
TLE4,TLG2,2024,1296
TLE4,TLG3,2024,3305
TLE4,TLH1,2024,2293
TLE4,TLH2,2024,1454
TLE4,TLH3,2024,859
TLE4,TLI3,2024,1652
TLE4,TLI4,2024,3304
TLE4,TLI5,2024,1332
TLE4,TLI6,2024,933
TLE4,TLI7,2024,2290
TLE4,TLJ1,2024,2002
TLE4,TLJ2,2024,1966
TLE4,TLJ3,2024,842
TLE4,TLJ4,2024,917
TLE4,TLK1,2024,1725
TLE4,TLK2,2024,581
TLE4,TLK3,2024,326
TLE4,TLK4,2024,662
TLE4,TLL1,2024,810
TLE4,TLL2,2024,717
TLE4,TLN0,2024,314
TLF1,S92000003,2024,1335
TLF1,TLC1,2024,1029
TLF1,TLC2,2024,1398
TLF1,TLD1,2024,424
TLF1,TLD3,2024,4845
TLF1,TLD4,2024,1309
TLF1,TLD6,2024,1533
TLF1,TLD7,2024,1586
TLF1,TLE1,2024,1533
TLF1,TLE2,2024,1509
TLF1,TLE3,2024,6990
TLF1,TLE4,2024,3495
TLF1,TLF2,2024,7572
TLF1,TLF3,2024,4679
TLF1,TLG1,2024,2137
TLF1,TLG2,2024,4991
TLF1,TLG3,2024,5669
TLF1,TLH1,2024,3628
TLF1,TLH2,2024,2570
TLF1,TLH3,2024,1326
TLF1,TLI3,2024,1557
TLF1,TLI4,2024,3014
TLF1,TLI5,2024,1695
TLF1,TLI6,2024,1173
TLF1,TLI7,2024,2587
TLF1,TLJ1,2024,3067
TLF1,TLJ2,2024,2404
TLF1,TLJ3,2024,1171
TLF1,TLJ4,2024,1165
TLF1,TLK1,2024,2355
TLF1,TLK2,2024,866
TLF1,TLK3,2024,583
TLF1,TLK4,2024,1016
TLF1,TLL1,2024,1072
TLF1,TLL2,2024,745
TLF1,TLN0,2024,275
TLF2,S92000003,2024,1287
TLF2,TLC1,2024,944
TLF2,TLC2,2024,947
TLF2,TLD1,2024,377
TLF2,TLD3,2024,2756
TLF2,TLD4,2024,1207
TLF2,TLD6,2024,721
TLF2,TLD7,2024,1297
TLF2,TLE1,2024,794
TLF2,TLE2,2024,1029
TLF2,TLE3,2024,2092
TLF2,TLE4,2024,2064
TLF2,TLF1,2024,8829
TLF2,TLF3,2024,3278
TLF2,TLG1,2024,4292
TLF2,TLG2,2024,2289
TLF2,TLG3,2024,6378
TLF2,TLH1,2024,5073
TLF2,TLH2,2024,3286
TLF2,TLH3,2024,1415
TLF2,TLI3,2024,1512
TLF2,TLI4,2024,3374
TLF2,TLI5,2024,2116
TLF2,TLI6,2024,1238
TLF2,TLI7,2024,3074
TLF2,TLJ1,2024,5523
TLF2,TLJ2,2024,2400
TLF2,TLJ3,2024,1484
TLF2,TLJ4,2024,1347
TLF2,TLK1,2024,2671
TLF2,TLK2,2024,1074
TLF2,TLK3,2024,705
TLF2,TLK4,2024,1188
TLF2,TLL1,2024,1053
TLF2,TLL2,2024,768
TLF2,TLN0,2024,284
TLF3,S92000003,2024,574
TLF3,TLC1,2024,443
TLF3,TLC2,2024,644
TLF3,TLD1,2024,131
TLF3,TLD3,2024,958
TLF3,TLD4,2024,428
TLF3,TLD6,2024,230
TLF3,TLD7,2024,355
TLF3,TLE1,2024,2973
TLF3,TLE2,2024,826
TLF3,TLE3,2024,1682
TLF3,TLE4,2024,1374
TLF3,TLF1,2024,4583
TLF3,TLF2,2024,2671
TLF3,TLG1,2024,443
TLF3,TLG2,2024,554
TLF3,TLG3,2024,864
TLF3,TLH1,2024,4032
TLF3,TLH2,2024,725
TLF3,TLH3,2024,466
TLF3,TLI3,2024,330
TLF3,TLI4,2024,631
TLF3,TLI5,2024,321
TLF3,TLI6,2024,195
TLF3,TLI7,2024,387
TLF3,TLJ1,2024,723
TLF3,TLJ2,2024,587
TLF3,TLJ3,2024,391
TLF3,TLJ4,2024,363
TLF3,TLK1,2024,557
TLF3,TLK2,2024,271
TLF3,TLK3,2024,225
TLF3,TLK4,2024,297
TLF3,TLL1,2024,299
TLF3,TLL2,2024,146
TLF3,TLN0,2024,72
TLG1,S92000003,2024,767
TLG1,TLC1,2024,408
TLG1,TLC2,2024,442
TLG1,TLD1,2024,202
TLG1,TLD3,2024,1339
TLG1,TLD4,2024,569
TLG1,TLD6,2024,506
TLG1,TLD7,2024,866
TLG1,TLE1,2024,280
TLG1,TLE2,2024,548
TLG1,TLE3,2024,668
TLG1,TLE4,2024,823
TLG1,TLF1,2024,2125
TLG1,TLF2,2024,4079
TLG1,TLF3,2024,575
TLG1,TLG2,2024,3679
TLG1,TLG3,2024,10429
TLG1,TLH1,2024,1242
TLG1,TLH2,2024,737
TLG1,TLH3,2024,460
TLG1,TLI3,2024,1022
TLG1,TLI4,2024,1470
TLG1,TLI5,2024,489
TLG1,TLI6,2024,397
TLG1,TLI7,2024,961
TLG1,TLJ1,2024,2531
TLG1,TLJ2,2024,1251
TLG1,TLJ3,2024,888
TLG1,TLJ4,2024,401
TLG1,TLK1,2024,4972
TLG1,TLK2,2024,1058
TLG1,TLK3,2024,638
TLG1,TLK4,2024,1466
TLG1,TLL1,2024,1452
TLG1,TLL2,2024,1657
TLG1,TLN0,2024,126
TLG2,S92000003,2024,877
TLG2,TLC1,2024,558
TLG2,TLC2,2024,493
TLG2,TLD1,2024,287
TLG2,TLD3,2024,2960
TLG2,TLD4,2024,1147
TLG2,TLD6,2024,3340
TLG2,TLD7,2024,1952
TLG2,TLE1,2024,378
TLG2,TLE2,2024,641
TLG2,TLE3,2024,872
TLG2,TLE4,2024,1195
TLG2,TLF1,2024,5290
TLG2,TLF2,2024,2032
TLG2,TLF3,2024,563
TLG2,TLG1,2024,3460
TLG2,TLG3,2024,8714
TLG2,TLH1,2024,1223
TLG2,TLH2,2024,709
TLG2,TLH3,2024,434
TLG2,TLI3,2024,513
TLG2,TLI4,2024,1009
TLG2,TLI5,2024,518
TLG2,TLI6,2024,295
TLG2,TLI7,2024,730
TLG2,TLJ1,2024,1345
TLG2,TLJ2,2024,915
TLG2,TLJ3,2024,728
TLG2,TLJ4,2024,438
TLG2,TLK1,2024,1758
TLG2,TLK2,2024,604
TLG2,TLK3,2024,498
TLG2,TLK4,2024,862
TLG2,TLL1,2024,1632
TLG2,TLL2,2024,1987
TLG2,TLN0,2024,209
TLG3,S92000003,2024,1948
TLG3,TLC1,2024,1049
TLG3,TLC2,2024,996
TLG3,TLD1,2024,389
TLG3,TLD3,2024,5464
TLG3,TLD4,2024,1848
TLG3,TLD6,2024,1253
TLG3,TLD7,2024,2366
TLG3,TLE1,2024,770
TLG3,TLE2,2024,784
TLG3,TLE3,2024,1920
TLG3,TLE4,2024,3242
TLG3,TLF1,2024,6362
TLG3,TLF2,2024,6906
TLG3,TLF3,2024,1006
TLG3,TLG1,2024,23464
TLG3,TLG2,2024,18618
TLG3,TLH1,2024,3084
TLG3,TLH2,2024,3031
TLG3,TLH3,2024,1504
TLG3,TLI3,2024,2489
TLG3,TLI4,2024,5695
TLG3,TLI5,2024,3490
TLG3,TLI6,2024,2032
TLG3,TLI7,2024,4957
TLG3,TLJ1,2024,5304
TLG3,TLJ2,2024,2895
TLG3,TLJ3,2024,1793
TLG3,TLJ4,2024,1651
TLG3,TLK1,2024,4634
TLG3,TLK2,2024,1562
TLG3,TLK3,2024,791
TLG3,TLK4,2024,2026
TLG3,TLL1,2024,2100
TLG3,TLL2,2024,1699
TLG3,TLN0,2024,408
TLH1,S92000003,2024,1908
TLH1,TLC1,2024,1165
TLH1,TLC2,2024,1275
TLH1,TLD1,2024,383
TLH1,TLD3,2024,2303
TLH1,TLD4,2024,1014
TLH1,TLD6,2024,608
TLH1,TLD7,2024,1015
TLH1,TLE1,2024,830
TLH1,TLE2,2024,1582
TLH1,TLE3,2024,1619
TLH1,TLE4,2024,2216
TLH1,TLF1,2024,3917
TLH1,TLF2,2024,4783
TLH1,TLF3,2024,5932
TLH1,TLG1,2024,1227
TLH1,TLG2,2024,1274
TLH1,TLG3,2024,2942
TLH1,TLH2,2024,4438
TLH1,TLH3,2024,6237
TLH1,TLI3,2024,3033
TLH1,TLI4,2024,5508
TLH1,TLI5,2024,2207
TLH1,TLI6,2024,1306
TLH1,TLI7,2024,2821
TLH1,TLJ1,2024,3914
TLH1,TLJ2,2024,3796
TLH1,TLJ3,2024,1862
TLH1,TLJ4,2024,1875
TLH1,TLK1,2024,3048
TLH1,TLK2,2024,1231
TLH1,TLK3,2024,706
TLH1,TLK4,2024,1345
TLH1,TLL1,2024,976
TLH1,TLL2,2024,670
TLH1,TLN0,2024,321
TLH2,S92000003,2024,1308
TLH2,TLC1,2024,898
TLH2,TLC2,2024,910
TLH2,TLD1,2024,287
TLH2,TLD3,2024,2125
TLH2,TLD4,2024,911
TLH2,TLD6,2024,550
TLH2,TLD7,2024,1039
TLH2,TLE1,2024,554
TLH2,TLE2,2024,937
TLH2,TLE3,2024,1229
TLH2,TLE4,2024,2015
TLH2,TLF1,2024,3352
TLH2,TLF2,2024,5814
TLH2,TLF3,2024,1474
TLH2,TLG1,2024,1101
TLH2,TLG2,2024,1097
TLH2,TLG3,2024,3433
TLH2,TLH1,2024,9110
TLH2,TLH3,2024,5321
TLH2,TLI3,2024,2445
TLH2,TLI4,2024,4868
TLH2,TLI5,2024,3744
TLH2,TLI6,2024,1271
TLH2,TLI7,2024,6821
TLH2,TLJ1,2024,9796
TLH2,TLJ2,2024,3923
TLH2,TLJ3,2024,2183
TLH2,TLJ4,2024,2001
TLH2,TLK1,2024,2833
TLH2,TLK2,2024,1858
TLH2,TLK3,2024,657
TLH2,TLK4,2024,1467
TLH2,TLL1,2024,987
TLH2,TLL2,2024,729
TLH2,TLN0,2024,301
TLH3,S92000003,2024,1072
TLH3,TLC1,2024,767
TLH3,TLC2,2024,621
TLH3,TLD1,2024,221
TLH3,TLD3,2024,1205
TLH3,TLD4,2024,532
TLH3,TLD6,2024,338
TLH3,TLD7,2024,587
TLH3,TLE1,2024,415
TLH3,TLE2,2024,650
TLH3,TLE3,2024,747
TLH3,TLE4,2024,1008
TLH3,TLF1,2024,1867
TLH3,TLF2,2024,1913
TLH3,TLF3,2024,1217
TLH3,TLG1,2024,616
TLH3,TLG2,2024,666
TLH3,TLG3,2024,1835
TLH3,TLH1,2024,11959
TLH3,TLH2,2024,4798
TLH3,TLI3,2024,1615
TLH3,TLI4,2024,4924
TLH3,TLI5,2024,6873
TLH3,TLI6,2024,1227
TLH3,TLI7,2024,2265
TLH3,TLJ1,2024,2240
TLH3,TLJ2,2024,3020
TLH3,TLJ3,2024,1505
TLH3,TLJ4,2024,3433
TLH3,TLK1,2024,1861
TLH3,TLK2,2024,1123
TLH3,TLK3,2024,674
TLH3,TLK4,2024,1123
TLH3,TLL1,2024,674
TLH3,TLL2,2024,519
TLH3,TLN0,2024,245
TLI3,S92000003,2024,1519
TLI3,TLC1,2024,578
TLI3,TLC2,2024,713
TLI3,TLD1,2024,119
TLI3,TLD3,2024,1831
TLI3,TLD4,2024,421
TLI3,TLD6,2024,428
TLI3,TLD7,2024,623
TLI3,TLE1,2024,206
TLI3,TLE2,2024,643
TLI3,TLE3,2024,535
TLI3,TLE4,2024,1084
TLI3,TLF1,2024,1152
TLI3,TLF2,2024,1361
TLI3,TLF3,2024,283
TLI3,TLG1,2024,787
TLI3,TLG2,2024,458
TLI3,TLG3,2024,1775
TLI3,TLH1,2024,2837
TLI3,TLH2,2024,3776
TLI3,TLH3,2024,1675
TLI3,TLI4,2024,30627
TLI3,TLI5,2024,5965
TLI3,TLI6,2024,11669
TLI3,TLI7,2024,23008
TLI3,TLJ1,2024,6358
TLI3,TLJ2,2024,8221
TLI3,TLJ3,2024,2135
TLI3,TLJ4,2024,2265
TLI3,TLK1,2024,3640
TLI3,TLK2,2024,1419
TLI3,TLK3,2024,352
TLI3,TLK4,2024,1143
TLI3,TLL1,2024,547
TLI3,TLL2,2024,567
TLI3,TLN0,2024,254
TLI4,S92000003,2024,2821
TLI4,TLC1,2024,992
TLI4,TLC2,2024,1482
TLI4,TLD1,2024,329
TLI4,TLD3,2024,4343
TLI4,TLD4,2024,1131
TLI4,TLD6,2024,740
TLI4,TLD7,2024,1569
TLI4,TLE1,2024,615
TLI4,TLE2,2024,1004
TLI4,TLE3,2024,1539
TLI4,TLE4,2024,2770
TLI4,TLF1,2024,2712
TLI4,TLF2,2024,3470
TLI4,TLF3,2024,650
TLI4,TLG1,2024,1277
TLI4,TLG2,2024,1114
TLI4,TLG3,2024,5274
TLI4,TLH1,2024,5786
TLI4,TLH2,2024,8267
TLI4,TLH3,2024,10299
TLI4,TLI3,2024,26805
TLI4,TLI5,2024,51580
TLI4,TLI6,2024,22755
TLI4,TLI7,2024,21419
TLI4,TLJ1,2024,7647
TLI4,TLJ2,2024,11257
TLI4,TLJ3,2024,3219
TLI4,TLJ4,2024,10228
TLI4,TLK1,2024,5908
TLI4,TLK2,2024,2235
TLI4,TLK3,2024,710
TLI4,TLK4,2024,1769
TLI4,TLL1,2024,1024
TLI4,TLL2,2024,1213
TLI4,TLN0,2024,543
TLI5,S92000003,2024,1293
TLI5,TLC1,2024,872
TLI5,TLC2,2024,704
TLI5,TLD1,2024,180
TLI5,TLD3,2024,2422
TLI5,TLD4,2024,936
TLI5,TLD6,2024,419
TLI5,TLD7,2024,983
TLI5,TLE1,2024,512
TLI5,TLE2,2024,501
TLI5,TLE3,2024,1138
TLI5,TLE4,2024,1724
TLI5,TLF1,2024,2387
TLI5,TLF2,2024,3202
TLI5,TLF3,2024,639
TLI5,TLG1,2024,832
TLI5,TLG2,2024,899
TLI5,TLG3,2024,4720
TLI5,TLH1,2024,5069
TLI5,TLH2,2024,9153
TLI5,TLH3,2024,21198
TLI5,TLI3,2024,4308
TLI5,TLI4,2024,28795
TLI5,TLI6,2024,6540
TLI5,TLI7,2024,9802
TLI5,TLJ1,2024,4011
TLI5,TLJ2,2024,4859
TLI5,TLJ3,2024,1860
TLI5,TLJ4,2024,13843
TLI5,TLK1,2024,2246
TLI5,TLK2,2024,1144
TLI5,TLK3,2024,351
TLI5,TLK4,2024,919
TLI5,TLL1,2024,655
TLI5,TLL2,2024,598
TLI5,TLN0,2024,300
TLI6,S92000003,2024,1059
TLI6,TLC1,2024,522
TLI6,TLC2,2024,533
TLI6,TLD1,2024,132
TLI6,TLD3,2024,1412
TLI6,TLD4,2024,508
TLI6,TLD6,2024,346
TLI6,TLD7,2024,743
TLI6,TLE1,2024,245
TLI6,TLE2,2024,495
TLI6,TLE3,2024,680
TLI6,TLE4,2024,1044
TLI6,TLF1,2024,1659
TLI6,TLF2,2024,1699
TLI6,TLF3,2024,338
TLI6,TLG1,2024,695
TLI6,TLG2,2024,596
TLI6,TLG3,2024,2200
TLI6,TLH1,2024,2221
TLI6,TLH2,2024,2019
TLI6,TLH3,2024,1677
TLI6,TLI3,2024,6891
TLI6,TLI4,2024,12308
TLI6,TLI5,2024,5262
TLI6,TLI7,2024,5801
TLI6,TLJ1,2024,3353
TLI6,TLJ2,2024,19519
TLI6,TLJ3,2024,3060
TLI6,TLJ4,2024,8186
TLI6,TLK1,2024,2412
TLI6,TLK2,2024,1420
TLI6,TLK3,2024,457
TLI6,TLK4,2024,1078
TLI6,TLL1,2024,514
TLI6,TLL2,2024,613
TLI6,TLN0,2024,214
TLI7,S92000003,2024,1739
TLI7,TLC1,2024,1082
TLI7,TLC2,2024,1153
TLI7,TLD1,2024,184
TLI7,TLD3,2024,2991
TLI7,TLD4,2024,939
TLI7,TLD6,2024,499
TLI7,TLD7,2024,1314
TLI7,TLE1,2024,421
TLI7,TLE2,2024,670
TLI7,TLE3,2024,1335
TLI7,TLE4,2024,2280
TLI7,TLF1,2024,2910
TLI7,TLF2,2024,4267
TLI7,TLF3,2024,522
TLI7,TLG1,2024,1496
TLI7,TLG2,2024,1109
TLI7,TLG3,2024,6513
TLI7,TLH1,2024,3802
TLI7,TLH2,2024,17582
TLI7,TLH3,2024,3228
TLI7,TLI3,2024,15545
TLI7,TLI4,2024,16731
TLI7,TLI5,2024,9958
TLI7,TLI6,2024,7232
TLI7,TLJ1,2024,19447
TLI7,TLJ2,2024,14319
TLI7,TLJ3,2024,4159
TLI7,TLJ4,2024,3355
TLI7,TLK1,2024,4754
TLI7,TLK2,2024,2516
TLI7,TLK3,2024,458
TLI7,TLK4,2024,1578
TLI7,TLL1,2024,968
TLI7,TLL2,2024,1043
TLI7,TLN0,2024,435
TLJ1,S92000003,2024,2230
TLJ1,TLC1,2024,1206
TLJ1,TLC2,2024,1280
TLJ1,TLD1,2024,463
TLJ1,TLD3,2024,2963
TLJ1,TLD4,2024,1258
TLJ1,TLD6,2024,878
TLJ1,TLD7,2024,1403
TLJ1,TLE1,2024,701
TLJ1,TLE2,2024,1268
TLJ1,TLE3,2024,1444
TLJ1,TLE4,2024,2076
TLJ1,TLF1,2024,3701
TLJ1,TLF2,2024,7710
TLJ1,TLF3,2024,1198
TLJ1,TLG1,2024,3337
TLJ1,TLG2,2024,1915
TLJ1,TLG3,2024,5389
TLJ1,TLH1,2024,4931
TLJ1,TLH2,2024,6814
TLJ1,TLH3,2024,2022
TLJ1,TLI3,2024,5827
TLJ1,TLI4,2024,7073
TLJ1,TLI5,2024,2661
TLJ1,TLI6,2024,2264
TLJ1,TLI7,2024,8175
TLJ1,TLJ2,2024,9447
TLJ1,TLJ3,2024,8892
TLJ1,TLJ4,2024,2369
TLJ1,TLK1,2024,10572
TLJ1,TLK2,2024,4325
TLJ1,TLK3,2024,1313
TLJ1,TLK4,2024,3458
TLJ1,TLL1,2024,2064
TLJ1,TLL2,2024,1956
TLJ1,TLN0,2024,401
TLJ2,S92000003,2024,2222
TLJ2,TLC1,2024,1166
TLJ2,TLC2,2024,1246
TLJ2,TLD1,2024,414
TLJ2,TLD3,2024,2550
TLJ2,TLD4,2024,988
TLJ2,TLD6,2024,737
TLJ2,TLD7,2024,1279
TLJ2,TLE1,2024,682
TLJ2,TLE2,2024,1112
TLJ2,TLE3,2024,1357
TLJ2,TLE4,2024,2181
TLJ2,TLF1,2024,2964
TLJ2,TLF2,2024,2522
TLJ2,TLF3,2024,964
TLJ2,TLG1,2024,1649
TLJ2,TLG2,2024,1338
TLJ2,TLG3,2024,2956
TLJ2,TLH1,2024,4433
TLJ2,TLH2,2024,3198
TLJ2,TLH3,2024,2655
TLJ2,TLI3,2024,5951
TLJ2,TLI4,2024,8283
TLJ2,TLI5,2024,3212
TLJ2,TLI6,2024,8419
TLJ2,TLI7,2024,7503
TLJ2,TLJ1,2024,9630
TLJ2,TLJ3,2024,15272
TLJ2,TLJ4,2024,7667
TLJ2,TLK1,2024,7298
TLJ2,TLK2,2024,4663
TLJ2,TLK3,2024,1515
TLJ2,TLK4,2024,3817
TLJ2,TLL1,2024,1807
TLJ2,TLL2,2024,1709
TLJ2,TLN0,2024,405
TLJ3,S92000003,2024,1357
TLJ3,TLC1,2024,644
TLJ3,TLC2,2024,642
TLJ3,TLD1,2024,254
TLJ3,TLD3,2024,1399
TLJ3,TLD4,2024,577
TLJ3,TLD6,2024,419
TLJ3,TLD7,2024,654
TLJ3,TLE1,2024,388
TLJ3,TLE2,2024,673
TLJ3,TLE3,2024,624
TLJ3,TLE4,2024,914
TLJ3,TLF1,2024,1381
TLJ3,TLF2,2024,1491
TLJ3,TLF3,2024,579
TLJ3,TLG1,2024,1181
TLJ3,TLG2,2024,925
TLJ3,TLG3,2024,1793
TLJ3,TLH1,2024,2194
TLJ3,TLH2,2024,1800
TLJ3,TLH3,2024,1416
TLJ3,TLI3,2024,2040
TLJ3,TLI4,2024,3220
TLJ3,TLI5,2024,1629
TLJ3,TLI6,2024,1877
TLJ3,TLI7,2024,2708
TLJ3,TLJ1,2024,7460
TLJ3,TLJ2,2024,12798
TLJ3,TLJ4,2024,2005
TLJ3,TLK1,2024,7380
TLJ3,TLK2,2024,6892
TLJ3,TLK3,2024,1184
TLJ3,TLK4,2024,2653
TLJ3,TLL1,2024,1501
TLJ3,TLL2,2024,1323
TLJ3,TLN0,2024,308
TLJ4,S92000003,2024,1226
TLJ4,TLC1,2024,948
TLJ4,TLC2,2024,713
TLJ4,TLD1,2024,313
TLJ4,TLD3,2024,1237
TLJ4,TLD4,2024,700
TLJ4,TLD6,2024,381
TLJ4,TLD7,2024,704
TLJ4,TLE1,2024,473
TLJ4,TLE2,2024,752
TLJ4,TLE3,2024,708
TLJ4,TLE4,2024,1122
TLJ4,TLF1,2024,1786
TLJ4,TLF2,2024,1674
TLJ4,TLF3,2024,880
TLJ4,TLG1,2024,672
TLJ4,TLG2,2024,777
TLJ4,TLG3,2024,1862
TLJ4,TLH1,2024,3201
TLJ4,TLH2,2024,1587
TLJ4,TLH3,2024,3045
TLJ4,TLI3,2024,1902
TLJ4,TLI4,2024,5218
TLJ4,TLI5,2024,5410
TLJ4,TLI6,2024,3317
TLJ4,TLI7,2024,2355
TLJ4,TLJ1,2024,2564
TLJ4,TLJ2,2024,8382
TLJ4,TLJ3,2024,2287
TLJ4,TLK1,2024,2599
TLJ4,TLK2,2024,1408
TLJ4,TLK3,2024,682
TLJ4,TLK4,2024,1537
TLJ4,TLL1,2024,734
TLJ4,TLL2,2024,632
TLJ4,TLN0,2024,250
TLK1,S92000003,2024,2083
TLK1,TLC1,2024,890
TLK1,TLC2,2024,1013
TLK1,TLD1,2024,395
TLK1,TLD3,2024,2770
TLK1,TLD4,2024,941
TLK1,TLD6,2024,812
TLK1,TLD7,2024,1220
TLK1,TLE1,2024,459
TLK1,TLE2,2024,997
TLK1,TLE3,2024,1094
TLK1,TLE4,2024,1631
TLK1,TLF1,2024,2208
TLK1,TLF2,2024,2047
TLK1,TLF3,2024,610
TLK1,TLG1,2024,5331
TLK1,TLG2,2024,1799
TLK1,TLG3,2024,3815
TLK1,TLH1,2024,2705
TLK1,TLH2,2024,1906
TLK1,TLH3,2024,1412
TLK1,TLI3,2024,3993
TLK1,TLI4,2024,5737
TLK1,TLI5,2024,1546
TLK1,TLI6,2024,1589
TLK1,TLI7,2024,3527
TLK1,TLJ1,2024,8098
TLK1,TLJ2,2024,5290
TLK1,TLJ3,2024,5687
TLK1,TLJ4,2024,1699
TLK1,TLK2,2024,10268
TLK1,TLK3,2024,2692
TLK1,TLK4,2024,7160
TLK1,TLL1,2024,5094
TLK1,TLL2,2024,6653
TLK1,TLN0,2024,393
TLK2,S92000003,2024,911
TLK2,TLC1,2024,391
TLK2,TLC2,2024,383
TLK2,TLD1,2024,185
TLK2,TLD3,2024,882
TLK2,TLD4,2024,369
TLK2,TLD6,2024,263
TLK2,TLD7,2024,450
TLK2,TLE1,2024,236
TLK2,TLE2,2024,350
TLK2,TLE3,2024,361
TLK2,TLE4,2024,556
TLK2,TLF1,2024,744
TLK2,TLF2,2024,735
TLK2,TLF3,2024,350
TLK2,TLG1,2024,788
TLK2,TLG2,2024,676
TLK2,TLG3,2024,1115
TLK2,TLH1,2024,1229
TLK2,TLH2,2024,1087
TLK2,TLH3,2024,672
TLK2,TLI3,2024,1342
TLK2,TLI4,2024,2007
TLK2,TLI5,2024,773
TLK2,TLI6,2024,841
TLK2,TLI7,2024,1443
TLK2,TLJ1,2024,2819
TLK2,TLJ2,2024,3469
TLK2,TLJ3,2024,6047
TLK2,TLJ4,2024,992
TLK2,TLK1,2024,9032
TLK2,TLK3,2024,1185
TLK2,TLK4,2024,4945
TLK2,TLL1,2024,1174
TLK2,TLL2,2024,1262
TLK2,TLN0,2024,168
TLK3,S92000003,2024,409
TLK3,TLC1,2024,167
TLK3,TLC2,2024,115
TLK3,TLD1,2024,119
TLK3,TLD3,2024,360
TLK3,TLD4,2024,190
TLK3,TLD6,2024,203
TLK3,TLD7,2024,177
TLK3,TLE1,2024,147
TLK3,TLE2,2024,217
TLK3,TLE3,2024,180
TLK3,TLE4,2024,243
TLK3,TLF1,2024,475
TLK3,TLF2,2024,393
TLK3,TLF3,2024,172
TLK3,TLG1,2024,444
TLK3,TLG2,2024,376
TLK3,TLG3,2024,430
TLK3,TLH1,2024,574
TLK3,TLH2,2024,369
TLK3,TLH3,2024,278
TLK3,TLI3,2024,379
TLK3,TLI4,2024,704
TLK3,TLI5,2024,214
TLK3,TLI6,2024,239
TLK3,TLI7,2024,313
TLK3,TLJ1,2024,784
TLK3,TLJ2,2024,1066
TLK3,TLJ3,2024,762
TLK3,TLJ4,2024,308
TLK3,TLK1,2024,2452
TLK3,TLK2,2024,1133
TLK3,TLK4,2024,4601
TLK3,TLL1,2024,516
TLK3,TLL2,2024,612
TLK3,TLN0,2024,57
TLK4,S92000003,2024,1010
TLK4,TLC1,2024,367
TLK4,TLC2,2024,401
TLK4,TLD1,2024,232
TLK4,TLD3,2024,954
TLK4,TLD4,2024,416
TLK4,TLD6,2024,310
TLK4,TLD7,2024,496
TLK4,TLE1,2024,197
TLK4,TLE2,2024,338
TLK4,TLE3,2024,357
TLK4,TLE4,2024,571
TLK4,TLF1,2024,810
TLK4,TLF2,2024,802
TLK4,TLF3,2024,243
TLK4,TLG1,2024,1054
TLK4,TLG2,2024,685
TLK4,TLG3,2024,1309
TLK4,TLH1,2024,1135
TLK4,TLH2,2024,841
TLK4,TLH3,2024,774
TLK4,TLI3,2024,1477
TLK4,TLI4,2024,1911
TLK4,TLI5,2024,712
TLK4,TLI6,2024,778
TLK4,TLI7,2024,1240
TLK4,TLJ1,2024,2235
TLK4,TLJ2,2024,2562
TLK4,TLJ3,2024,1990
TLK4,TLJ4,2024,831
TLK4,TLK1,2024,6586
TLK4,TLK2,2024,4642
TLK4,TLK3,2024,4809
TLK4,TLL1,2024,1207
TLK4,TLL2,2024,1586
TLK4,TLN0,2024,179
TLL1,S92000003,2024,953
TLL1,TLC1,2024,340
TLL1,TLC2,2024,353
TLL1,TLD1,2024,191
TLL1,TLD3,2024,2024
TLL1,TLD4,2024,820
TLL1,TLD6,2024,1417
TLL1,TLD7,2024,1858
TLL1,TLE1,2024,240
TLL1,TLE2,2024,463
TLL1,TLE3,2024,525
TLL1,TLE4,2024,784
TLL1,TLF1,2024,964
TLL1,TLF2,2024,899
TLL1,TLF3,2024,303
TLL1,TLG1,2024,1362
TLL1,TLG2,2024,1447
TLL1,TLG3,2024,1734
TLL1,TLH1,2024,1040
TLL1,TLH2,2024,562
TLL1,TLH3,2024,506
TLL1,TLI3,2024,595
TLL1,TLI4,2024,1180
TLL1,TLI5,2024,513
TLL1,TLI6,2024,400
TLL1,TLI7,2024,875
TLL1,TLJ1,2024,1558
TLL1,TLJ2,2024,1442
TLL1,TLJ3,2024,1061
TLL1,TLJ4,2024,520
TLL1,TLK1,2024,4572
TLL1,TLK2,2024,1100
TLL1,TLK3,2024,508
TLL1,TLK4,2024,1343
TLL1,TLL2,2024,11716
TLL1,TLN0,2024,211
TLL2,S92000003,2024,673
TLL2,TLC1,2024,272
TLL2,TLC2,2024,331
TLL2,TLD1,2024,122
TLL2,TLD3,2024,1522
TLL2,TLD4,2024,540
TLL2,TLD6,2024,1876
TLL2,TLD7,2024,1499
TLL2,TLE1,2024,154
TLL2,TLE2,2024,302
TLL2,TLE3,2024,435
TLL2,TLE4,2024,751
TLL2,TLF1,2024,825
TLL2,TLF2,2024,741
TLL2,TLF3,2024,276
TLL2,TLG1,2024,1605
TLL2,TLG2,2024,1957
TLL2,TLG3,2024,1581
TLL2,TLH1,2024,766
TLL2,TLH2,2024,581
TLL2,TLH3,2024,414
TLL2,TLI3,2024,857
TLL2,TLI4,2024,1447
TLL2,TLI5,2024,538
TLL2,TLI6,2024,445
TLL2,TLI7,2024,1030
TLL2,TLJ1,2024,1631
TLL2,TLJ2,2024,1260
TLL2,TLJ3,2024,1174
TLL2,TLJ4,2024,450
TLL2,TLK1,2024,5671
TLL2,TLK2,2024,1123
TLL2,TLK3,2024,629
TLL2,TLK4,2024,1563
TLL2,TLL1,2024,13270
TLL2,TLN0,2024,187
TLM5,TLM6,2024,1304
TLM5,TLM7,2024,3517
TLM5,TLM8,2024,1379
TLM5,TLM9,2024,504
TLM6,TLM5,2024,1374
TLM6,TLM7,2024,2937
TLM6,TLM8,2024,2209
TLM6,TLM9,2024,1041
TLM7,TLM5,2024,2720
TLM7,TLM6,2024,2667
TLM7,TLM8,2024,7446
TLM7,TLM9,2024,3978
TLM8,TLM5,2024,912
TLM8,TLM6,2024,2134
TLM8,TLM7,2024,7273
TLM8,TLM9,2024,9532
TLM9,TLM5,2024,511
TLM9,TLM6,2024,1009
TLM9,TLM7,2024,3861
TLM9,TLM8,2024,6418
TLN0,S92000003,2024,1841
TLN0,TLC1,2024,165
TLN0,TLC2,2024,447
TLN0,TLD1,2024,76
TLN0,TLD3,2024,868
TLN0,TLD4,2024,270
TLN0,TLD6,2024,177
TLN0,TLD7,2024,1400
TLN0,TLE1,2024,63
TLN0,TLE2,2024,92
TLN0,TLE3,2024,114
TLN0,TLE4,2024,249
TLN0,TLF1,2024,212
TLN0,TLF2,2024,183
TLN0,TLF3,2024,59
TLN0,TLG1,2024,158
TLN0,TLG2,2024,234
TLN0,TLG3,2024,343
TLN0,TLH1,2024,263
TLN0,TLH2,2024,152
TLN0,TLH3,2024,126
TLN0,TLI3,2024,461
TLN0,TLI4,2024,678
TLN0,TLI5,2024,214
TLN0,TLI6,2024,156
TLN0,TLI7,2024,316
TLN0,TLJ1,2024,345
TLN0,TLJ2,2024,339
TLN0,TLJ3,2024,226
TLN0,TLJ4,2024,135
TLN0,TLK1,2024,453
TLN0,TLK2,2024,112
TLN0,TLK3,2024,51
TLN0,TLK4,2024,165
TLN0,TLL1,2024,194
TLN0,TLL2,2024,228
S92000003,TLC1,2025,1078
S92000003,TLC2,2025,2422
S92000003,TLD1,2025,1335
S92000003,TLD3,2025,2230
S92000003,TLD4,2025,1348
S92000003,TLD6,2025,659
S92000003,TLD7,2025,1034
S92000003,TLE1,2025,513
S92000003,TLE2,2025,953
S92000003,TLE3,2025,711
S92000003,TLE4,2025,1253
S92000003,TLF1,2025,926
S92000003,TLF2,2025,827
S92000003,TLF3,2025,438
S92000003,TLG1,2025,723
S92000003,TLG2,2025,641
S92000003,TLG3,2025,1203
S92000003,TLH1,2025,1611
S92000003,TLH2,2025,800
S92000003,TLH3,2025,616
S92000003,TLI3,2025,2043
S92000003,TLI4,2025,3272
S92000003,TLI5,2025,884
S92000003,TLI6,2025,737
S92000003,TLI7,2025,1456
S92000003,TLJ1,2025,2013
S92000003,TLJ2,2025,1755
S92000003,TLJ3,2025,1040
S92000003,TLJ4,2025,779
S92000003,TLK1,2025,1682
S92000003,TLK2,2025,768
S92000003,TLK3,2025,401
S92000003,TLK4,2025,727
S92000003,TLL1,2025,727
S92000003,TLL2,2025,507
S92000003,TLN0,2025,1495
TLC1,S92000003,2025,1190
TLC1,TLC2,2025,10397
TLC1,TLD1,2025,776
TLC1,TLD3,2025,1799
TLC1,TLD4,2025,909
TLC1,TLD6,2025,395
TLC1,TLD7,2025,767
TLC1,TLE1,2025,739
TLC1,TLE2,2025,3757
TLC1,TLE3,2025,1263
TLC1,TLE4,2025,2529
TLC1,TLF1,2025,965
TLC1,TLF2,2025,627
TLC1,TLF3,2025,356
TLC1,TLG1,2025,331
TLC1,TLG2,2025,471
TLC1,TLG3,2025,904
TLC1,TLH1,2025,1072
TLC1,TLH2,2025,555
TLC1,TLH3,2025,475
TLC1,TLI3,2025,1280
TLC1,TLI4,2025,1537
TLC1,TLI5,2025,555
TLC1,TLI6,2025,475
TLC1,TLI7,2025,943
TLC1,TLJ1,2025,1052
TLC1,TLJ2,2025,983
TLC1,TLJ3,2025,468
TLC1,TLJ4,2025,613
TLC1,TLK1,2025,831
TLC1,TLK2,2025,312
TLC1,TLK3,2025,173
TLC1,TLK4,2025,339
TLC1,TLL1,2025,322
TLC1,TLL2,2025,249
TLC1,TLN0,2025,196
TLC2,S92000003,2025,2114
TLC2,TLC1,2025,11000
TLC2,TLD1,2025,1159
TLC2,TLD3,2025,2737
TLC2,TLD4,2025,948
TLC2,TLD6,2025,571
TLC2,TLD7,2025,965
TLC2,TLE1,2025,859
TLC2,TLE2,2025,2394
TLC2,TLE3,2025,1183
TLC2,TLE4,2025,3370
TLC2,TLF1,2025,1281
TLC2,TLF2,2025,687
TLC2,TLF3,2025,449
TLC2,TLG1,2025,387
TLC2,TLG2,2025,422
TLC2,TLG3,2025,947
TLC2,TLH1,2025,1096
TLC2,TLH2,2025,599
TLC2,TLH3,2025,471
TLC2,TLI3,2025,964
TLC2,TLI4,2025,1557
TLC2,TLI5,2025,524
TLC2,TLI6,2025,395
TLC2,TLI7,2025,1094
TLC2,TLJ1,2025,946
TLC2,TLJ2,2025,904
TLC2,TLJ3,2025,498
TLC2,TLJ4,2025,482
TLC2,TLK1,2025,960
TLC2,TLK2,2025,289
TLC2,TLK3,2025,125
TLC2,TLK4,2025,338
TLC2,TLL1,2025,324
TLC2,TLL2,2025,257
TLC2,TLN0,2025,432
TLD1,S92000003,2025,947
TLD1,TLC1,2025,736
TLD1,TLC2,2025,1092
TLD1,TLD3,2025,1036
TLD1,TLD4,2025,2367
TLD1,TLD6,2025,329
TLD1,TLD7,2025,617
TLD1,TLE1,2025,178
TLD1,TLE2,2025,583
TLD1,TLE3,2025,252
TLD1,TLE4,2025,559
TLD1,TLF1,2025,296
TLD1,TLF2,2025,195
TLD1,TLF3,2025,83
TLD1,TLG1,2025,122
TLD1,TLG2,2025,232
TLD1,TLG3,2025,253
TLD1,TLH1,2025,289
TLD1,TLH2,2025,132
TLD1,TLH3,2025,100
TLD1,TLI3,2025,128
TLD1,TLI4,2025,204
TLD1,TLI5,2025,86
TLD1,TLI6,2025,52
TLD1,TLI7,2025,112
TLD1,TLJ1,2025,271
TLD1,TLJ2,2025,227
TLD1,TLJ3,2025,119
TLD1,TLJ4,2025,122
TLD1,TLK1,2025,284
TLD1,TLK2,2025,136
TLD1,TLK3,2025,106
TLD1,TLK4,2025,155
TLD1,TLL1,2025,192
TLD1,TLL2,2025,106
TLD1,TLN0,2025,69
TLD3,S92000003,2025,2381
TLD3,TLC1,2025,1535
TLD3,TLC2,2025,2441
TLD3,TLD1,2025,1624
TLD3,TLD4,2025,19223
TLD3,TLD6,2025,12767
TLD3,TLD7,2025,10052
TLD3,TLE1,2025,1440
TLD3,TLE2,2025,2245
TLD3,TLE3,2025,3330
TLD3,TLE4,2025,8155
TLD3,TLF1,2025,5040
TLD3,TLF2,2025,2010
TLD3,TLF3,2025,840
TLD3,TLG1,2025,1247
TLD3,TLG2,2025,3166
TLD3,TLG3,2025,4337
TLD3,TLH1,2025,2126
TLD3,TLH2,2025,1570
TLD3,TLH3,2025,933
TLD3,TLI3,2025,2171
TLD3,TLI4,2025,4396
TLD3,TLI5,2025,1771
TLD3,TLI6,2025,1104
TLD3,TLI7,2025,2876
TLD3,TLJ1,2025,2549
TLD3,TLJ2,2025,2232
TLD3,TLJ3,2025,1133
TLD3,TLJ4,2025,964
TLD3,TLK1,2025,2482
TLD3,TLK2,2025,760
TLD3,TLK3,2025,543
TLD3,TLK4,2025,931
TLD3,TLL1,2025,2440
TLD3,TLL2,2025,1393
TLD3,TLN0,2025,546
TLD4,S92000003,2025,1494
TLD4,TLC1,2025,901
TLD4,TLC2,2025,1123
TLD4,TLD1,2025,2396
TLD4,TLD3,2025,11724
TLD4,TLD6,2025,2083
TLD4,TLD7,2025,6429
TLD4,TLE1,2025,525
TLD4,TLE2,2025,1706
TLD4,TLE3,2025,991
TLD4,TLE4,2025,3345
TLD4,TLF1,2025,1256
TLD4,TLF2,2025,849
TLD4,TLF3,2025,443
TLD4,TLG1,2025,531
TLD4,TLG2,2025,1111
TLD4,TLG3,2025,1628
TLD4,TLH1,2025,870
TLD4,TLH2,2025,484
TLD4,TLH3,2025,476
TLD4,TLI3,2025,524
TLD4,TLI4,2025,1099
TLD4,TLI5,2025,569
TLD4,TLI6,2025,341
TLD4,TLI7,2025,801
TLD4,TLJ1,2025,962
TLD4,TLJ2,2025,753
TLD4,TLJ3,2025,410
TLD4,TLJ4,2025,410
TLD4,TLK1,2025,874
TLD4,TLK2,2025,364
TLD4,TLK3,2025,298
TLD4,TLK4,2025,453
TLD4,TLL1,2025,819
TLD4,TLL2,2025,532
TLD4,TLN0,2025,247
TLD6,S92000003,2025,700
TLD6,TLC1,2025,428
TLD6,TLC2,2025,646
TLD6,TLD1,2025,433
TLD6,TLD3,2025,7074
TLD6,TLD4,2025,2221
TLD6,TLD7,2025,7361
TLD6,TLE1,2025,233
TLD6,TLE2,2025,656
TLD6,TLE3,2025,851
TLD6,TLE4,2025,1309
TLD6,TLF1,2025,1239
TLD6,TLF2,2025,558
TLD6,TLF3,2025,203
TLD6,TLG1,2025,412
TLD6,TLG2,2025,3312
TLD6,TLG3,2025,959
TLD6,TLH1,2025,576
TLD6,TLH2,2025,276
TLD6,TLH3,2025,221
TLD6,TLI3,2025,434
TLD6,TLI4,2025,604
TLD6,TLI5,2025,249
TLD6,TLI6,2025,166
TLD6,TLI7,2025,387
TLD6,TLJ1,2025,702
TLD6,TLJ2,2025,512
TLD6,TLJ3,2025,306
TLD6,TLJ4,2025,231
TLD6,TLK1,2025,735
TLD6,TLK2,2025,238
TLD6,TLK3,2025,222
TLD6,TLK4,2025,332
TLD6,TLL1,2025,1385
TLD6,TLL2,2025,2167
TLD6,TLN0,2025,132
TLD7,S92000003,2025,1021
TLD7,TLC1,2025,668
TLD7,TLC2,2025,948
TLD7,TLD1,2025,895
TLD7,TLD3,2025,9753
TLD7,TLD4,2025,7334
TLD7,TLD6,2025,7596
TLD7,TLE1,2025,431
TLD7,TLE2,2025,889
TLD7,TLE3,2025,1026
TLD7,TLE4,2025,2395
TLD7,TLF1,2025,1433
TLD7,TLF2,2025,1072
TLD7,TLF3,2025,317
TLD7,TLG1,2025,702
TLD7,TLG2,2025,1896
TLD7,TLG3,2025,1859
TLD7,TLH1,2025,957
TLD7,TLH2,2025,689
TLD7,TLH3,2025,440
TLD7,TLI3,2025,830
TLD7,TLI4,2025,1577
TLD7,TLI5,2025,610
TLD7,TLI6,2025,491
TLD7,TLI7,2025,1176
TLD7,TLJ1,2025,1105
TLD7,TLJ2,2025,968
TLD7,TLJ3,2025,525
TLD7,TLJ4,2025,423
TLD7,TLK1,2025,1195
TLD7,TLK2,2025,432
TLD7,TLK3,2025,225
TLD7,TLK4,2025,428
TLD7,TLL1,2025,1813
TLD7,TLL2,2025,1598
TLD7,TLN0,2025,787
TLE1,S92000003,2025,609
TLE1,TLC1,2025,886
TLE1,TLC2,2025,964
TLE1,TLD1,2025,200
TLE1,TLD3,2025,1490
TLE1,TLD4,2025,508
TLE1,TLD6,2025,268
TLE1,TLD7,2025,584
TLE1,TLE2,2025,3504
TLE1,TLE3,2025,2488
TLE1,TLE4,2025,3163
TLE1,TLF1,2025,1246
TLE1,TLF2,2025,563
TLE1,TLF3,2025,2717
TLE1,TLG1,2025,240
TLE1,TLG2,2025,340
TLE1,TLG3,2025,641
TLE1,TLH1,2025,744
TLE1,TLH2,2025,263
TLE1,TLH3,2025,253
TLE1,TLI3,2025,214
TLE1,TLI4,2025,527
TLE1,TLI5,2025,278
TLE1,TLI6,2025,181
TLE1,TLI7,2025,333
TLE1,TLJ1,2025,469
TLE1,TLJ2,2025,398
TLE1,TLJ3,2025,323
TLE1,TLJ4,2025,283
TLE1,TLK1,2025,531
TLE1,TLK2,2025,215
TLE1,TLK3,2025,147
TLE1,TLK4,2025,185
TLE1,TLL1,2025,216
TLE1,TLL2,2025,153
TLE1,TLN0,2025,84
TLE2,S92000003,2025,1396
TLE2,TLC1,2025,3723
TLE2,TLC2,2025,2645
TLE2,TLD1,2025,578
TLE2,TLD3,2025,1915
TLE2,TLD4,2025,1491
TLE2,TLD6,2025,546
TLE2,TLD7,2025,856
TLE2,TLE1,2025,4436
TLE2,TLE3,2025,1852
TLE2,TLE4,2025,6605
TLE2,TLF1,2025,1206
TLE2,TLF2,2025,693
TLE2,TLF3,2025,597
TLE2,TLG1,2025,488
TLE2,TLG2,2025,531
TLE2,TLG3,2025,635
TLE2,TLH1,2025,1323
TLE2,TLH2,2025,547
TLE2,TLH3,2025,418
TLE2,TLI3,2025,837
TLE2,TLI4,2025,1096
TLE2,TLI5,2025,403
TLE2,TLI6,2025,353
TLE2,TLI7,2025,663
TLE2,TLJ1,2025,1042
TLE2,TLJ2,2025,881
TLE2,TLJ3,2025,438
TLE2,TLJ4,2025,426
TLE2,TLK1,2025,1001
TLE2,TLK2,2025,351
TLE2,TLK3,2025,189
TLE2,TLK4,2025,349
TLE2,TLL1,2025,312
TLE2,TLL2,2025,262
TLE2,TLN0,2025,111
TLE3,S92000003,2025,838
TLE3,TLC1,2025,1156
TLE3,TLC2,2025,1443
TLE3,TLD1,2025,300
TLE3,TLD3,2025,3866
TLE3,TLD4,2025,1016
TLE3,TLD6,2025,883
TLE3,TLD7,2025,1233
TLE3,TLE1,2025,2813
TLE3,TLE2,2025,2125
TLE3,TLE4,2025,6598
TLE3,TLF1,2025,9260
TLE3,TLF2,2025,1493
TLE3,TLF3,2025,1698
TLE3,TLG1,2025,658
TLE3,TLG2,2025,848
TLE3,TLG3,2025,1734
TLE3,TLH1,2025,1538
TLE3,TLH2,2025,768
TLE3,TLH3,2025,464
TLE3,TLI3,2025,587
TLE3,TLI4,2025,1516
TLE3,TLI5,2025,659
TLE3,TLI6,2025,433
TLE3,TLI7,2025,998
TLE3,TLJ1,2025,1224
TLE3,TLJ2,2025,940
TLE3,TLJ3,2025,472
TLE3,TLJ4,2025,461
TLE3,TLK1,2025,1189
TLE3,TLK2,2025,338
TLE3,TLK3,2025,254
TLE3,TLK4,2025,360
TLE3,TLL1,2025,484
TLE3,TLL2,2025,334
TLE3,TLN0,2025,146
TLE4,S92000003,2025,1963
TLE4,TLC1,2025,2944
TLE4,TLC2,2025,4065
TLE4,TLD1,2025,922
TLE4,TLD3,2025,8869
TLE4,TLD4,2025,4282
TLE4,TLD6,2025,1457
TLE4,TLD7,2025,2731
TLE4,TLE1,2025,4617
TLE4,TLE2,2025,10229
TLE4,TLE3,2025,8133
TLE4,TLF1,2025,3716
TLE4,TLF2,2025,1926
TLE4,TLF3,2025,1566
TLE4,TLG1,2025,887
TLE4,TLG2,2025,1327
TLE4,TLG3,2025,3170
TLE4,TLH1,2025,2215
TLE4,TLH2,2025,1521
TLE4,TLH3,2025,869
TLE4,TLI3,2025,1568
TLE4,TLI4,2025,3119
TLE4,TLI5,2025,1305
TLE4,TLI6,2025,895
TLE4,TLI7,2025,2328
TLE4,TLJ1,2025,2105
TLE4,TLJ2,2025,1897
TLE4,TLJ3,2025,849
TLE4,TLJ4,2025,929
TLE4,TLK1,2025,1817
TLE4,TLK2,2025,593
TLE4,TLK3,2025,384
TLE4,TLK4,2025,620
TLE4,TLL1,2025,793
TLE4,TLL2,2025,628
TLE4,TLN0,2025,372
TLF1,S92000003,2025,1512
TLF1,TLC1,2025,1094
TLF1,TLC2,2025,1546
TLF1,TLD1,2025,452
TLF1,TLD3,2025,5175
TLF1,TLD4,2025,1408
TLF1,TLD6,2025,1471
TLF1,TLD7,2025,1585
TLF1,TLE1,2025,1503
TLF1,TLE2,2025,1834
TLF1,TLE3,2025,7282
TLF1,TLE4,2025,3401
TLF1,TLF2,2025,7931
TLF1,TLF3,2025,4678
TLF1,TLG1,2025,2064
TLF1,TLG2,2025,5292
TLF1,TLG3,2025,5145
TLF1,TLH1,2025,3565
TLF1,TLH2,2025,2540
TLF1,TLH3,2025,1448
TLF1,TLI3,2025,1661
TLF1,TLI4,2025,2972
TLF1,TLI5,2025,1753
TLF1,TLI6,2025,1337
TLF1,TLI7,2025,2679
TLF1,TLJ1,2025,3180
TLF1,TLJ2,2025,2463
TLF1,TLJ3,2025,1094
TLF1,TLJ4,2025,1256
TLF1,TLK1,2025,2129
TLF1,TLK2,2025,779
TLF1,TLK3,2025,603
TLF1,TLK4,2025,966
TLF1,TLL1,2025,1047
TLF1,TLL2,2025,790
TLF1,TLN0,2025,262
TLF2,S92000003,2025,1358
TLF2,TLC1,2025,878
TLF2,TLC2,2025,1039
TLF2,TLD1,2025,367
TLF2,TLD3,2025,2661
TLF2,TLD4,2025,1115
TLF2,TLD6,2025,722
TLF2,TLD7,2025,1307
TLF2,TLE1,2025,790
TLF2,TLE2,2025,1142
TLF2,TLE3,2025,1881
TLF2,TLE4,2025,2011
TLF2,TLF1,2025,9034
TLF2,TLF3,2025,3319
TLF2,TLG1,2025,4461
TLF2,TLG2,2025,2286
TLF2,TLG3,2025,6706
TLF2,TLH1,2025,5170
TLF2,TLH2,2025,3452
TLF2,TLH3,2025,1544
TLF2,TLI3,2025,1521
TLF2,TLI4,2025,3223
TLF2,TLI5,2025,2055
TLF2,TLI6,2025,1216
TLF2,TLI7,2025,2852
TLF2,TLJ1,2025,6134
TLF2,TLJ2,2025,2423
TLF2,TLJ3,2025,1643
TLF2,TLJ4,2025,1289
TLF2,TLK1,2025,2457
TLF2,TLK2,2025,1053
TLF2,TLK3,2025,642
TLF2,TLK4,2025,1160
TLF2,TLL1,2025,1132
TLF2,TLL2,2025,736
TLF2,TLN0,2025,247
TLF3,S92000003,2025,535
TLF3,TLC1,2025,439
TLF3,TLC2,2025,611
TLF3,TLD1,2025,137
TLF3,TLD3,2025,803
TLF3,TLD4,2025,406
TLF3,TLD6,2025,246
TLF3,TLD7,2025,343
TLF3,TLE1,2025,2795
TLF3,TLE2,2025,819
TLF3,TLE3,2025,1703
TLF3,TLE4,2025,1489
TLF3,TLF1,2025,4476
TLF3,TLF2,2025,2415
TLF3,TLG1,2025,392
TLF3,TLG2,2025,486
TLF3,TLG3,2025,787
TLF3,TLH1,2025,4286
TLF3,TLH2,2025,699
TLF3,TLH3,2025,502
TLF3,TLI3,2025,279
TLF3,TLI4,2025,561
TLF3,TLI5,2025,333
TLF3,TLI6,2025,161
TLF3,TLI7,2025,436
TLF3,TLJ1,2025,728
TLF3,TLJ2,2025,650
TLF3,TLJ3,2025,454
TLF3,TLJ4,2025,339
TLF3,TLK1,2025,564
TLF3,TLK2,2025,273
TLF3,TLK3,2025,190
TLF3,TLK4,2025,270
TLF3,TLL1,2025,270
TLF3,TLL2,2025,146
TLF3,TLN0,2025,69
TLG1,S92000003,2025,840
TLG1,TLC1,2025,400
TLG1,TLC2,2025,447
TLG1,TLD1,2025,196
TLG1,TLD3,2025,1417
TLG1,TLD4,2025,621
TLG1,TLD6,2025,426
TLG1,TLD7,2025,914
TLG1,TLE1,2025,288
TLG1,TLE2,2025,619
TLG1,TLE3,2025,674
TLG1,TLE4,2025,808
TLG1,TLF1,2025,2283
TLG1,TLF2,2025,4234
TLG1,TLF3,2025,504
TLG1,TLG2,2025,3444
TLG1,TLG3,2025,10716
TLG1,TLH1,2025,1323
TLG1,TLH2,2025,697
TLG1,TLH3,2025,392
TLG1,TLI3,2025,1032
TLG1,TLI4,2025,1325
TLG1,TLI5,2025,481
TLG1,TLI6,2025,388
TLG1,TLI7,2025,970
TLG1,TLJ1,2025,2517
TLG1,TLJ2,2025,1168
TLG1,TLJ3,2025,930
TLG1,TLJ4,2025,462
TLG1,TLK1,2025,5006
TLG1,TLK2,2025,931
TLG1,TLK3,2025,769
TLG1,TLK4,2025,1455
TLG1,TLL1,2025,1491
TLG1,TLL2,2025,1648
TLG1,TLN0,2025,154
TLG2,S92000003,2025,934
TLG2,TLC1,2025,569
TLG2,TLC2,2025,544
TLG2,TLD1,2025,342
TLG2,TLD3,2025,3185
TLG2,TLD4,2025,1354
TLG2,TLD6,2025,3411
TLG2,TLD7,2025,1999
TLG2,TLE1,2025,429
TLG2,TLE2,2025,761
TLG2,TLE3,2025,961
TLG2,TLE4,2025,1267
TLG2,TLF1,2025,5476
TLG2,TLF2,2025,2211
TLG2,TLF3,2025,619
TLG2,TLG1,2025,3559
TLG2,TLG3,2025,8761
TLG2,TLH1,2025,1324
TLG2,TLH2,2025,606
TLG2,TLH3,2025,453
TLG2,TLI3,2025,580
TLG2,TLI4,2025,1008
TLG2,TLI5,2025,486
TLG2,TLI6,2025,328
TLG2,TLI7,2025,739
TLG2,TLJ1,2025,1367
TLG2,TLJ2,2025,909
TLG2,TLJ3,2025,743
TLG2,TLJ4,2025,454
TLG2,TLK1,2025,1866
TLG2,TLK2,2025,667
TLG2,TLK3,2025,538
TLG2,TLK4,2025,944
TLG2,TLL1,2025,1638
TLG2,TLL2,2025,2006
TLG2,TLN0,2025,229
TLG3,S92000003,2025,2084
TLG3,TLC1,2025,1131
TLG3,TLC2,2025,1002
TLG3,TLD1,2025,488
TLG3,TLD3,2025,5393
TLG3,TLD4,2025,2014
TLG3,TLD6,2025,1408
TLG3,TLD7,2025,2557
TLG3,TLE1,2025,919
TLG3,TLE2,2025,946
TLG3,TLE3,2025,2074
TLG3,TLE4,2025,3444
TLG3,TLF1,2025,6817
TLG3,TLF2,2025,7654
TLG3,TLF3,2025,1191
TLG3,TLG1,2025,24975
TLG3,TLG2,2025,19671
TLG3,TLH1,2025,3381
TLG3,TLH2,2025,2799
TLG3,TLH3,2025,1623
TLG3,TLI3,2025,2434
TLG3,TLI4,2025,5623
TLG3,TLI5,2025,3735
TLG3,TLI6,2025,2011
TLG3,TLI7,2025,5194
TLG3,TLJ1,2025,5564
TLG3,TLJ2,2025,3053
TLG3,TLJ3,2025,1780
TLG3,TLJ4,2025,1640
TLG3,TLK1,2025,4734
TLG3,TLK2,2025,1538
TLG3,TLK3,2025,932
TLG3,TLK4,2025,1871
TLG3,TLL1,2025,2288
TLG3,TLL2,2025,1856
TLG3,TLN0,2025,447
TLH1,S92000003,2025,1980
TLH1,TLC1,2025,1177
TLH1,TLC2,2025,1198
TLH1,TLD1,2025,437
TLH1,TLD3,2025,2296
TLH1,TLD4,2025,928
TLH1,TLD6,2025,605
TLH1,TLD7,2025,1089
TLH1,TLE1,2025,866
TLH1,TLE2,2025,1732
TLH1,TLE3,2025,1676
TLH1,TLE4,2025,2230
TLH1,TLF1,2025,3575
TLH1,TLF2,2025,4590
TLH1,TLF3,2025,6077
TLH1,TLG1,2025,1168
TLH1,TLG2,2025,1223
TLH1,TLG3,2025,2515
TLH1,TLH2,2025,4719
TLH1,TLH3,2025,6975
TLH1,TLI3,2025,3076
TLH1,TLI4,2025,5411
TLH1,TLI5,2025,2348
TLH1,TLI6,2025,1413
TLH1,TLI7,2025,2604
TLH1,TLJ1,2025,3983
TLH1,TLJ2,2025,3591
TLH1,TLJ3,2025,1767
TLH1,TLJ4,2025,1994
TLH1,TLK1,2025,2978
TLH1,TLK2,2025,1095
TLH1,TLK3,2025,691
TLH1,TLK4,2025,1385
TLH1,TLL1,2025,920
TLH1,TLL2,2025,755
TLH1,TLN0,2025,361
TLH2,S92000003,2025,1283
TLH2,TLC1,2025,987
TLH2,TLC2,2025,995
TLH2,TLD1,2025,266
TLH2,TLD3,2025,2136
TLH2,TLD4,2025,925
TLH2,TLD6,2025,534
TLH2,TLD7,2025,1139
TLH2,TLE1,2025,491
TLH2,TLE2,2025,1005
TLH2,TLE3,2025,1256
TLH2,TLE4,2025,2061
TLH2,TLF1,2025,3319
TLH2,TLF2,2025,6152
TLH2,TLF3,2025,1459
TLH2,TLG1,2025,1185
TLH2,TLG2,2025,1104
TLH2,TLG3,2025,3487
TLH2,TLH1,2025,9617
TLH2,TLH3,2025,5760
TLH2,TLI3,2025,2452
TLH2,TLI4,2025,5083
TLH2,TLI5,2025,3987
TLH2,TLI6,2025,1357
TLH2,TLI7,2025,7188
TLH2,TLJ1,2025,9925
TLH2,TLJ2,2025,4107
TLH2,TLJ3,2025,2268
TLH2,TLJ4,2025,2020
TLH2,TLK1,2025,2862
TLH2,TLK2,2025,1629
TLH2,TLK3,2025,706
TLH2,TLK4,2025,1467
TLH2,TLL1,2025,964
TLH2,TLL2,2025,755
TLH2,TLN0,2025,303
TLH3,S92000003,2025,1043
TLH3,TLC1,2025,737
TLH3,TLC2,2025,677
TLH3,TLD1,2025,327
TLH3,TLD3,2025,1170
TLH3,TLD4,2025,723
TLH3,TLD6,2025,343
TLH3,TLD7,2025,634
TLH3,TLE1,2025,492
TLH3,TLE2,2025,768
TLH3,TLE3,2025,858
TLH3,TLE4,2025,1056
TLH3,TLF1,2025,1939
TLH3,TLF2,2025,1954
TLH3,TLF3,2025,1050
TLH3,TLG1,2025,592
TLH3,TLG2,2025,736
TLH3,TLG3,2025,1703
TLH3,TLH1,2025,12063
TLH3,TLH2,2025,5007
TLH3,TLI3,2025,1476
TLH3,TLI4,2025,4917
TLH3,TLI5,2025,7333
TLH3,TLI6,2025,1198
TLH3,TLI7,2025,2164
TLH3,TLJ1,2025,2266
TLH3,TLJ2,2025,3141
TLH3,TLJ3,2025,1697
TLH3,TLJ4,2025,3220
TLH3,TLK1,2025,1993
TLH3,TLK2,2025,965
TLH3,TLK3,2025,662
TLH3,TLK4,2025,1144
TLH3,TLL1,2025,698
TLH3,TLL2,2025,482
TLH3,TLN0,2025,203
TLI3,S92000003,2025,1500
TLI3,TLC1,2025,641
TLI3,TLC2,2025,704
TLI3,TLD1,2025,184
TLI3,TLD3,2025,1825
TLI3,TLD4,2025,361
TLI3,TLD6,2025,387
TLI3,TLD7,2025,682
TLI3,TLE1,2025,195
TLI3,TLE2,2025,732
TLI3,TLE3,2025,543
TLI3,TLE4,2025,1051
TLI3,TLF1,2025,1043
TLI3,TLF2,2025,1245
TLI3,TLF3,2025,290
TLI3,TLG1,2025,722
TLI3,TLG2,2025,560
TLI3,TLG3,2025,1636
TLI3,TLH1,2025,2784
TLI3,TLH2,2025,3587
TLI3,TLH3,2025,1710
TLI3,TLI4,2025,31098
TLI3,TLI5,2025,5966
TLI3,TLI6,2025,11295
TLI3,TLI7,2025,23541
TLI3,TLJ1,2025,6238
TLI3,TLJ2,2025,8169
TLI3,TLJ3,2025,2185
TLI3,TLJ4,2025,2471
TLI3,TLK1,2025,3556
TLI3,TLK2,2025,1314
TLI3,TLK3,2025,398
TLI3,TLK4,2025,1052
TLI3,TLL1,2025,435
TLI3,TLL2,2025,529
TLI3,TLN0,2025,279
TLI4,S92000003,2025,2825
TLI4,TLC1,2025,1119
TLI4,TLC2,2025,1442
TLI4,TLD1,2025,316
TLI4,TLD3,2025,4244
TLI4,TLD4,2025,1130
TLI4,TLD6,2025,698
TLI4,TLD7,2025,1628
TLI4,TLE1,2025,615
TLI4,TLE2,2025,1100
TLI4,TLE3,2025,1540
TLI4,TLE4,2025,2633
TLI4,TLF1,2025,2582
TLI4,TLF2,2025,3483
TLI4,TLF3,2025,668
TLI4,TLG1,2025,1265
TLI4,TLG2,2025,1169
TLI4,TLG3,2025,4964
TLI4,TLH1,2025,5954
TLI4,TLH2,2025,8446
TLI4,TLH3,2025,10742
TLI4,TLI3,2025,28112
TLI4,TLI5,2025,55489
TLI4,TLI6,2025,23515
TLI4,TLI7,2025,22539
TLI4,TLJ1,2025,7974
TLI4,TLJ2,2025,11279
TLI4,TLJ3,2025,3319
TLI4,TLJ4,2025,10106
TLI4,TLK1,2025,5665
TLI4,TLK2,2025,2041
TLI4,TLK3,2025,770
TLI4,TLK4,2025,1758
TLI4,TLL1,2025,939
TLI4,TLL2,2025,1166
TLI4,TLN0,2025,552
TLI5,S92000003,2025,1293
TLI5,TLC1,2025,891
TLI5,TLC2,2025,746
TLI5,TLD1,2025,177
TLI5,TLD3,2025,2523
TLI5,TLD4,2025,926
TLI5,TLD6,2025,398
TLI5,TLD7,2025,958
TLI5,TLE1,2025,430
TLI5,TLE2,2025,544
TLI5,TLE3,2025,1098
TLI5,TLE4,2025,1715
TLI5,TLF1,2025,2345
TLI5,TLF2,2025,3119
TLI5,TLF3,2025,725
TLI5,TLG1,2025,794
TLI5,TLG2,2025,1018
TLI5,TLG3,2025,4429
TLI5,TLH1,2025,4979
TLI5,TLH2,2025,9067
TLI5,TLH3,2025,24405
TLI5,TLI3,2025,4234
TLI5,TLI4,2025,31154
TLI5,TLI6,2025,6928
TLI5,TLI7,2025,10544
TLI5,TLJ1,2025,4226
TLI5,TLJ2,2025,5220
TLI5,TLJ3,2025,1999
TLI5,TLJ4,2025,14271
TLI5,TLK1,2025,2267
TLI5,TLK2,2025,1167
TLI5,TLK3,2025,368
TLI5,TLK4,2025,945
TLI5,TLL1,2025,617
TLI5,TLL2,2025,605
TLI5,TLN0,2025,320
TLI6,S92000003,2025,1016
TLI6,TLC1,2025,660
TLI6,TLC2,2025,558
TLI6,TLD1,2025,123
TLI6,TLD3,2025,1509
TLI6,TLD4,2025,416
TLI6,TLD6,2025,312
TLI6,TLD7,2025,790
TLI6,TLE1,2025,202
TLI6,TLE2,2025,566
TLI6,TLE3,2025,598
TLI6,TLE4,2025,1040
TLI6,TLF1,2025,1552
TLI6,TLF2,2025,1740
TLI6,TLF3,2025,364
TLI6,TLG1,2025,673
TLI6,TLG2,2025,634
TLI6,TLG3,2025,2239
TLI6,TLH1,2025,2171
TLI6,TLH2,2025,1917
TLI6,TLH3,2025,1888
TLI6,TLI3,2025,7314
TLI6,TLI4,2025,13614
TLI6,TLI5,2025,5419
TLI6,TLI7,2025,5809
TLI6,TLJ1,2025,3298
TLI6,TLJ2,2025,20401
TLI6,TLJ3,2025,3034
TLI6,TLJ4,2025,7776
TLI6,TLK1,2025,2505
TLI6,TLK2,2025,1379
TLI6,TLK3,2025,414
TLI6,TLK4,2025,1138
TLI6,TLL1,2025,554
TLI6,TLL2,2025,534
TLI6,TLN0,2025,198
TLI7,S92000003,2025,1941
TLI7,TLC1,2025,1098
TLI7,TLC2,2025,1176
TLI7,TLD1,2025,208
TLI7,TLD3,2025,3196
TLI7,TLD4,2025,967
TLI7,TLD6,2025,548
TLI7,TLD7,2025,1315
TLI7,TLE1,2025,413
TLI7,TLE2,2025,796
TLI7,TLE3,2025,1176
TLI7,TLE4,2025,2302
TLI7,TLF1,2025,2849
TLI7,TLF2,2025,4370
TLI7,TLF3,2025,723
TLI7,TLG1,2025,1383
TLI7,TLG2,2025,1087
TLI7,TLG3,2025,6191
TLI7,TLH1,2025,3897
TLI7,TLH2,2025,17804
TLI7,TLH3,2025,3164
TLI7,TLI3,2025,16431
TLI7,TLI4,2025,17566
TLI7,TLI5,2025,11063
TLI7,TLI6,2025,7730
TLI7,TLJ1,2025,20372
TLI7,TLJ2,2025,14502
TLI7,TLJ3,2025,4352
TLI7,TLJ4,2025,3356
TLI7,TLK1,2025,4941
TLI7,TLK2,2025,2149
TLI7,TLK3,2025,517
TLI7,TLK4,2025,1498
TLI7,TLL1,2025,847
TLI7,TLL2,2025,1029
TLI7,TLN0,2025,347
TLJ1,S92000003,2025,2439
TLJ1,TLC1,2025,1268
TLJ1,TLC2,2025,1322
TLJ1,TLD1,2025,443
TLJ1,TLD3,2025,2979
TLJ1,TLD4,2025,1242
TLJ1,TLD6,2025,930
TLJ1,TLD7,2025,1469
TLJ1,TLE1,2025,579
TLJ1,TLE2,2025,1407
TLJ1,TLE3,2025,1438
TLJ1,TLE4,2025,2143
TLJ1,TLF1,2025,3589
TLJ1,TLF2,2025,8340
TLJ1,TLF3,2025,1209
TLJ1,TLG1,2025,3503
TLJ1,TLG2,2025,1784
TLJ1,TLG3,2025,5332
TLJ1,TLH1,2025,4871
TLJ1,TLH2,2025,7330
TLJ1,TLH3,2025,2078
TLJ1,TLI3,2025,5678
TLJ1,TLI4,2025,6877
TLJ1,TLI5,2025,2701
TLJ1,TLI6,2025,2182
TLJ1,TLI7,2025,8530
TLJ1,TLJ2,2025,9322
TLJ1,TLJ3,2025,9096
TLJ1,TLJ4,2025,2361
TLJ1,TLK1,2025,10972
TLJ1,TLK2,2025,3940
TLJ1,TLK3,2025,1337
TLJ1,TLK4,2025,3434
TLJ1,TLL1,2025,2076
TLJ1,TLL2,2025,1921
TLJ1,TLN0,2025,414
TLJ2,S92000003,2025,2260
TLJ2,TLC1,2025,1313
TLJ2,TLC2,2025,1206
TLJ2,TLD1,2025,476
TLJ2,TLD3,2025,2571
TLJ2,TLD4,2025,1051
TLJ2,TLD6,2025,676
TLJ2,TLD7,2025,1250
TLJ2,TLE1,2025,495
TLJ2,TLE2,2025,1322
TLJ2,TLE3,2025,1282
TLJ2,TLE4,2025,2027
TLJ2,TLF1,2025,2839
TLJ2,TLF2,2025,2696
TLJ2,TLF3,2025,900
TLJ2,TLG1,2025,1555
TLJ2,TLG2,2025,1175
TLJ2,TLG3,2025,2927
TLJ2,TLH1,2025,4405
TLJ2,TLH2,2025,2977
TLJ2,TLH3,2025,2677
TLJ2,TLI3,2025,5737
TLJ2,TLI4,2025,7980
TLJ2,TLI5,2025,3061
TLJ2,TLI6,2025,8838
TLJ2,TLI7,2025,7457
TLJ2,TLJ1,2025,9917
TLJ2,TLJ3,2025,15755
TLJ2,TLJ4,2025,7565
TLJ2,TLK1,2025,7436
TLJ2,TLK2,2025,4321
TLJ2,TLK3,2025,1544
TLJ2,TLK4,2025,3536
TLJ2,TLL1,2025,1653
TLJ2,TLL2,2025,1749
TLJ2,TLN0,2025,412
TLJ3,S92000003,2025,1450
TLJ3,TLC1,2025,726
TLJ3,TLC2,2025,681
TLJ3,TLD1,2025,296
TLJ3,TLD3,2025,1356
TLJ3,TLD4,2025,560
TLJ3,TLD6,2025,430
TLJ3,TLD7,2025,727
TLJ3,TLE1,2025,389
TLJ3,TLE2,2025,641
TLJ3,TLE3,2025,668
TLJ3,TLE4,2025,862
TLJ3,TLF1,2025,1353
TLJ3,TLF2,2025,1548
TLJ3,TLF3,2025,611
TLJ3,TLG1,2025,1113
TLJ3,TLG2,2025,875
TLJ3,TLG3,2025,1742
TLJ3,TLH1,2025,2090
TLJ3,TLH2,2025,1728
TLJ3,TLH3,2025,1440
TLJ3,TLI3,2025,1960
TLJ3,TLI4,2025,3077
TLJ3,TLI5,2025,1501
TLJ3,TLI6,2025,1957
TLJ3,TLI7,2025,2485
TLJ3,TLJ1,2025,7739
TLJ3,TLJ2,2025,13214
TLJ3,TLJ4,2025,1983
TLJ3,TLK1,2025,7561
TLJ3,TLK2,2025,6747
TLJ3,TLK3,2025,1199
TLJ3,TLK4,2025,2751
TLJ3,TLL1,2025,1280
TLJ3,TLL2,2025,1414
TLJ3,TLN0,2025,264
TLJ4,S92000003,2025,1191
TLJ4,TLC1,2025,973
TLJ4,TLC2,2025,690
TLJ4,TLD1,2025,230
TLJ4,TLD3,2025,1280
TLJ4,TLD4,2025,729
TLJ4,TLD6,2025,351
TLJ4,TLD7,2025,619
TLJ4,TLE1,2025,483
TLJ4,TLE2,2025,716
TLJ4,TLE3,2025,692
TLJ4,TLE4,2025,1054
TLJ4,TLF1,2025,1750
TLJ4,TLF2,2025,1663
TLJ4,TLF3,2025,832
TLJ4,TLG1,2025,742
TLJ4,TLG2,2025,750
TLJ4,TLG3,2025,1716
TLJ4,TLH1,2025,3343
TLJ4,TLH2,2025,1579
TLJ4,TLH3,2025,3201
TLJ4,TLI3,2025,2015
TLJ4,TLI4,2025,5040
TLJ4,TLI5,2025,5797
TLJ4,TLI6,2025,3437
TLJ4,TLI7,2025,2190
TLJ4,TLJ1,2025,2545
TLJ4,TLJ2,2025,8658
TLJ4,TLJ3,2025,2356
TLJ4,TLK1,2025,2469
TLJ4,TLK2,2025,1374
TLJ4,TLK3,2025,650
TLJ4,TLK4,2025,1430
TLJ4,TLL1,2025,830
TLJ4,TLL2,2025,662
TLJ4,TLN0,2025,196
TLK1,S92000003,2025,2166
TLK1,TLC1,2025,966
TLK1,TLC2,2025,972
TLK1,TLD1,2025,457
TLK1,TLD3,2025,2793
TLK1,TLD4,2025,1142
TLK1,TLD6,2025,830
TLK1,TLD7,2025,1351
TLK1,TLE1,2025,472
TLK1,TLE2,2025,1204
TLK1,TLE3,2025,1177
TLK1,TLE4,2025,1729
TLK1,TLF1,2025,2115
TLK1,TLF2,2025,2202
TLK1,TLF3,2025,711
TLK1,TLG1,2025,5691
TLK1,TLG2,2025,1876
TLK1,TLG3,2025,3658
TLK1,TLH1,2025,2872
TLK1,TLH2,2025,1850
TLK1,TLH3,2025,1424
TLK1,TLI3,2025,3856
TLK1,TLI4,2025,5436
TLK1,TLI5,2025,1631
TLK1,TLI6,2025,1705
TLK1,TLI7,2025,3564
TLK1,TLJ1,2025,8506
TLK1,TLJ2,2025,5748
TLK1,TLJ3,2025,5966
TLK1,TLJ4,2025,1782
TLK1,TLK2,2025,10304
TLK1,TLK3,2025,2953
TLK1,TLK4,2025,7005
TLK1,TLL1,2025,4866
TLK1,TLL2,2025,6841
TLK1,TLN0,2025,480
TLK2,S92000003,2025,893
TLK2,TLC1,2025,388
TLK2,TLC2,2025,422
TLK2,TLD1,2025,163
TLK2,TLD3,2025,844
TLK2,TLD4,2025,425
TLK2,TLD6,2025,254
TLK2,TLD7,2025,457
TLK2,TLE1,2025,208
TLK2,TLE2,2025,438
TLK2,TLE3,2025,330
TLK2,TLE4,2025,470
TLK2,TLF1,2025,745
TLK2,TLF2,2025,819
TLK2,TLF3,2025,322
TLK2,TLG1,2025,831
TLK2,TLG2,2025,622
TLK2,TLG3,2025,1096
TLK2,TLH1,2025,1180
TLK2,TLH2,2025,1025
TLK2,TLH3,2025,763
TLK2,TLI3,2025,1257
TLK2,TLI4,2025,1857
TLK2,TLI5,2025,672
TLK2,TLI6,2025,732
TLK2,TLI7,2025,1353
TLK2,TLJ1,2025,3033
TLK2,TLJ2,2025,3538
TLK2,TLJ3,2025,6277
TLK2,TLJ4,2025,1019
TLK2,TLK1,2025,9216
TLK2,TLK3,2025,1232
TLK2,TLK4,2025,4777
TLK2,TLL1,2025,1058
TLK2,TLL2,2025,1281
TLK2,TLN0,2025,180
TLK3,S92000003,2025,387
TLK3,TLC1,2025,152
TLK3,TLC2,2025,138
TLK3,TLD1,2025,129
TLK3,TLD3,2025,354
TLK3,TLD4,2025,217
TLK3,TLD6,2025,197
TLK3,TLD7,2025,277
TLK3,TLE1,2025,147
TLK3,TLE2,2025,210
TLK3,TLE3,2025,178
TLK3,TLE4,2025,227
TLK3,TLF1,2025,391
TLK3,TLF2,2025,391
TLK3,TLF3,2025,180
TLK3,TLG1,2025,521
TLK3,TLG2,2025,354
TLK3,TLG3,2025,382
TLK3,TLH1,2025,623
TLK3,TLH2,2025,306
TLK3,TLH3,2025,379
TLK3,TLI3,2025,400
TLK3,TLI4,2025,632
TLK3,TLI5,2025,235
TLK3,TLI6,2025,286
TLK3,TLI7,2025,380
TLK3,TLJ1,2025,805
TLK3,TLJ2,2025,1019
TLK3,TLJ3,2025,762
TLK3,TLJ4,2025,340
TLK3,TLK1,2025,2360
TLK3,TLK2,2025,1064
TLK3,TLK4,2025,4838
TLK3,TLL1,2025,489
TLK3,TLL2,2025,594
TLK3,TLN0,2025,89
TLK4,S92000003,2025,912
TLK4,TLC1,2025,401
TLK4,TLC2,2025,339
TLK4,TLD1,2025,204
TLK4,TLD3,2025,1039
TLK4,TLD4,2025,407
TLK4,TLD6,2025,306
TLK4,TLD7,2025,486
TLK4,TLE1,2025,206
TLK4,TLE2,2025,355
TLK4,TLE3,2025,427
TLK4,TLE4,2025,584
TLK4,TLF1,2025,750
TLK4,TLF2,2025,907
TLK4,TLF3,2025,252
TLK4,TLG1,2025,1108
TLK4,TLG2,2025,656
TLK4,TLG3,2025,1354
TLK4,TLH1,2025,1178
TLK4,TLH2,2025,900
TLK4,TLH3,2025,831
TLK4,TLI3,2025,1610
TLK4,TLI4,2025,1862
TLK4,TLI5,2025,670
TLK4,TLI6,2025,782
TLK4,TLI7,2025,1251
TLK4,TLJ1,2025,2527
TLK4,TLJ2,2025,2740
TLK4,TLJ3,2025,2025
TLK4,TLJ4,2025,893
TLK4,TLK1,2025,6656
TLK4,TLK2,2025,4496
TLK4,TLK3,2025,4966
TLK4,TLL1,2025,1197
TLK4,TLL2,2025,1485
TLK4,TLN0,2025,207
TLL1,S92000003,2025,1095
TLL1,TLC1,2025,349
TLL1,TLC2,2025,337
TLL1,TLD1,2025,232
TLL1,TLD3,2025,2175
TLL1,TLD4,2025,800
TLL1,TLD6,2025,1330
TLL1,TLD7,2025,1854
TLL1,TLE1,2025,226
TLL1,TLE2,2025,408
TLL1,TLE3,2025,521
TLL1,TLE4,2025,743
TLL1,TLF1,2025,885
TLL1,TLF2,2025,948
TLL1,TLF3,2025,357
TLL1,TLG1,2025,1303
TLL1,TLG2,2025,1389
TLL1,TLG3,2025,1632
TLL1,TLH1,2025,949
TLL1,TLH2,2025,630
TLL1,TLH3,2025,499
TLL1,TLI3,2025,628
TLL1,TLI4,2025,1019
TLL1,TLI5,2025,469
TLL1,TLI6,2025,390
TLL1,TLI7,2025,831
TLL1,TLJ1,2025,1584
TLL1,TLJ2,2025,1219
TLL1,TLJ3,2025,1053
TLL1,TLJ4,2025,544
TLL1,TLK1,2025,4747
TLL1,TLK2,2025,1090
TLL1,TLK3,2025,556
TLL1,TLK4,2025,1401
TLL1,TLL2,2025,11929
TLL1,TLN0,2025,213
TLL2,S92000003,2025,748
TLL2,TLC1,2025,261
TLL2,TLC2,2025,270
TLL2,TLD1,2025,123
TLL2,TLD3,2025,1531
TLL2,TLD4,2025,565
TLL2,TLD6,2025,2065
TLL2,TLD7,2025,1569
TLL2,TLE1,2025,167
TLL2,TLE2,2025,305
TLL2,TLE3,2025,420
TLL2,TLE4,2025,596
TLL2,TLF1,2025,755
TLL2,TLF2,2025,659
TLL2,TLF3,2025,202
TLL2,TLG1,2025,1725
TLL2,TLG2,2025,2015
TLL2,TLG3,2025,1438
TLL2,TLH1,2025,736
TLL2,TLH2,2025,530
TLL2,TLH3,2025,376
TLL2,TLI3,2025,885
TLL2,TLI4,2025,1314
TLL2,TLI5,2025,479
TLL2,TLI6,2025,474
TLL2,TLI7,2025,1082
TLL2,TLJ1,2025,1806
TLL2,TLJ2,2025,1318
TLL2,TLJ3,2025,1200
TLL2,TLJ4,2025,431
TLL2,TLK1,2025,6008
TLL2,TLK2,2025,1142
TLL2,TLK3,2025,643
TLL2,TLK4,2025,1432
TLL2,TLL1,2025,13073
TLL2,TLN0,2025,188
TLN0,S92000003,2025,1880
TLN0,TLC1,2025,220
TLN0,TLC2,2025,633
TLN0,TLD1,2025,108
TLN0,TLD3,2025,1089
TLN0,TLD4,2025,385
TLN0,TLD6,2025,220
TLN0,TLD7,2025,1804
TLN0,TLE1,2025,59
TLN0,TLE2,2025,169
TLN0,TLE3,2025,145
TLN0,TLE4,2025,326
TLN0,TLF1,2025,335
TLN0,TLF2,2025,192
TLN0,TLF3,2025,50
TLN0,TLG1,2025,175
TLN0,TLG2,2025,281
TLN0,TLG3,2025,372
TLN0,TLH1,2025,311
TLN0,TLH2,2025,170
TLN0,TLH3,2025,118
TLN0,TLI3,2025,452
TLN0,TLI4,2025,844
TLN0,TLI5,2025,245
TLN0,TLI6,2025,189
TLN0,TLI7,2025,373
TLN0,TLJ1,2025,486
TLN0,TLJ2,2025,348
TLN0,TLJ3,2025,278
TLN0,TLJ4,2025,187
TLN0,TLK1,2025,515
TLN0,TLK2,2025,151
TLN0,TLK3,2025,79
TLN0,TLK4,2025,211
TLN0,TLL1,2025,238
TLN0,TLL2,2025,246
