itl2_code,itl2_name,year,filled_jobs,hours_worked_weekly,gva_per_hour_gbp,gva_per_hour_gbp_smoothed,gva_per_hour_real_index,gva_per_job_gbp,gva_per_job_gbp_smoothed,gva_per_job_real_index,gva_per_hour_real_2022gbp,gva_per_job_real_2022gbp,source
TLC1,Tees Valley and Durham,2002,448111.3125,,,,,31394.011721618484,32615.80728494357,84.22557667693788,,46396.40506064788,rebuilt from ITL3 (2025)
TLC2,"Northumberland, and Tyne and Wear",2002,616110.65625,,,,,31596.491981934454,32694.90943381924,83.3075533134449,,45183.66117448653,rebuilt from ITL3 (2025)
TLD1,Cumbria,2002,220677.6484375,,,,,32405.0,32017.0,89.21,,48679.22069999999,ONS published ITL2
TLD3,Greater Manchester,2002,1215437.5859375,,,,,32727.0,33491.0,76.58,,47118.908200000005,ONS published ITL2
TLD4,Lancashire,2002,649827.888671875,,,,,31425.0,33246.0,83.13,,47754.8598,ONS published ITL2
TLD6,Cheshire,2002,452293.8046875,,,,,39888.0,40871.0,86.17,,60881.6901,ONS published ITL2
TLD7,Merseyside,2002,623568.41015625,,,,,31838.0,33668.0,88.26,,49424.7174,ONS published ITL2
TLE1,East Yorkshire and Northern Lincolnshire,2002,382906.078125,,,,,32904.0,33947.0,89.41,,52435.38859999999,ONS published ITL2
TLE2,North Yorkshire,2002,391531.96875,,,,,33783.0,35125.0,93.53,,54766.491500000004,ONS published ITL2
TLE3,South Yorkshire,2002,537295.7578125,,,,,29998.0,30864.0,90.23,,46824.8585,ONS published ITL2
TLE4,West Yorkshire,2002,1003366.0546875,,,,,32197.0,33376.0,82.82,,47657.94079999999,ONS published ITL2
TLF1,Derbyshire and Nottinghamshire,2002,892645.552734375,,,,,31987.0,33007.0,92.37,,50476.510200000004,ONS published ITL2
TLF2,"Leicestershire, Rutland and Northamptonshire",2002,766860.404296875,,,,,32259.0,33255.0,90.51,,50462.9454,ONS published ITL2
TLF3,Lincolnshire,2002,285930.560546875,,,,,32494.0,33119.0,97.78,,50988.3588,ONS published ITL2
TLG1,"Herefordshire, Worcestershire and Warwickshire",2002,570629.744140625,,,,,34353.0,34987.0,86.14,,51224.8738,ONS published ITL2
TLG2,Shropshire and Staffordshire,2002,679245.822265625,,,,,30665.0,31945.0,90.1,,47265.558999999994,ONS published ITL2
TLG3,West Midlands,2002,1255807.640625,,,,,32039.0,33142.0,89.87,,50311.922099999996,ONS published ITL2
TLH1,East Anglia,2002,1079464.201171875,,,,,33754.764281115225,34853.10648183604,85.8542538499709,,50483.30913723866,rebuilt from ITL3 (2025)
TLH2,Bedfordshire and Hertfordshire,2002,799911.38671875,,,,,39718.0,40677.0,86.47,,55286.323899999996,ONS published ITL2
TLH3,Essex,2002,719640.56640625,,,,,34235.0,36174.0,84.85,,52905.67199999999,ONS published ITL2
TLI3,Inner London - West,2002,1588574.09375,,,,,54623.0,58108.0,76.9,,87010.812,ONS published ITL2
TLI4,Inner London - East,2002,951118.2265625,,,,,51925.0,53520.0,94.24,,79207.7776,ONS published ITL2
TLI5,Outer London - East and North East,2002,543750.2109375,,,,,41230.0,42792.0,97.53,,62171.4738,ONS published ITL2
TLI6,Outer London - South,2002,489432.5703125,,,,,42267.0,43699.0,98.87,,63431.037200000006,ONS published ITL2
TLI7,Outer London - West and North West,2002,847446.6484375,,,,,47362.0,48860.0,89.24,,64028.8076,ONS published ITL2
TLJ1,"Berkshire, Buckinghamshire and Oxfordshire",2002,1217048.2578125,,,,,44487.0,45968.0,74.01,,57169.0245,ONS published ITL2
TLJ2,"Surrey, East and West Sussex",2002,1291742.814453125,,,,,38861.0,39985.0,85.53,,58184.348399999995,ONS published ITL2
TLJ3,Hampshire and Isle of Wight,2002,918388.900390625,,,,,36218.0,37802.0,76.3,,53061.308999999994,ONS published ITL2
TLJ4,Kent,2002,722696.34765625,,,,,33627.0,35232.0,88.89,,53020.2183,ONS published ITL2
TLK1,"Gloucestershire, Wiltshire and Bath/Bristol area",2002,1164795.73828125,,,,,36254.42795782706,37279.432527794095,86.39598750941782,,56044.15856478706,rebuilt from ITL3 (2025)
TLK2,Dorset and Somerset,2002,544173.8125,,,,,32791.202406750555,33556.49607653506,99.24954566901289,,53902.13402225172,rebuilt from ITL3 (2025)
TLK3,Cornwall and Isles of Scilly,2002,225250.00451660156,,,,,27156.0,28587.0,87.99,,44006.4387,ONS published ITL2
TLK4,Devon,2002,508818.51171875,,,,,29280.0,30576.0,89.01,,45409.3416,ONS published ITL2
TLL1,West Wales and The Valleys,2002,719032.7629331728,,,,,29018.26206573937,30149.99859699222,90.34262892892619,,45237.852709435785,rebuilt from ITL3 (2025)
TLL2,East Wales,2002,526454.6433168272,,,,,32260.850034304123,33441.41580325676,84.14151894645228,,48688.31658299325,rebuilt from ITL3 (2025)
TLM5,North Eastern Scotland,2002,260840.703125,,,,,36313.0,36716.0,81.32,,50907.1332,ONS published ITL2
TLM6,Highlands and Islands,2002,228937.88598632812,,,,,28794.0,29999.0,80.75,,44774.26,rebuilt from ITL3 (2025)
TLM7,Eastern Scotland,2002,908409.9404296875,,,,,33703.96892596326,35430.24007188905,77.08933377246515,,52849.11504668046,rebuilt from ITL3 (2025)
TLM8,West Central Scotland,2002,721917.09765625,,,,,31630.994622591734,33226.500759958384,77.58742341768385,,46737.237949090064,rebuilt from ITL3 (2025)
TLM9,Southern Scotland,2002,361601.578125,,,,,32887.0,33739.0,92.12,,52836.347200000004,ONS published ITL2
TLN0,Northern Ireland,2002,763362.6875,,,,,31491.0,32904.0,87.8,,51621.132000000005,ONS published ITL2
TLC1,Tees Valley and Durham,2003,461684.27734375,,,,,32658.5290008243,33375.281114567144,85.7120768132152,,47215.25682951105,rebuilt from ITL3 (2025)
TLC2,"Northumberland, and Tyne and Wear",2003,622714.35546875,,,,,32732.56085675192,33339.676511592785,84.6490143648817,,45911.231715405396,rebuilt from ITL3 (2025)
TLD1,Cumbria,2003,242771.84375,,,,,31552.0,32502.0,84.96,,46360.123199999995,ONS published ITL2
TLD3,Greater Manchester,2003,1233484.6875,,,,,33677.0,34096.0,77.09,,47432.7061,ONS published ITL2
TLD4,Lancashire,2003,646367.34765625,,,,,34174.0,34028.0,88.56,,50874.177599999995,ONS published ITL2
TLD6,Cheshire,2003,449864.8046875,,,,,40710.0,41621.0,86.22,,60917.0166,ONS published ITL2
TLD7,Merseyside,2003,623525.2890625,,,,,34409.0,34430.0,92.72,,51922.272800000006,ONS published ITL2
TLE1,East Yorkshire and Northern Lincolnshire,2003,394004.4453125,,,,,34459.0,34542.0,90.71,,53197.78659999999,ONS published ITL2
TLE2,North Yorkshire,2003,398491.7734375,,,,,35150.0,35818.0,95.02,,55638.960999999996,ONS published ITL2
TLE3,South Yorkshire,2003,548670.0859375,,,,,31330.0,31264.0,91.56,,47515.062000000005,ONS published ITL2
TLE4,West Yorkshire,2003,1015185.6015625,,,,,34016.0,34017.0,85.66,,49292.1904,ONS published ITL2
TLF1,Derbyshire and Nottinghamshire,2003,894074.712890625,,,,,33169.0,33572.0,93.85,,51285.27099999999,ONS published ITL2
TLF2,"Leicestershire, Rutland and Northamptonshire",2003,781752.7578125,,,,,33591.0,33729.0,92.52,,51583.6008,ONS published ITL2
TLF3,Lincolnshire,2003,293194.859375,,,,,33473.0,33281.0,98.18,,51196.942800000004,ONS published ITL2
TLG1,"Herefordshire, Worcestershire and Warwickshire",2003,590178.90234375,,,,,35142.0,35376.0,86.0,,51141.62,ONS published ITL2
TLG2,Shropshire and Staffordshire,2003,679244.35546875,,,,,32281.0,32624.0,92.2,,48367.198,ONS published ITL2
TLG3,West Midlands,2003,1259565.453125,,,,,33375.0,33795.0,91.38,,51157.265400000004,ONS published ITL2
TLH1,East Anglia,2003,1083164.357421875,,,,,35297.47197006335,35500.00591361771,87.53514399551456,,51471.692275382346,rebuilt from ITL3 (2025)
TLH2,Bedfordshire and Hertfordshire,2003,815504.29296875,,,,,41170.0,41308.0,87.84,,56162.260800000004,ONS published ITL2
TLH3,Essex,2003,724043.87109375,,,,,37249.0,36960.0,89.9,,56054.448000000004,ONS published ITL2
TLI3,Inner London - West,2003,1569554.7265625,,,,,58833.0,60226.0,81.12,,91785.65759999999,ONS published ITL2
TLI4,Inner London - East,2003,965397.1796875,,,,,54178.0,54528.0,96.9,,81443.481,ONS published ITL2
TLI5,Outer London - East and North East,2003,550016.7265625,,,,,43166.0,43697.0,100.22,,63886.241200000004,ONS published ITL2
TLI6,Outer London - South,2003,492605.7109375,,,,,44407.0,44622.0,102.02,,65451.9512,ONS published ITL2
TLI7,Outer London - West and North West,2003,853178.90625,,,,,49174.0,49740.0,91.99,,66001.9051,ONS published ITL2
TLJ1,"Berkshire, Buckinghamshire and Oxfordshire",2003,1226331.0546875,,,,,47034.0,46775.0,76.96,,59447.75199999999,ONS published ITL2
TLJ2,"Surrey, East and West Sussex",2003,1298258.51953125,,,,,40070.0,40686.0,85.84,,58395.2352,ONS published ITL2
TLJ3,Hampshire and Isle of Wight,2003,898101.162109375,,,,,38457.0,38526.0,78.81,,54806.8383,ONS published ITL2
TLJ4,Kent,2003,719227.736328125,,,,,35697.0,36050.0,91.45,,54547.181500000006,ONS published ITL2
TLK1,"Gloucestershire, Wiltshire and Bath/Bristol area",2003,1178557.09765625,,,,,37633.25658404656,37977.68322922491,87.30473483369468,,56633.653292554896,rebuilt from ITL3 (2025)
TLK2,Dorset and Somerset,2003,553044.421875,,,,,33775.05613266882,33989.32147104029,98.90553456855471,,53715.302613432206,rebuilt from ITL3 (2025)
TLK3,Cornwall and Isles of Scilly,2003,227556.47009277344,,,,,29197.0,29290.0,91.06,,45541.8378,ONS published ITL2
TLK4,Devon,2003,507965.703125,,,,,31020.0,31233.0,91.25,,46552.1,ONS published ITL2
TLL1,West Wales and The Valleys,2003,730639.3797551602,,,,,30318.216964807536,30631.86911143744,91.52199692016946,,45828.40532131582,rebuilt from ITL3 (2025)
TLL2,East Wales,2003,537352.7647760898,,,,,33870.310552925555,33951.12675116563,86.20600482081029,,49882.92708076462,rebuilt from ITL3 (2025)
TLM5,North Eastern Scotland,2003,262560.3515625,,,,,36494.0,37322.0,80.1,,50143.401,ONS published ITL2
TLM6,Highlands and Islands,2003,241494.05981445312,,,,,29889.0,30885.0,81.24,,45045.9552,rebuilt from ITL3 (2025)
TLM7,Eastern Scotland,2003,915228.8994140625,,,,,35915.79665189909,36352.02058197119,79.62377964215679,,54586.6215834766,rebuilt from ITL3 (2025)
TLM8,West Central Scotland,2003,716602.267578125,,,,,33573.95581363574,34071.37072704325,80.4083168919836,,48436.49233504424,rebuilt from ITL3 (2025)
TLM9,Southern Scotland,2003,367601.3671875,,,,,34007.0,34242.0,92.93,,53300.9308,ONS published ITL2
TLN0,Northern Ireland,2003,772675.453125,,,,,33599.0,33511.0,90.61,,53273.2434,ONS published ITL2
TLC1,Tees Valley and Durham,2004,460768.56640625,14122957.1875,21.984216070882052,22.95506605085784,88.33169267567702,35039.437540528095,34545.588133152494,89.77639596708383,31.028184321455306,49454.12304092247,rebuilt from ITL3 (2025)
TLC2,"Northumberland, and Tyne and Wear",2004,636661.26171875,19269284.0,22.224653355939818,22.5831240618489,85.66874179603433,34978.04173034445,34512.24512437114,88.27913594871472,30.42248017116735,47880.10701113001,rebuilt from ITL3 (2025)
TLD1,Cumbria,2004,246004.8671875,7335595.25,20.74,22.86,85.44,32158.0,33556.0,84.99,29.912543999999997,46376.4933,ONS published ITL2
TLD3,Greater Manchester,2004,1261668.5546875,38227374.5,22.05,22.85,78.34,34747.0,35368.0,77.64,30.317580000000003,47771.1156,ONS published ITL2
TLD4,Lancashire,2004,665657.927734375,20058040.8125,22.48,22.86,89.91,35222.0,35196.0,89.76,32.90706,51563.5296,ONS published ITL2
TLD6,Cheshire,2004,450549.4375,13949870.0,26.92,28.21,89.94,43334.0,43110.0,90.55,39.735492,63976.29149999999,ONS published ITL2
TLD7,Merseyside,2004,625632.31640625,18743694.125,23.14,23.68,95.13,36056.0,35843.0,94.6,33.999462,52975.054,ONS published ITL2
TLE1,East Yorkshire and Northern Lincolnshire,2004,407354.109375,12431753.5,22.13,23.14,86.92,35122.0,35668.0,89.96,33.246900000000004,52757.94159999999,ONS published ITL2
TLE2,North Yorkshire,2004,385506.4375,11112496.0,25.33,25.02,101.89,37968.0,36909.0,99.8,38.98311399999999,58437.89,ONS published ITL2
TLE3,South Yorkshire,2004,573688.625,17369526.25,20.17,20.7,90.76,31751.0,32011.0,90.18,29.723900000000004,46798.91100000001,ONS published ITL2
TLE4,West Yorkshire,2004,1059374.1640625,32372648.25,21.76,22.68,84.73,34575.0,35197.0,85.03,30.790882000000007,48929.6632,ONS published ITL2
TLF1,Derbyshire and Nottinghamshire,2004,904109.03515625,27594828.875,21.97,22.47,99.38,34866.0,34557.0,96.74,33.312176,52864.5404,ONS published ITL2
TLF2,"Leicestershire, Rutland and Northamptonshire",2004,798221.10546875,24545115.75,21.7,21.91,93.06,34697.0,34683.0,93.38,32.561694,52063.085199999994,ONS published ITL2
TLF3,Lincolnshire,2004,288669.78515625,8562487.5,21.86,21.47,94.92,33724.0,33562.0,96.96,32.775876000000004,50560.76159999999,ONS published ITL2
TLG1,"Herefordshire, Worcestershire and Warwickshire",2004,601037.775390625,18631618.125,22.35,22.82,83.14,36031.0,36098.0,85.84,31.668026000000005,51046.4728,ONS published ITL2
TLG2,Shropshire and Staffordshire,2004,683102.01171875,20911438.6875,21.36,22.08,94.27,33996.0,33702.0,95.07,31.335348,49872.7713,ONS published ITL2
TLG3,West Midlands,2004,1251368.375,38475228.75,21.91,22.29,93.03,35032.0,34854.0,93.23,32.64422700000001,52192.950899999996,ONS published ITL2
TLH1,East Anglia,2004,1099622.111328125,32915532.625,23.208021636560677,23.75294948493181,86.6124642369192,36124.25400003848,36436.37441022642,87.28036266400724,32.971732837363675,51321.87786148787,rebuilt from ITL3 (2025)
TLH2,Bedfordshire and Hertfordshire,2004,831251.25,25227115.75,26.43,27.17,87.61,41711.0,42498.0,87.44,35.429483999999995,55906.512800000004,ONS published ITL2
TLH3,Essex,2004,723629.673828125,22209714.8125,23.87,24.84,93.26,38094.0,38148.0,89.8,35.084412,55992.096,ONS published ITL2
TLI3,Inner London - West,2004,1523731.6484375,52673897.25,35.66,37.21,84.82,64101.0,63863.0,85.95,54.098196,97250.70599999999,ONS published ITL2
TLI4,Inner London - East,2004,996481.453125,32657767.25,32.61,34.05,96.66,55578.0,56405.0,97.42,48.049686,81880.5358,ONS published ITL2
TLI5,Outer London - East and North East,2004,545701.52734375,15982428.75,29.79,30.93,105.56,45375.0,45617.0,103.15,43.17404,65753.99900000001,ONS published ITL2
TLI6,Outer London - South,2004,503828.640625,15324443.125,28.64,30.18,98.19,45301.0,46112.0,101.4,41.131791,65054.184,ONS published ITL2
TLI7,Outer London - West and North West,2004,840831.203125,26351984.5,31.56,32.21,95.52,51431.0,51341.0,95.61,42.095664,68599.21889999999,ONS published ITL2
TLJ1,"Berkshire, Buckinghamshire and Oxfordshire",2004,1250572.37109375,38225465.75,29.52,30.76,78.53,46921.0,48099.0,75.75,36.814864,58513.0875,ONS published ITL2
TLJ2,"Surrey, East and West Sussex",2004,1262952.08984375,38069734.5625,26.94,27.44,85.69,42233.0,42011.0,87.73,38.072067,59680.964400000004,ONS published ITL2
TLJ3,Hampshire and Isle of Wight,2004,916826.884765625,26940972.0625,26.07,26.84,80.13,39843.0,39764.0,79.71,36.282864,55432.72529999999,ONS published ITL2
TLJ4,Kent,2004,714440.97265625,21769894.6875,23.8,24.56,97.36,37716.0,37458.0,94.24,35.477984,56211.3328,ONS published ITL2
TLK1,"Gloucestershire, Wiltshire and Bath/Bristol area",2004,1190986.830078125,36030643.125,24.76565771468617,25.4437595236513,86.73424105634612,38959.93870091057,39191.0658391582,87.60541825226659,36.124292399605764,56828.70342941929,rebuilt from ITL3 (2025)
TLK2,Dorset and Somerset,2004,564604.53125,16726428.5,22.526427830157434,23.020790553105822,97.02906341990767,34702.002034277866,34755.332529655025,98.44647689313014,34.706866719098365,53465.989750810164,rebuilt from ITL3 (2025)
TLK3,Cornwall and Isles of Scilly,2004,226851.52368164062,6626885.98046875,20.01,20.43,94.69,30390.0,30367.0,91.94,30.272392999999997,45981.9522,ONS published ITL2
TLK4,Devon,2004,528138.703125,15364780.6875,21.44,21.77,94.81,32437.0,32316.0,92.53,31.201971,47205.1048,ONS published ITL2
TLL1,West Wales and The Valleys,2004,738105.5428649663,22184415.349176347,20.523135448627777,20.680911075285742,93.81591158965654,32075.73199248958,31562.217133099733,93.94237013807215,30.09801861604051,47040.37455922104,rebuilt from ITL3 (2025)
TLL2,East Wales,2004,546152.7051819087,16991433.900823653,21.58970305260896,22.066711682632302,83.52859633581824,34927.37555186297,34950.67555200443,86.31447528240757,30.872994888613963,49945.693289888,rebuilt from ITL3 (2025)
TLM5,North Eastern Scotland,2004,266297.328125,8146035.0,23.92,24.61,86.06,38051.0,38955.0,82.29,32.384378,51514.3629,ONS published ITL2
TLM6,Highlands and Islands,2004,237569.17993164062,6594075.46875,22.74800988361876,23.17,87.51047431286054,32833.0,32296.0,86.78999999999999,33.3417519201456,48123.3192,rebuilt from ITL3 (2025)
TLM7,Eastern Scotland,2004,920747.65625,27206974.96875,24.836731991460034,25.372385720943786,81.17637995996964,38162.55380346475,37918.44129818498,81.30543654146508,36.27605355586189,55739.4928639952,rebuilt from ITL3 (2025)
TLM8,West Central Scotland,2004,716438.341796875,22678156.6875,21.848456311069235,22.417929181782842,79.00809635378856,35962.76149417909,35493.02390805389,83.43522348589656,30.534363526658076,50259.84523810166,rebuilt from ITL3 (2025)
TLM9,Southern Scotland,2004,373107.8046875,11291166.5,22.25,22.87,91.29,35011.0,35172.0,93.34,34.023783,53536.0904,ONS published ITL2
TLN0,Northern Ireland,2004,789560.89453125,26027206.0,20.12,20.67,86.91,34490.0,34550.0,90.72,31.11378,53337.9168,ONS published ITL2
TLC1,Tees Valley and Durham,2005,462405.66015625,13727760.125,23.452028634222028,22.81734929417337,90.97804206187607,36204.312071299275,35892.84536991156,89.5603829397415,31.95776479304707,49335.130351167514,rebuilt from ITL3 (2025)
TLC2,"Northumberland, and Tyne and Wear",2005,658668.76953125,19933326.625,22.66201755090982,22.563442919553324,84.54934753265451,35662.73333947933,35823.27536566787,87.11671782420247,30.024963538292422,47249.64429085987,rebuilt from ITL3 (2025)
TLD1,Cumbria,2005,226008.046875,6609473.75,24.13,22.53,96.92,36702.0,35181.0,94.55,33.931692,51593.09849999999,ONS published ITL2
TLD3,Greater Manchester,2005,1256928.0859375,39132696.25,22.96,22.71,79.61,37172.0,37210.0,81.07,30.809070000000002,49881.56029999999,ONS published ITL2
TLD4,Lancashire,2005,658847.33984375,20451641.1875,22.82,22.79,88.94,36837.0,36546.0,91.47,32.552040000000005,52545.8562,ONS published ITL2
TLD6,Cheshire,2005,461665.7421875,13841890.0,28.68,28.0,93.84,44708.0,45057.0,91.49,41.458512,64640.4297,ONS published ITL2
TLD7,Merseyside,2005,637038.0234375,19133847.625,23.54,23.58,94.24,36762.0,37489.0,93.94,33.681376,52605.4606,ONS published ITL2
TLE1,East Yorkshire and Northern Lincolnshire,2005,398762.5,12287588.25,23.28,22.97,87.61,37298.0,37356.0,91.56,33.510825,53696.2776,ONS published ITL2
TLE2,North Yorkshire,2005,399162.3359375,11797692.75,24.58,25.06,96.04,37779.0,38049.0,96.45,36.744904,56476.2975,ONS published ITL2
TLE3,South Yorkshire,2005,578337.2734375,17726015.75,20.62,20.6,89.38,32870.0,33243.0,89.91,29.271949999999997,46658.7945,ONS published ITL2
TLE4,West Yorkshire,2005,1056272.5703125,32705017.5,22.96,22.53,87.0,36973.0,36943.0,88.45,31.615800000000004,50897.668,ONS published ITL2
TLF1,Derbyshire and Nottinghamshire,2005,945667.1171875,28852710.1875,22.44,22.38,98.77,35596.0,35685.0,96.12,33.107704000000005,52525.7352,ONS published ITL2
TLF2,"Leicestershire, Rutland and Northamptonshire",2005,819204.30078125,25847072.8125,21.56,21.86,89.22,35365.0,35993.0,91.85,31.218078000000002,51210.04899999999,ONS published ITL2
TLF3,Lincolnshire,2005,297431.2578125,9174293.0625,20.85,21.52,89.75,33450.0,33913.0,95.33,30.990675,49710.7818,ONS published ITL2
TLG1,"Herefordshire, Worcestershire and Warwickshire",2005,607920.984375,19007206.5,22.77,22.74,82.42,37021.0,36931.0,85.82,31.393778,51034.579399999995,ONS published ITL2
TLG2,Shropshire and Staffordshire,2005,687909.69140625,20534223.0625,22.64,21.97,97.2,35138.0,34944.0,95.59,32.30928,50145.5581,ONS published ITL2
TLG3,West Midlands,2005,1262829.4453125,39536082.5,22.37,22.22,91.79,36412.0,36152.0,93.67,32.20911100000001,52439.2761,ONS published ITL2
TLH1,East Anglia,2005,1093254.51171875,33756905.8125,23.897151341117592,23.691070663868775,87.83262650055048,38369.91448453139,37751.377650846865,91.30108691188785,33.43622561596233,53686.11091994588,rebuilt from ITL3 (2025)
TLH2,Bedfordshire and Hertfordshire,2005,831864.453125,26069646.875,27.34,27.05,88.89,44546.0,44222.0,91.62,35.947115999999994,58579.0794,ONS published ITL2
TLH3,Essex,2005,718330.60546875,21769075.5,25.21,24.68,96.31,39721.0,39566.0,91.57,36.231821999999994,57095.7264,ONS published ITL2
TLI3,Inner London - West,2005,1561879.9453125,55452766.0,37.33,36.94,87.05,68920.0,68554.0,90.6,55.52049,102512.08799999999,ONS published ITL2
TLI4,Inner London - East,2005,1021122.390625,33791986.0,34.48,33.81,99.94,59332.0,59263.0,101.71,49.680173999999994,85486.2379,ONS published ITL2
TLI5,Outer London - East and North East,2005,551154.19140625,16204131.125,30.95,30.73,106.46,47313.0,48392.0,104.42,43.542139999999996,66563.5732,ONS published ITL2
TLI6,Outer London - South,2005,489026.2265625,14935429.25,31.02,29.94,103.64,49265.0,48298.0,107.46,43.414795999999996,68942.0376,ONS published ITL2
TLI7,Outer London - West and North West,2005,851897.609375,27159434.0,32.11,32.09,95.98,53240.0,53479.0,97.72,42.298386,70113.1228,ONS published ITL2
TLJ1,"Berkshire, Buckinghamshire and Oxfordshire",2005,1215554.29296875,37859088.25,31.45,30.57,82.45,50929.0,50080.0,81.04,38.65256,62599.348000000005,ONS published ITL2
TLJ2,"Surrey, East and West Sussex",2005,1286076.294921875,39322655.4375,27.29,27.35,85.02,43393.0,43646.0,88.29,37.774386,60061.921200000004,ONS published ITL2
TLJ3,Hampshire and Isle of Wight,2005,934535.609375,27202723.75,27.14,26.72,81.89,41081.0,41352.0,80.71,37.079792000000005,56128.15529999999,ONS published ITL2
TLJ4,Kent,2005,731297.359375,22465057.125,24.41,24.42,97.36,39001.0,39031.0,95.01,35.477984,56670.614700000006,ONS published ITL2
TLK1,"Gloucestershire, Wiltshire and Bath/Bristol area",2005,1185293.98828125,36221273.75,25.61608504025854,25.35618800629561,87.56159411654419,40705.560280095466,40751.14539370887,89.33602531245643,36.46887999846292,57951.32983014244,rebuilt from ITL3 (2025)
TLK2,Dorset and Somerset,2005,584302.140625,17283766.5,23.13874795229012,22.94778946562371,96.47337784922775,35591.321378117274,35828.57626561836,97.73449608508166,34.50810044887425,53079.31508466423,rebuilt from ITL3 (2025)
TLK3,Cornwall and Isles of Scilly,2005,226799.8485107422,6709448.39453125,20.81,20.37,96.25,32019.0,31442.0,94.65,30.771124999999998,47337.3045,ONS published ITL2
TLK4,Devon,2005,527948.23046875,15815467.5,21.63,21.71,92.95,33700.0,33557.0,93.41,30.589844999999997,47654.0456,ONS published ITL2
TLL1,West Wales and The Valleys,2005,767528.5089676229,23047394.9080568,20.5984384418133,20.676539436947216,91.08655053968859,32163.6234549893,32554.6767004024,91.12490159023207,29.222385066252688,45629.56519168615,rebuilt from ITL3 (2025)
TLL2,East Wales,2005,551028.4168136271,17375837.1544432,22.05720527234249,22.041494537601736,82.88187733561446,36168.089612784715,36299.52346658101,86.80881569189127,30.633961153300266,50231.74234935442,rebuilt from ITL3 (2025)
TLM5,North Eastern Scotland,2005,262851.4453125,8542929.5,24.1,24.47,84.81,40730.0,41690.0,86.15,31.914003,53930.7615,ONS published ITL2
TLM6,Highlands and Islands,2005,241563.62866210938,6725848.2421875,23.857702406472196,23.12,88.87695267856098,34542.0,33726.0,88.42,33.86238425623082,49027.1216,rebuilt from ITL3 (2025)
TLM7,Eastern Scotland,2005,933669.2939453125,28111934.96875,25.27056556245794,25.28904793862359,80.89751287072323,39565.437159339606,39868.03977483592,82.56255112337433,36.15143359289411,56601.31628255368,rebuilt from ITL3 (2025)
TLM8,West Central Scotland,2005,745920.4140625,23593107.0,22.48698318420802,22.310609982160255,79.36855180950728,36985.132863040126,37038.117861460654,83.75100063897405,30.67366922351727,50450.06359169768,rebuilt from ITL3 (2025)
TLM9,Southern Scotland,2005,379224.05859375,11423895.625,23.24,22.77,93.32,36398.0,36342.0,94.98,34.780364,54476.7288,ONS published ITL2
TLN0,Northern Ireland,2005,806205.703125,26732259.75,20.68,20.57,87.4,35657.0,35918.0,91.77,31.2892,53955.2538,ONS published ITL2
TLC1,Tees Valley and Durham,2006,479407.296875,14163159.125,24.03846760981062,24.09655993053386,91.24453933048645,36928.835862753316,37105.49272218198,89.38511285819118,32.05137701897789,49238.58127404082,rebuilt from ITL3 (2025)
TLC2,"Northumberland, and Tyne and Wear",2006,660986.578125,20377875.5,23.28584281361074,23.237006138593788,85.23615252579833,37330.307628859046,36930.07176521479,89.46818657792282,30.26886009667918,48525.01444884223,rebuilt from ITL3 (2025)
TLD1,Cumbria,2006,244891.421875,6961640.75,24.77,23.78,97.68,36620.0,36677.0,92.63,34.197768,50545.4121,ONS published ITL2
TLD3,Greater Manchester,2006,1241747.40625,38899872.875,24.34,24.32,82.54,39644.0,39056.0,84.57,31.942980000000006,52035.0753,ONS published ITL2
TLD4,Lancashire,2006,660320.662109375,20116879.5,23.77,23.69,91.03,37650.0,37507.0,91.88,33.31698,52781.38479999999,ONS published ITL2
TLD6,Cheshire,2006,467542.421875,14148170.0,30.04,29.84,97.01,47262.0,46963.0,95.45,42.859018000000006,67438.28850000001,ONS published ITL2
TLD7,Merseyside,2006,627408.54296875,19316979.25,25.13,24.86,97.65,40235.0,39143.0,99.78,34.900110000000005,55875.8022,ONS published ITL2
TLE1,East Yorkshire and Northern Lincolnshire,2006,398567.84375,12008224.125,25.04,24.94,94.2,39225.0,39296.0,96.24,36.0315,56440.9104,ONS published ITL2
TLE2,North Yorkshire,2006,406638.4453125,11948981.0,25.28,25.59,95.24,38634.0,39088.0,95.09,36.438824,55679.9495,ONS published ITL2
TLE3,South Yorkshire,2006,581945.3359375,17535204.5,21.99,22.06,93.09,34452.0,34589.0,92.06,30.486975,47774.537000000004,ONS published ITL2
TLE4,West Yorkshire,2006,1054738.9375,32782749.75,24.05,24.06,88.44,38875.0,38585.0,90.26,32.139096,51939.214400000004,ONS published ITL2
TLF1,Derbyshire and Nottinghamshire,2006,945954.181640625,28412253.375,23.62,23.42,101.72,36896.0,36816.0,97.44,34.096544,53247.0624,ONS published ITL2
TLF2,"Leicestershire, Rutland and Northamptonshire",2006,819966.587890625,25872948.5,23.09,23.05,94.65,37881.0,37582.0,97.46,33.118035000000006,54337.848399999995,ONS published ITL2
TLF3,Lincolnshire,2006,308139.04296875,9336514.9375,21.93,21.87,92.49,34549.0,34619.0,96.5,31.936797000000002,50320.89,ONS published ITL2
TLG1,"Herefordshire, Worcestershire and Warwickshire",2006,625851.90234375,19152444.375,23.95,23.7,85.23,38113.0,37715.0,86.87,32.464107000000006,51658.9829,ONS published ITL2
TLG2,Shropshire and Staffordshire,2006,696021.93359375,21356682.3125,22.45,22.88,95.29,35826.0,36038.0,96.33,31.674396000000005,50533.7547,ONS published ITL2
TLG3,West Midlands,2006,1273521.4453125,39495625.75,22.93,23.04,92.15,36974.0,37334.0,93.15,32.335435000000004,52148.1645,ONS published ITL2
TLH1,East Anglia,2006,1167388.7734375,35277553.375,24.584615353874018,24.769021506015935,87.3939328133697,38632.223646805134,38941.80655253539,88.90843236141201,33.26922319686943,52279.20195604796,rebuilt from ITL3 (2025)
TLH2,Bedfordshire and Hertfordshire,2006,823043.70703125,25727428.625,28.42,28.4,91.26,46203.0,45905.0,93.82,36.905544,59985.6934,ONS published ITL2
TLH3,Essex,2006,726637.36328125,21824475.5,26.17,26.04,98.0,40870.0,40673.0,92.34,36.867599999999996,57575.836800000005,ONS published ITL2
TLI3,Inner London - West,2006,1581397.59375,54582476.5,40.31,40.19,90.96,72340.0,72654.0,92.03,58.01428799999999,104130.1044,ONS published ITL2
TLI4,Inner London - East,2006,1033619.4296875,33969852.75,36.26,36.15,103.02,61970.0,62065.0,104.12,51.211242,87511.81880000001,ONS published ITL2
TLI5,Outer London - East and North East,2006,530101.38671875,15977714.625,33.33,33.1,112.37,52239.0,51234.0,113.0,45.95933,72032.98,ONS published ITL2
TLI6,Outer London - South,2006,511627.8046875,15357006.75,31.71,31.81,102.91,49493.0,50041.0,104.87,43.108999000000004,67280.3972,ONS published ITL2
TLI7,Outer London - West and North West,2006,866144.96875,27392378.25,33.8,33.64,101.34,55590.0,55609.0,102.36,44.660538,73442.2764,ONS published ITL2
TLJ1,"Berkshire, Buckinghamshire and Oxfordshire",2006,1241325.96484375,38567985.75,32.01,32.06,83.25,51716.0,51839.0,81.63,39.0276,63055.093499999995,ONS published ITL2
TLJ2,"Surrey, East and West Sussex",2006,1306859.345703125,39744898.9375,28.84,28.8,86.92,45613.0,45449.0,89.77,38.618556,61068.73559999999,ONS published ITL2
TLJ3,Hampshire and Isle of Wight,2006,918411.466796875,27279206.5,27.88,28.1,82.56,43057.0,43026.0,83.03,37.383168,57741.5529,ONS published ITL2
TLJ4,Kent,2006,715494.22265625,21277209.5625,26.48,25.85,102.63,40954.0,40527.0,96.94,37.398371999999995,57821.801799999994,ONS published ITL2
TLK1,"Gloucestershire, Wiltshire and Bath/Bristol area",2006,1183720.25,36497090.1875,26.4389617898632,26.774114268215726,87.74117388541902,42389.36437155839,42399.32284152178,90.32083289723636,36.54367389762984,58590.16404025196,rebuilt from ITL3 (2025)
TLK2,Dorset and Somerset,2006,582960.46875,17575242.0,23.807669305629126,23.674052792558985,96.66511224371321,37323.50603597424,36973.81791108263,99.80940065259273,34.57668299352972,54206.189604113875,rebuilt from ITL3 (2025)
TLK3,Cornwall and Isles of Scilly,2006,239010.58325195312,7278545.431640625,20.55,20.76,92.09,32542.0,32054.0,93.22,29.441173,46622.1186,ONS published ITL2
TLK4,Devon,2006,540348.23046875,15897945.375,22.75,22.76,95.44,34813.0,34665.0,94.2,31.409304,48057.072,ONS published ITL2
TLL1,West Wales and The Valleys,2006,767584.023434828,23430356.10697477,21.22221499653746,21.38402196885551,92.32243824938875,33685.81166029614,33562.19342995051,93.88921706114827,29.6188825330853,47013.75887298916,rebuilt from ITL3 (2025)
TLL2,East Wales,2006,562501.648440172,17409693.39302523,23.23330641925405,23.228074658603933,85.41720850007844,37392.257612270514,37504.67154765664,87.8102487881085,31.571044613517298,50811.21954724457,rebuilt from ITL3 (2025)
TLM5,North Eastern Scotland,2006,266225.0625,8605155.5,27.18,27.09,94.85,45679.0,45317.0,95.83,35.692055,59990.5383,ONS published ITL2
TLM6,Highlands and Islands,2006,251493.03149414062,7376842.6640625,22.628063366862907,23.28,82.05556695032071,34514.0,34816.0,86.0,31.263415932856244,47685.28,rebuilt from ITL3 (2025)
TLM7,Eastern Scotland,2006,935681.537109375,28287140.8125,26.71301512159222,26.522358436111208,82.10943515981312,41994.00019741417,41788.809837369816,84.14035260411892,36.69301672195514,57682.98877725719,rebuilt from ITL3 (2025)
TLM8,West Central Scotland,2006,747532.30859375,23740802.0625,23.484458463501127,23.30278110967781,80.41497121783387,38783.70663435633,38306.302538512246,85.2022834841463,31.07808031668066,51324.289705653006,rebuilt from ITL3 (2025)
TLM9,Southern Scotland,2006,390610.41796875,12127813.0,23.42,23.64,91.06,37813.0,37520.0,95.52,33.938062,54786.4512,ONS published ITL2
TLN0,Northern Ireland,2006,813343.953125,26866781.125,21.82,21.7,89.51,37480.0,37160.0,93.63,32.04458,55048.822199999995,ONS published ITL2
TLC1,Tees Valley and Durham,2007,481733.5625,14149543.625,24.828068253825833,24.929249049454768,92.00112188455728,37921.176425948695,38195.78717553544,89.60483952087493,32.31714100731558,49359.61965272243,rebuilt from ITL3 (2025)
TLC2,"Northumberland, and Tyne and Wear",2007,658171.359375,20218196.375,23.762070909444716,23.662171859716643,84.97015190071299,37956.928499231784,37598.314516627,88.8686040732453,30.174398586301876,48199.81785309577,rebuilt from ITL3 (2025)
TLD1,Cumbria,2007,246117.984375,7751941.5,22.85,24.07,86.79,37417.0,37850.0,91.19,30.385178999999997,49759.6473,ONS published ITL2
TLD3,Greater Manchester,2007,1261662.7734375,38547864.375,25.75,25.39,86.22,40912.0,40518.0,86.17,33.367140000000006,53019.5393,ONS published ITL2
TLD4,Lancashire,2007,674543.130859375,20621178.9375,24.21,24.22,90.16,38487.0,38047.0,91.32,32.998560000000005,52459.6872,ONS published ITL2
TLD6,Cheshire,2007,467053.4765625,14196878.0,31.31,30.81,98.75,49489.0,48326.0,97.6,43.62775,68957.328,ONS published ITL2
TLD7,Merseyside,2007,632227.9921875,18887018.0,25.83,25.82,98.54,40123.0,40475.0,97.7,35.218196000000006,54711.023,ONS published ITL2
TLE1,East Yorkshire and Northern Lincolnshire,2007,402088.0,12220265.25,26.04,26.21,92.71,41160.0,41016.0,95.55,35.461574999999996,56036.253,ONS published ITL2
TLE2,North Yorkshire,2007,406950.09375,12118443.25,26.31,26.06,95.84,40747.0,39814.0,96.97,36.668384,56780.7835,ONS published ITL2
TLE3,South Yorkshire,2007,581838.4453125,17504845.25,23.55,23.03,96.78,36845.0,35805.0,95.55,31.69545,49585.6725,ONS published ITL2
TLE4,West Yorkshire,2007,1060017.5546875,32614040.5,25.41,24.98,92.75,40650.0,39928.0,93.71,33.70535,53924.48239999999,ONS published ITL2
TLF1,Derbyshire and Nottinghamshire,2007,958453.513671875,29328671.875,23.68,24.16,98.69,37680.0,37767.0,96.32,33.080888,52635.0272,ONS published ITL2
TLF2,"Leicestershire, Rutland and Northamptonshire",2007,839035.2578125,26250634.625,24.03,23.98,94.97,39098.0,39017.0,96.95,33.230003,54053.503,ONS published ITL2
TLF3,Lincolnshire,2007,321605.4765625,9785140.0625,22.03,22.32,88.66,34847.0,35481.0,92.9,30.614297999999998,48443.634000000005,ONS published ITL2
TLG1,"Herefordshire, Worcestershire and Warwickshire",2007,635325.103515625,19028252.8125,24.33,24.2,83.7,37888.0,38219.0,83.49,31.881330000000002,49648.9983,ONS published ITL2
TLG2,Shropshire and Staffordshire,2007,687319.59375,20798239.5625,23.61,23.48,96.88,37153.0,36844.0,96.59,32.202912,50670.148100000006,ONS published ITL2
TLG3,West Midlands,2007,1264430.2734375,40199348.5,23.44,23.8,92.19,38749.0,38525.0,95.53,32.349471,53480.5599,ONS published ITL2
TLH1,East Anglia,2007,1164572.130859375,34787436.3125,25.697810567890045,25.65879160425556,89.92373474245858,39916.779811446344,40113.74042300115,90.42928383586921,34.232271114651816,53173.48047684223,rebuilt from ITL3 (2025)
TLH2,Bedfordshire and Hertfordshire,2007,840199.52734375,25965865.125,29.47,29.26,92.46,47361.0,47182.0,93.98,37.390823999999995,60087.992600000005,ONS published ITL2
TLH3,Essex,2007,737458.404296875,22083419.9375,26.81,26.78,97.66,41752.0,41487.0,91.75,36.739692,57207.96,ONS published ITL2
TLI3,Inner London - West,2007,1607972.8828125,55894028.0,43.44,42.15,97.82,78513.0,75920.0,99.68,62.38959599999999,112785.92640000001,ONS published ITL2
TLI4,Inner London - East,2007,1068820.9921875,35542723.25,38.22,37.53,107.04,66096.0,64547.0,109.46,53.20958400000001,92000.0354,ONS published ITL2
TLI5,Outer London - East and North East,2007,526698.01953125,15926107.875,35.1,34.27,114.71,55195.0,53072.0,115.73,46.91638999999999,73773.2458,ONS published ITL2
TLI6,Outer London - South,2007,506935.5078125,15446511.25,33.38,33.04,106.42,52894.0,51579.0,110.1,44.579338,70635.756,ONS published ITL2
TLI7,Outer London - West and North West,2007,868641.3671875,28082303.0,34.72,34.55,102.1,58376.0,57136.0,105.42,44.99547,75637.7958,ONS published ITL2
TLJ1,"Berkshire, Buckinghamshire and Oxfordshire",2007,1255750.32421875,39460890.125,32.82,33.08,83.6,53628.0,53518.0,82.91,39.19168,64043.8295,ONS published ITL2
TLJ2,"Surrey, East and West Sussex",2007,1316306.30859375,39688628.4375,29.89,29.87,89.41,46871.0,46991.0,91.56,39.724863,62286.436799999996,ONS published ITL2
TLJ3,Hampshire and Isle of Wight,2007,933469.763671875,27527293.5625,29.13,29.24,84.83,44665.0,44685.0,84.7,38.411024000000005,58902.921,ONS published ITL2
TLJ4,Kent,2007,738094.48828125,22277410.4375,26.28,26.64,98.42,41241.0,41633.0,94.36,35.864247999999996,56282.9092,ONS published ITL2
TLK1,"Gloucestershire, Wiltshire and Bath/Bristol area",2007,1206922.25390625,36568915.625,27.97511923733062,27.944946000911123,91.91708817111733,44076.59907443681,43882.929729230535,92.98317574495181,38.28291720978677,60317.19754044694,rebuilt from ITL3 (2025)
TLK2,Dorset and Somerset,2007,589430.546875,18186906.0,23.558637272998244,24.17986894417335,92.73120022511954,37798.946186063324,37884.487602931375,97.9922081331513,33.169540068495806,53219.2777339697,rebuilt from ITL3 (2025)
TLK3,Cornwall and Isles of Scilly,2007,248954.43310546875,7084702.59375,21.53,21.01,92.44,31857.0,32282.0,87.44,29.553068,43731.3672,ONS published ITL2
TLK4,Devon,2007,538748.3828125,15534306.0625,23.6,23.49,95.44,35389.0,35466.0,92.32,31.409304,47097.9712,ONS published ITL2
TLL1,West Wales and The Valleys,2007,770213.2552326176,23445737.33877897,21.8593157280429,21.957709688163938,91.46942361793167,34601.33166643319,34288.36585083224,92.76504048647794,29.345218398480434,46450.84261842297,rebuilt from ITL3 (2025)
TLL2,East Wales,2007,557772.6607830074,17309664.66122103,24.50243858358936,24.127124091954308,88.47707201058623,39540.6754479008,38667.04154671952,91.19996739644112,32.702000413851444,52772.673236175404,rebuilt from ITL3 (2025)
TLM5,North Eastern Scotland,2007,277087.609375,8902473.75,29.37,29.1,98.76,49064.0,48716.0,99.18,37.163388000000005,62087.671800000004,ONS published ITL2
TLM6,Highlands and Islands,2007,254201.3154296875,7497081.421875,23.036996688230918,23.78,80.2140785954094,35330.0,35917.0,84.53,30.561803373041027,46870.19440000001,rebuilt from ITL3 (2025)
TLM7,Eastern Scotland,2007,936967.0126953125,28728416.71875,27.519007556865002,27.554935899100816,84.53671327104793,43875.64376925494,43559.06200201916,87.85834540660446,37.77771735533577,60231.88393234116,rebuilt from ITL3 (2025)
TLM8,West Central Scotland,2007,751181.083984375,23755572.25,23.877946462362182,24.06141201271209,80.7269435735207,39266.40767722517,39240.97506981161,85.17031774652617,31.198648685726713,51305.03413278357,rebuilt from ITL3 (2025)
TLM9,Southern Scotland,2007,391965.6328125,12032882.375,23.95,24.5,89.18,38233.0,38723.0,92.49,33.23738600000001,53048.564399999996,ONS published ITL2
TLN0,Northern Ireland,2007,814718.77734375,26840426.75,22.62,22.43,89.11,38754.0,38122.0,92.97,31.90138,54660.7818,ONS published ITL2
TLC1,Tees Valley and Durham,2008,476828.79296875,13988510.0625,26.06407216068929,25.71602677766419,92.23989134770754,39760.75299022052,39367.51838632038,89.7285367615173,32.40101331507451,49427.75937355499,rebuilt from ITL3 (2025)
TLC2,"Northumberland, and Tyne and Wear",2008,666628.6796875,20336642.625,24.07933596847238,24.1064692513374,83.15673351741997,38198.2188709909,38027.9466978847,86.37165027037796,29.530421755883243,46845.54071843294,rebuilt from ITL3 (2025)
TLD1,Cumbria,2008,247955.8125,7590021.75,25.03,24.24,91.1,39834.0,38695.0,93.02,31.894109999999998,50758.223399999995,ONS published ITL2
TLD3,Greater Manchester,2008,1259941.546875,38266222.875,26.38,26.2,85.61,41660.0,41455.0,85.05,33.13107,52330.4145,ONS published ITL2
TLD4,Lancashire,2008,682043.16015625,20062493.375,25.33,24.62,90.88,38741.0,38214.0,88.56,33.26208,50874.177599999995,ONS published ITL2
TLD6,Cheshire,2008,470075.5703125,14060434.25,31.6,31.36,96.19,49154.0,49094.0,93.55,42.496742,66095.88149999999,ONS published ITL2
TLD7,Merseyside,2008,635992.1484375,19286337.0,26.48,26.78,97.62,41754.0,41759.0,98.25,34.889388000000004,55019.0175,ONS published ITL2
TLE1,East Yorkshire and Northern Lincolnshire,2008,398156.71875,11792135.0,28.54,27.14,96.1,43950.0,42102.0,96.52,36.75825,56605.1192,ONS published ITL2
TLE2,North Yorkshire,2008,413243.671875,11879470.5,27.34,26.36,95.75,40874.0,40088.0,93.53,36.63395,54766.491500000004,ONS published ITL2
TLE3,South Yorkshire,2008,578183.609375,17023138.0,24.01,23.79,94.63,36767.0,36573.0,91.44,30.991324999999996,47452.788,ONS published ITL2
TLE4,West Yorkshire,2008,1062144.5625,32185130.75,25.9,25.58,91.42,40816.0,40634.0,90.97,33.222028,52347.7768,ONS published ITL2
TLF1,Derbyshire and Nottinghamshire,2008,948434.6796875,27875282.75,25.67,24.94,103.12,39239.0,38644.0,96.66,34.565824000000006,52820.823599999996,ONS published ITL2
TLF2,"Leicestershire, Rutland and Northamptonshire",2008,838175.15234375,26076704.375,25.33,24.88,95.89,40975.0,40279.0,97.35,33.551911,54276.51899999999,ONS published ITL2
TLF3,Lincolnshire,2008,315721.564453125,9756877.9375,23.4,22.93,90.9,37603.0,36475.0,96.74,31.387770000000003,50446.0404,ONS published ITL2
TLG1,"Herefordshire, Worcestershire and Warwickshire",2008,641229.654296875,19440618.0625,24.9,24.59,82.73,39251.0,38836.0,83.53,31.511857000000006,49672.7851,ONS published ITL2
TLG2,Shropshire and Staffordshire,2008,701569.66796875,20944092.8125,24.66,23.95,97.75,38280.0,37415.0,96.14,32.4921,50434.082599999994,ONS published ITL2
TLG3,West Midlands,2008,1255632.6328125,38240824.0,25.09,24.69,95.24,39735.0,39647.0,94.54,33.419716,52926.3282,ONS published ITL2
TLH1,East Anglia,2008,1148865.97265625,34576518.0,26.68599451465136,26.4443348423271,90.66865615241848,41763.667099148166,41177.05967601428,91.86451622704705,34.515848656642135,54017.413971555536,rebuilt from ITL3 (2025)
TLH2,Bedfordshire and Hertfordshire,2008,858093.74609375,26742781.0,30.24,29.86,91.56,49010.0,47860.0,93.85,37.026864,60004.87449999999,ONS published ITL2
TLH3,Essex,2008,748226.84375,21841450.625,27.94,27.41,98.39,42407.0,42099.0,90.11,37.014317999999996,56185.3872,ONS published ITL2
TLI3,Inner London - West,2008,1661691.3828125,57145463.0,43.56,43.46,96.71,77895.0,77915.0,97.49,61.68163799999999,110307.9852,ONS published ITL2
TLI4,Inner London - East,2008,1120847.9296875,37015824.5,38.57,38.77,105.64,66244.0,66482.0,107.29,52.513644000000006,90176.17210000001,ONS published ITL2
TLI5,Outer London - East and North East,2008,547240.4296875,15791708.875,35.99,34.95,113.04,53998.0,53635.0,108.83,46.233360000000005,69374.7718,ONS published ITL2
TLI6,Outer London - South,2008,515685.5,15369439.0,33.73,33.77,103.93,52268.0,52275.0,105.16,43.536277,67466.44959999999,ONS published ITL2
TLI7,Outer London - West and North West,2008,876203.5078125,27541126.0,36.13,35.25,101.52,59050.0,57870.0,101.92,44.739864,73126.5808,ONS published ITL2
TLJ1,"Berkshire, Buckinghamshire and Oxfordshire",2008,1276494.8359375,39464855.375,34.44,34.12,85.24,55374.0,54809.0,83.16,39.960512,64236.942,ONS published ITL2
TLJ2,"Surrey, East and West Sussex",2008,1319549.95703125,40067247.0625,31.31,30.81,90.32,49439.0,48249.0,93.14,40.129176,63361.2792,ONS published ITL2
TLJ3,Hampshire and Isle of Wight,2008,937804.201171875,27506122.5,30.64,30.48,86.44,46729.0,46200.0,85.84,39.140032,59695.7112,ONS published ITL2
TLJ4,Kent,2008,745702.609375,22366047.4375,28.01,27.41,100.91,43685.0,42582.0,96.14,36.771603999999996,57344.6258,ONS published ITL2
TLK1,"Gloucestershire, Wiltshire and Bath/Bristol area",2008,1212988.58203125,36155983.5,29.62048615828917,29.0097937998976,94.15258016235535,45911.23682664766,45089.22250681867,93.69815134314626,39.21398624740014,60780.994609619804,rebuilt from ITL3 (2025)
TLK2,Dorset and Somerset,2008,600574.84375,17664494.0,25.65989011469872,24.80819953914332,96.7771031285534,39245.71091149911,38560.20747648282,97.48687808746922,34.61674163757827,52944.83448423773,rebuilt from ITL3 (2025)
TLK3,Cornwall and Isles of Scilly,2008,255987.326171875,7861973.0390625,20.48,21.0,84.06,32713.0,32383.0,85.82,26.873982,42921.156599999995,ONS published ITL2
TLK4,Devon,2008,536352.560546875,15424481.125,24.69,24.11,95.53,36927.0,36125.0,92.17,31.438922999999996,47021.447199999995,ONS published ITL2
TLL1,West Wales and The Valleys,2008,770534.7771929308,22577828.565380935,23.150634785438363,22.51726532744288,93.31391033065913,35274.11883213919,34842.29241836617,91.09442615794143,29.93696658358074,45614.30503008176,rebuilt from ITL3 (2025)
TLL2,East Wales,2008,561993.6856976942,17154992.372119065,24.684544991864872,24.91227575509599,86.00831924955209,39182.08687164485,39351.339371109105,87.20312816338364,31.78952498967177,50459.91044858806,rebuilt from ITL3 (2025)
TLM5,North Eastern Scotland,2008,283062.9140625,9221061.25,31.39,30.97,100.98,53179.0,51464.0,102.82,37.998774000000004,64366.34819999999,ONS published ITL2
TLM6,Highlands and Islands,2008,257308.31103515625,7339221.75,25.099794505346452,24.72,84.26553921749905,37228.0,37208.0,85.87999999999998,32.10542196311991,47618.742399999996,rebuilt from ITL3 (2025)
TLM7,Eastern Scotland,2008,929310.474609375,28360995.125,28.454669697246118,28.501691309284585,85.2500204874043,45156.21428148373,45071.7760146566,88.18716792852572,38.09647967012594,60457.31044001146,rebuilt from ITL3 (2025)
TLM8,West Central Scotland,2008,776463.931640625,24162860.375,24.597537804078524,24.908095917120907,80.82363743284945,39803.57111268698,40096.73867915473,83.91012220366721,31.23601808946881,50545.9154978998,rebuilt from ITL3 (2025)
TLM9,Southern Scotland,2008,394985.9921875,11746530.625,25.85,25.57,92.58,39971.0,40015.0,93.02,34.504566000000004,53352.5512,ONS published ITL2
TLN0,Northern Ireland,2008,825517.1484375,26530312.125,23.15,22.98,87.57,38690.0,38542.0,89.12,31.350059999999996,52397.2128,ONS published ITL2
TLC1,Tees Valley and Durham,2009,472455.2109375,13939742.125,26.35497831926132,26.2888868167459,90.5576438664259,40435.24726730462,40342.81860716063,88.59761400325397,31.810091944246032,48804.78055340453,rebuilt from ITL3 (2025)
TLC2,"Northumberland, and Tyne and Wear",2009,666637.5390625,19936982.25,24.223498500761224,24.62169657534304,81.08687643568639,37671.235761386684,38414.829831100236,82.56552771251266,28.795379023773165,44781.20747128905,rebuilt from ITL3 (2025)
TLD1,Cumbria,2009,248424.6484375,7596659.75,24.39,24.47,86.07,38788.0,39184.0,87.8,30.133106999999995,47909.825999999994,ONS published ITL2
TLD3,Greater Manchester,2009,1252629.296875,37828787.625,26.84,26.76,84.88,42144.0,42060.0,83.85,32.84856,51592.06649999999,ONS published ITL2
TLD4,Lancashire,2009,673058.955078125,19885349.0625,24.31,24.68,85.08,37343.0,38133.0,83.28,31.13928,47841.0288,ONS published ITL2
TLD6,Cheshire,2009,468499.40625,14049448.25,31.38,31.75,91.95,48931.0,49611.0,89.66,40.62351,63347.479799999994,ONS published ITL2
TLD7,Merseyside,2009,628501.1484375,18528305.125,28.16,27.64,100.36,43165.0,42722.0,98.19,35.868664,54985.418099999995,ONS published ITL2
TLE1,East Yorkshire and Northern Lincolnshire,2009,401888.703125,11870029.0,27.36,27.05,90.9,42017.0,42065.0,91.05,34.76925,53397.183,ONS published ITL2
TLE2,North Yorkshire,2009,418556.03125,12284351.5,25.74,26.29,87.53,39290.0,40022.0,87.29,33.488977999999996,51112.6595,ONS published ITL2
TLE3,South Yorkshire,2009,572855.953125,16700058.25,24.01,24.23,92.03,36402.0,37106.0,88.05,30.139825000000002,45693.5475,ONS published ITL2
TLE4,West Yorkshire,2009,1046649.296875,32088648.0,25.75,25.94,87.93,41044.0,41014.0,88.53,31.953762000000005,50943.7032,ONS published ITL2
TLF1,Derbyshire and Nottinghamshire,2009,928970.095703125,27462214.625,25.36,25.42,98.98,38992.0,39256.0,93.32,33.178096000000004,50995.6472,ONS published ITL2
TLF2,"Leicestershire, Rutland and Northamptonshire",2009,818212.521484375,25301430.71875,25.36,25.42,93.47,40782.0,40932.0,94.32,32.705153,52587.17279999999,ONS published ITL2
TLF3,Lincolnshire,2009,310354.2890625,9482047.625,23.31,23.19,88.46,37035.0,36894.0,93.07,30.545237999999998,48532.282199999994,ONS published ITL2
TLG1,"Herefordshire, Worcestershire and Warwickshire",2009,632362.755859375,19223826.0,24.39,24.9,79.47,38560.0,39517.0,80.46,30.270123,47847.148199999996,ONS published ITL2
TLG2,Shropshire and Staffordshire,2009,697164.072265625,20895871.625,23.6,24.37,91.52,36786.0,37830.0,90.37,30.421248000000002,47407.198300000004,ONS published ITL2
TLG3,West Midlands,2009,1195089.515625,36708257.5,25.45,25.46,93.06,40649.0,40700.0,93.17,32.654754000000004,52159.3611,ONS published ITL2
TLH1,East Anglia,2009,1129840.068359375,33750934.875,27.07388750399278,26.99226144661719,89.88597083226281,42055.49976195729,41906.74820655056,90.39397243534002,34.217895105738556,53152.71695879804,rebuilt from ITL3 (2025)
TLH2,Bedfordshire and Hertfordshire,2009,845703.3671875,25607691.0,30.22,30.03,89.34,47579.0,47832.0,88.96,36.129096,56878.3552,ONS published ITL2
TLH3,Essex,2009,736086.08203125,21780375.5625,27.2,27.73,94.19,41851.0,42454.0,87.44,35.43427799999999,54520.5888,ONS published ITL2
TLI3,Inner London - West,2009,1668035.390625,57174723.0,43.96,44.3,91.65,78351.0,79320.0,92.09,58.45437000000001,104197.9932,ONS published ITL2
TLI4,Inner London - East,2009,1120386.5234375,37006480.25,38.93,39.98,101.4,66872.0,68554.0,103.0,50.40594,86570.47,ONS published ITL2
TLI5,Outer London - East and North East,2009,525875.83984375,15756801.25,33.55,35.0,103.92,52273.0,53607.0,103.88,42.50328,66219.34479999999,ONS published ITL2
TLI6,Outer London - South,2009,480605.4765625,13800495.375,35.32,34.44,107.07,52738.0,52860.0,104.39,44.851623,66972.4484,ONS published ITL2
TLI7,Outer London - West and North West,2009,862375.03125,26988046.25,34.77,35.5,96.68,56579.0,57866.0,96.63,42.606876,69331.0587,ONS published ITL2
TLJ1,"Berkshire, Buckinghamshire and Oxfordshire",2009,1247362.6015625,38254451.0,34.91,35.04,85.32,55669.0,55903.0,82.57,39.998016,63781.19649999999,ONS published ITL2
TLJ2,"Surrey, East and West Sussex",2009,1316215.900390625,39137580.0,31.57,31.37,88.83,48810.0,48844.0,89.71,39.467169,61027.9188,ONS published ITL2
TLJ3,Hampshire and Isle of Wight,2009,915780.28515625,26481858.0625,31.6,31.57,87.3,47520.0,47374.0,85.47,39.52944,59438.4021,ONS published ITL2
TLJ4,Kent,2009,728431.189453125,21751060.875,27.5,27.82,96.9,42699.0,43049.0,91.91,35.31036,54821.5577,ONS published ITL2
TLK1,"Gloucestershire, Wiltshire and Bath/Bristol area",2009,1221656.017578125,36169567.0625,29.496647814828936,29.743083929261783,90.32806490438502,45411.973769315926,45880.01006733654,89.28785874521078,37.62109852759038,57920.08469006064,rebuilt from ITL3 (2025)
TLK2,Dorset and Somerset,2009,593913.0625,17797522.0,24.871677704997953,25.034822258963917,91.87632740385627,38756.547838756705,38880.56717928729,94.29306833352896,32.86375584237211,51210.2858750927,rebuilt from ITL3 (2025)
TLK3,Cornwall and Isles of Scilly,2009,245725.26025390625,7100591.9375,21.59,21.21,88.09,32435.0,32417.0,84.61,28.162373000000002,42315.999299999996,ONS published ITL2
TLK4,Devon,2009,540903.044921875,15510479.375,24.04,24.47,91.62,35849.0,36526.0,88.14,30.152141999999998,44965.502400000005,ONS published ITL2
TLL1,West Wales and The Valleys,2009,771425.9259553433,22786295.019112337,22.44447780740365,22.937641510029028,88.70982558522999,34474.052186248795,35277.447314077486,87.2984836243555,28.459884220581753,43713.53801384918,rebuilt from ITL3 (2025)
TLL2,East Wales,2009,554070.2927946567,16525038.730887663,25.73594271660721,25.612914322136692,86.70246578379772,39913.61330199252,39998.0665630249,85.88979763906775,32.046088410390055,49699.95444652569,rebuilt from ITL3 (2025)
TLM5,North Eastern Scotland,2009,279763.8046875,8731910.75,32.54,32.3,103.14,52805.0,52942.0,100.62,38.811582,62989.1262,ONS published ITL2
TLM6,Highlands and Islands,2009,242554.50854492188,7148757.5625,25.601843205111866,25.88,85.31053981355765,39237.0,38764.0,89.84,32.50357030940386,49814.4832,rebuilt from ITL3 (2025)
TLM7,Eastern Scotland,2009,914867.099609375,27913495.625,29.334572622625913,29.25541938703351,84.37064346461025,46541.387459940044,46205.286422405676,87.25651214042324,37.703504176633835,59819.293059300166,rebuilt from ITL3 (2025)
TLM8,West Central Scotland,2009,742032.1796875,22448657.0,26.1374941822362,25.820490603931226,83.45241713819429,41118.27789348474,41039.265139141906,84.22779838374528,32.25196606010552,50737.27779046025,rebuilt from ITL3 (2025)
TLM9,Southern Scotland,2009,371362.59765625,11100371.625,26.92,26.43,93.61,41846.0,41151.0,94.54,34.888447,54224.362400000005,ONS published ITL2
TLN0,Northern Ireland,2009,807221.5546875,25776650.1875,23.39,23.4,85.88,38842.0,38747.0,86.84,30.745039999999996,51056.7096,ONS published ITL2
TLC1,Tees Valley and Durham,2010,465945.26171875,13873683.25,26.5722903148837,26.77443236018452,91.73930093856382,41142.36071461486,41189.89938021405,90.57641284642442,32.22517142849939,49894.819426197624,rebuilt from ITL3 (2025)
TLC2,"Northumberland, and Tyne and Wear",2010,658873.95703125,19480076.375,25.338457249565785,25.348263565329578,84.84909550064064,38955.77297189447,39239.55236792403,85.41105056643315,30.13140932494956,46324.53860252576,rebuilt from ITL3 (2025)
TLD1,Cumbria,2010,248117.5703125,7945538.75,23.85,24.88,83.58,39723.0,39547.0,89.28,29.261357999999994,48717.4176,ONS published ITL2
TLD3,Greater Manchester,2010,1266974.4375,37952358.25,27.2,27.18,86.63,42362.0,42670.0,84.88,33.52581,52225.8152,ONS published ITL2
TLD4,Lancashire,2010,668307.248046875,19876156.125,24.83,24.87,87.13,38394.0,38475.0,85.86,31.889580000000002,49323.135599999994,ONS published ITL2
TLD6,Cheshire,2010,475030.8671875,14342977.75,32.02,32.22,93.49,50279.0,50409.0,91.78,41.303881999999994,64845.3234,ONS published ITL2
TLD7,Merseyside,2010,626708.5859375,18525841.375,28.47,28.09,101.37,43759.0,43394.0,99.45,36.229638,55691.0055,ONS published ITL2
TLE1,East Yorkshire and Northern Lincolnshire,2010,400716.1328125,11943663.5,26.77,26.6,87.36,41486.0,41699.0,88.3,33.4152,51784.418,ONS published ITL2
TLE2,North Yorkshire,2010,417522.609375,12289647.75,25.78,26.27,87.51,39459.0,40084.0,87.52,33.481325999999996,51247.335999999996,ONS published ITL2
TLE3,South Yorkshire,2010,565025.6875,16518706.5,24.94,24.6,94.98,37908.0,37803.0,91.13,31.105950000000004,47291.913499999995,ONS published ITL2
TLE4,West Yorkshire,2010,1056603.1484375,31858264.25,26.14,26.23,89.11,40988.0,41352.0,88.23,32.382574000000005,50771.0712,ONS published ITL2
TLF1,Derbyshire and Nottinghamshire,2010,944991.7734375,28183291.5625,25.69,25.87,100.3,39838.0,39934.0,95.4,33.62056,52132.28400000001,ONS published ITL2
TLF2,"Leicestershire, Rutland and Northamptonshire",2010,826809.4453125,25599247.84375,26.05,25.83,95.9,41946.0,41444.0,96.89,33.55541,54020.050599999995,ONS published ITL2
TLF3,Lincolnshire,2010,312975.40625,9496962.3125,23.54,23.49,88.64,37150.0,37317.0,92.62,30.607392,48297.6252,ONS published ITL2
TLG1,"Herefordshire, Worcestershire and Warwickshire",2010,616363.125,19119691.75,25.27,25.48,82.71,40760.0,40751.0,85.44,31.504239000000002,50808.604799999994,ONS published ITL2
TLG2,Shropshire and Staffordshire,2010,692196.087890625,20618865.6875,24.66,24.77,95.11,38190.0,38460.0,93.33,31.614564,48959.9847,ONS published ITL2
TLG3,West Midlands,2010,1205496.1640625,36936373.5,26.26,26.13,96.01,41844.0,41600.0,95.89,33.68990900000001,53682.0987,ONS published ITL2
TLH1,East Anglia,2010,1145017.77734375,34168617.375,27.21686502973496,27.451776086864562,90.43728777709391,42233.45577592714,42640.58984984509,90.85345125814835,34.427771076522156,53422.89590059378,rebuilt from ITL3 (2025)
TLH2,Bedfordshire and Hertfordshire,2010,835655.4375,25356761.25,30.19,29.96,90.53,47630.0,47674.0,90.34,36.610332,57760.6858,ONS published ITL2
TLH3,Essex,2010,730290.384765625,21365912.8125,28.65,27.95,99.45,43594.0,42779.0,91.28,37.41309,56914.905600000006,ONS published ITL2
TLI3,Inner London - West,2010,1679569.3125,57977867.75,45.39,44.82,93.39,81477.0,80442.0,94.5,59.564142000000004,106924.86,ONS published ITL2
TLI4,Inner London - East,2010,1093943.2734375,35405358.25,42.6,41.21,109.25,71698.0,70752.0,108.74,54.308175,91394.8826,ONS published ITL2
TLI5,Outer London - East and North East,2010,533319.62109375,15288991.75,35.92,35.36,112.61,53548.0,53974.0,107.7,46.05749,68654.442,ONS published ITL2
TLI6,Outer London - South,2010,481653.828125,14575867.25,33.62,34.87,103.59,52911.0,53386.0,106.43,43.393851000000005,68281.2308,ONS published ITL2
TLI7,Outer London - West and North West,2010,856505.7578125,26528117.25,36.12,35.86,101.12,58179.0,58077.0,100.02,44.563584,71763.3498,ONS published ITL2
TLJ1,"Berkshire, Buckinghamshire and Oxfordshire",2010,1248793.5703125,37631253.125,36.28,35.79,90.38,56846.0,56918.0,85.95,42.370144,66392.0775,ONS published ITL2
TLJ2,"Surrey, East and West Sussex",2010,1342075.091796875,39980620.875,31.6,31.69,90.51,48947.0,49259.0,91.57,40.213593,62293.2396,ONS published ITL2
TLJ3,Hampshire and Isle of Wight,2010,935858.349609375,26240577.5625,33.05,32.37,92.68,48184.0,48369.0,87.98,41.965504,61183.93140000001,ONS published ITL2
TLJ4,Kent,2010,738441.962890625,21492581.25,28.64,28.25,102.3,43348.0,43634.0,94.58,37.278119999999994,56414.1326,ONS published ITL2
TLK1,"Gloucestershire, Wiltshire and Bath/Bristol area",2010,1231897.029296875,35976416.125,30.89461450631573,30.371412213832627,95.38213937721987,46916.9330029342,46626.39788765098,93.00062751680728,39.72609030295464,60328.51831930832,rebuilt from ITL3 (2025)
TLK2,Dorset and Somerset,2010,599839.796875,17613959.0,25.4463286107206,25.302055161477323,93.87730793120683,38855.29226571876,39267.56810236337,94.41082926895083,33.579497724469036,51274.241490011715,rebuilt from ITL3 (2025)
TLK3,Cornwall and Isles of Scilly,2010,250261.24633789062,7444722.265625,20.81,21.4,85.08,32186.0,32685.0,84.13,27.200076,42075.93689999999,ONS published ITL2
TLK4,Devon,2010,541927.435546875,15508802.9375,24.9,24.9,95.6,37051.0,37045.0,91.79,31.461959999999994,46827.58640000001,ONS published ITL2
TLL1,West Wales and The Valleys,2010,766833.8096941613,22541431.84902691,23.404654703543024,23.462696391724855,91.64281997858122,35775.50958054065,36047.50334112046,89.74994278761247,29.40084741494846,44941.07311953956,rebuilt from ITL3 (2025)
TLL2,East Wales,2010,560219.9832745887,16431532.52597309,26.339021705648317,26.27163704765024,88.82813499234271,40171.90790857628,40867.13673241111,86.53713815651578,32.83175676217765,50074.5367032421,rebuilt from ITL3 (2025)
TLM5,North Eastern Scotland,2010,279757.3515625,8685994.5,33.59,33.26,106.26,54226.0,54037.0,103.12,39.985638,64554.1512,ONS published ITL2
TLM6,Highlands and Islands,2010,244805.05200195312,6818504.58203125,27.304262952042126,27.19,90.97580217772928,39546.0,40289.0,90.53999999999999,34.6620521801962,50202.6192,rebuilt from ITL3 (2025)
TLM7,Eastern Scotland,2010,899968.783203125,26966617.875,30.368578557192777,30.061684987767492,88.5084859656268,47318.05054736306,46983.01283445992,89.89472704793121,39.55262083158468,61627.93916300481,rebuilt from ITL3 (2025)
TLM8,West Central Scotland,2010,715581.177734375,21521950.9375,26.769674877261647,26.663941049953895,86.22839745405237,41866.7422465742,42093.95249189427,86.52108309173977,33.32480284543572,52118.710352095215,rebuilt from ITL3 (2025)
TLM9,Southern Scotland,2010,365224.9921875,10806220.0,27.46,27.06,95.59,42251.0,42073.0,95.56,35.626393,54809.3936,ONS published ITL2
TLN0,Northern Ireland,2010,812873.5078125,25338598.8125,23.53,23.89,86.18,38136.0,39200.0,85.07,30.85244,50016.055799999995,ONS published ITL2
TLC1,Tees Valley and Durham,2011,458288.5078125,13493199.0625,27.332929956816155,27.207873815320433,93.37686115931186,41847.112127494605,41970.917357087885,91.16288214888799,32.800395550530105,50217.88123694787,rebuilt from ITL3 (2025)
TLC2,"Northumberland, and Tyne and Wear",2011,652768.62109375,19309201.25,26.335495163545932,26.190643477419865,88.08198901592614,40508.84602038863,40411.611936146954,88.70961323243921,31.279466793780287,48113.58571693159,rebuilt from ITL3 (2025)
TLD1,Cumbria,2011,245932.4609375,7118894.0,26.42,25.52,90.98,39763.0,39815.0,87.85,31.852098,47937.10949999999,ONS published ITL2
TLD3,Greater Manchester,2011,1244267.8671875,37696811.375,27.39,27.6,86.44,43156.0,43487.0,85.66,33.45228,52705.7414,ONS published ITL2
TLD4,Lancashire,2011,680664.107421875,20374128.75,24.68,25.16,86.07,38415.0,39166.0,85.35,31.50162,49030.16099999999,ONS published ITL2
TLD6,Cheshire,2011,473719.5,14142375.75,33.08,32.77,95.39,51353.0,51505.0,92.6,42.143302000000006,65424.678,ONS published ITL2
TLD7,Merseyside,2011,626692.33203125,18505277.0,28.56,28.28,100.16,43860.0,43754.0,98.16,35.797184,54968.6184,ONS published ITL2
TLE1,East Yorkshire and Northern Lincolnshire,2011,401408.9921875,12646324.0,24.72,26.11,79.87,40500.0,41454.0,85.33,30.550275000000003,50042.631799999996,ONS published ITL2
TLE2,North Yorkshire,2011,415863.7265625,12185420.25,26.85,26.46,90.96,40912.0,40604.0,90.56,34.801296,53027.407999999996,ONS published ITL2
TLE3,South Yorkshire,2011,567560.875,17132154.0,24.56,25.03,93.17,38551.0,38713.0,92.3,30.513175,47899.085,ONS published ITL2
TLE4,West Yorkshire,2011,1060308.796875,31807388.25,26.75,26.51,90.85,41732.0,41940.0,89.5,33.01489,51501.88,ONS published ITL2
TLF1,Derbyshire and Nottinghamshire,2011,958838.1875,28392064.75,26.3,26.29,102.45,40497.0,40746.0,96.75,34.34124,52870.005,ONS published ITL2
TLF2,"Leicestershire, Rutland and Northamptonshire",2011,840109.12109375,25622623.84375,25.92,26.15,95.1,41103.0,41852.0,94.64,33.27549,52765.5856,ONS published ITL2
TLF3,Lincolnshire,2011,322982.185546875,9921123.0,22.91,23.95,86.39,36590.0,38010.0,91.38,29.830467000000002,47651.0148,ONS published ITL2
TLG1,"Herefordshire, Worcestershire and Warwickshire",2011,628514.546875,19375362.4375,26.24,26.39,85.81,42061.0,42308.0,88.1,32.68502900000001,52390.426999999996,ONS published ITL2
TLG2,Shropshire and Staffordshire,2011,680542.333984375,19956495.125,26.25,25.16,101.47,40022.0,39234.0,98.03,33.728628,51425.557700000005,ONS published ITL2
TLG3,West Midlands,2011,1213914.6953125,37140053.0,26.68,26.56,97.28,42447.0,42395.0,97.01,34.135552000000004,54309.1083,ONS published ITL2
TLH1,East Anglia,2011,1142943.7421875,33991504.375,27.9288718337507,27.87885190242481,92.32196310461723,43191.89595461347,43411.60344258797,92.43347626027268,35.145231455137974,54351.9691503153,rebuilt from ITL3 (2025)
TLH2,Bedfordshire and Hertfordshire,2011,843405.390625,26063962.125,29.32,29.85,87.64,47110.0,47672.0,89.08,35.441615999999996,56955.0796,ONS published ITL2
TLH3,Essex,2011,739769.873046875,21729120.4375,28.01,27.94,96.74,42777.0,43025.0,89.15,36.393587999999994,55586.808000000005,ONS published ITL2
TLI3,Inner London - West,2011,1736516.78125,59866307.0,45.5,45.26,92.56,81563.0,81592.0,93.54,59.03476800000001,105838.6392,ONS published ITL2
TLI4,Inner London - East,2011,1129297.4296875,38057954.25,42.45,41.86,108.8,74390.0,72419.0,112.76,54.084480000000006,94773.6524,ONS published ITL2
TLI5,Outer London - East and North East,2011,521048.14453125,15649680.875,35.45,35.77,110.56,55361.0,54903.0,110.79,45.21903999999999,70624.1934,ONS published ITL2
TLI6,Outer London - South,2011,469772.6171875,13650498.0,35.92,35.57,109.7,54269.0,54281.0,108.22,45.95333000000001,69429.6232,ONS published ITL2
TLI7,Outer London - West and North West,2011,877149.625,27316271.0,35.95,36.21,100.18,58225.0,58641.0,99.64,44.149326,71490.70360000001,ONS published ITL2
TLJ1,"Berkshire, Buckinghamshire and Oxfordshire",2011,1272264.375,39002099.5,36.42,36.21,90.89,58049.0,57972.0,87.93,42.609232,67921.5285,ONS published ITL2
TLJ2,"Surrey, East and West Sussex",2011,1339277.810546875,39967140.125,31.91,32.04,90.4,49523.0,49851.0,91.62,40.16472,62327.253600000004,ONS published ITL2
TLJ3,Hampshire and Isle of Wight,2011,944542.767578125,27258684.875,32.86,32.85,91.17,49315.0,49406.0,89.08,41.281776,61948.90439999999,ONS published ITL2
TLJ4,Kent,2011,749862.09375,22445939.0,28.29,28.47,99.88,44035.0,44326.0,94.97,36.396271999999996,56646.7559,ONS published ITL2
TLK1,"Gloucestershire, Wiltshire and Bath/Bristol area",2011,1248234.443359375,36799774.5,30.327899694975617,30.669214504833445,93.0791245459385,46493.76047913206,47430.05939649587,91.61711564089923,38.76689840650638,59431.04887443156,rebuilt from ITL3 (2025)
TLK2,Dorset and Somerset,2011,598175.921875,18382214.5,24.85680792162451,25.356373500048104,90.84817863836739,39720.76479700958,39630.08602438993,95.6146868348722,32.495991577588875,51928.052965163435,rebuilt from ITL3 (2025)
TLK3,Cornwall and Isles of Scilly,2011,253101.1279296875,7260517.79296875,21.98,21.9,89.56,32793.0,33245.0,85.4,28.632332,42711.102,ONS published ITL2
TLK4,Devon,2011,540127.001953125,15499052.3125,25.36,25.31,96.33,37836.0,37647.0,92.74,31.702202999999994,47312.2384,ONS published ITL2
TLL1,West Wales and The Valleys,2011,757445.6371605109,22632420.495288696,24.10319252026981,23.953834361707962,93.75698691138716,37450.48516355275,37018.52732651236,93.33373939242517,30.07911440210233,46735.610923798464,rebuilt from ITL3 (2025)
TLL2,East Wales,2011,558677.6753394891,16981052.317211304,26.644325654805748,27.11098580274467,89.01094419949516,42112.53251986306,42259.765038862955,89.86264569076118,32.89932485221616,51998.83478644537,rebuilt from ITL3 (2025)
TLM5,North Eastern Scotland,2011,289128.8984375,8930638.0,33.74,33.97,105.48,54187.0,55123.0,101.84,39.69212400000001,63752.8584,ONS published ITL2
TLM6,Highlands and Islands,2011,242428.42053222656,6965584.98828125,28.304142915422386,28.15,92.77801681705301,42289.0,41739.0,95.25,35.34870133714581,52814.22,rebuilt from ITL3 (2025)
TLM7,Eastern Scotland,2011,910431.3291015625,27132773.5625,30.55700999234986,30.671394864241865,87.54931875412123,47354.49355829829,47784.60872989094,88.44026563290916,39.12398874487718,60630.823285984305,rebuilt from ITL3 (2025)
TLM8,West Central Scotland,2011,712177.66015625,21630481.5,27.416746389106414,27.421536901755978,88.02260198582299,43300.91752996247,43511.82682994342,89.19098230889155,34.01821144458664,53727.00857254716,rebuilt from ITL3 (2025)
TLM9,Southern Scotland,2011,374743.46484375,11431446.75,26.57,27.43,92.17,42141.0,42804.0,94.99,34.351759,54482.4644,ONS published ITL2
TLN0,Northern Ireland,2011,795099.6484375,24896482.0,24.44,24.48,89.29,39789.0,40269.0,88.53,31.965819999999997,52050.3282,ONS published ITL2
TLC1,Tees Valley and Durham,2012,454291.333984375,13564163.875,27.703238929144838,27.432937326555265,94.40229720753405,43012.28026779501,42596.29913184711,93.46391177753486,33.160599433760616,51485.42379253936,rebuilt from ITL3 (2025)
TLC2,"Northumberland, and Tyne and Wear",2012,648568.91796875,19272265.125,27.17438162572903,26.907563844483487,89.90240228998054,41989.397556759024,41651.246076838775,90.95497519397689,31.925927633197137,49331.406551285945,rebuilt from ITL3 (2025)
TLD1,Cumbria,2012,255352.3515625,7614960.25,25.68,26.03,88.36,39816.0,40419.0,87.9,30.934836,47964.39300000001,ONS published ITL2
TLD3,Greater Manchester,2012,1255115.578125,38310258.0,28.15,28.01,87.92,44685.0,44400.0,87.78,34.025040000000004,54010.1562,ONS published ITL2
TLD4,Lancashire,2012,664287.5546875,20025603.6875,26.05,25.65,89.05,40835.0,40326.0,88.94,32.5923,51092.4724,ONS published ITL2
TLD6,Cheshire,2012,474747.8828125,14508828.25,33.43,33.29,95.93,53125.0,52796.0,95.33,42.38187400000001,67353.5049,ONS published ITL2
TLD7,Merseyside,2012,625663.90234375,19021286.5,27.5,28.23,95.87,43467.0,44066.0,96.74,34.263938,54173.4326,ONS published ITL2
TLE1,East Yorkshire and Northern Lincolnshire,2012,394691.140625,12032889.25,26.4,26.32,84.78,41853.0,41884.0,87.65,32.42835,51403.219000000005,ONS published ITL2
TLE2,North Yorkshire,2012,424519.8359375,12616817.75,26.6,26.74,88.26,41103.0,41399.0,89.13,33.768276,52190.07149999999,ONS published ITL2
TLE3,South Yorkshire,2012,566632.1640625,17034625.25,25.48,25.52,96.07,39827.0,39656.0,94.79,31.462924999999995,49191.270500000006,ONS published ITL2
TLE4,West Yorkshire,2012,1056001.8515625,32505183.25,26.76,26.81,90.21,42839.0,42716.0,91.18,32.782314,52468.61920000001,ONS published ITL2
TLF1,Derbyshire and Nottinghamshire,2012,964176.724609375,28861627.8125,26.77,26.81,101.97,41675.0,41766.0,97.35,34.180344000000005,53197.880999999994,ONS published ITL2
TLF2,"Leicestershire, Rutland and Northamptonshire",2012,845722.51953125,26118829.09375,26.41,26.67,95.46,42419.0,42771.0,96.2,33.401454,53635.348,ONS published ITL2
TLF3,Lincolnshire,2012,312735.765625,9544485.9375,24.92,24.9,91.35,39551.0,39440.0,96.01,31.543155,50065.3746,ONS published ITL2
TLG1,"Herefordshire, Worcestershire and Warwickshire",2012,637653.103515625,19744517.0,27.32,27.48,87.04,43989.0,44184.0,89.76,33.153536,53377.5792,ONS published ITL2
TLG2,Shropshire and Staffordshire,2012,699657.16796875,21668458.8125,24.64,25.33,93.79,39674.0,40023.0,95.7,31.175796000000005,50203.263,ONS published ITL2
TLG3,West Midlands,2012,1232536.984375,37672331.25,27.02,26.99,97.03,42941.0,43244.0,96.67,34.047827000000005,54118.7661,ONS published ITL2
TLH1,East Anglia,2012,1158717.88671875,34838188.1875,28.417583409043097,28.304978866249918,92.47761156398563,44429.183979347,44289.50625934452,93.60373502257458,35.204483890270225,55040.09504063039,rebuilt from ITL3 (2025)
TLH2,Bedfordshire and Hertfordshire,2012,848143.6171875,26153563.375,29.8,30.08,88.08,47788.0,48248.0,89.33,35.619552,57114.922099999996,ONS published ITL2
TLH3,Essex,2012,765701.751953125,23031744.5,27.22,28.13,92.31,42570.0,43637.0,87.11,34.727022,54314.8272,ONS published ITL2
TLI3,Inner London - West,2012,1804897.2890625,63427267.0,44.77,45.85,90.47,81820.0,83064.0,93.19,57.701766,105442.6212,ONS published ITL2
TLI4,Inner London - East,2012,1175638.8125,39494743.25,41.74,42.02,106.84,72912.0,72936.0,110.38,53.110164000000005,92773.28619999999,ONS published ITL2
TLI5,Outer London - East and North East,2012,548149.25,16128604.25,36.5,36.23,111.49,55853.0,55829.0,109.45,45.59941,69769.997,ONS published ITL2
TLI6,Outer London - South,2012,481258.1640625,13958038.0,36.77,36.09,110.09,55461.0,55433.0,108.41,46.116701000000006,69551.5196,ONS published ITL2
TLI7,Outer London - West and North West,2012,912338.1640625,28340341.25,36.83,36.99,100.83,59493.0,60004.0,100.03,44.435781,71770.5247,ONS published ITL2
TLJ1,"Berkshire, Buckinghamshire and Oxfordshire",2012,1297429.5625,40642772.875,36.17,36.54,90.0,58917.0,59106.0,88.98,42.192,68732.60100000001,ONS published ITL2
TLJ2,"Surrey, East and West Sussex",2012,1374149.4921875,41395906.375,32.16,32.52,89.58,50383.0,50854.0,91.65,39.800394000000004,62347.662000000004,ONS published ITL2
TLJ3,Hampshire and Isle of Wight,2012,954043.396484375,28298261.25,32.66,33.22,89.24,50369.0,50586.0,89.62,40.407872,62324.4366,ONS published ITL2
TLJ4,Kent,2012,742348.4296875,22614247.6875,28.73,28.8,99.62,45508.0,45328.0,96.39,36.301528,57493.7433,ONS published ITL2
TLK1,"Gloucestershire, Wiltshire and Bath/Bristol area",2012,1221981.728515625,37140391.75,31.13070023721901,31.04615817198536,93.95784109169668,49201.00809581139,48614.51187693172,95.34328847271391,39.13287858975048,61848.177575035385,rebuilt from ITL3 (2025)
TLK2,Dorset and Somerset,2012,598888.1875,17923672.5,26.079520087393124,25.793744999525074,93.31450031565413,40586.74208562095,40245.44879477711,95.64667295008947,33.37818393030256,51945.42452951338,rebuilt from ITL3 (2025)
TLK3,Cornwall and Isles of Scilly,2012,248776.1710205078,7316868.146484375,22.52,22.42,89.78,34441.0,34088.0,87.77,28.702666,43896.4101,ONS published ITL2
TLK4,Devon,2012,549997.64453125,15501733.4375,25.9,25.77,96.49,37955.0,38399.0,91.24,31.754858999999996,46546.9984,ONS published ITL2
TLL1,West Wales and The Valleys,2012,770308.1739642295,22862462.027126998,24.481334536647214,24.5040562938041,93.86880701304,37783.04217327568,37936.85706747902,92.81865660621192,30.114988524563724,46477.69016709553,rebuilt from ITL3 (2025)
TLL2,East Wales,2012,554890.8787701455,16614075.160373002,28.356679434385416,27.841780261224383,93.23352325120109,44149.65377015162,43555.03475698923,92.71995055082755,34.46003181005814,53652.208356865114,rebuilt from ITL3 (2025)
TLM5,North Eastern Scotland,2012,293816.9296875,9222534.75,34.61,34.68,105.9,56491.0,56833.0,103.9,39.850170000000006,65042.439000000006,ONS published ITL2
TLM6,Highlands and Islands,2012,237810.66430664062,6694711.0625,29.842721492300925,28.84,96.32357839494934,43686.0,42943.0,96.89,36.69957088134672,53723.5672,rebuilt from ITL3 (2025)
TLM7,Eastern Scotland,2012,928338.365234375,27680531.5625,31.096558697713863,31.44600239690123,87.81066422870995,48215.18096324081,48930.16789387367,88.7494479123043,39.24077865885755,60842.785292328495,rebuilt from ITL3 (2025)
TLM8,West Central Scotland,2012,704881.576171875,21703003.125,27.82765183735823,28.10109830698833,88.12375862538184,44553.67969682529,44935.184362858694,90.52021774441837,34.05730558490859,54527.71556994462,rebuilt from ITL3 (2025)
TLM9,Southern Scotland,2012,366497.4921875,10921625.0,28.37,28.17,95.87,43965.0,43891.0,96.53,35.730749,55365.74679999999,ONS published ITL2
TLN0,Northern Ireland,2012,776386.90234375,24768482.6875,25.58,25.07,91.58,42443.0,41654.0,92.52,32.78564,54396.2088,ONS published ITL2
TLC1,Tees Valley and Durham,2013,466157.818359375,13982544.375,27.453114634824388,27.752329325881362,91.52479581961029,42820.151634801055,43244.43108653649,91.03215372203587,32.149822432378336,50145.86832490291,rebuilt from ITL3 (2025)
TLC2,"Northumberland, and Tyne and Wear",2013,647441.73828125,19346486.5,27.322547583380214,27.386395685593868,88.92845708061968,42454.716569984565,42604.908186954686,90.47335631549869,31.580062523025113,49070.19009065461,rebuilt from ITL3 (2025)
TLD1,Cumbria,2013,255385.6484375,7496366.0,26.98,26.68,90.62,41177.0,41386.0,88.74,31.726062000000002,48422.7558,ONS published ITL2
TLD3,Greater Manchester,2013,1279436.8828125,39223235.75,28.65,28.47,88.07,45679.0,45303.0,88.32,34.08309,54342.41279999999,ONS published ITL2
TLD4,Lancashire,2013,671136.37109375,20304482.4375,26.34,26.14,88.29,41443.0,41545.0,88.49,32.31414,50833.9654,ONS published ITL2
TLD6,Cheshire,2013,486718.9609375,15065055.75,33.39,33.52,93.77,53748.0,53861.0,94.37,41.427586,66675.23610000001,ONS published ITL2
TLD7,Merseyside,2013,625854.6015625,18667927.75,28.75,28.5,98.58,44585.0,44700.0,97.59,35.232492,54649.424100000004,ONS published ITL2
TLE1,East Yorkshire and Northern Lincolnshire,2013,392514.1796875,11919173.375,27.17,26.97,86.25,42895.0,42747.0,88.82,32.990625,52089.377199999995,ONS published ITL2
TLE2,North Yorkshire,2013,425772.3984375,12780648.25,27.09,27.02,87.96,42283.0,42158.0,89.72,33.653496,52535.545999999995,ONS published ITL2
TLE3,South Yorkshire,2013,565168.78125,16608599.5,26.76,25.98,99.18,40890.0,40418.0,95.66,32.48145,49642.757000000005,ONS published ITL2
TLE4,West Yorkshire,2013,1066947.8515625,33344352.5,26.81,27.2,88.79,43566.0,43533.0,91.12,32.26628600000001,52434.092800000006,ONS published ITL2
TLF1,Derbyshire and Nottinghamshire,2013,964352.095703125,29229568.6875,27.41,27.26,102.15,43208.0,42723.0,98.75,34.240680000000005,53962.925,ONS published ITL2
TLF2,"Leicestershire, Rutland and Northamptonshire",2013,852568.490234375,26352764.78125,27.28,27.3,97.45,43848.0,43963.0,98.29,34.097755,54800.6066,ONS published ITL2
TLF3,Lincolnshire,2013,310711.15625,9421090.0,26.56,25.85,95.58,41878.0,40927.0,99.8,33.003774,52041.708,ONS published ITL2
TLG1,"Herefordshire, Worcestershire and Warwickshire",2013,638271.998046875,19543395.1875,29.22,28.48,91.37,46532.0,46034.0,93.18,34.80283300000001,55411.350600000005,ONS published ITL2
TLG2,Shropshire and Staffordshire,2013,710859.80859375,21728386.9375,25.5,25.58,95.2,40526.0,40759.0,95.87,31.64448,50292.4433,ONS published ITL2
TLG3,West Midlands,2013,1256385.671875,39402173.75,26.98,27.38,94.49,43994.0,44194.0,96.58,33.156541000000004,54068.3814,ONS published ITL2
TLH1,East Anglia,2013,1168192.6953125,35826699.5,28.60414230078156,28.817457563492557,91.40479927674032,45616.77604082468,45279.5500906164,94.37132185635916,34.79608447072553,55491.445109869084,rebuilt from ITL3 (2025)
TLH2,Bedfordshire and Hertfordshire,2013,877665.6484375,27281254.375,30.5,30.64,88.89,49301.0,49266.0,90.87,35.947115999999994,58099.551900000006,ONS published ITL2
TLH3,Essex,2013,748133.080078125,22569257.5,28.5,28.66,94.71,44713.0,44679.0,89.64,35.629901999999994,55892.332800000004,ONS published ITL2
TLI3,Inner London - West,2013,1851560.6875,64803941.0,46.54,46.87,91.62,84695.0,84917.0,94.0,58.435236,106359.12,ONS published ITL2
TLI4,Inner London - East,2013,1227065.6171875,40992796.5,41.74,42.06,104.91,72514.0,72847.0,107.78,52.150761,90588.01220000001,ONS published ITL2
TLI5,Outer London - East and North East,2013,563099.703125,16569693.125,37.23,36.4,111.75,56970.0,56583.0,109.71,45.705749999999995,69935.73659999999,ONS published ITL2
TLI6,Outer London - South,2013,485552.046875,14490684.5,36.24,36.45,106.74,56239.0,56644.0,108.15,44.713386,69384.714,ONS published ITL2
TLI7,Outer London - West and North West,2013,937176.0390625,29517476.25,37.35,38.14,101.12,61174.0,61891.0,101.72,44.563584,72983.0828,ONS published ITL2
TLJ1,"Berkshire, Buckinghamshire and Oxfordshire",2013,1307684.078125,41205942.25,36.86,37.0,90.41,60403.0,60319.0,89.9,42.384208,69443.255,ONS published ITL2
TLJ2,"Surrey, East and West Sussex",2013,1367853.76171875,41322147.125,33.5,33.31,91.28,52617.0,52130.0,93.65,40.555704,63708.222,ONS published ITL2
TLJ3,Hampshire and Isle of Wight,2013,956484.1015625,28146405.1875,34.04,33.74,91.18,52086.0,51778.0,90.84,41.286304,63172.8612,ONS published ITL2
TLJ4,Kent,2013,751835.08203125,23042615.25,29.12,29.23,98.96,46417.0,46333.0,96.34,36.061023999999996,57463.9198,ONS published ITL2
TLK1,"Gloucestershire, Wiltshire and Bath/Bristol area",2013,1242189.13671875,38031158.625,31.240123534071458,31.51396208380044,92.28980730348454,49735.663467333354,49605.015052621675,94.33674744355658,38.438152498140916,61195.24511062078,rebuilt from ITL3 (2025)
TLK2,Dorset and Somerset,2013,622688.46875,18441428.0,25.9470578911111,26.225511851359883,91.01097807622847,39959.053112559144,40866.098391972795,92.31175035211822,32.55422421627092,50134.237953111704,rebuilt from ITL3 (2025)
TLK3,Cornwall and Isles of Scilly,2013,251677.107421875,7419144.10546875,22.92,23.05,89.98,35136.0,34991.0,88.17,28.766606000000003,44096.4621,ONS published ITL2
TLK4,Devon,2013,548513.00390625,15958704.0625,26.08,26.1,95.82,39458.0,39131.0,93.52,31.534361999999998,47710.163199999995,ONS published ITL2
TLL1,West Wales and The Valleys,2013,778224.4596892915,23431531.78225937,24.970426026611314,24.909252843316672,94.14578878087177,39095.3494666827,38747.08087090687,94.43917652578756,30.203849809000936,47289.143655925734,rebuilt from ITL3 (2025)
TLL2,East Wales,2013,552482.0032013335,16764515.655240627,28.769486449822207,28.325555188075004,92.72088604711013,45395.032174264124,44497.62755744944,93.45078596106715,34.27055603199066,54075.10476127222,rebuilt from ITL3 (2025)
TLM5,North Eastern Scotland,2013,297975.875,9557703.0,35.56,35.28,106.91,59307.0,58528.0,107.19,40.230233000000005,67102.0119,ONS published ITL2
TLM6,Highlands and Islands,2013,249698.84606933594,7241306.34765625,28.5727872072044,29.2,91.58408081829262,43088.0,43905.0,94.9,34.893808157880414,52620.152,rebuilt from ITL3 (2025)
TLM7,Eastern Scotland,2013,929378.9931640625,28051704.46875,31.963720283926058,32.14336544192146,87.90843967585037,50168.03238455214,50237.88584136348,89.9388324479203,39.284472493919715,61658.1759187807,rebuilt from ITL3 (2025)
TLM8,West Central Scotland,2013,687706.36328125,21612078.125,29.20267740356913,28.86481934673392,90.96937450876436,47722.094950056155,46177.98741228407,95.37566930099436,35.15705452014879,57452.55035313256,rebuilt from ITL3 (2025)
TLM9,Southern Scotland,2013,376445.453125,11274210.25,28.59,28.88,95.21,44532.0,45094.0,96.34,35.484767000000005,55256.7704,ONS published ITL2
TLN0,Northern Ireland,2013,790006.0234375,25760250.5625,25.39,25.59,89.26,43053.0,42903.0,92.17,31.95508,54190.429800000005,ONS published ITL2
TLC1,Tees Valley and Durham,2014,463438.60546875,14081533.0,27.89928095841465,28.205130634569404,92.13668495718129,44081.268423744405,44088.50434224773,92.83102086922285,32.36476011068773,51136.79022896192,rebuilt from ITL3 (2025)
TLC2,"Northumberland, and Tyne and Wear",2014,650593.3828125,19737540.625,27.705727480180748,27.855622416356645,89.46934076919283,43707.53327478582,43628.98921261219,92.41365895875481,31.77213985421438,50122.55537713692,rebuilt from ITL3 (2025)
TLD1,Cumbria,2014,257828.8046875,7953846.25,26.63,27.14,89.06,42718.0,42488.0,91.65,31.179906000000003,50010.65550000001,ONS published ITL2
TLD3,Greater Manchester,2014,1319222.15625,40714497.25,28.36,28.88,86.08,45517.0,46078.0,86.89,33.312960000000004,53462.54809999999,ONS published ITL2
TLD4,Lancashire,2014,680558.91796875,21467107.375,25.8,26.83,85.64,42320.0,42983.0,89.5,31.34424,51414.17,ONS published ITL2
TLD6,Cheshire,2014,499969.4140625,15498307.5,34.31,33.74,95.78,55309.0,54928.0,96.54,42.315604,68208.4062,ONS published ITL2
TLD7,Merseyside,2014,642821.53125,19738857.25,28.52,28.85,96.73,45541.0,45591.0,98.58,34.571302,55203.8142,ONS published ITL2
TLE1,East Yorkshire and Northern Lincolnshire,2014,403507.8984375,12345804.75,27.1,27.8,85.63,43117.0,43708.0,88.85,32.753475,52106.971,ONS published ITL2
TLE2,North Yorkshire,2014,423314.046875,13005448.75,27.18,27.33,87.39,43429.0,42767.0,91.23,33.435414,53419.726500000004,ONS published ITL2
TLE3,South Yorkshire,2014,586977.1796875,17845201.5,25.7,26.24,93.97,40630.0,40867.0,93.76,30.775175,48656.752,ONS published ITL2
TLE4,West Yorkshire,2014,1082841.6875,33275286.25,27.75,27.69,90.48,44339.0,44289.0,91.3,32.880432000000006,52537.672,ONS published ITL2
TLF1,Derbyshire and Nottinghamshire,2014,979641.98828125,29460021.5,27.89,27.68,102.19,43616.0,43486.0,98.01,34.254088,53558.5446,ONS published ITL2
TLF2,"Leicestershire, Rutland and Northamptonshire",2014,857906.287109375,26689059.03125,28.33,27.86,99.19,45835.0,45251.0,100.68,34.706581,56133.12720000001,ONS published ITL2
TLF3,Lincolnshire,2014,317312.26953125,9578413.1875,26.9,26.45,96.24,42217.0,41952.0,100.04,33.231671999999996,52166.858400000005,ONS published ITL2
TLG1,"Herefordshire, Worcestershire and Warwickshire",2014,656630.818359375,20701519.25,29.12,29.04,90.33,47739.0,47430.0,94.84,34.406697,56398.5028,ONS published ITL2
TLG2,Shropshire and Staffordshire,2014,709463.015625,22018848.8125,25.96,25.88,95.99,41898.0,41489.0,98.15,31.907076000000004,51488.5085,ONS published ITL2
TLG3,West Midlands,2014,1273169.296875,39523927.75,28.28,28.05,97.64,45645.0,45514.0,98.8,34.261876,55311.204,ONS published ITL2
TLH1,East Anglia,2014,1203816.55078125,36480655.125,29.177782106034513,29.267726949845997,92.3926556536163,45978.83248311911,45982.85428674233,94.25805921404334,35.17214277627085,55424.84534655716,rebuilt from ITL3 (2025)
TLH2,Bedfordshire and Hertfordshire,2014,918981.9453125,28257476.125,31.53,31.28,91.17,50412.0,50607.0,92.19,36.869148,58943.520300000004,ONS published ITL2
TLH3,Essex,2014,761237.40234375,22809548.9375,29.81,29.51,97.59,46448.0,46014.0,91.74,36.713358,57201.724799999996,ONS published ITL2
TLI3,Inner London - West,2014,1911548.078125,66349290.0,48.82,48.31,93.83,88124.0,87460.0,95.46,59.844774,108011.0808,ONS published ITL2
TLI4,Inner London - East,2014,1306796.109375,43224037.5,41.97,42.41,103.03,72180.0,73058.0,104.8,51.216212999999996,88083.352,ONS published ITL2
TLI5,Outer London - East and North East,2014,586684.78125,18129052.375,35.28,36.5,103.83,56690.0,57268.0,107.05,42.46647,68240.093,ONS published ITL2
TLI6,Outer London - South,2014,493719.6640625,15203628.5,36.59,36.67,105.4,58586.0,57863.0,110.2,44.15206,70699.912,ONS published ITL2
TLI7,Outer London - West and North West,2014,959622.609375,30047250.75,39.66,39.6,105.06,64582.0,64124.0,105.06,46.299942,75379.4994,ONS published ITL2
TLJ1,"Berkshire, Buckinghamshire and Oxfordshire",2014,1348096.484375,42439357.375,37.54,37.41,91.71,61450.0,61210.0,91.11,42.993648,70377.9195,ONS published ITL2
TLJ2,"Surrey, East and West Sussex",2014,1402473.34765625,42608943.9375,33.75,34.0,90.4,53313.0,53247.0,93.27,40.16472,63449.715599999996,ONS published ITL2
TLJ3,Hampshire and Isle of Wight,2014,967772.208984375,28981590.1875,34.15,34.31,90.53,53185.0,52816.0,91.79,40.991984,63833.519700000004,ONS published ITL2
TLJ4,Kent,2014,769905.228515625,23665168.6875,29.51,29.78,98.5,47172.0,47287.0,96.18,35.8934,57368.484599999996,ONS published ITL2
TLK1,"Gloucestershire, Wiltshire and Bath/Bristol area",2014,1300908.072265625,39336575.875,32.0944282646543,32.135737618265686,93.52403112287361,50464.14643328926,50498.08649826938,94.41662935970744,38.95219933356782,61247.06366035064,rebuilt from ITL3 (2025)
TLK2,Dorset and Somerset,2014,623240.78125,18860173.0,26.7259781559631,26.868769798400045,92.29795965571411,42055.88355666613,41820.823670000136,95.65802050095174,33.014571833518744,51951.58735074626,rebuilt from ITL3 (2025)
TLK3,Cornwall and Isles of Scilly,2014,258909.96020507812,7487216.2890625,23.56,23.6,91.53,35429.0,35902.0,87.98,29.262141,44001.4374,ONS published ITL2
TLK4,Devon,2014,557456.857421875,16242510.4375,26.46,26.49,95.91,40093.0,39893.0,93.75,31.563980999999995,47827.5,ONS published ITL2
TLL1,West Wales and The Valleys,2014,800580.3770765462,23802714.70400361,25.408164795775566,25.359617301586407,95.00224105672282,39282.41608883837,39514.52051361303,94.10460794101637,30.478616808601856,47121.61295044903,rebuilt from ITL3 (2025)
TLL2,East Wales,2014,575122.1248765788,17427088.23349639,28.10642046734461,28.68948149767532,89.42405131178107,44286.732343845084,45150.301410619744,90.00188523051804,33.0520133244943,52079.40545925276,rebuilt from ITL3 (2025)
TLM5,North Eastern Scotland,2014,303627.59375,9841156.25,36.08,35.46,109.17,60815.0,59451.0,110.6,41.080671,69236.70599999999,ONS published ITL2
TLM6,Highlands and Islands,2014,246786.0908203125,7389580.84375,28.983018694799135,29.600000000000005,91.35395892370408,45128.0,44708.0,97.74,34.80613102915941,54194.875199999995,rebuilt from ITL3 (2025)
TLM7,Eastern Scotland,2014,932297.322265625,28260888.46875,33.06134571335791,33.05190244545246,89.25739280943714,52114.100339999546,51914.71665531384,91.71193193929177,39.88729188722688,62873.73628781026,rebuilt from ITL3 (2025)
TLM8,West Central Scotland,2014,747473.91796875,22807850.1875,29.322020463265705,29.55779921709138,89.83743465070737,46524.910314455316,46848.73750171561,91.45228362198317,34.71959222563334,55089.17492489009,rebuilt from ITL3 (2025)
TLM9,Southern Scotland,2014,367693.14453125,10974139.625,30.63,29.55,100.37,47531.0,46354.0,101.21,37.40789900000001,58050.0076,ONS published ITL2
TLN0,Northern Ireland,2014,801810.57421875,26251497.0,25.69,26.23,89.42,43740.0,44026.0,92.7,32.01236,54502.038,ONS published ITL2
TLC1,Tees Valley and Durham,2015,473069.404296875,14071774.125,28.897218245495132,28.734321106792212,95.29019746278327,44697.51470607707,44938.10539916276,93.98856883323799,33.47249125813778,51774.4357795715,rebuilt from ITL3 (2025)
TLC2,"Northumberland, and Tyne and Wear",2015,664253.078125,19939088.125,28.37868670495587,28.440515771768776,91.4151010036103,44296.29006359046,44555.22705082732,93.42609439332865,32.4631136085663,50671.67172754409,rebuilt from ITL3 (2025)
TLD1,Cumbria,2015,258996.546875,7800158.25,28.17,27.78,92.9,44113.0,43580.0,93.33,32.52429,50927.381100000006,ONS published ITL2
TLD3,Greater Manchester,2015,1327651.21875,40334789.25,29.83,29.49,89.92,47127.0,47100.0,89.36,34.799040000000005,54982.3144,ONS published ITL2
TLD4,Lancashire,2015,676135.169921875,20966331.625,27.82,28.0,90.83,44853.0,44652.0,93.32,33.24378,53608.6072,ONS published ITL2
TLD6,Cheshire,2015,511264.265625,16517124.5,32.91,34.07,90.85,55288.0,55989.0,95.43,40.13753,67424.1579,ONS published ITL2
TLD7,Merseyside,2015,648886.4296875,19639056.75,29.65,29.37,99.36,46661.0,46522.0,99.81,35.511264000000004,55892.6019,ONS published ITL2
TLE1,East Yorkshire and Northern Lincolnshire,2015,403765.453125,11999591.0,29.51,28.67,92.87,45601.0,44735.0,93.6,35.522775,54892.655999999995,ONS published ITL2
TLE2,North Yorkshire,2015,439894.0625,13111976.25,27.48,28.02,86.31,42594.0,43493.0,87.42,33.022206000000004,51188.781,ONS published ITL2
TLE3,South Yorkshire,2015,594170.9140625,17877133.0,26.61,26.61,96.27,41626.0,41400.0,95.06,31.528425,49331.387,ONS published ITL2
TLE4,West Yorkshire,2015,1120038.5546875,33866433.0,28.63,28.27,92.42,45009.0,45079.0,91.77,33.585428,52808.1288,ONS published ITL2
TLF1,Derbyshire and Nottinghamshire,2015,1002387.3203125,30743858.625,27.47,28.03,98.71,43807.0,44186.0,96.56,33.087592,52766.177599999995,ONS published ITL2
TLF2,"Leicestershire, Rutland and Northamptonshire",2015,877036.02734375,27548238.5,28.48,28.25,98.44,46516.0,46181.0,100.9,34.444156,56255.78600000001,ONS published ITL2
TLF3,Lincolnshire,2015,319685.22265625,9908265.9375,26.42,26.67,92.05,42583.0,42522.0,98.24,31.784865,51228.2304,ONS published ITL2
TLG1,"Herefordshire, Worcestershire and Warwickshire",2015,663632.099609375,21260856.0625,29.53,29.52,91.23,49190.0,48478.0,97.34,34.749507,57885.177800000005,ONS published ITL2
TLG2,Shropshire and Staffordshire,2015,730137.42578125,22487421.75,26.28,26.4,95.1,42089.0,42342.0,96.5,31.61124,50622.935,ONS published ITL2
TLG3,West Midlands,2015,1306876.6875,41090515.25,28.22,28.89,96.57,46140.0,47030.0,98.97,33.886413000000005,55406.3751,ONS published ITL2
TLH1,East Anglia,2015,1227366.48828125,36524393.0,29.84618567561732,29.924303524428183,92.91103937531403,46184.997659562774,46694.721472034726,93.07966006082809,35.36948168966676,54731.932810822094,rebuilt from ITL3 (2025)
TLH2,Bedfordshire and Hertfordshire,2015,928252.39453125,28733907.625,32.29,31.86,92.06,51984.0,52265.0,93.72,37.229064,59921.7564,ONS published ITL2
TLH3,Essex,2015,785215.103515625,23478867.4375,30.33,30.58,97.14,47158.0,47522.0,91.12,36.544067999999996,56815.142400000004,ONS published ITL2
TLI3,Inner London - West,2015,1960787.3125,67582220.75,49.5,49.8,93.67,88720.0,90225.0,94.64,59.742726000000005,107083.2672,ONS published ITL2
TLI4,Inner London - East,2015,1335649.5234375,43445111.25,43.46,43.14,104.65,73511.0,74185.0,104.69,52.021515,87990.8981,ONS published ITL2
TLI5,Outer London - East and North East,2015,596540.21484375,17988952.625,36.91,36.96,106.16,57884.0,58034.0,106.81,43.419439999999994,68087.1026,ONS published ITL2
TLI6,Outer London - South,2015,498566.0078125,15348520.25,36.68,36.8,103.34,58718.0,58609.0,108.02,43.289126,69301.3112,ONS published ITL2
TLI7,Outer London - West and North West,2015,963277.359375,29399235.5,42.29,40.81,107.71,67122.0,65951.0,104.99,47.467797,75329.2751,ONS published ITL2
TLJ1,"Berkshire, Buckinghamshire and Oxfordshire",2015,1369433.37109375,42955350.0,38.55,37.79,93.46,62876.0,61973.0,92.52,43.814048,71467.074,ONS published ITL2
TLJ2,"Surrey, East and West Sussex",2015,1429370.94140625,42085165.9375,35.54,34.89,94.05,54406.0,54393.0,94.04,41.786415,63973.5312,ONS published ITL2
TLJ3,Hampshire and Isle of Wight,2015,994090.40234375,29070296.8125,35.06,35.16,91.85,53321.0,54018.0,90.93,41.58968,63235.4499,ONS published ITL2
TLJ4,Kent,2015,789105.1015625,23755036.125,30.88,30.51,101.53,48347.0,48305.0,97.08,36.997532,57905.3076,ONS published ITL2
TLK1,"Gloucestershire, Wiltshire and Bath/Bristol area",2015,1312054.419921875,39107266.5625,32.89672969510943,32.842504255790764,94.63689033326455,50987.26104629363,51466.52189840229,94.17625235520644,39.415698535568566,61091.1336531369,rebuilt from ITL3 (2025)
TLK2,Dorset and Somerset,2015,623047.59375,18727102.5,27.45924298952599,27.67769941372404,93.24796482467953,42918.177176472724,42950.85973375429,95.99048954298914,33.354384479540556,52132.150301854505,rebuilt from ITL3 (2025)
TLK3,Cornwall and Isles of Scilly,2015,256055.30322265625,7412760.015625,24.57,24.11,92.88,36980.0,37071.0,89.37,29.693735999999998,44696.61810000001,ONS published ITL2
TLK4,Devon,2015,578092.736328125,16656469.375,26.61,26.98,94.85,39874.0,40723.0,91.68,31.215134999999997,46771.4688,ONS published ITL2
TLL1,West Wales and The Valleys,2015,806824.2328283518,24353454.136148933,25.501625132194608,25.84419291041179,94.51673984681491,40026.98097652095,40467.85931797317,95.0486288220638,30.322858321514584,47594.31867174315,rebuilt from ITL3 (2025)
TLL2,East Wales,2015,581007.5386560232,17461181.551351067,29.079330291414205,29.0643736699183,91.79259276891086,45444.31948817838,45787.040702133556,91.62880185072879,33.92744966015892,53020.81740962847,rebuilt from ITL3 (2025)
TLM5,North Eastern Scotland,2015,298868.265625,9663513.75,35.7,35.02,113.62,60030.0,59122.0,114.83,42.75520600000001,71884.7283,ONS published ITL2
TLM6,Highlands and Islands,2015,243537.8270263672,6910494.64453125,31.153694513269084,30.17,96.87492647975554,45968.0,45642.0,98.22,36.909636147357446,54461.02559999999,rebuilt from ITL3 (2025)
TLM7,Eastern Scotland,2015,933378.12109375,27959283.875,34.38999758322759,34.24599001093872,92.07178673552473,53567.813005613905,53895.59860357748,93.48571821241924,41.14498661123886,64089.76748472559,rebuilt from ITL3 (2025)
TLM8,West Central Scotland,2015,753943.033203125,22278822.9375,30.462798564065107,30.278959968169545,92.5785285941947,46808.729315160126,47539.25715028002,91.26681345378404,35.778946428478264,54977.45110417606,rebuilt from ITL3 (2025)
TLM9,Southern Scotland,2015,372710.8671875,11429573.375,29.55,29.78,95.55,47117.0,47247.0,99.0,35.611485,56782.44,ONS published ITL2
TLN0,Northern Ireland,2015,811122.66015625,25708391.75,27.19,27.02,92.3,44816.0,45196.0,92.64,33.0434,54466.7616,ONS published ITL2
TLC1,Tees Valley and Durham,2016,457571.990234375,13814806.6875,29.573914333690542,29.258730477168683,95.90464290176672,46429.87715173354,45880.5175816063,96.01251111229436,33.68832688585813,52889.342313944704,rebuilt from ITL3 (2025)
TLC2,"Northumberland, and Tyne and Wear",2016,656948.484375,19897171.125,29.067764903384287,28.99979241508886,92.15374129767929,45779.91718607217,45492.60412801584,95.02798596237662,32.7254177959377,51540.49241684944,rebuilt from ITL3 (2025)
TLD1,Cumbria,2016,257742.8359375,7639335.5,28.45,28.26,93.15,43842.0,44344.0,92.11,32.611815,50261.663700000005,ONS published ITL2
TLD3,Greater Manchester,2016,1350701.640625,41799965.5,29.74,30.09,88.32,47859.0,48224.0,89.41,34.17984,55013.07889999999,ONS published ITL2
TLD4,Lancashire,2016,686690.689453125,20662173.6875,29.69,29.21,95.48,46458.0,46224.0,95.18,34.94568,54677.1028,ONS published ITL2
TLD6,Cheshire,2016,523101.375,16578923.0,34.72,34.93,92.44,57226.0,57384.0,95.26,40.839991999999995,67304.0478,ONS published ITL2
TLD7,Merseyside,2016,646248.71484375,19891965.125,29.82,29.78,97.5,47737.0,47273.0,99.61,34.8465,55780.603899999995,ONS published ITL2
TLE1,East Yorkshire and Northern Lincolnshire,2016,414405.171875,12354354.0,29.14,29.18,91.08,45178.0,45511.0,92.08,34.8381,54001.2368,ONS published ITL2
TLE2,North Yorkshire,2016,441711.21875,12958936.0,28.68,28.82,88.99,43759.0,44481.0,88.71,34.047574,51944.1405,ONS published ITL2
TLE3,South Yorkshire,2016,611867.1015625,18008830.0,26.82,26.95,95.69,41051.0,41955.0,92.44,31.338475,47971.738,ONS published ITL2
TLE4,West Yorkshire,2016,1124595.1796875,34830229.75,28.31,28.83,90.46,45595.0,46086.0,92.0,32.873164,52940.48,ONS published ITL2
TLF1,Derbyshire and Nottinghamshire,2016,1006044.044921875,30019795.375,28.89,28.61,101.91,44821.0,45065.0,96.99,34.160232,53001.1554,ONS published ITL2
TLF2,"Leicestershire, Rutland and Northamptonshire",2016,902056.322265625,29061347.5625,27.82,28.68,95.01,46610.0,47073.0,99.87,33.243999,55681.5198,ONS published ITL2
TLF3,Lincolnshire,2016,324991.748046875,10018899.4375,26.47,27.06,91.32,42441.0,43113.0,96.94,31.532795999999998,50550.3324,ONS published ITL2
TLG1,"Herefordshire, Worcestershire and Warwickshire",2016,686148.908203125,21796310.1875,29.19,30.07,88.45,48215.0,49269.0,93.58,33.690605000000005,55649.2186,ONS published ITL2
TLG2,Shropshire and Staffordshire,2016,744373.037109375,22850235.1875,26.81,27.02,95.32,42800.0,43348.0,96.4,31.684368,50570.476,ONS published ITL2
TLG3,West Midlands,2016,1302520.9921875,40982509.0,30.24,29.97,101.11,49484.0,48693.0,103.69,35.479499000000004,58048.772699999994,ONS published ITL2
TLH1,East Anglia,2016,1236116.484375,37043776.4375,30.524692577839662,30.562858373833155,93.200524357454,47567.518840207784,47667.62851120612,94.02707719959206,35.479683166736386,55289.025210480235,rebuilt from ITL3 (2025)
TLH2,Bedfordshire and Hertfordshire,2016,935774.31640625,30698026.625,31.58,32.34,88.12,53869.0,53907.0,95.07,35.635728,60784.9059,ONS published ITL2
TLH3,Essex,2016,802556.8046875,23905469.0,31.29,31.65,97.98,48473.0,49168.0,91.56,36.860076,57089.491200000004,ONS published ITL2
TLI3,Inner London - West,2016,2014184.921875,70894325.5,51.42,51.24,95.11,94119.0,93327.0,98.13,60.66115800000001,111032.1324,ONS published ITL2
TLI4,Inner London - East,2016,1354853.328125,45365421.25,43.66,43.75,103.35,76019.0,75642.0,106.42,51.37528499999999,89444.9458,ONS published ITL2
TLI5,Outer London - East and North East,2016,598821.046875,18200548.375,37.82,37.62,106.23,59779.0,58783.0,107.72,43.44807,68667.1912,ONS published ITL2
TLI6,Outer London - South,2016,512404.078125,15589580.0,37.69,37.22,103.79,59633.0,59337.0,107.21,43.477631,68781.6476,ONS published ITL2
TLI7,Outer London - West and North West,2016,994344.2265625,31134785.75,41.33,41.55,103.63,67288.0,67293.0,103.64,45.669740999999995,74360.6636,ONS published ITL2
TLJ1,"Berkshire, Buckinghamshire and Oxfordshire",2016,1428718.4296875,45244989.875,37.08,38.21,88.42,61067.0,62763.0,88.37,41.451296,68261.4065,ONS published ITL2
TLJ2,"Surrey, East and West Sussex",2016,1454571.72265625,44421155.25,34.54,35.62,89.34,54854.0,55560.0,92.66,39.693762,63034.74479999999,ONS published ITL2
TLJ3,Hampshire and Isle of Wight,2016,989870.07421875,29284453.125,35.49,36.28,90.79,54604.0,55617.0,90.94,41.109712,63242.4042,ONS published ITL2
TLJ4,Kent,2016,814516.1875,24978452.0,30.74,31.38,98.8,49028.0,49539.0,96.24,36.00272,57404.27279999999,ONS published ITL2
TLK1,"Gloucestershire, Wiltshire and Bath/Bristol area",2016,1323115.0859375,40039659.1875,33.32564216086013,33.72118060999605,93.85916186371784,52441.44153625006,52698.67741950665,94.82978205812331,39.09177928177407,61515.071423314934,rebuilt from ITL3 (2025)
TLK2,Dorset and Somerset,2016,630741.296875,18440657.0,28.777367548353368,28.630123129018667,96.17077431884938,43750.14840707151,44207.883110307484,96.29588218278553,34.39986050480595,52298.008139175116,rebuilt from ITL3 (2025)
TLK3,Cornwall and Isles of Scilly,2016,260578.90966796875,7906280.59375,24.18,24.67,89.99,38154.0,38426.0,90.76,28.769802999999996,45391.7988,ONS published ITL2
TLK4,Devon,2016,564705.0546875,16508348.5625,27.72,27.7,97.54,42137.0,41744.0,95.66,32.100414,48801.9056,ONS published ITL2
TLL1,West Wales and The Valleys,2016,808226.2033175322,24386939.22235395,26.29093848287776,26.51338316000966,96.26863895946515,41250.9354991699,41613.251414457016,96.7753365772707,30.88490255487025,48458.94428678634,rebuilt from ITL3 (2025)
TLL2,East Wales,2016,588679.3044949678,17932030.52764605,29.687869559691656,29.57800084833654,92.59834795348947,47025.46278996157,46691.00647900755,93.68853546342191,34.22526474129542,54212.678020978456,rebuilt from ITL3 (2025)
TLM5,North Eastern Scotland,2016,286891.6953125,9396028.5,33.73,34.37,107.42,57447.0,58244.0,109.97,40.422146000000005,68842.3197,ONS published ITL2
TLM6,Highlands and Islands,2016,250180.7939453125,7204600.484375,30.175482907186062,30.72,92.75314799598196,45187.0,46713.0,95.44,35.33922624208767,52919.5712,rebuilt from ITL3 (2025)
TLM7,Eastern Scotland,2016,940370.9619140625,28844273.46875,34.98706723676224,35.37416464681257,92.29253660678962,55804.76424539449,55792.19714210711,95.95712948104163,41.24363518557051,65784.06022370032,rebuilt from ITL3 (2025)
TLM8,West Central Scotland,2016,748273.27734375,22481493.125,30.794574545322142,30.830537830964243,92.48621930940145,48110.787753971636,48495.38298648296,92.70237200383028,35.74327153705775,55842.205191731824,rebuilt from ITL3 (2025)
TLM9,Southern Scotland,2016,378048.3046875,11706185.75,29.39,30.19,93.98,47325.0,48209.0,98.32,35.026346000000004,56392.4192,ONS published ITL2
TLN0,Northern Ireland,2016,823022.31640625,26279675.125,28.21,27.85,94.25,46836.0,46554.0,95.3,33.741499999999995,56030.682,ONS published ITL2
TLC1,Tees Valley and Durham,2017,462339.2265625,14039040.25,29.40854684202467,29.688781281986135,94.27275571849549,46435.8699254256,46642.175117689985,94.92174088527676,33.115095525962516,52288.48187133927,rebuilt from ITL3 (2025)
TLC2,"Northumberland, and Tyne and Wear",2017,667601.671875,20088909.0,29.9148727195661,29.670339643008983,94.11628141978217,46809.00815354506,46471.04363772353,96.423352837233,33.422350384161604,52297.29995206051,rebuilt from ITL3 (2025)
TLD1,Cumbria,2017,252157.6171875,7783552.0,28.4,28.74,92.26,45583.0,45114.0,95.0,32.300225999999995,51838.65,ONS published ITL2
TLD3,Greater Manchester,2017,1381972.1875,42822158.0,31.09,30.8,91.09,50094.0,49510.0,92.32,35.251830000000005,56803.572799999994,ONS published ITL2
TLD4,Lancashire,2017,678276.5625,20200688.3125,31.2,30.14,98.92,48314.0,47486.0,97.6,36.20472,56067.295999999995,ONS published ITL2
TLD6,Cheshire,2017,528886.109375,16512030.0,36.48,35.88,95.07,59217.0,58932.0,96.51,42.001926,68187.2103,ONS published ITL2
TLD7,Merseyside,2017,672477.0078125,20541765.875,29.95,30.12,96.92,47573.0,47837.0,98.26,34.639208,55024.6174,ONS published ITL2
TLE1,East Yorkshire and Northern Lincolnshire,2017,423655.140625,12629593.5,29.89,29.71,90.84,46330.0,46648.0,91.83,34.7463,53854.62179999999,ONS published ITL2
TLE2,North Yorkshire,2017,439196.78125,12836316.25,30.92,29.83,93.75,46997.0,45888.0,93.1,35.86875,54514.705,ONS published ITL2
TLE3,South Yorkshire,2017,602551.9921875,18094374.25,27.84,27.51,97.86,43468.0,42915.0,96.45,32.04915,50052.7275,ONS published ITL2
TLE4,West Yorkshire,2017,1133620.6171875,34786773.75,29.61,29.51,93.01,47247.0,47342.0,93.72,33.799834000000004,53930.2368,ONS published ITL2
TLF1,Derbyshire and Nottinghamshire,2017,1005575.787109375,30905978.25,28.89,29.24,100.19,46174.0,46210.0,98.21,33.583688,53667.836599999995,ONS published ITL2
TLF2,"Leicestershire, Rutland and Northamptonshire",2017,920217.923828125,28691326.25,29.2,29.41,97.21,47342.0,48010.0,98.9,34.013779,55140.706000000006,ONS published ITL2
TLF3,Lincolnshire,2017,335895.1875,10281810.0,27.49,27.91,92.87,43752.0,44277.0,97.9,32.068011,51050.934,ONS published ITL2
TLG1,"Herefordshire, Worcestershire and Warwickshire",2017,716479.80859375,22190269.5,31.23,31.06,92.95,50289.0,50340.0,95.87,35.404655000000005,57011.0129,ONS published ITL2
TLG2,Shropshire and Staffordshire,2017,742563.099609375,23144304.75,27.7,27.81,96.84,44890.0,44562.0,99.44,32.189616,52165.2296,ONS published ITL2
TLG3,West Midlands,2017,1317870.453125,40909393.75,31.34,30.86,103.27,50595.0,49905.0,104.49,36.237443000000006,58496.6367,ONS published ITL2
TLH1,East Anglia,2017,1259188.23046875,37947621.125,31.34677840591646,31.310068084307353,94.37665172176526,49123.59674748538,48947.71897043466,95.74964882004917,35.92741268904518,56301.91754518661,rebuilt from ITL3 (2025)
TLH2,Bedfordshire and Hertfordshire,2017,961825.36328125,31539512.0,33.17,33.03,91.39,56566.0,55471.0,98.56,36.958116,63016.307199999996,ONS published ITL2
TLH3,Essex,2017,813632.390625,24108740.1875,33.54,32.72,103.27,51672.0,50997.0,96.0,38.850173999999996,59857.92,ONS published ITL2
TLI3,Inner London - West,2017,2052887.703125,72468753.25,52.67,52.51,95.67,96685.0,95994.0,99.0,61.01832600000001,112016.52,ONS published ITL2
TLI4,Inner London - East,2017,1378420.4609375,46209604.75,44.87,44.4,104.37,78221.0,76973.0,107.6,51.882327000000004,90436.724,ONS published ITL2
TLI5,Outer London - East and North East,2017,613741.41796875,18030719.375,38.45,38.38,106.49,58743.0,59311.0,104.38,43.55441,66538.0748,ONS published ITL2
TLI6,Outer London - South,2017,526848.828125,16349550.75,36.35,37.76,98.79,58651.0,60162.0,104.09,41.383131000000006,66779.9804,ONS published ITL2
TLI7,Outer London - West and North West,2017,1007374.0078125,31700254.25,41.11,42.16,101.99,67278.0,68483.0,102.51,44.946993,73549.8999,ONS published ITL2
TLJ1,"Berkshire, Buckinghamshire and Oxfordshire",2017,1417487.15625,45221412.625,38.4,39.15,90.29,63695.0,64337.0,90.9,42.327952,70215.705,ONS published ITL2
TLJ2,"Surrey, East and West Sussex",2017,1440308.333984375,42585870.125,37.31,36.61,95.1,57368.0,56973.0,95.49,42.25293,64959.9372,ONS published ITL2
TLJ3,Hampshire and Isle of Wight,2017,967490.03515625,28751920.5625,37.88,37.89,95.49,58536.0,57852.0,96.08,43.237871999999996,66816.9144,ONS published ITL2
TLJ4,Kent,2017,811948.8125,24630607.25,32.26,32.43,102.08,50889.0,51112.0,98.36,37.197951999999994,58668.7892,ONS published ITL2
TLK1,"Gloucestershire, Wiltshire and Bath/Bristol area",2017,1319866.123046875,39622493.375,35.049472773579694,34.501474456048165,97.42686508716804,54713.78413535683,53969.54742200231,97.64859022453868,40.57770632591809,63343.60231226482,rebuilt from ITL3 (2025)
TLK2,Dorset and Somerset,2017,636550.90625,18952563.0,29.882359451751025,29.351394927430132,98.00508225453946,46265.05015692726,45545.99996151133,99.93621245909854,35.055984338242006,54275.0607202868,rebuilt from ITL3 (2025)
TLK3,Cornwall and Isles of Scilly,2017,268817.9190673828,8376950.21484375,24.93,25.58,91.16,40395.0,39990.0,94.43,29.143851999999995,47227.27590000001,ONS published ITL2
TLK4,Devon,2017,576094.47265625,16670353.0,28.55,28.5,99.36,42965.0,42775.0,96.45,32.699376,49204.932,ONS published ITL2
TLL1,West Wales and The Valleys,2017,791927.4568399165,24021734.567034926,27.70642377460995,27.532590103729156,99.61306382167854,43702.14759228916,43230.77171147445,100.66784005408026,31.95786086287165,50408.06289272605,rebuilt from ITL3 (2025)
TLL2,East Wales,2017,595947.5216757085,18182706.182965074,30.17662653550335,30.2754807685949,93.04351337880597,47876.7359950672,47973.371929608686,94.29075524495698,34.389802282967125,54561.15125682033,rebuilt from ITL3 (2025)
TLM5,North Eastern Scotland,2017,294060.546875,9672537.75,32.84,34.17,102.14,56179.0,57744.0,105.01,38.435282,65737.3101,ONS published ITL2
TLM6,Highlands and Islands,2017,247261.6953125,7505202.953125,31.14224545112711,31.63,93.68822637317953,49154.0,48167.0,101.61,35.695493894882595,56340.7128,rebuilt from ITL3 (2025)
TLM7,Eastern Scotland,2017,948417.044921875,28853195.3125,36.77771756083781,36.56068306286485,95.79806392073807,58181.201010519326,57682.38372364444,98.78740286603511,42.810183196765884,67724.37331783818,rebuilt from ITL3 (2025)
TLM8,West Central Scotland,2017,756729.373046875,23193214.875,31.57324940221661,31.61544520517878,93.67456181867786,50320.27241976128,50084.12959827616,95.78355110891569,36.20253183881147,57698.2508580881,rebuilt from ITL3 (2025)
TLM9,Southern Scotland,2017,381805.79296875,11864623.0,30.71,30.82,95.86,49625.0,49357.0,100.64,35.727022000000005,57723.0784,ONS published ITL2
TLN0,Northern Ireland,2017,836204.703125,27226839.0625,28.42,28.52,93.05,48110.0,47882.0,95.94,33.311899999999994,56406.963599999995,ONS published ITL2
TLC1,Tees Valley and Durham,2018,471751.25390625,14198556.8125,30.060002149908286,30.38889916382303,95.16639935963224,47046.08525851742,47250.04310941774,94.97681326714422,33.42900482368984,52318.81898077312,rebuilt from ITL3 (2025)
TLC2,"Northumberland, and Tyne and Wear",2018,678767.73046875,20492150.375,29.422041495052213,30.441114485221515,91.84224062196697,46189.41844578542,46943.01583972205,94.40333795928863,32.614798415618964,51201.7010035588,rebuilt from ITL3 (2025)
TLD1,Cumbria,2018,258723.5390625,7737918.0,29.23,29.32,92.71,45458.0,45354.0,92.49,32.457771,50469.0183,ONS published ITL2
TLD3,Greater Manchester,2018,1431182.9453125,44238272.75,31.4,31.83,90.76,50478.0,50531.0,91.77,35.124120000000005,56465.1633,ONS published ITL2
TLD4,Lancashire,2018,687040.6171875,21144706.625,29.99,30.74,93.12,47990.0,47930.0,94.95,34.081920000000004,54544.977,ONS published ITL2
TLD6,Cheshire,2018,529833.390625,16603767.0,37.1,37.08,95.39,60457.0,60154.0,97.2,42.143302000000006,68674.716,ONS published ITL2
TLD7,Merseyside,2018,669906.23046875,20138376.375,30.86,30.8,98.39,48237.0,48291.0,98.17,35.16458600000001,54974.2183,ONS published ITL2
TLE1,East Yorkshire and Northern Lincolnshire,2018,427391.109375,13205588.25,29.31,30.24,88.13,47088.0,47585.0,92.34,33.709725,54153.716400000005,ONS published ITL2
TLE2,North Yorkshire,2018,448659.015625,13666662.5,29.32,30.99,87.0,46436.0,46929.0,90.05,33.2862,52728.7775,ONS published ITL2
TLE3,South Yorkshire,2018,608139.3515625,18522152.0,27.54,28.17,94.9,43618.0,43679.0,94.86,31.079750000000004,49227.597,ONS published ITL2
TLE4,West Yorkshire,2018,1145965.34375,35708933.0,30.32,30.43,93.78,49137.0,48461.0,95.96,34.079652,55219.22239999999,ONS published ITL2
TLF1,Derbyshire and Nottinghamshire,2018,1018601.1328125,30846190.8125,30.19,30.46,102.28,47542.0,47494.0,98.78,34.284256000000006,53979.3188,ONS published ITL2
TLF2,"Leicestershire, Rutland and Northamptonshire",2018,909697.16796875,28369041.65625,31.0,30.48,101.08,50273.0,48800.0,102.86,35.367892000000005,57348.5644,ONS published ITL2
TLF3,Lincolnshire,2018,332395.35546875,9962853.5,29.39,29.31,96.63,45804.0,45510.0,99.74,33.366338999999996,52010.4204,ONS published ITL2
TLG1,"Herefordshire, Worcestershire and Warwickshire",2018,716226.05078125,22106494.3125,32.45,32.31,94.8,52076.0,51209.0,97.45,36.109320000000004,57950.5915,ONS published ITL2
TLG2,Shropshire and Staffordshire,2018,756818.2421875,23144154.1875,28.85,28.87,98.73,45871.0,45570.0,99.47,32.817852,52180.9673,ONS published ITL2
TLG3,West Midlands,2018,1355677.9453125,41793414.5,31.61,31.66,102.09,50675.0,50282.0,102.58,35.823381000000005,57427.361399999994,ONS published ITL2
TLH1,East Anglia,2018,1266012.23046875,38068681.4375,31.693338477651853,32.34838157387061,93.82060234537165,49556.57300324264,50000.95026604376,94.97446907941789,35.7157351707531,55846.102757586224,rebuilt from ITL3 (2025)
TLH2,Bedfordshire and Hertfordshire,2018,991335.42578125,31524618.875,33.89,34.0,91.6,56043.0,56113.0,95.8,37.04304,61251.64599999999,ONS published ITL2
TLH3,Essex,2018,821021.013671875,25058165.0625,33.39,33.57,100.21,52989.0,52012.0,95.95,37.69900199999999,59826.744000000006,ONS published ITL2
TLI3,Inner London - West,2018,2112204.453125,74565178.5,53.74,54.05,95.98,98653.0,97847.0,99.33,61.216044000000004,112389.9084,ONS published ITL2
TLI4,Inner London - East,2018,1441756.109375,48430414.0,44.13,45.04,100.54,77078.0,77133.0,103.87,49.97843400000001,87301.69630000001,ONS published ITL2
TLI5,Outer London - East and North East,2018,623766.61328125,18341820.125,39.09,38.68,105.76,59766.0,59088.0,103.75,43.25584,66136.475,ONS published ITL2
TLI6,Outer London - South,2018,514242.2578125,15553237.75,39.3,38.9,104.42,61809.0,60850.0,107.22,43.741538,68788.0632,ONS published ITL2
TLI7,Outer London - West and North West,2018,983429.40625,30594601.25,43.51,42.86,106.52,70394.0,68672.0,105.84,46.943364,75939.1416,ONS published ITL2
TLJ1,"Berkshire, Buckinghamshire and Oxfordshire",2018,1412503.8359375,44232281.0,41.19,41.03,95.63,67077.0,66464.0,94.51,44.831344,73004.2495,ONS published ITL2
TLJ2,"Surrey, East and West Sussex",2018,1444389.857421875,43353485.5625,37.55,37.88,93.9,58613.0,58279.0,95.72,41.71977,65116.401600000005,ONS published ITL2
TLJ3,Hampshire and Isle of Wight,2018,970449.75390625,27947337.5,39.96,39.86,99.36,59843.0,59828.0,96.88,44.990208,67373.25839999999,ONS published ITL2
TLJ4,Kent,2018,807640.421875,23973568.125,34.42,33.87,106.41,53128.0,52567.0,100.33,38.775804,59843.8351,ONS published ITL2
TLK1,"Gloucestershire, Wiltshire and Bath/Bristol area",2018,1351880.11328125,40789773.0625,35.02346177282554,35.36496861449044,95.36404980762258,54950.99030170681,54766.77082675679,96.06675592614621,39.71855610546174,62317.483220418544,rebuilt from ITL3 (2025)
TLK2,Dorset and Somerset,2018,657797.015625,19720852.0,29.699074489625247,30.34955940671326,94.98133085314156,46299.898006530275,46531.143771127725,97.52399998052213,33.97440183933816,52964.99527430492,rebuilt from ITL3 (2025)
TLK3,Cornwall and Isles of Scilly,2018,270697.51599121094,7952187.4921875,26.97,27.02,96.03,41197.0,41043.0,93.77,30.700791,46897.1901,ONS published ITL2
TLK4,Devon,2018,577795.708984375,16465517.3125,29.37,29.35,100.0,43517.0,43406.0,95.6,32.91,48771.295999999995,ONS published ITL2
TLL1,West Wales and The Valleys,2018,801936.7547066895,24484491.40206344,27.99608591279616,28.547911059408385,99.39808630321133,44447.93916927771,44383.49513948812,101.10775810254876,31.888891780301126,50628.34592097948,rebuilt from ITL3 (2025)
TLL2,East Wales,2018,611023.7472464355,18764433.84793656,30.54103379936714,31.21577057994108,93.11518680994782,48771.31366798354,49053.82996290961,94.97961512174095,34.416293491611356,54959.75860527484,rebuilt from ITL3 (2025)
TLM5,North Eastern Scotland,2018,284614.3984375,9173754.75,34.98,34.89,104.6,58623.0,57747.0,105.38,39.36098,65968.9338,ONS published ITL2
TLM6,Highlands and Islands,2018,248834.8699951172,7306231.2734375,32.40674367195569,33.03,95.52705442581833,49479.0,49024.0,100.22,36.39609287159135,55569.98559999999,rebuilt from ITL3 (2025)
TLM7,Eastern Scotland,2018,952802.275390625,28699436.78125,37.93901564150321,37.93272023565637,97.21484367018586,59423.74118070696,58983.79539091889,99.25523939706463,43.44331290879755,68045.10182127026,rebuilt from ITL3 (2025)
TLM8,West Central Scotland,2018,754596.28515625,23495782.4375,31.82807450760039,32.588091029230704,92.86068428941893,51533.419253149485,51284.8169176053,96.46194911228086,35.88799151330748,58106.905347576394,rebuilt from ITL3 (2025)
TLM9,Southern Scotland,2018,373154.1328125,11272206.5,32.4,32.05,98.99,50888.0,50266.0,101.02,36.893573,57941.0312,ONS published ITL2
TLN0,Northern Ireland,2018,846506.53515625,27365229.875,29.08,29.31,93.15,48890.0,48776.0,95.36,33.3477,56065.958399999996,ONS published ITL2
TLC1,Tees Valley and Durham,2019,470321.59375,14440293.8125,30.598109663174093,31.16179738569291,94.88637039664702,48851.62912946334,47927.684555999615,96.60236538607457,33.33063933316592,53214.268766131936,rebuilt from ITL3 (2025)
TLC2,"Northumberland, and Tyne and Wear",2019,669557.94921875,19996282.0,31.81659060670656,31.46156120585317,97.31735027228491,49410.36541678749,47562.57429998051,98.9532109101089,34.55910635431073,53669.423432320196,rebuilt from ITL3 (2025)
TLD1,Cumbria,2019,266789.7578125,7967359.75,29.99,29.93,93.07,46565.0,45674.0,92.72,32.583807,50594.5224,ONS published ITL2
TLD3,Greater Manchester,2019,1463426.8671875,45556173.25,31.82,33.04,90.04,51511.0,51643.0,91.68,34.84548000000001,56409.787200000006,ONS published ITL2
TLD4,Lancashire,2019,703790.828125,21594105.5625,30.51,31.7,92.76,48684.0,48615.0,94.3,33.950160000000004,54171.578,ONS published ITL2
TLD6,Cheshire,2019,542585.21875,17519989.0,36.97,38.33,92.4,62082.0,61167.0,97.01,40.822320000000005,68540.4753,ONS published ITL2
TLD7,Merseyside,2019,696856.5859375,21829747.0,30.21,31.79,94.11,49205.0,49019.0,97.84,33.634914,54789.4216,ONS published ITL2
TLE1,East Yorkshire and Northern Lincolnshire,2019,423431.8828125,13193258.75,31.3,31.53,90.18,50709.0,49322.0,95.29,34.49385,55883.773400000005,ONS published ITL2
TLE2,North Yorkshire,2019,440757.546875,12877915.0,32.26,32.75,93.65,49016.0,48259.0,92.98,35.83049,54444.439000000006,ONS published ITL2
TLE3,South Yorkshire,2019,615475.546875,18453508.75,28.78,29.06,96.83,44868.0,44691.0,95.29,31.711824999999997,49450.745500000005,ONS published ITL2
TLE4,West Yorkshire,2019,1159455.3828125,36024927.5,30.86,31.51,93.41,49861.0,49583.0,95.3,33.945194,54839.432,ONS published ITL2
TLF1,Derbyshire and Nottinghamshire,2019,1031574.826171875,31382372.6875,30.87,31.85,101.78,48832.0,48900.0,98.75,34.116656000000006,53962.925,ONS published ITL2
TLF2,"Leicestershire, Rutland and Northamptonshire",2019,944898.1953125,29202049.5625,30.98,31.49,98.65,49782.0,49367.0,99.48,34.517635000000006,55464.0792,ONS published ITL2
TLF3,Lincolnshire,2019,331844.486328125,10057072.75,30.56,30.85,98.73,48161.0,46876.0,103.04,34.091469000000004,53731.23840000001,ONS published ITL2
TLG1,"Herefordshire, Worcestershire and Warwickshire",2019,724628.5,22097258.4375,33.06,33.42,94.08,52423.0,51922.0,95.55,35.835072000000004,56820.718499999995,ONS published ITL2
TLG2,Shropshire and Staffordshire,2019,762543.92578125,23280325.75,29.58,30.09,98.59,46960.0,46763.0,99.16,32.771316,52018.344399999994,ONS published ITL2
TLG3,West Midlands,2019,1373390.015625,42314814.0,31.77,32.36,99.76,50907.0,50250.0,100.18,35.005784000000006,56083.769400000005,ONS published ITL2
TLH1,East Anglia,2019,1263331.14453125,38638683.375,33.041866980071596,33.6382717706281,95.80538449312435,52550.03850589723,51321.04580742084,98.64470055621041,36.47130432921812,58004.24195208583,rebuilt from ITL3 (2025)
TLH2,Bedfordshire and Hertfordshire,2019,1000619.28125,32199938.125,34.5,35.16,91.35,57732.0,56636.0,96.69,36.941939999999995,61820.685300000005,ONS published ITL2
TLH3,Essex,2019,824388.740234375,24979118.9375,34.19,34.48,100.07,53876.0,52779.0,95.12,37.646333999999996,59309.2224,ONS published ITL2
TLI3,Inner London - West,2019,2174947.921875,76111799.5,54.75,55.68,95.88,99629.0,99182.0,98.35,61.152263999999995,111281.05799999999,ONS published ITL2
TLI4,Inner London - East,2019,1451078.421875,47593491.75,45.96,45.95,103.03,78391.0,76990.0,103.92,51.216212999999996,87343.7208,ONS published ITL2
TLI5,Outer London - East and North East,2019,634378.00390625,18789817.5,39.34,38.79,104.24,60598.0,58620.0,103.01,42.634159999999994,65664.7546,ONS published ITL2
TLI6,Outer London - South,2019,510444.125,15612591.25,40.18,39.9,104.76,63905.0,61068.0,108.79,43.883964000000006,69795.3124,ONS published ITL2
TLI7,Outer London - West and North West,2019,982354.78125,30812863.5,44.16,43.11,106.06,72029.0,67691.0,106.25,46.740642,76233.3125,ONS published ITL2
TLJ1,"Berkshire, Buckinghamshire and Oxfordshire",2019,1456323.6015625,45792958.25,42.07,43.24,95.95,68785.0,68851.0,95.21,44.98136,73544.96449999999,ONS published ITL2
TLJ2,"Surrey, East and West Sussex",2019,1497066.857421875,45161358.1875,37.81,39.39,92.34,59315.0,59589.0,94.6,41.02666200000001,64354.488,ONS published ITL2
TLJ3,Hampshire and Isle of Wight,2019,986805.326171875,28819240.25,41.38,41.73,100.31,62844.0,61692.0,99.18,45.420367999999996,68972.74740000001,ONS published ITL2
TLJ4,Kent,2019,827490.76953125,25674177.1875,33.89,35.01,102.2,54683.0,53671.0,100.72,37.241679999999995,60076.458399999996,ONS published ITL2
TLK1,"Gloucestershire, Wiltshire and Bath/Bristol area",2019,1396699.7265625,41746613.25,35.94672648763676,36.39681478167574,95.61391996586747,55870.285578679854,55708.616890447076,95.41456042534669,39.822625531197644,61894.41093296925,rebuilt from ITL3 (2025)
TLK2,Dorset and Somerset,2019,654774.828125,20074257.5,30.125671265712178,31.54349760308694,94.53102517923074,48027.23582419997,47700.58506630226,99.25704999127207,33.81332949197723,53906.20959742372,rebuilt from ITL3 (2025)
TLK3,Cornwall and Isles of Scilly,2019,266755.8068847656,7737227.30859375,28.54,28.64,99.59,43039.0,42187.0,96.01,31.838923,48017.4813,ONS published ITL2
TLK4,Devon,2019,580553.978515625,16665788.75,30.08,30.33,100.78,44897.0,44203.0,97.05,33.166698,49511.028,ONS published ITL2
TLL1,West Wales and The Valleys,2019,802566.078654761,23800509.06999838,30.171090343816097,29.559790452138024,103.85835698786839,46526.43698863454,45177.636605335996,102.61299968606907,33.319835719603944,51382.075338140676,rebuilt from ITL3 (2025)
TLL2,East Wales,2019,609864.470173364,18623631.61750162,31.995525495504847,32.43079097689497,95.50170098751302,50807.00924173921,50108.12512251095,96.86673394993139,35.29837272240984,56051.736027207706,rebuilt from ITL3 (2025)
TLM5,North Eastern Scotland,2019,287320.2109375,9077166.0,35.91,35.92,105.8,58986.0,57897.0,104.48,39.812540000000006,65405.52480000001,ONS published ITL2
TLM6,Highlands and Islands,2019,253784.48071289062,7083540.8671875,34.956467434283226,34.72,100.22938570306592,50736.0,49741.0,99.96000000000001,38.18769512404639,55425.8208,rebuilt from ITL3 (2025)
TLM7,Eastern Scotland,2019,971316.2900390625,29223761.4375,38.971928245341,38.99044212057636,97.26402828444786,60972.033481783124,59764.559631012395,99.19230095213427,43.46529250066864,68001.95394394133,rebuilt from ITL3 (2025)
TLM8,West Central Scotland,2019,759610.09765625,23170052.8125,33.780459727201176,33.835377571309756,96.33937024568561,53580.30651894628,52496.93749393481,98.03677167752772,37.23240387717573,59055.54951846612,rebuilt from ITL3 (2025)
TLM9,Southern Scotland,2019,376599.7734375,11674624.0,32.13,33.14,95.95,51800.0,50901.0,100.49,35.76056500000001,57637.04439999999,ONS published ITL2
TLN0,Northern Ireland,2019,870494.04296875,28391549.6875,29.68,30.52,92.79,50337.0,49958.0,95.83,33.21882,56342.290199999996,ONS published ITL2
TLC1,Tees Valley and Durham,2020,476717.65625,12946493.8125,33.52396481448254,32.251540140011166,98.45149537959462,47342.33243147395,49060.41180540237,88.65761892044148,34.582957179106884,48837.83479361639,rebuilt from ITL3 (2025)
TLC2,"Northumberland, and Tyne and Wear",2020,658705.28125,17502587.75,33.10174612026368,32.6799792456404,95.09883605851054,45736.75678223223,48416.600832129545,86.03295756228023,33.77127285444803,46661.843370998206,rebuilt from ITL3 (2025)
TLD1,Cumbria,2020,261168.640625,7075924.75,31.0,30.92,92.15,43677.0,46580.0,83.28,32.261715,45443.3976,ONS published ITL2
TLD3,Greater Manchester,2020,1443992.7890625,39538011.5,36.72,34.78,97.41,52279.0,53462.0,87.25,37.69767,53684.0525,ONS published ITL2
TLD4,Lancashire,2020,703952.603515625,18907205.1875,33.61,33.23,95.9,46945.0,50027.0,85.34,35.0994,49024.41640000001,ONS published ITL2
TLD6,Cheshire,2020,538184.171875,15273944.0,40.78,40.14,98.05,60188.0,62593.0,90.49,43.318490000000004,63933.899699999994,ONS published ITL2
TLD7,Merseyside,2020,684014.2265625,18562600.125,34.45,33.35,98.59,48613.0,50338.0,88.8,35.23606600000001,49727.112,ONS published ITL2
TLE1,East Yorkshire and Northern Lincolnshire,2020,420763.3125,11795542.75,32.75,33.35,90.33,47747.0,51326.0,85.88,34.551225,50365.184799999995,ONS published ITL2
TLE2,North Yorkshire,2020,434280.265625,11001356.0,35.88,34.78,99.24,47267.0,50064.0,85.42,37.969224,50017.681000000004,ONS published ITL2
TLE3,South Yorkshire,2020,615132.15625,17085685.25,30.83,30.19,97.09,44530.0,46060.0,88.51,31.796975000000003,45932.264500000005,ONS published ITL2
TLE4,West Yorkshire,2020,1135484.671875,31755700.75,33.65,32.92,95.36,48929.0,51085.0,87.57,34.65382400000001,50391.28079999999,ONS published ITL2
TLF1,Derbyshire and Nottinghamshire,2020,1008039.9140625,27563353.9375,35.16,33.3,109.32,49990.0,50506.0,95.33,36.644064,52094.0318,ONS published ITL2
TLF2,"Leicestershire, Rutland and Northamptonshire",2020,941062.2734375,25971142.90625,33.12,32.6,98.89,47525.0,50245.0,89.05,34.601611000000005,49648.937000000005,ONS published ITL2
TLF3,Lincolnshire,2020,337676.224609375,9013324.0625,33.07,32.38,99.85,45908.0,48050.0,91.77,34.478204999999996,47854.3842,ONS published ITL2
TLG1,"Herefordshire, Worcestershire and Warwickshire",2020,709607.0390625,19507410.9375,35.69,34.66,98.47,51013.0,52951.0,90.15,37.507223,53609.50050000001,ONS published ITL2
TLG2,Shropshire and Staffordshire,2020,750673.484375,20779748.625,31.97,31.41,100.42,46013.0,48104.0,91.58,33.379608000000005,48041.9522,ONS published ITL2
TLG3,West Midlands,2020,1354540.203125,37160089.0,33.67,33.25,99.15,48025.0,50624.0,88.66,34.791735,49634.5278,ONS published ITL2
TLH1,East Anglia,2020,1284614.42578125,34342844.9375,36.272125547000414,35.25365525152265,99.14226614245653,50424.29372357604,52714.04799280528,89.22797563731856,37.74159228628082,52467.09715351256,rebuilt from ITL3 (2025)
TLH2,Bedfordshire and Hertfordshire,2020,997621.29296875,27934049.625,37.38,36.65,94.35,54423.0,57418.0,86.89,38.155139999999996,55554.8593,ONS published ITL2
TLH3,Essex,2020,825363.33984375,22366909.6875,35.18,35.46,97.24,49570.0,53888.0,82.67,36.58168799999999,51546.3984,ONS published ITL2
TLI3,Inner London - West,2020,2111574.9375,67420508.25,58.97,57.93,98.39,97915.0,101407.0,92.09,62.753142,104197.9932,ONS published ITL2
TLI4,Inner London - East,2020,1440396.015625,42840885.0,47.66,47.02,100.25,73717.0,77213.0,91.69,49.834275,77064.5281,ONS published ITL2
TLI5,Outer London - East and North East,2020,619278.390625,17176805.375,37.46,38.9,94.03,54034.0,58411.0,87.02,38.45827,55471.7692,ONS published ITL2
TLI6,Outer London - South,2020,512889.765625,13668485.125,41.47,40.81,101.8,57474.0,60840.0,92.11,42.64402,59094.0916,ONS published ITL2
TLI7,Outer London - West and North West,2020,982123.234375,26562497.75,43.35,43.02,97.59,60962.0,66152.0,84.3,43.007913,60484.407,ONS published ITL2
TLJ1,"Berkshire, Buckinghamshire and Oxfordshire",2020,1424405.46484375,40725552.125,47.7,45.43,104.43,70921.0,71320.0,94.23,48.956784000000006,72787.96350000001,ONS published ITL2
TLJ2,"Surrey, East and West Sussex",2020,1429477.513671875,38212479.4375,43.49,41.27,100.8,60455.0,61372.0,91.51,44.78544,62252.4228,ONS published ITL2
TLJ3,Hampshire and Isle of Wight,2020,969915.638671875,25601014.5625,44.85,43.37,103.67,61556.0,63384.0,92.65,46.941776,64431.5895,ONS published ITL2
TLJ4,Kent,2020,828066.13671875,22137741.375,38.52,36.08,110.68,53548.0,54698.0,93.99,40.331792,56062.215299999996,ONS published ITL2
TLK1,"Gloucestershire, Wiltshire and Bath/Bristol area",2020,1382984.72265625,38336702.75,37.62758068102589,37.89322125733674,95.23197272759505,54238.41804700205,57270.33950036658,88.13643611933088,39.66354679195312,57173.169074183665,rebuilt from ITL3 (2025)
TLK2,Dorset and Somerset,2020,639572.25,16605054.75,35.20479948560688,33.20885885109774,104.85960560713609,47528.6981133191,49083.053414215516,93.23917021119011,37.50781701637449,50637.91692918785,rebuilt from ITL3 (2025)
TLK3,Cornwall and Isles of Scilly,2020,269805.5194091797,6780257.771484375,31.2,30.15,102.26,40774.0,43563.0,85.42,32.692522,42721.1046,ONS published ITL2
TLK4,Devon,2020,578168.447265625,15135392.5,31.03,31.37,96.96,42239.0,45374.0,85.15,31.909535999999992,43440.124,ONS published ITL2
TLL1,West Wales and The Valleys,2020,791673.7306039236,21855383.792199586,30.801626387776963,30.44355205455093,99.59761059411332,44216.99203280917,45794.77484536048,91.60445847765958,31.952903158756705,45869.69683381833,rebuilt from ITL3 (2025)
TLL2,East Wales,2020,593470.4217398264,16299561.582800414,35.50058423803727,34.00853788817798,101.72590455341656,50700.902296832086,51572.14719912953,92.79849113121928,37.59889988682277,53697.65570189293,rebuilt from ITL3 (2025)
TLM5,North Eastern Scotland,2020,275288.7421875,7850895.25,37.81,36.9,106.99,56072.0,58278.0,95.37,40.260337,59702.5737,ONS published ITL2
TLM6,Highlands and Islands,2020,253399.69116210938,6177765.578125,37.716066282702364,36.23,102.30668171949942,47814.0,50366.0,89.12000000000002,38.97915110675559,49415.257600000004,rebuilt from ITL3 (2025)
TLM7,Eastern Scotland,2020,968819.14453125,26575186.3125,40.59456542980503,40.27821708237271,94.85488477710275,57903.50404862031,60873.36040763679,88.19492136907272,42.38869584854761,60462.625863707886,rebuilt from ITL3 (2025)
TLM8,West Central Scotland,2020,771530.48828125,21000052.375,35.92306736555511,35.44442532812969,95.40780451404879,50844.50711345076,53881.826632494194,86.6363389173867,36.87238043639564,52188.138343269515,rebuilt from ITL3 (2025)
TLM9,Southern Scotland,2020,373702.046875,9846485.75,36.17,34.5,100.57,49558.0,51656.0,89.53,37.482439,51350.826799999995,ONS published ITL2
TLN0,Northern Ireland,2020,867587.57421875,25242725.1875,32.11,32.26,93.18,48578.0,51690.0,85.85,33.35844,50474.649,ONS published ITL2
TLC1,Tees Valley and Durham,2021,485498.7890625,14611511.4375,31.649223570842473,33.44408332739944,94.84758962733686,49530.57790419953,51226.97574862804,94.65337529264711,33.317016851564645,52140.65030720828,rebuilt from ITL3 (2025)
TLC2,"Northumberland, and Tyne and Wear",2021,671440.70703125,19375094.625,32.94568388763253,33.9970739451937,96.88640871580151,49435.39806037182,50679.661558444226,95.1869817654179,34.40607141201798,51626.727244389665,rebuilt from ITL3 (2025)
TLD1,Cumbria,2021,252115.1875,7546212.75,30.53,32.63,91.34,47518.0,49379.0,91.2,31.978134,49765.10400000001,ONS published ITL2
TLD3,Greater Manchester,2021,1472233.71875,44796747.75,34.54,36.61,93.35,54646.0,56678.0,92.91,36.12645,57166.5939,ONS published ITL2
TLD4,Lancashire,2021,682569.646484375,19808788.75,35.32,35.08,102.15,53303.0,53224.0,98.22,37.386900000000004,56423.4612,ONS published ITL2
TLD6,Cheshire,2021,534034.9375,15654352.5,41.82,42.07,101.2,63751.0,65603.0,96.46,44.71016,68151.8838,ONS published ITL2
TLD7,Merseyside,2021,697830.28125,20096205.75,34.91,35.03,102.37,52279.0,52981.0,97.85,36.587038,54795.021499999995,ONS published ITL2
TLE1,East Yorkshire and Northern Lincolnshire,2021,426840.140625,12760206.75,35.88,35.67,100.23,55770.0,54801.0,101.61,38.337975,59590.2006,ONS published ITL2
TLE2,North Yorkshire,2021,439534.328125,12197531.5,36.64,36.59,101.48,52879.0,53422.0,95.69,38.826248,56031.279500000004,ONS published ITL2
TLE3,South Yorkshire,2021,611843.578125,18361454.5,30.66,31.57,98.57,47852.0,48698.0,97.08,32.28167499999999,50379.666,ONS published ITL2
TLE4,West Yorkshire,2021,1145613.3046875,35062802.75,33.48,34.6,96.65,53289.0,53911.0,97.13,35.12261,55892.487199999996,ONS published ITL2
TLF1,Derbyshire and Nottinghamshire,2021,1007796.88671875,29492071.4375,34.41,34.41,108.71,52366.0,52726.0,101.46,36.439592000000005,55443.83159999999,ONS published ITL2
TLF2,"Leicestershire, Rutland and Northamptonshire",2021,950121.216796875,28737360.21875,33.08,33.82,100.19,52022.0,52637.0,98.88,35.056481000000005,55129.555199999995,ONS published ITL2
TLF3,Lincolnshire,2021,333775.375,9604824.375,33.56,33.62,102.03,50225.0,50161.0,101.1,35.230959000000006,52719.606,ONS published ITL2
TLG1,"Herefordshire, Worcestershire and Warwickshire",2021,697581.18359375,21066991.6875,34.11,36.29,95.66,53567.0,55712.0,96.21,36.436894,57213.200699999994,ONS published ITL2
TLG2,Shropshire and Staffordshire,2021,768729.755859375,23152212.625,32.77,32.47,104.27,51325.0,50551.0,103.46,34.659348,54274.081399999995,ONS published ITL2
TLG3,West Midlands,2021,1357411.375,39560875.5,34.01,34.27,101.93,51536.0,52488.0,96.83,35.767237,54208.338899999995,ONS published ITL2
TLH1,East Anglia,2021,1251707.98046875,36511553.75,36.12967411154256,36.80558369054617,100.14073371091861,54801.78209423678,55448.928348678244,98.33696192693826,38.12169007248456,57823.28802542118,rebuilt from ITL3 (2025)
TLH2,Bedfordshire and Hertfordshire,2021,1001545.62109375,30574835.375,37.18,38.34,94.58,59026.0,60117.0,94.96,38.248152,60714.57519999999,ONS published ITL2
TLH3,Essex,2021,811207.921875,23785439.875,37.12,37.04,103.56,56595.0,57368.0,95.26,38.959272,59396.5152,ONS published ITL2
TLI3,Inner London - West,2021,2189983.109375,74531942.5,58.73,60.5,97.08,103929.0,105984.0,96.85,61.917623999999996,109583.83799999999,ONS published ITL2
TLI4,Inner London - East,2021,1448902.71875,45970908.0,47.23,48.46,99.93,77927.0,79749.0,97.5,49.675203,81947.775,ONS published ITL2
TLI5,Outer London - East and North East,2021,616460.9296875,17825652.875,39.53,39.54,101.42,59444.0,60193.0,97.85,41.480779999999996,62375.460999999996,ONS published ITL2
TLI6,Outer London - South,2021,504610.125,14484346.0,40.65,41.94,101.15,60681.0,62351.0,98.57,42.371735,63238.5692,ONS published ITL2
TLI7,Outer London - West and North West,2021,961159.6875,28724583.25,40.63,43.26,93.14,63141.0,67018.0,88.9,41.046797999999995,63784.861000000004,ONS published ITL2
TLJ1,"Berkshire, Buckinghamshire and Oxfordshire",2021,1426281.79296875,43169781.25,46.77,46.71,104.25,73611.0,74121.0,99.57,48.872400000000006,76912.8465,ONS published ITL2
TLJ2,"Surrey, East and West Sussex",2021,1428564.861328125,41456495.125,41.65,43.1,97.36,62855.0,64316.0,95.96,43.257048,65279.6688,ONS published ITL2
TLJ3,Hampshire and Isle of Wight,2021,959581.646484375,27474817.25,43.9,44.87,102.29,65359.0,66131.0,99.15,46.316912,68951.8845,ONS published ITL2
TLJ4,Kent,2021,844799.73828125,25226867.25,35.26,36.67,102.45,54747.0,56583.0,97.17,37.33278,57958.9899,ONS published ITL2
TLK1,"Gloucestershire, Wiltshire and Bath/Bristol area",2021,1362116.439453125,40181760.1875,39.5300175341656,39.90428954139753,100.31544960072077,60638.028596856275,60802.05440436797,98.80021202198856,41.780784491100434,64090.64712862172,rebuilt from ITL3 (2025)
TLK2,Dorset and Somerset,2021,640746.859375,18770544.0,33.668740558511516,34.591728855327794,100.28959598923876,51288.569698363965,51682.59322530332,100.62032948973867,35.873144794228544,54646.6026515259,rebuilt from ITL3 (2025)
TLK3,Cornwall and Isles of Scilly,2021,274591.3156738281,7906139.466796875,30.88,31.32,101.79,46229.0,46187.0,97.41,32.542263000000005,48717.6633,ONS published ITL2
TLK4,Devon,2021,586499.67578125,16433354.375,33.4,32.74,106.26,48660.0,48249.0,99.88,34.970166,50954.7808,ONS published ITL2
TLL1,West Wales and The Valleys,2021,799467.6766468526,23279418.984272756,30.38544315340203,31.400885002982385,99.82943454738998,46008.71943716112,47530.73775439314,96.84681168591896,32.02727691415849,48494.734483239044,rebuilt from ITL3 (2025)
TLL2,East Wales,2021,609375.2100718974,17947775.828227244,33.81979217495096,35.49857661783106,97.51867644742663,51796.46628382728,54084.07337580438,95.39951397779508,36.04386679026202,55202.73221321993,rebuilt from ITL3 (2025)
TLM5,North Eastern Scotland,2021,270486.6640625,8202102.75,37.13,37.57,105.14,58543.0,59934.0,99.65,39.564182,62381.8965,ONS published ITL2
TLM6,Highlands and Islands,2021,247751.05993652344,6798000.796875,36.251957795918976,37.57,99.90630901733365,51725.0,52747.0,97.95000000000002,38.06460194244213,54311.316000000006,rebuilt from ITL3 (2025)
TLM7,Eastern Scotland,2021,982368.0888671875,29504411.75,39.6551966868844,42.016092997007476,93.86434676434993,61932.15124298808,63894.58428301845,95.55725082499465,41.94604479638863,65509.920701876006,rebuilt from ITL3 (2025)
TLM8,West Central Scotland,2021,757102.998046875,22764566.875,36.25839280026454,37.12865220107554,98.76680066579515,56691.287328369435,57185.2169278616,99.07505357817696,38.17053612315964,59680.991453657596,rebuilt from ITL3 (2025)
TLM9,Southern Scotland,2021,373751.3203125,11018959.75,34.04,35.48,96.84,52192.0,53671.0,96.46,36.092268000000004,55325.5976,ONS published ITL2
TLN0,Northern Ireland,2021,838998.3125,25705588.9375,34.87,34.33,102.95,55559.0,55077.0,99.88,36.8561,58723.447199999995,ONS published ITL2
TLC1,Tees Valley and Durham,2022,477039.298828125,14386373.875,35.126898830502334,34.80931235034721,100.0,55085.8858926066,53790.50968506628,100.0,35.126898830502334,55085.8858926066,rebuilt from ITL3 (2025)
TLC2,"Northumberland, and Tyne and Wear",2022,665337.15234375,19541740.5,35.5117625558213,35.169781389994405,100.0,54237.17223393043,53069.494532515295,100.0,35.5117625558213,54237.17223393043,rebuilt from ITL3 (2025)
TLD1,Cumbria,2022,251725.6953125,7545903.25,35.01,34.73,100.0,54567.0,52629.0,100.0,35.01,54567.0,ONS published ITL2
TLD3,Greater Manchester,2022,1480567.34375,45264303.0,38.7,38.58,100.0,61529.0,60146.0,100.0,38.7,61529.0,ONS published ITL2
TLD4,Lancashire,2022,689069.056640625,20798040.6875,36.6,36.5,100.0,57446.0,56295.0,100.0,36.6,57446.0,ONS published ITL2
TLD6,Cheshire,2022,534766.328125,16446303.0,44.18,43.73,100.0,70653.0,68936.0,100.0,44.18,70653.0,ONS published ITL2
TLD7,Merseyside,2022,707945.39453125,21330452.125,35.74,36.49,100.0,55999.0,55659.0,100.0,35.74,55999.0,ONS published ITL2
TLE1,East Yorkshire and Northern Lincolnshire,2022,426405.6875,12573851.875,38.25,37.51,100.0,58646.0,57665.0,100.0,38.25,58646.0,ONS published ITL2
TLE2,North Yorkshire,2022,439964.125,12948372.0,38.26,37.72,100.0,58555.0,56595.0,100.0,38.26,58555.0,ONS published ITL2
TLE3,South Yorkshire,2022,625461.0546875,19057762.5,32.75,32.9,100.0,51895.0,51356.0,100.0,32.75,51895.0,ONS published ITL2
TLE4,West Yorkshire,2022,1172275.203125,35699421.5,36.34,36.27,100.0,57544.0,56776.0,100.0,36.34,57544.0,ONS published ITL2
TLF1,Derbyshire and Nottinghamshire,2022,1041748.931640625,32663230.0,33.52,35.16,100.0,54646.0,54755.0,100.0,33.52,54646.0,ONS published ITL2
TLF2,"Leicestershire, Rutland and Northamptonshire",2022,964686.505859375,29564012.25,34.99,35.06,100.0,55754.0,55320.0,100.0,34.99,55754.0,ONS published ITL2
TLF3,Lincolnshire,2022,336404.70703125,9769113.5,34.53,34.52,100.0,52146.0,52088.0,100.0,34.53,52146.0,ONS published ITL2
TLG1,"Herefordshire, Worcestershire and Warwickshire",2022,711118.81640625,21351927.5,38.09,38.23,100.0,59467.0,59038.0,100.0,38.09,59467.0,ONS published ITL2
TLG2,Shropshire and Staffordshire,2022,773117.330078125,23466901.3125,33.24,33.16,100.0,52459.0,52650.0,100.0,33.24,52459.0,ONS published ITL2
TLG3,West Midlands,2022,1359614.6875,41713162.25,35.09,35.18,100.0,55983.0,54693.0,100.0,35.09,55983.0,ONS published ITL2
TLH1,East Anglia,2022,1257237.296875,37345521.8125,38.06811540100395,38.12190446154045,100.0,58801.1739353737,58026.304448318704,100.0,38.06811540100395,58801.1739353737,rebuilt from ITL3 (2025)
TLH2,Bedfordshire and Hertfordshire,2022,985263.57421875,29957898.875,40.44,40.01,100.0,63937.0,63057.0,100.0,40.44,63937.0,ONS published ITL2
TLH3,Essex,2022,812887.123046875,25910871.125,37.62,38.41,100.0,62352.0,61116.0,100.0,37.62,62352.0,ONS published ITL2
TLI3,Inner London - West,2022,2247384.828125,76667607.5,63.78,63.04,100.0,113148.0,110926.0,100.0,63.78,113148.0,ONS published ITL2
TLI4,Inner London - East,2022,1550612.4296875,50421698.0,49.71,49.88,100.0,84049.0,82868.0,100.0,49.71,84049.0,ONS published ITL2
TLI5,Outer London - East and North East,2022,646318.78125,19371800.0,40.9,40.24,100.0,63746.0,62460.0,100.0,40.9,63746.0,ONS published ITL2
TLI6,Outer London - South,2022,529571.421875,15597857.5,41.89,43.26,100.0,64156.0,64538.0,100.0,41.89,64156.0,ONS published ITL2
TLI7,Outer London - West and North West,2022,975341.7578125,30538524.75,44.07,44.24,100.0,71749.0,69496.0,100.0,44.07,71749.0,ONS published ITL2
TLJ1,"Berkshire, Buckinghamshire and Oxfordshire",2022,1444946.19140625,45786141.625,46.88,47.45,100.0,77245.0,76612.0,100.0,46.88,77245.0,ONS published ITL2
TLJ2,"Surrey, East and West Sussex",2022,1434252.923828125,42231876.5625,44.43,44.86,100.0,68028.0,67395.0,100.0,44.43,68028.0,ONS published ITL2
TLJ3,Hampshire and Isle of Wight,2022,961163.802734375,28389231.8125,45.28,46.23,100.0,69543.0,68745.0,100.0,45.28,69543.0,ONS published ITL2
TLJ4,Kent,2022,840228.05859375,26451620.875,36.44,37.41,100.0,59647.0,58811.0,100.0,36.44,59647.0,ONS published ITL2
TLK1,"Gloucestershire, Wiltshire and Bath/Bristol area",2022,1397217.970703125,41849361.1875,41.64940161998759,41.64243809813292,100.0,64868.93683422256,64111.212093420276,100.0,41.64940161998759,64868.93683422256,rebuilt from ITL3 (2025)
TLK2,Dorset and Somerset,2022,658206.515625,19218642.0,35.76955759007922,35.775821941269314,100.0,54309.7035446488,54067.51483779894,100.0,35.76955759007922,54309.7035446488,rebuilt from ITL3 (2025)
TLK3,Cornwall and Isles of Scilly,2022,270569.71447753906,8140085.16796875,31.97,32.22,100.0,50013.0,48621.0,100.0,31.97,50013.0,ONS published ITL2
TLK4,Devon,2022,601946.451171875,17942819.625,32.91,33.77,100.0,51016.0,50948.0,100.0,32.91,51016.0,ONS published ITL2
TLL1,West Wales and The Valleys,2022,807004.8653570615,24222594.776608687,32.081997718773856,32.304259146338126,100.0,50073.65099484213,49417.69158591251,100.0,32.081997718773856,50073.65099484213,rebuilt from ITL3 (2025)
TLL2,East Wales,2022,597347.7010491885,17984347.535891313,36.96098850325728,37.06422280628547,100.0,57864.79397166401,56892.34196823604,100.0,36.96098850325728,57864.79397166401,rebuilt from ITL3 (2025)
TLM5,North Eastern Scotland,2022,271990.75,8701892.75,37.63,38.12,100.0,62601.0,62082.0,100.0,37.63,62601.0,ONS published ITL2
TLM6,Highlands and Islands,2022,255466.14331054688,7149695.00390625,38.10029848649294,38.79999999999999,100.0,55448.0,55411.0,100.0,38.10029848649294,55448.0,rebuilt from ITL3 (2025)
TLM7,Eastern Scotland,2022,985770.7421875,29082092.625,44.68794195275847,43.96690762819978,100.0,68555.67749835343,67375.17091778717,100.0,44.68794195275847,68555.67749835343,rebuilt from ITL3 (2025)
TLM8,West Central Scotland,2022,777516.78125,23305631.0625,38.64713230138965,38.662743599570575,100.0,60238.16217930706,60451.06252829772,100.0,38.64713230138965,60238.16217930706,rebuilt from ITL3 (2025)
TLM9,Southern Scotland,2022,370594.921875,10969057.0,37.27,36.54,100.0,57356.0,56054.0,100.0,37.27,57356.0,ONS published ITL2
TLN0,Northern Ireland,2022,862349.2734375,27232202.3125,35.8,35.95,100.0,58794.0,58155.0,100.0,35.8,58794.0,ONS published ITL2
TLC1,Tees Valley and Durham,2023,489793.646484375,14610916.9375,37.973371271755546,35.631009988160784,99.74548188006796,58904.27617525408,55554.40029019795,98.6643758185727,35.03749450800851,54350.14548007149,rebuilt from ITL3 (2025)
TLC2,"Northumberland, and Tyne and Wear",2023,687566.67578125,20370274.75,37.800372299795,35.99141852750415,98.02753280949798,58234.652462262056,54971.980616698034,98.88004891652515,34.81130469063874,53629.74243585041,rebuilt from ITL3 (2025)
TLD1,Cumbria,2023,256061.0,7217624.25,40.12,36.25,105.57,58802.0,54964.0,99.27,36.960057,54168.660899999995,ONS published ITL2
TLD3,Greater Manchester,2023,1496904.2734375,44642078.375,43.23,39.77,102.64,67038.0,62480.0,100.13,39.72168,61608.9877,ONS published ITL2
TLD4,Lancashire,2023,698801.7109375,21361793.875,38.78,37.25,97.33,61641.0,58379.0,98.58,35.622780000000006,56630.2668,ONS published ITL2
TLD6,Cheshire,2023,551499.640625,17289507.0,46.26,44.58,96.48,75411.0,71292.0,98.35,42.624863999999995,69487.2255,ONS published ITL2
TLD7,Merseyside,2023,703584.0859375,20827479.5,39.99,37.33,103.01,61563.0,57573.0,101.2,36.815774000000005,56670.988,ONS published ITL2
TLE1,East Yorkshire and Northern Lincolnshire,2023,426415.40625,12756751.375,40.11,38.56,97.49,62399.0,59638.0,98.9,37.289925,58000.894,ONS published ITL2
TLE2,North Yorkshire,2023,462666.7890625,14096036.75,38.82,38.18,92.98,61504.0,58686.0,96.26,35.574148,56365.043000000005,ONS published ITL2
TLE3,South Yorkshire,2023,616512.7890625,18665042.75,36.21,33.77,101.81,57006.0,53222.0,101.16,33.342775,52496.982,ONS published ITL2
TLE4,West Yorkshire,2023,1177480.9609375,35320268.5,40.08,37.33,101.47,62522.0,58776.0,99.95,36.874198,57515.227999999996,ONS published ITL2
TLF1,Derbyshire and Nottinghamshire,2023,1038949.109375,31009176.25,38.23,35.62,104.77,59334.0,56135.0,99.73,35.118904,54498.4558,ONS published ITL2
TLF2,"Leicestershire, Rutland and Northamptonshire",2023,962432.013671875,29894745.125,37.97,35.85,99.8,61327.0,57330.0,101.16,34.92002,56400.746399999996,ONS published ITL2
TLF3,Lincolnshire,2023,337218.88671875,10160087.625,36.07,34.98,96.67,56506.0,53569.0,100.3,33.380151,52302.437999999995,ONS published ITL2
TLG1,"Herefordshire, Worcestershire and Warwickshire",2023,707192.00390625,20980482.0,43.64,39.61,104.97,67324.0,61567.0,103.72,39.983073000000005,61679.1724,ONS published ITL2
TLG2,Shropshire and Staffordshire,2023,764488.0234375,24716157.875,33.95,33.44,94.21,57080.0,54138.0,100.34,31.315403999999997,52637.36060000001,ONS published ITL2
TLG3,West Midlands,2023,1416196.640625,43165430.0,37.14,35.72,97.62,58863.0,56319.0,96.98,34.254858000000006,54292.3134,ONS published ITL2
TLH1,East Anglia,2023,1285103.4375,38470721.0,40.80312443478494,38.91764604622955,98.46174347795198,63516.85759541243,60026.23205849067,99.22897065550264,37.48253013302724,58347.79962942303,rebuilt from ITL3 (2025)
TLH2,Bedfordshire and Hertfordshire,2023,990893.8125,30565232.5,43.34,41.01,99.14,69520.0,65293.0,100.57,40.092216,64301.4409,ONS published ITL2
TLH3,Essex,2023,796404.125,24957349.0625,42.22,39.41,103.62,68807.0,63904.0,101.87,38.981844,63517.9824,ONS published ITL2
TLI3,Inner London - West,2023,2312293.90625,78651142.0,68.02,64.56,98.04,120315.0,114335.0,97.76,62.529912,110613.4848,ONS published ITL2
TLI4,Inner London - East,2023,1595251.4609375,51407913.5,53.73,50.89,99.63,90035.0,85340.0,98.74,49.526073,82989.9826,ONS published ITL2
TLI5,Outer London - East and North East,2023,653857.42578125,20532689.5,41.18,40.76,92.49,67244.0,64363.0,96.9,37.82840999999999,61769.874,ONS published ITL2
TLI6,Outer London - South,2023,515927.2109375,14696424.5,48.58,44.4,106.3,71954.0,66693.0,102.8,44.529070000000004,65952.368,ONS published ITL2
TLI7,Outer London - West and North West,2023,972872.390625,29437865.75,48.48,45.23,102.23,76288.0,71974.0,98.8,45.052761000000004,70888.012,ONS published ITL2
TLJ1,"Berkshire, Buckinghamshire and Oxfordshire",2023,1485572.26953125,47488090.0,48.82,47.65,96.11,81143.0,78153.0,96.96,45.056368,74896.752,ONS published ITL2
TLJ2,"Surrey, East and West Sussex",2023,1437516.380859375,41517688.125,49.27,45.89,101.92,73996.0,69492.0,99.97,45.283055999999995,68007.5916,ONS published ITL2
TLJ3,Hampshire and Isle of Wight,2023,980521.38671875,27642588.5625,50.52,47.17,102.54,74065.0,70602.0,97.87,46.43011200000001,68061.7341,ONS published ITL2
TLJ4,Kent,2023,859746.8359375,26125259.0,40.46,37.86,101.62,63932.0,60473.0,98.09,37.030328,58507.742300000005,ONS published ITL2
TLK1,"Gloucestershire, Wiltshire and Bath/Bristol area",2023,1405711.42578125,41978930.0625,45.49735795648159,42.800388103046,100.39612485489018,70652.04093674765,66382.42171322975,100.09847710840577,41.8143852517174,64932.81788747047,rebuilt from ITL3 (2025)
TLK2,Dorset and Somerset,2023,658911.09375,19697168.5,38.113696167747065,36.34975912832344,97.84337844677923,59246.32160565099,55721.644344848304,100.17235888280413,34.99814360159986,54403.311142932595,rebuilt from ITL3 (2025)
TLK3,Cornwall and Isles of Scilly,2023,275877.6170654297,8091152.51171875,34.35,32.74,98.82,52382.0,50265.0,96.34,31.592753999999996,48182.5242,ONS published ITL2
TLK4,Devon,2023,582988.673828125,17440268.6875,36.55,34.5,102.01,56857.0,52963.0,102.38,33.571490999999995,52230.1808,ONS published ITL2
TLL1,West Wales and The Valleys,2023,803440.1999158445,23801186.84773237,35.117049809846726,32.99319732781878,100.8414897271846,54096.15816578183,50926.55743604532,99.52674436527019,32.351964433852935,49836.6746199941,rebuilt from ITL3 (2025)
TLL2,East Wales,2023,601477.4387560305,17818948.08976763,41.00642384410902,38.02484237603875,101.77832020084887,63171.03039723755,58867.42469077897,100.14989767224137,37.618273228244135,57951.53195087479,rebuilt from ITL3 (2025)
TLM5,North Eastern Scotland,2023,272088.1875,8836012.5,39.94,38.48,98.29,67449.0,63818.0,99.76,36.986527,62450.757600000004,ONS published ITL2
TLM6,Highlands and Islands,2023,249163.7354736328,6971774.6328125,42.80973467075903,39.68,102.90266280946443,62288.0,57545.0,102.87999999999998,39.20622168095531,57044.90239999999,rebuilt from ITL3 (2025)
TLM7,Eastern Scotland,2023,987562.1318359375,29198001.40625,48.90089150439948,45.44890286602397,100.39554222902429,75181.12445787442,70019.74529915825,100.61283746486009,44.86470163446349,68975.812374352,rebuilt from ITL3 (2025)
TLM8,West Central Scotland,2023,755112.681640625,23616841.1875,42.245162181103886,39.65534299743447,99.89282369782015,68705.32059955415,63037.946940252936,104.23012026768909,38.60571173409046,62786.30888653735,rebuilt from ITL3 (2025)
TLM9,Southern Scotland,2023,385836.9765625,11832870.5,38.15,37.01,93.86,60834.0,57801.0,97.25,34.981622,55778.71,ONS published ITL2
TLN0,Northern Ireland,2023,878169.0293327137,27777294.875,38.87,36.88,99.51,63930.0,60285.0,99.68,35.62458,58605.859200000006,ONS published ITL2
