id,name,status,last_updated,n_geo_types,itl2_type,itl3_type,lad_2023,nuts2_types,note,n_periods,itl2_first,itl2_last,itl2_n_periods,itl2_note
NM_18_1,Jobseeker's Allowance by age and duration with proportions,Current (being actively updated),2026-09-15,49,True,True,True,nuts 2010 level 2,,416.0,1992-01,2026-08,416,
NM_185_1,Regional gross disposable household income (GDHI) at current basic prices,Current (being actively updated),2025-10-16,8,True,True,True,,,28.0,1997,2024,28,
NM_2400_1,UK small area gross value added estimates,Current (being actively updated),2025-10-16,11,True,True,True,,,26.0,1998,2023,26,
NM_52_1,claimant count denominators - residents aged 16 to 64,Current (being actively updated),,82,True,True,True,nuts 2016 level 2; nuts 2013 level 2; nuts 2010 level 2,,56.0,2011,2026,16,
NM_162_1,Claimant count by sex and age,Current (being actively updated),2026-09-15,67,True,True,True,nuts 2016 level 2; nuts 2013 level 2,,488.0,2026-01,2026-08,8,
NM_1_1,Jobseeker's Allowance with rates and proportions,Current (being actively updated),2026-09-15,122,True,True,True,nuts 2016 level 2; nuts 2013 level 2; nuts 2010 level 2; nuts 2003 level 2,,519.0,2026-01,2026-08,8,
NM_4_1,Jobseeker's Allowance by age and duration,Current (being actively updated),2026-09-15,118,True,True,True,nuts 2016 level 2; nuts 2013 level 2; nuts 2010 level 2; nuts 2003 level 2,,495.0,2026-01,2026-08,8,
NM_141_1,UK Business Counts - local units by industry and employment size band,Current (being actively updated),2026-09-24,38,True,True,True,nuts 2013 level 2; nuts 2010 level 2,,17.0,2025,2026,2,
NM_142_1,UK Business Counts - enterprises by industry and employment size band,Current (being actively updated),2026-09-24,38,True,True,True,nuts 2013 level 2; nuts 2010 level 2,,17.0,2025,2026,2,
NM_17_1,annual population survey,Current (being actively updated),2026-07-21,70,True,True,True,nuts 2016 level 2; nuts 2013 level 2; nuts 2010 level 2; nuts 2003 level 2,,86.0,2025-12,2026-03,2,
NM_17_5,annual population survey (variables (percentages)),Current (being actively updated),2026-07-21,70,True,True,True,nuts 2016 level 2; nuts 2013 level 2; nuts 2010 level 2; nuts 2003 level 2,,86.0,2025-12,2026-03,2,
NM_199_1,UK Business Counts - enterprises by industry and turnover size band,Current (being actively updated),2026-09-24,38,True,True,True,nuts 2013 level 2; nuts 2010 level 2,,17.0,2025,2026,2,
NM_1000_1,LC4604EW - Tenure by occupation - Household Reference Persons,Current (being actively updated),2014-01-23,22,False,False,False,,,,,,0,
NM_1001_1,LC4605EW - Tenure by NS-SeC - Household Reference Persons,Current (being actively updated),2014-01-23,22,False,False,False,,,,,,0,
NM_1002_1,LC6101EW - NS-SeC by sex by age - Household Reference Persons,Current (being actively updated),2014-01-23,22,False,False,False,,,,,,0,
NM_1003_1,LC2603EW - Proficiency in English by economic activity,Current (being actively updated),2014-02-26,22,False,False,False,,,,,,0,
NM_1004_1,LC2604EW - Proficiency in English by industry,Current (being actively updated),2014-02-26,22,False,False,False,,,,,,0,
NM_1005_1,LC2610WA - Ability to speak Welsh by year last worked,Current (being actively updated),2014-02-26,16,False,False,False,,,,,,0,
NM_1006_1,LC2611WA - Ability to speak Welsh by industry,Current (being actively updated),2014-02-26,16,False,False,False,,,,,,0,
NM_1007_1,LC2612WA - Ability to speak Welsh by occupation,Current (being actively updated),2014-02-26,16,False,False,False,,,,,,0,
NM_1008_1,LC2613WA - Ability to speak Welsh by NS-SeC,Current (being actively updated),2014-02-26,16,False,False,False,,,,,,0,
NM_100_1,annual population survey - workplace analysis,Current (being actively updated),2026-07-21,19,False,False,True,,,,,,0,
NM_1010_1,LC6108EW - Economic activity of full-time students by student accommodation,Current (being actively updated),2014-02-26,22,False,False,False,,,,,,0,
NM_1011_1,LC6109EW - Hours worked by sex,Current (being actively updated),2014-02-26,22,False,False,False,,,,,,0,
NM_1017_1,LC6115EW - NS-SeC of Household Reference Person by household composition,Current (being actively updated),2014-02-26,22,False,False,False,,,,,,0,
NM_101_1,Jobseeker's Allowance off-flows by reason and occupation,Current (being actively updated),2026-01-20,89,False,False,False,nuts 2016 level 2; nuts 2013 level 2; nuts 2010 level 2; nuts 2003 level 2,,,,,0,
NM_1020_1,LC6118EW - Industry by sex,Current (being actively updated),2014-02-26,22,False,False,False,,,,,,0,
NM_1021_1,LC6119EW - Former industry by sex,Current (being actively updated),2014-02-26,22,False,False,False,,,,,,0,
NM_1022_1,LC6210EW - Economic activity by country of birth,Current (being actively updated),2014-02-26,22,False,False,False,,,,,,0,
NM_1023_1,LC6211EW - Industry by ethnic group,Current (being actively updated),2014-02-26,22,False,False,False,,,,,,0,
NM_1024_1,LC6212EW - Industry by religion,Current (being actively updated),2014-02-26,22,False,False,False,,,,,,0,
NM_1025_1,LC6213EW - Occupation by ethnic group,Current (being actively updated),2014-02-26,22,False,False,False,,,,,,0,
NM_1026_1,LC6214EW - Occupation by religion,Current (being actively updated),2014-02-26,22,False,False,False,,,,,,0,
NM_1027_1,LC6215EW - Economic activity by passports held,Current (being actively updated),2014-02-26,22,False,False,False,,,,,,0,
NM_1028_1,LC6401EW - Economic activity by living arrangements,Current (being actively updated),2014-02-26,22,False,False,False,,,,,,0,
NM_1029_1,LC6601EW - Occupation by economic activity,Current (being actively updated),2014-02-26,22,False,False,False,,,,,,0,
NM_102_1,"Jobseeker's Allowance off-flows by reason, occupation, age and duration",Current (being actively updated),2026-01-20,87,False,False,False,nuts 2016 level 2; nuts 2013 level 2; nuts 2010 level 2; nuts 2003 level 2,,,,,0,
NM_1030_1,LC6602EW - Industry by economic activity,Current (being actively updated),2014-02-26,22,False,False,False,,,,,,0,
NM_1031_1,LC6605EW - Occupation by hours worked,Current (being actively updated),2014-02-26,22,False,False,False,,,,,,0,
NM_1032_1,LC6606EW - NS-SeC by economic activity,Current (being actively updated),2014-02-26,22,False,False,False,,,,,,0,
NM_1034_1,LC5103EW - Highest level of qualification by household composition,Current (being actively updated),2014-02-26,22,False,False,False,,,,,,0,
NM_1035_1,LC5104EW - Highest level of qualification by number of children,Current (being actively updated),2014-02-26,22,False,False,False,,,,,,0,
NM_1036_1,LC5106EW - Highest level of qualification by family type,Current (being actively updated),2014-02-26,22,False,False,False,,,,,,0,
NM_1037_1,LC5202EW - Highest level of qualification by ethnic group,Current (being actively updated),2014-02-26,22,False,False,False,,,,,,0,
NM_1038_1,LC5203EW - Highest level of qualification by country of birth,Current (being actively updated),2014-02-26,22,False,False,False,,,,,,0,
NM_1039_1,LC5204EW - Highest level of qualification by religion,Current (being actively updated),2014-02-26,22,False,False,False,,,,,,0,
NM_103_1,benefit claimants - working age clients for small areas,Current (being actively updated),2017-05-17,3,False,False,False,,,,,,0,
NM_1040_1,LC5206EW - Highest level of qualification by passports held,Current (being actively updated),2014-02-26,22,False,False,False,,,,,,0,
NM_1041_1,LC5208EW - Highest level of qualification by main language,Current (being actively updated),2014-02-26,22,False,False,False,,,,,,0,
NM_1042_1,LC5301EW - Highest level of qualification by long-term health problem or disability,Current (being actively updated),2014-02-26,22,False,False,False,,,,,,0,
NM_1043_1,LC5601EW - Highest level of qualification by economic activity,Current (being actively updated),2014-02-26,23,False,False,False,,,,,,0,
NM_1044_1,LC5801EW - Highest level of qualification by year of arrival in the UK,Current (being actively updated),2014-02-26,22,False,False,False,,,,,,0,
NM_1045_1,LC5802EW - Highest level of qualification by length of residence in the UK,Current (being actively updated),2014-02-26,22,False,False,False,,,,,,0,
NM_1046_1,LC6107EW - Economic Activity by sex by age,Current (being actively updated),2014-02-26,22,False,False,False,,,,,,0,
NM_1047_1,LC6110EW - Industry by age,Current (being actively updated),2014-02-26,22,False,False,False,,,,,,0,
NM_1048_1,LC6111EW - Former industry by age,Current (being actively updated),2014-02-26,22,False,False,False,,,,,,0,
NM_1049_1,LC6112EW - Occupation by age,Current (being actively updated),2014-02-26,22,False,False,False,,,,,,0,
NM_1050_1,LC6113EW - Former occupation by age,Current (being actively updated),2014-02-26,22,False,False,False,,,,,,0,
NM_1051_1,LC6114EW - NS-SeC by age,Current (being actively updated),2014-02-26,22,False,False,False,,,,,,0,
NM_1052_1,LC6116EW - Year last worked by age,Current (being actively updated),2014-02-26,22,False,False,False,,,,,,0,
NM_1053_1,LC6117EW - Hours worked by age,Current (being actively updated),2014-02-26,22,False,False,False,,,,,,0,
NM_1054_1,LC6120EW - Occupation by sex,Current (being actively updated),2014-02-26,22,False,False,False,,,,,,0,
NM_1055_1,LC6121EW - NS-SeC by sex,Current (being actively updated),2014-02-26,22,False,False,False,,,,,,0,
NM_1056_1,LC6122EW - Year last worked by sex,Current (being actively updated),2014-02-26,22,False,False,False,,,,,,0,
NM_1057_1,LC6123EW - Former occupation by sex,Current (being actively updated),2014-02-26,22,False,False,False,,,,,,0,
NM_1058_1,LC5102EW - Highest level of qualification by age,Current (being actively updated),2014-02-26,22,False,False,False,,,,,,0,
NM_1059_1,LC5107EW - Highest level of qualification by sex,Current (being actively updated),2014-02-26,22,False,False,False,,,,,,0,
NM_105_1,benefit claimants - working age client group,Current (being actively updated),2017-05-17,15,False,False,False,,,,,,0,
NM_1060_1,LC4109EW - Car or van availability by sex by age,Current (being actively updated),2014-03-26,22,False,False,False,,,,,,0,
NM_1061_1,LC4110EW - Car or van availability by household composition,Current (being actively updated),2014-03-26,22,False,False,False,,,,,,0,
NM_1062_1,LC4415EW - Accommodation type by car or van availability by number of usual residents aged 17 or over in household,Current (being actively updated),2014-03-26,22,False,False,False,,,,,,0,
NM_1063_1,LC4416EW - Tenure by car or van availability by number of usual residents aged 17 or over in household,Current (being actively updated),2014-03-26,22,False,False,False,,,,,,0,
NM_1064_1,LC4417EW - Tenure by car or van availability by religion,Current (being actively updated),2014-03-26,22,False,False,False,,,,,,0,
NM_1065_1,LC4609EW - Car or van availability by economic activity,Current (being actively updated),2014-03-26,22,False,False,False,,,,,,0,
NM_1066_1,LC4610EW - Car or van availability by employment status,Current (being actively updated),2014-03-26,22,False,False,False,,,,,,0,
NM_1067_1,LC7101EW - Method of travel to work (2001 specification) by age,Current (being actively updated),2014-03-26,22,False,False,False,,,,,,0,
NM_1068_1,LC7102EW - Distance travelled to work by age,Current (being actively updated),2014-03-26,22,False,False,False,,,,,,0,
NM_1069_1,LC7201EW - Method of travel to work (2001 specification) by ethnic group,Current (being actively updated),2014-03-26,22,False,False,False,,,,,,0,
NM_106_1,benefit payments - incapacity benefit / severe disablement,Current (being actively updated),2019-05-14,13,False,False,False,,,,,,0,
NM_1070_1,LC7202EW - Distance travelled to work by ethnic group,Current (being actively updated),2014-03-26,22,False,False,False,,,,,,0,
NM_1071_1,LC7401EW - Method of travel to work (2001 specification) by car or van availability,Current (being actively updated),2014-03-26,22,False,False,False,,,,,,0,
NM_1072_1,LC7402EW - Distance travelled to work by car or van availability,Current (being actively updated),2014-03-26,22,False,False,False,,,,,,0,
NM_1073_1,LC7501EW - Method of travel to work (2001 specification) by highest level of qualification,Current (being actively updated),2014-03-26,22,False,False,False,,,,,,0,
NM_1074_1,LC7502EW - Distance travelled to work by highest level of qualification,Current (being actively updated),2014-03-26,22,False,False,False,,,,,,0,
NM_1075_1,LC7601EW - Method of travel to work (2001 specification) by hours worked,Current (being actively updated),2014-03-26,22,False,False,False,,,,,,0,
NM_1076_1,LC7602EW - Method of travel to work (2001 specification) by industry,Current (being actively updated),2014-03-26,22,False,False,False,,,,,,0,
NM_1077_1,LC7603EW - Method of travel to work (2001 specification) by occupation,Current (being actively updated),2014-03-26,22,False,False,False,,,,,,0,
NM_1078_1,LC7604EW - Method of travel to work (2001 specification) by NS-SeC,Current (being actively updated),2014-03-26,22,False,False,False,,,,,,0,
NM_1079_1,LC7605EW - Distance travelled to work by hours worked,Current (being actively updated),2014-03-26,22,False,False,False,,,,,,0,
NM_107_1,benefit claimants - IB/SDA for small areas,Current (being actively updated),2019-05-14,3,False,False,False,,,,,,0,
NM_1080_1,LC7606EW - Distance travelled to work by industry,Current (being actively updated),2014-03-26,22,False,False,False,,,,,,0,
NM_1081_1,LC7607EW - Distance travelled to work by occupation,Current (being actively updated),2014-03-26,22,False,False,False,,,,,,0,
NM_1082_1,LC7608EW - Distance travelled to work by NS-SeC,Current (being actively updated),2014-03-26,22,False,False,False,,,,,,0,
NM_1083_1,LC7701EW - Method of travel to work (2001 specification) by distance travelled to work,Current (being actively updated),2014-03-26,22,False,False,False,,,,,,0,
NM_1084_1,LC7103EW - Method of travel to work (2001 specification) by sex,Current (being actively updated),2014-03-26,22,False,False,False,,,,,,0,
NM_1085_1,LC7104EW - Distance travelled to work by sex,Current (being actively updated),2014-03-26,22,False,False,False,,,,,,0,
NM_1086_1,LC1105EW - Residence type by sex by age,Current (being actively updated),2014-04-09,22,False,False,False,,,,,,0,
NM_1087_1,LC2109EWls - Ethnic group by age,Current (being actively updated),2014-04-09,8,False,False,False,,,,,,0,
NM_1088_1,LC2110EWls - National identity by age,Current (being actively updated),2014-04-09,8,False,False,False,,,,,,0,
NM_1089_1,LC2404EWls - Ethnic group by occupancy rating (bedrooms),Current (being actively updated),2014-04-09,8,False,False,False,,,,,,0,
NM_108_1,benefit claimants - income support for small areas,Current (being actively updated),2019-05-14,3,False,False,False,,,,,,0,
NM_1090_1,LC2405EWls - Ethnic group by occupancy rating (rooms),Current (being actively updated),2014-04-09,8,False,False,False,,,,,,0,
NM_1091_1,LC2602EW - Proficiency in English by occupation,Current (being actively updated),2014-04-09,22,False,False,False,,,,,,0,
NM_1092_1,LC3101EWls - Long term health problem or disability by sex by age,Current (being actively updated),2014-04-09,8,False,False,False,,,,,,0,
NM_1093_1,LC4411EW - Student accommodation by age,Current (being actively updated),2014-04-09,22,False,False,False,,,,,,0,
NM_1094_1,LC5605EWls - Highest level of qualification by economic activity by age,Current (being actively updated),2014-04-09,8,False,False,False,,,,,,0,
NM_1095_1,LC2120EW - Religion by accommodation type,Current (being actively updated),2014-05-23,22,False,False,False,,,,,,0,
NM_1096_1,LC2121EW - Ethnic group by accommodation type,Current (being actively updated),2014-05-23,22,False,False,False,,,,,,0,
NM_1097_1,LC3403EW - General health by long-term health problem or disability by occupancy rating (rooms),Current (being actively updated),2014-05-23,22,False,False,False,,,,,,0,
NM_1098_1,LC3404EW - General health by long-term health problem or disability by occupancy rating (bedrooms),Current (being actively updated),2014-05-23,22,False,False,False,,,,,,0,
NM_1099_1,LC3405EW - Long-term health problem or disability by car or van availability by sex,Current (being actively updated),2014-05-23,22,False,False,False,,,,,,0,
NM_109_1,benefit claimants - pension credits for small areas,Current (being actively updated),2019-05-14,3,False,False,False,,,,,,0,
NM_10_1,Jobseeker's Allowance flows,Current (being actively updated),2026-01-20,99,False,False,False,nuts 2016 level 2; nuts 2013 level 2; nuts 2010 level 2; nuts 2003 level 2,,,,,0,
NM_1101_1,DC2501WAla - Highest level of qualification by Welsh language skills by age,Current (being actively updated),2013-12-19,4,False,False,False,,,,,,0,
NM_1102_1,DC5102EW - Highest level of qualification by sex by age,Current (being actively updated),2013-12-19,8,False,False,False,,,,,,0,
NM_1103_1,DC5103EW - Highest level of qualification by household composition,Current (being actively updated),2013-12-19,8,False,False,False,,,,,,0,
NM_1104_1,DC5104EWla - Highest level of qualification by number of dependent children by hours worked by sex,Current (being actively updated),2013-12-19,5,False,False,False,,,,,,0,
NM_1105_1,DC5106EW - Highest level of qualification by family type,Current (being actively updated),2013-12-19,8,False,False,False,,,,,,0,
NM_1106_1,DC5107EWla - Highest level of qualification by sex by age,Current (being actively updated),2013-12-19,5,False,False,False,,,,,,0,
NM_1107_1,DC5202EW - Highest level of qualification by ethnic group by age,Current (being actively updated),2013-12-19,8,False,False,False,,,,,,0,
NM_1108_1,DC5203EW - Highest level of qualification by country of birth by age,Current (being actively updated),2013-12-19,8,False,False,False,,,,,,0,
NM_1109_1,DC5204EW - Highest level of qualification by religion by age,Current (being actively updated),2013-12-19,8,False,False,False,,,,,,0,
NM_110_1,benefit claimants - disability living allowance for small areas,Current (being actively updated),2019-05-14,3,False,False,False,,,,,,0,
NM_1110_1,DC5205EWr - Highest level of qualification by country of birth by age (regional),Current (being actively updated),2013-12-19,2,False,False,False,,,,,,0,
NM_1111_1,DC5206EW - Highest level of qualification by passports held by age,Current (being actively updated),2013-12-19,8,False,False,False,,,,,,0,
NM_1112_1,DC5207EWr - Highest level of qualification by passports held by age (regional),Current (being actively updated),2013-12-19,2,False,False,False,,,,,,0,
NM_1113_1,DC5208EW - Highest level of qualification by main language,Current (being actively updated),2013-12-19,8,False,False,False,,,,,,0,
NM_1114_1,DC5209EWla - Highest level of qualification by ethnic group,Current (being actively updated),2013-12-19,5,False,False,False,,,,,,0,
NM_1115_1,DC5301EW - Highest level of qualification by long-term health problem or disability,Current (being actively updated),2013-12-19,8,False,False,False,,,,,,0,
NM_1116_1,DC5601EWla - Highest Level of Qualification by Economic Activity by age,Current (being actively updated),2013-12-19,5,False,False,False,,,,,,0,
NM_1117_1,DC5602EW - Highest level of qualification by economic activity of full-time students,Current (being actively updated),2013-12-19,8,False,False,False,,,,,,0,
NM_1118_1,DC5603EWr - Highest level of qualification by economic activity by country of birth (regional),Current (being actively updated),2013-12-19,2,False,False,False,,,,,,0,
NM_1119_1,DC5604EWr - Highest level of qualification by economic activity by passports held (regional),Current (being actively updated),2013-12-19,2,False,False,False,,,,,,0,
NM_111_1,benefit claimants - job seekers allowance for small areas,Current (being actively updated),2019-05-14,3,False,False,False,,,,,,0,
NM_1120_1,DC5801EW - Highest level of qualification by year of arrival in the UK by sex by age,Current (being actively updated),2013-12-19,8,False,False,False,,,,,,0,
NM_1121_1,DC5802EWla - Highest level of qualification by length of residence in the UK,Current (being actively updated),2013-12-19,5,False,False,False,,,,,,0,
NM_1122_1,DC6501EWla - Occupation by highest level of qualification by age,Current (being actively updated),2013-12-19,5,False,False,False,,,,,,0,
NM_1123_1,DC6502EWla - NS-SeC by highest level of qualification by age,Current (being actively updated),2013-12-19,5,False,False,False,,,,,,0,
NM_1124_1,DC6503EWla - Industry by highest level of qualification by age,Current (being actively updated),2013-12-19,5,False,False,False,,,,,,0,
NM_1125_1,DC1114EW - Dependent children by family type,Current (being actively updated),2014-01-23,8,False,False,False,,,,,,0,
NM_1126_1,DC1118EW - Youngest dependent child in family by family type,Current (being actively updated),2014-01-23,8,False,False,False,,,,,,0,
NM_1127_1,DC2606WAla - Ability of dependent child in a family to speak Welsh by Welsh household composition by approximated social grade of Household Reference Person,Current (being actively updated),2014-03-26,4,False,False,False,,,,,,0,
NM_112_1,benefit claimants - state pension for small areas,Current (being actively updated),2019-05-14,3,False,False,False,,,,,,0,
NM_1132_1,DC6218EW - Approximated social grade by country of birth,Current (being actively updated),2014-03-26,8,False,False,False,,,,,,0,
NM_1133_1,DC6219EW - Approximated social grade by passports held,Current (being actively updated),2014-03-26,8,False,False,False,,,,,,0,
NM_1134_1,DC6403EW - Approximated social grade by tenure by car or van availability,Current (being actively updated),2014-03-26,8,False,False,False,,,,,,0,
NM_1135_1,DC4109EWla - Car or van availability by sex by age,Current (being actively updated),2014-03-26,5,False,False,False,,,,,,0,
NM_1136_1,DC4415EWla - Accommodation type by car or van availability by number of usual residents aged 17 or over in household,Current (being actively updated),2014-03-26,5,False,False,False,,,,,,0,
NM_1137_1,DC4416EWla - Tenure by car or van availability by number of usual residents aged 17 or over in household,Current (being actively updated),2014-03-26,5,False,False,False,,,,,,0,
NM_1138_1,DC7101EWla - Method of travel to work (2001 specification) by sex by age,Current (being actively updated),2014-03-26,5,False,False,False,,,,,,0,
NM_1139_1,DC7102EWla - Distance travelled to work by sex by age,Current (being actively updated),2014-03-26,5,False,False,False,,,,,,0,
NM_113_1,benefit payments - income support,Current (being actively updated),2019-05-14,13,False,False,False,,,,,,0,
NM_1140_1,DC7201EWla - Method of travel to work (2001 specification) by ethnic group,Current (being actively updated),2014-03-26,5,False,False,False,,,,,,0,
NM_1141_1,DC7202EWla - Distance travelled to work by ethnic group,Current (being actively updated),2014-03-26,5,False,False,False,,,,,,0,
NM_1142_1,DC7401EWla - Method of travel to work (2001 specification) by car or van availability,Current (being actively updated),2014-03-26,5,False,False,False,,,,,,0,
NM_1143_1,DC7402EWla - Distance travelled to work by car or van availability,Current (being actively updated),2014-03-26,5,False,False,False,,,,,,0,
NM_1144_1,DC7501EWla - Method of travel to work (2001 specification) by highest level of qualification by sex,Current (being actively updated),2014-03-26,5,False,False,False,,,,,,0,
NM_1145_1,DC7502EWla - Distance travelled to work by highest level of qualification by sex,Current (being actively updated),2014-03-26,5,False,False,False,,,,,,0,
NM_1146_1,DC7601EWla - Method of travel to work (2001 specification) by hours worked by sex,Current (being actively updated),2014-03-26,5,False,False,False,,,,,,0,
NM_1147_1,DC7602EWla - Method of travel to work (2001 specification) by industry,Current (being actively updated),2014-03-26,5,False,False,False,,,,,,0,
NM_1148_1,DC7603EWla - Method of travel to work (2001 specification) by occupation by sex,Current (being actively updated),2014-03-26,5,False,False,False,,,,,,0,
NM_1149_1,DC7604EWla - Method of travel to work (2001 specification) by NS-SeC by sex,Current (being actively updated),2014-03-26,5,False,False,False,,,,,,0,
NM_114_1,benefit payments - pension credits,Current (being actively updated),2019-05-14,13,False,False,False,,,,,,0,
NM_1150_1,DC7605EWla - Distance travelled to work by hours worked by sex,Current (being actively updated),2014-03-26,5,False,False,False,,,,,,0,
NM_1151_1,DC7606EWla - Distance travelled to work by industry,Current (being actively updated),2014-03-26,5,False,False,False,,,,,,0,
NM_1152_1,DC7607EWla - Distance travelled to work by occupation by sex,Current (being actively updated),2014-03-26,5,False,False,False,,,,,,0,
NM_1153_1,DC7608EWla - Distance travelled to work by NS-SeC by sex,Current (being actively updated),2014-03-26,5,False,False,False,,,,,,0,
NM_1154_1,DC7701EWla - Method of travel to work (2001 specification) by distance travelled to work,Current (being actively updated),2014-03-26,5,False,False,False,,,,,,0,
NM_1155_1,DC6124EW - Approximated social grade by sex by age,Current (being actively updated),2014-03-26,8,False,False,False,,,,,,0,
NM_1156_1,DC6125EW - Approximated social grade by adult lifestage,Current (being actively updated),2014-03-26,8,False,False,False,,,,,,0,
NM_1157_1,DC6126EW - Approximated social grade by adult lifestage - Household Reference Persons,Current (being actively updated),2014-03-26,8,False,False,False,,,,,,0,
NM_1158_1,DC6127EW - Approximated social grade by household composition,Current (being actively updated),2014-03-26,8,False,False,False,,,,,,0,
NM_1159_1,DC2121EW - Ethnic group by accommodation type,Current (being actively updated),2014-05-23,8,False,False,False,,,,,,0,
NM_115_1,benefit claimants - disability living allowance,Current (being actively updated),2019-05-14,13,False,False,False,,,,,,0,
NM_1160_1,DC3403EW - General health by long-term health problem or disability by occupancy rating (rooms) by age,Current (being actively updated),2014-05-23,8,False,False,False,,,,,,0,
NM_1161_1,DC3404EW - General health by long-term health problem or disability by occupancy rating (bedrooms) by age,Current (being actively updated),2014-05-23,8,False,False,False,,,,,,0,
NM_1162_1,DC3405EW - General health by long-term health problem or disability by car or van availability by sex,Current (being actively updated),2014-05-23,8,False,False,False,,,,,,0,
NM_1163_1,DC3407EW - Long-term health problem or disability by car or van availability by sex by age,Current (being actively updated),2014-09-09,8,False,False,False,,,,,,0,
NM_1164_1,DC3408EW - Long-term health problem or disability by tenure by sex by age,Current (being actively updated),2014-09-09,8,False,False,False,,,,,,0,
NM_1165_1,DC3409EW - General health by tenure by sex by age,Current (being actively updated),2014-09-09,8,False,False,False,,,,,,0,
NM_1167_1,DC3306EW -  Provision of unpaid care by number of people in household with a long-term health problem or disability by economic activity by sex,Current (being actively updated),2014-09-09,7,False,False,False,,,,,,0,
NM_1168_1,DC2122EW - Country of birth by number of children in family,Current (being actively updated),2014-09-09,8,False,False,False,,,,,,0,
NM_1169_1,DC1602EWla - Residence type by economic activity by age,Current (being actively updated),2014-09-09,5,False,False,False,,,,,,0,
NM_116_1,benefit payments - carers allowance,Current (being actively updated),2019-05-14,13,False,False,False,,,,,,0,
NM_1170_1,DC4801EWla - Communal establishment management and type by position in communal establishment by resident one year ago,Current (being actively updated),2015-01-28,4,False,False,False,,,,,,0,
NM_117_1,benefit claimants - state pension,Current (being actively updated),2019-05-14,13,False,False,False,,,,,,0,
NM_118_1,"Jobseeker's Allowance stocks and flows by ethnicity, age and duration",Current (being actively updated),2025-11-11,27,False,False,False,nuts 2013 level 2; nuts 2010 level 2,,,,,0,
NM_119_1,benefit payments - job seekers allowance,Current (being actively updated),2019-05-14,13,False,False,False,,,,,,0,
NM_11_1,Claimant Count - seasonally adjusted,Current (being actively updated),2026-09-15,3,False,False,False,,,,,,0,
NM_1201_1,MM01CUK_ALL - Origin and destination of migrants by age (broad grouped) by sex,Current (being actively updated),2014-11-25,0,False,False,False,,no geography types listed,,,,0,
NM_1202_1,MM01CUK_NON_UK - Origin and destination of international migrants by age (broad grouped) by sex,Current (being actively updated),2014-11-25,0,False,False,False,,no geography types listed,,,,0,
NM_1203_1,WU01UK - Location of usual residence and place of work by sex,Current (being actively updated),2014-11-25,0,False,False,False,,no geography types listed,,,,0,
NM_1204_1,WU01EW - Location of usual residence and place of work by sex (MSOA level),Current (being actively updated),2014-08-11,0,False,False,False,,no geography types listed,,,,0,
NM_1205_1,WU02UK - Location of usual residence and place of work by age,Current (being actively updated),2014-11-25,0,False,False,False,,no geography types listed,,,,0,
NM_1206_1,WU02EW - Location of usual residence and place of work by age (MSOA level),Current (being actively updated),2014-08-11,0,False,False,False,,no geography types listed,,,,0,
NM_1207_1,WU03UK - Location of usual residence and place of work by method of travel to work,Current (being actively updated),2014-11-25,0,False,False,False,,no geography types listed,,,,0,
NM_1208_1,WU03EW - Location of usual residence and place of work by method of travel to work (MSOA level),Current (being actively updated),2014-08-11,0,False,False,False,,no geography types listed,,,,0,
NM_1209_1,"SM01UK - Origin and destination of people who moved from a student term time/boarding school address in the year before the census by age, sex and student status",Current (being actively updated),2014-11-25,0,False,False,False,,no geography types listed,,,,0,
NM_120_1,2001 census - UK travel flows (local authority),Historical (not actively being updated),,0,False,False,False,,no geography types listed,,,,0,
NM_1210_1,RF02AEW - Location of second address and place of work,Current (being actively updated),2014-07-25,0,False,False,False,,no geography types listed,,,,0,
NM_1211_1,RF03EW - Location of usual residence and place of work,Current (being actively updated),2014-07-25,0,False,False,False,,no geography types listed,,,,0,
NM_1212_1,RF04AEW - Location of where people live when working and place of work,Current (being actively updated),2014-07-25,0,False,False,False,,no geography types listed,,,,0,
NM_1213_1,RF05EW - Dependent children : location of usual residence and second address,Current (being actively updated),2014-07-25,0,False,False,False,,no geography types listed,,,,0,
NM_1214_1,RU02AEW - Location of usual residence and second address by sex,Current (being actively updated),2014-07-25,0,False,False,False,,no geography types listed,,,,0,
NM_1215_1,RU03AEW - Location of usual residence and second address by age,Current (being actively updated),2014-07-25,0,False,False,False,,no geography types listed,,,,0,
NM_1220_1,MF02UK - Origin and destination of international migrants (expanded country of origin),Current (being actively updated),2014-11-25,0,False,False,False,,no geography types listed,,,,0,
NM_1221_1,MF02NI - Origin and destination of international migrants (expanded country of origin),Current (being actively updated),,0,False,False,False,,no geography types listed,,,,0,
NM_1222_1,MM01CNI_ALL - Origin and destination of migrants by age (broad grouped) by sex,Current (being actively updated),,0,False,False,False,,no geography types listed,,,,0,
NM_1223_1,MM01CNI_NON_UK - Origin and destination of international migrants by age (broad grouped) by sex,Current (being actively updated),,0,False,False,False,,no geography types listed,,,,0,
NM_1224_1,"SM01NI - Origin and destination of people who moved from a student term time/boarding school address in the year before the census by age, sex and student status",Current (being actively updated),,0,False,False,False,,no geography types listed,,,,0,
NM_1225_1,MU01BUK_ALL - Origin and destination of migrants by age (grouped),Current (being actively updated),2015-03-25,0,False,False,False,,no geography types listed,,,,0,
NM_1226_1,MU01BUK_NON_UK - Origin and destination of international migrants by age (grouped),Current (being actively updated),2015-03-25,0,False,False,False,,no geography types listed,,,,0,
NM_1228_1,WF01BEW - Location of usual residence and place of work (OA level),Current (being actively updated),2015-03-25,0,False,False,False,,no geography types listed,,,,0,
NM_1229_1,WF02EW - Location of usual residence and place of work (with outside UK collapsed) (OA/WPZ level),Current (being actively updated),2015-03-25,0,False,False,False,,no geography types listed,,,,0,
NM_1230_1,SH01 - Distribution by tenure [1961 Census],Historical (not actively being updated),2021-01-28,5,False,False,False,,,,,,0,
NM_1231_1,SH02 - Dwellings by building type [1961 Census],Historical (not actively being updated),2021-01-28,5,False,False,False,,,,,,0,
NM_1232_1,SH03 - Residents born outside UK by country of birth [1961 Census],Historical (not actively being updated),2021-01-28,5,False,False,False,,,,,,0,
NM_1233_1,SH04 - Residents born outside UK by nationality [1961 Census],Historical (not actively being updated),2021-01-28,5,False,False,False,,,,,,0,
NM_1234_1,SH05a - Non-private population - Not hotels - Persons [1961 Census],Historical (not actively being updated),2021-01-28,5,False,False,False,,,,,,0,
NM_1235_1,SH06 - Household arrangements [1961 Census],Historical (not actively being updated),2021-01-28,5,False,False,False,,,,,,0,
NM_1236_1,SH07 - Old persons living alone [1961 Census],Historical (not actively being updated),2021-01-28,5,False,False,False,,,,,,0,
NM_1237_1,SH08 - Old persons in households of 2 persons [1961 Census],Historical (not actively being updated),2021-01-28,5,False,False,False,,,,,,0,
NM_1238_1,SH09 - Non-private population - hotels [1961 Census],Historical (not actively being updated),2021-01-28,5,False,False,False,,,,,,0,
NM_1239_1,SH10 - All non-private [1961 Census],Historical (not actively being updated),2021-01-28,5,False,False,False,,,,,,0,
NM_123_1,2001 census - Scottish travel flows (local authority),Historical (not actively being updated),,0,False,False,False,,no geography types listed,,,,0,
NM_1240_1,SH11 - Densities - persons per room [1961 census],Historical (not actively being updated),2021-01-28,5,False,False,False,,,,,,0,
NM_1241_1,SH12 - Persons resident outside local authority area [1961 census],Historical (not actively being updated),2021-01-28,6,False,False,False,,,,,,0,
NM_1242_1,SH13 - Age and marital condition by five year age groups [1961 Census],Historical (not actively being updated),2021-01-28,6,False,False,False,,,,,,0,
NM_1243_1,SH14 - Single years under 21 [1961 census],Historical (not actively being updated),2021-01-28,6,False,False,False,,,,,,0,
NM_1244_1,SH15 - Sharing households by number of persons [1961 census],Historical (not actively being updated),2021-01-28,5,False,False,False,,,,,,0,
NM_1245_1,ST01 - People and households (10% Sample) [1961 census],Historical (not actively being updated),,4,False,False,False,,,,,,0,
NM_1246_1,ST02 - Workers away and workers within area (10% Sample) [1961 census],Historical (not actively being updated),,4,False,False,False,,,,,,0,
NM_1247_1,ST03 - Workers by age (10% Sample) [1961 census],Historical (not actively being updated),,4,False,False,False,,,,,,0,
NM_1248_1,ST04 - Out of work (10% Sample) [1961 census],Historical (not actively being updated),,4,False,False,False,,,,,,0,
NM_1249_1,ST05 - Industry (10% Sample) [1961 census],Historical (not actively being updated),,4,False,False,False,,,,,,0,
NM_124_1,2001 census - UK travel flows (ward),Historical (not actively being updated),,0,False,False,False,,no geography types listed,,,,0,
NM_1250_1,ST06 - Terminal education age (10% Sample) [1961 census],Historical (not actively being updated),,4,False,False,False,,,,,,0,
NM_1251_1,ST07 - Socio-economic group (10% Sample) [1961 census],Historical (not actively being updated),,4,False,False,False,,,,,,0,
NM_1252_1,ST08 - Changing usual residence during the previous year (10% Sample) [1961 census],Historical (not actively being updated),,4,False,False,False,,,,,,0,
NM_1253_1,ST09 - Families (10% Sample) [1961 census],Historical (not actively being updated),,4,False,False,False,,,,,,0,
NM_1254_1,"SC11 - Dwellings by building type, rooms and household spaces [1961 census]",Historical (not actively being updated),,5,False,False,False,,,,,,0,
NM_1255_1,SH05b - Non-private population - Not hotels - Establishments [1961 Census],Historical (not actively being updated),2021-01-28,5,False,False,False,,,,,,0,
NM_1256_1,"SC13 - Private households by size, rooms occupied and sharing of dwellings [1961 census]",Historical (not actively being updated),,5,False,False,False,,,,,,0,
NM_1257_1,SC22 - Dwellings by availability of certain household arrangements [1961 census],Historical (not actively being updated),,5,False,False,False,,,,,,0,
NM_127_1,model-based estimates of unemployment,Current (being actively updated),2026-07-21,10,False,False,True,,,,,,0,
NM_1280_1,UKMIG001 - Migration by sex by age,Current (being actively updated),2015-01-28,8,False,False,False,,,,,,0,
NM_1281_1,UKMIG002 - Migration by family status,Current (being actively updated),2015-01-28,8,False,False,False,,,,,,0,
NM_1282_1,UKMIG003 - Migration by ethnic group by age,Current (being actively updated),2015-01-28,4,False,False,False,,,,,,0,
NM_1283_1,UKMIG004 - Migration by ethnic group by NS-SeC,Current (being actively updated),2015-01-28,4,False,False,False,,,,,,0,
NM_1284_1,UKMIG005 - Migration by long-term health problem or disability,Current (being actively updated),2015-01-28,8,False,False,False,,,,,,0,
NM_1285_1,UKMIG006 - Migration by economic activity,Current (being actively updated),2015-01-28,8,False,False,False,,,,,,0,
NM_1286_1,UKMIG007 - Migration by NS-SeC,Current (being actively updated),2015-01-28,8,False,False,False,,,,,,0,
NM_1287_1,UKMIG008 - Migration,Current (being actively updated),2015-01-28,11,False,False,False,,,,,,0,
NM_1288_1,UKMIG009 -  Household migration by household composition,Current (being actively updated),2015-01-28,8,False,False,False,,,,,,0,
NM_1289_1,UKMIG010 - Household migration by dependent children by age of household reference person (HRP),Current (being actively updated),2015-01-28,4,False,False,False,,,,,,0,
NM_1290_1,UKMIG011 -  Household migration by tenure,Current (being actively updated),2015-01-28,8,False,False,False,,,,,,0,
NM_1291_1,UKMIG012 - Household migration by economic activity - Household Reference Person (HRP),Current (being actively updated),2015-01-28,8,False,False,False,,,,,,0,
NM_1292_1,UKMIG013 - Household migration by NS-SeC - Household Reference Person (HRP),Current (being actively updated),2015-01-28,8,False,False,False,,,,,,0,
NM_129_1,Annual Civil Service Employment Survey,Current (being actively updated),2018-08-03,18,False,False,False,nuts 2013 level 2; nuts 2003 level 2,,,,,0,
NM_12_1,benefit claimants - employment and support allowance for small areas,Current (being actively updated),2019-05-14,3,False,False,False,,,,,,0,
NM_1300_1,WP101EW - Population (Workplace population),Current (being actively updated),2014-05-23,23,False,False,False,,,,,,0,
NM_1302_1,WP201EW - Ethnic group (Workplace population),Current (being actively updated),2014-05-23,6,False,False,False,,,,,,0,
NM_1303_1,WP203EW - Country of birth (Workplace population),Current (being actively updated),2014-05-23,6,False,False,False,,,,,,0,
NM_1304_1,WP204EW - Main language (Workplace population),Current (being actively updated),2014-05-23,6,False,False,False,,,,,,0,
NM_1305_1,WP206WA - Welsh language skills (Workplace population),Current (being actively updated),2014-05-23,6,False,False,False,,,,,,0,
NM_1306_1,WP207WA - Welsh language skills (detailed) (Workplace population),Current (being actively updated),2014-05-23,6,False,False,False,,,,,,0,
NM_1307_1,WP210EW - Religion (Workplace population),Current (being actively updated),2014-05-23,6,False,False,False,,,,,,0,
NM_1308_1,WP212EW - Passports held (detailed) (Workplace population),Current (being actively updated),2014-05-23,6,False,False,False,,,,,,0,
NM_1309_1,WP302EW - General Health (Workplace population),Current (being actively updated),2014-05-23,6,False,False,False,,,,,,0,
NM_130_1,workforce jobs by industry (SIC 2007) - seasonally adjusted,Current (being actively updated),2026-09-15,2,False,False,False,,,,,,0,
NM_1310_1,WP403EW - Tenure - People (Workplace population),Current (being actively updated),2014-05-23,6,False,False,False,,,,,,0,
NM_1311_1,WP501EW - Highest level of qualification (Workplace population),Current (being actively updated),2014-05-23,6,False,False,False,,,,,,0,
NM_1312_1,WP601EW - Employment Status (Workplace population),Current (being actively updated),2014-05-23,6,False,False,False,,,,,,0,
NM_1313_1,WP604EW - Hours worked (Workplace population),Current (being actively updated),2014-05-23,6,False,False,False,,,,,,0,
NM_1314_1,WP605EW - Industry (Workplace population),Current (being actively updated),2014-05-23,6,False,False,False,,,,,,0,
NM_1315_1,WP606EW - Occupation (Minor groups) (Workplace population),Current (being actively updated),2014-05-23,6,False,False,False,,,,,,0,
NM_1316_1,WP607EW - NS-SeC (Workplace population),Current (being actively updated),2014-05-23,6,False,False,False,,,,,,0,
NM_1317_1,WP613EW - Approximated social grade (Workplace population),Current (being actively updated),2014-05-23,6,False,False,False,,,,,,0,
NM_1318_1,WP703EW - Method of travel to work (2001 specification) (Workplace population),Current (being actively updated),2014-05-23,6,False,False,False,,,,,,0,
NM_1319_1,WP803EW - Length of residence in the UK (Workplace population),Current (being actively updated),2014-05-23,6,False,False,False,,,,,,0,
NM_131_1,workforce jobs by industry (SIC 2007) and sex - unadjusted,Current (being actively updated),2026-09-15,2,False,False,False,,,,,,0,
NM_1320_1,WP1101EW - Sex by single year of age (Workplace population),Current (being actively updated),2014-05-23,6,False,False,False,,,,,,0,
NM_1321_1,WP6110EW - Industry by age (Workplace population),Current (being actively updated),2014-05-23,5,False,False,False,,,,,,0,
NM_1322_1,WP6112EW - Occupation by age (Workplace population),Current (being actively updated),2014-05-23,5,False,False,False,,,,,,0,
NM_1323_1,WP6501EW - Occupation by highest level of qualification (Workplace population),Current (being actively updated),2014-05-23,5,False,False,False,,,,,,0,
NM_1324_1,WP6503EW - Industry by highest level of qualification (Workplace population),Current (being actively updated),2014-05-23,5,False,False,False,,,,,,0,
NM_1325_1,WP6604EW - Occupation by industry (Workplace population),Current (being actively updated),2014-05-23,5,False,False,False,,,,,,0,
NM_1326_1,WP7101EW - Method of travel to work by age (Workplace population),Current (being actively updated),2014-05-23,5,False,False,False,,,,,,0,
NM_1327_1,WP7102EW - Distance travelled to work by age (Workplace population),Current (being actively updated),2014-05-23,5,False,False,False,,,,,,0,
NM_1328_1,WP7606EW - Distance travelled to work by industry (Workplace population),Current (being actively updated),2014-05-23,5,False,False,False,,,,,,0,
NM_1329_1,WP7607EW - Distance travelled to work by occupation (Workplace population),Current (being actively updated),2014-05-23,5,False,False,False,,,,,,0,
NM_1330_1,WP7701EW - Method of travel to work (2001 specification) by distance travelled to work (Workplace population),Current (being actively updated),2014-05-23,5,False,False,False,,,,,,0,
NM_1331_1,WP7103EW - Workplace and usual residence by method of travel to work (2001 specification) (Workplace population),Current (being actively updated),2014-09-09,1,False,False,False,,,,,,0,
NM_134_1,benefit claimants - employment and support allowance,Current (being actively updated),2019-05-14,11,False,False,False,,,,,,0,
NM_1351_1,OT107EW - Marital and civil partnership status (Out of term-time population),Current (being actively updated),2014-09-24,23,False,False,False,,,,,,0,
NM_1352_1,OT1101EW - Sex by five-year age group (Out of term-time population),Current (being actively updated),2014-09-24,23,False,False,False,,,,,,0,
NM_1353_1,OT1117EW - Sex by single year of age (Out of term-time population),Current (being actively updated),2014-09-24,8,False,False,False,,,,,,0,
NM_1354_1,OT201EW - Ethnic group (Out of term-time population),Current (being actively updated),2014-09-24,23,False,False,False,,,,,,0,
NM_1355_1,OT203EW - Country of birth (detailed) (Out of term-time population),Current (being actively updated),2014-09-24,23,False,False,False,,,,,,0,
NM_1356_1,OT204EW - Main language (detailed) (Out of term-time population),Current (being actively updated),2014-09-24,23,False,False,False,,,,,,0,
NM_1357_1,OT206WA - Welsh Language Skills  (Out of term-time population),Current (being actively updated),2014-09-24,16,False,False,False,,,,,,0,
NM_1358_1,OT207WA - Welsh Language Skills (Detailed)  (Out of term-time population),Current (being actively updated),2014-09-24,16,False,False,False,,,,,,0,
NM_1359_1,OT210EW - Religion (Out of term-time population),Current (being actively updated),2014-09-24,23,False,False,False,,,,,,0,
NM_1360_1,OT212EW - Passports held (detailed) (Out of term-time population),Current (being actively updated),2014-09-24,23,False,False,False,,,,,,0,
NM_1361_1,OT301EW - Provision of unpaid care (Out of term-time population),Current (being actively updated),2014-09-24,23,False,False,False,,,,,,0,
NM_1362_1,OT302EW - General health (Out of term-time population),Current (being actively updated),2014-09-24,23,False,False,False,,,,,,0,
NM_1363_1,OT501EW - Highest level of qualification (Out of term-time population),Current (being actively updated),2014-09-24,23,False,False,False,,,,,,0,
NM_1364_1,OT601EW - Economic activity (Out of term-time population),Current (being actively updated),2014-09-24,23,False,False,False,,,,,,0,
NM_1365_1,OT603EW - Economic activity - Full-time students (Out of term-time population),Current (being actively updated),2014-09-24,23,False,False,False,,,,,,0,
NM_1366_1,OT604EW - Hours worked (Out of term-time population),Current (being actively updated),2014-09-24,23,False,False,False,,,,,,0,
NM_1367_1,OT605EW - Industry (Out of term-time population),Current (being actively updated),2014-09-24,23,False,False,False,,,,,,0,
NM_1368_1,OT606EW - Occupation (Minor groups) (Out of term-time population),Current (being actively updated),2014-09-24,23,False,False,False,,,,,,0,
NM_1369_1,OT607EW - NS-SeC (Out of term-time population),Current (being actively updated),2014-09-24,23,False,False,False,,,,,,0,
NM_136_1,annual population survey - households by combined economic activity status,Current (being actively updated),2024-10-28,35,False,False,True,nuts 2013 level 2; nuts 2010 level 2; nuts 2003 level 2,,,,,0,
NM_1370_1,OT803EW - Length of residence in the UK (Out of term-time population),Current (being actively updated),2014-09-24,23,False,False,False,,,,,,0,
NM_137_1,annual population survey - households with dependent children and type,Current (being actively updated),2024-10-28,35,False,False,True,nuts 2013 level 2; nuts 2010 level 2; nuts 2003 level 2,,,,,0,
NM_138_1,benefit claimants - disability living allowance by disabling condition,Current (being actively updated),2019-05-14,10,False,False,False,,,,,,0,
NM_1400_1,LC3406EW - General health by car or van availability by sex,Current (being actively updated),2014-05-23,22,False,False,False,,,,,,0,
NM_1401_1,LC6124EW - Approximated social grade by sex by age,Current (being actively updated),2014-05-23,22,False,False,False,,,,,,0,
NM_1402_1,LC6125EW - Approximated social grade by adult lifestage,Current (being actively updated),2014-05-23,22,False,False,False,,,,,,0,
NM_1403_1,LC3408EW - Long-term health problem or disability by tenure by age,Current (being actively updated),2014-09-09,23,False,False,False,,,,,,0,
NM_1404_1,LC3409EW - General health by tenure by age,Current (being actively updated),2014-09-09,23,False,False,False,,,,,,0,
NM_1405_1,LC3305EW - Long-term health problem or disability by provision of unpaid care by sex,Current (being actively updated),2014-09-09,23,False,False,False,,,,,,0,
NM_1406_1,LC3407EW - Long-term health problem or disability by car or van availability by age,Current (being actively updated),2014-09-09,23,False,False,False,,,,,,0,
NM_1407_1,LC3307EW - Provision of unpaid care by general health by households with people who have a long-term health problem or disability,Current (being actively updated),2014-09-09,23,False,False,False,,,,,,0,
NM_1408_1,LC3306EW - Provision of unpaid care by households with people with a long-term health problem or disability by economic activity by sex,Current (being actively updated),2014-09-09,23,False,False,False,,,,,,0,
NM_1410_1,LC3102EW - Long-term health problem or disability by number of children in family,Current (being actively updated),2014-09-09,23,False,False,False,,,,,,0,
NM_1411_1,LC2122EW - Country of birth by number of children in family,Current (being actively updated),2014-09-09,23,False,False,False,,,,,,0,
NM_1412_1,LC2123EW - Religion of dependent child by sex,Current (being actively updated),2014-09-09,23,False,False,False,,,,,,0,
NM_1413_1,LC2124EW - Proficiency in English of dependent child by sex,Current (being actively updated),2014-09-09,23,False,False,False,,,,,,0,
NM_1414_1,LC1117EW - Sex by age,Current (being actively updated),2015-01-28,23,False,False,False,,,,,,0,
NM_1420_1,"CR03 - Acreage, population, private families and dwellings [1921 census]",Historical (not actively being updated),,5,False,False,False,,,,,,0,
NM_1421_1,CR14 - Ages (five-year age groups) and marital condition [and sex] [1921 census],Historical (not actively being updated),,5,False,False,False,,,,,,0,
NM_1423_1,"CR12 - Institutions: Number, total population and inmates [1921 census]",Historical (not actively being updated),,5,False,False,False,,,,,,0,
NM_1424_1,CR24 - Orphanhood of children aged less than 15 [1921 census],Historical (not actively being updated),,3,False,False,False,,,,,,0,
NM_1425_1,CR16i - Occupation status by sex of persons aged 12 years and over [1921 census],Historical (not actively being updated),,5,False,False,False,,,,,,0,
NM_1426_1,CR16ii - Occupations by sex of persons aged 12 years and over [1921 census],Historical (not actively being updated),,5,False,False,False,,,,,,0,
NM_1428_1,CR21 - Birthplaces of the Population [1921 census],Historical (not actively being updated),,5,False,False,False,,,,,,0,
NM_1429_1,CR22 - Foreign born population by country of birth and nationality [1921 census],Historical (not actively being updated),,5,False,False,False,,,,,,0,
NM_143_1,QS102EW - Population density,Current (being actively updated),2013-02-01,25,False,False,False,,,,,,0,
NM_144_1,KS101EW - Usual resident population,Current (being actively updated),2013-02-12,24,False,False,False,,,,,,0,
NM_145_1,KS102EW - Age structure,Current (being actively updated),2013-02-12,24,False,False,False,,,,,,0,
NM_146_1,"KS403EW - Rooms, bedrooms and central heating",Current (being actively updated),2014-01-17,23,False,False,False,,,,,,0,
NM_1500_1,KS103UK - Marital and civil partnership status,Current (being actively updated),2014-06-13,17,False,False,False,,,,,,0,
NM_1501_1,KS104UK - Living arrangements,Current (being actively updated),2014-06-13,17,False,False,False,,,,,,0,
NM_1502_1,KS105UK - Household composition,Current (being actively updated),2014-06-13,17,False,False,False,,,,,,0,
NM_1503_1,KS107UK - Lone parent households with dependent children,Current (being actively updated),2014-06-13,17,False,False,False,,,,,,0,
NM_1504_1,KS201UK - Ethnic group,Current (being actively updated),2014-06-13,17,False,False,False,,,,,,0,
NM_1505_1,KS301UK - Health and provision of unpaid care,Current (being actively updated),2014-06-13,17,False,False,False,,,,,,0,
NM_1506_1,"KS401UK - Dwellings, household spaces and accommodation type",Current (being actively updated),2014-06-13,17,False,False,False,,,,,,0,
NM_1507_1,KS402UK - Tenure,Current (being actively updated),2014-06-13,17,False,False,False,,,,,,0,
NM_1508_1,KS404UK - Car or van availability,Current (being actively updated),2014-06-13,17,False,False,False,,,,,,0,
NM_1509_1,KS405UK - Communal establishment residents,Current (being actively updated),2014-06-13,17,False,False,False,,,,,,0,
NM_150_1,ST102EWla - Population density,Current (being actively updated),2013-10-31,5,False,False,False,,,,,,0,
NM_1510_1,KS501UK - Qualifications and students,Current (being actively updated),2014-06-13,17,False,False,False,,,,,,0,
NM_1511_1,KS601UK - Economic activity,Current (being actively updated),2014-06-13,17,False,False,False,,,,,,0,
NM_1512_1,KS602UK - Economic activity - Males,Current (being actively updated),2014-06-13,17,False,False,False,,,,,,0,
NM_1513_1,KS603UK - Economic activity - Females,Current (being actively updated),2014-06-13,17,False,False,False,,,,,,0,
NM_1514_1,KS604UK - Hours worked,Current (being actively updated),2014-06-13,17,False,False,False,,,,,,0,
NM_1515_1,KS605UK - Industry,Current (being actively updated),2014-08-12,17,False,False,False,,,,,,0,
NM_1516_1,KS606UK - Industry - Males,Current (being actively updated),2014-08-12,17,False,False,False,,,,,,0,
NM_1517_1,KS607UK - Industry - Females,Current (being actively updated),2014-08-12,17,False,False,False,,,,,,0,
NM_1518_1,KS608UK - Occupation,Current (being actively updated),2014-06-13,17,False,False,False,,,,,,0,
NM_1519_1,KS609UK - Occupation - Males,Current (being actively updated),2014-06-13,17,False,False,False,,,,,,0,
NM_151_1,WD102EW - Population density,Current (being actively updated),2014-05-23,22,False,False,False,,,,,,0,
NM_1520_1,KS610UK - Occupation - Females,Current (being actively updated),2014-06-13,17,False,False,False,,,,,,0,
NM_1521_1,KS611UK - NS-SeC,Current (being actively updated),2014-06-13,17,False,False,False,,,,,,0,
NM_1522_1,KS612UK - NS-SeC - Males,Current (being actively updated),2014-06-13,17,False,False,False,,,,,,0,
NM_1523_1,KS613UK - NS-SeC - Females,Current (being actively updated),2014-06-13,17,False,False,False,,,,,,0,
NM_1530_1,QS101UK - Residence type,Current (being actively updated),2014-06-13,17,False,False,False,,,,,,0,
NM_1531_1,QS103UK - Age by single year,Current (being actively updated),2014-06-13,17,False,False,False,,,,,,0,
NM_1532_1,QS104UK - Sex,Current (being actively updated),2014-06-13,17,False,False,False,,,,,,0,
NM_1533_1,QS105UK - Schoolchildren and full-time students at their non term-time address,Current (being actively updated),2014-06-13,17,False,False,False,,,,,,0,
NM_1534_1,QS108UK - Living arrangements,Current (being actively updated),2014-06-13,17,False,False,False,,,,,,0,
NM_1535_1,QS110UK - Adult lifestage (alternative adult definition),Current (being actively updated),2014-06-13,17,False,False,False,,,,,,0,
NM_1536_1,QS111UK - Household lifestage,Current (being actively updated),2014-06-13,17,False,False,False,,,,,,0,
NM_1537_1,QS112UK - Household composition - People,Current (being actively updated),2014-06-13,17,False,False,False,,,,,,0,
NM_1538_1,QS113UK - Household composition - Households,Current (being actively updated),2014-06-13,17,False,False,False,,,,,,0,
NM_1539_1,QS114UK - Household composition (alternative child and adult definitions)  - People,Current (being actively updated),2014-06-13,17,False,False,False,,,,,,0,
NM_153_1,QS702EW - Distance travelled to work,Current (being actively updated),2014-03-26,24,False,False,False,,,,,,0,
NM_1540_1,QS115UK - Household composition (alternative child/adult definitions)  - Households,Current (being actively updated),2014-06-13,17,False,False,False,,,,,,0,
NM_1541_1,QS117UK - People aged 18 to 64 living in a one adult household,Current (being actively updated),2014-06-13,17,False,False,False,,,,,,0,
NM_1542_1,QS118UK - Families with dependent children,Current (being actively updated),2014-06-13,17,False,False,False,,,,,,0,
NM_1543_1,QS202UK - Multiple ethnic group,Current (being actively updated),2014-06-13,17,False,False,False,,,,,,0,
NM_1544_1,QS203UK - Country of birth,Current (being actively updated),2014-06-13,17,False,False,False,,,,,,0,
NM_1545_1,QS301UK - Provision of unpaid care,Current (being actively updated),2014-06-13,17,False,False,False,,,,,,0,
NM_1546_1,QS302UK - General health,Current (being actively updated),2014-06-13,17,False,False,False,,,,,,0,
NM_1547_1,QS303UK - Long-term health problem or disability,Current (being actively updated),2014-06-13,17,False,False,False,,,,,,0,
NM_1548_1,QS401UK - Accommodation type - People,Current (being actively updated),2014-06-13,17,False,False,False,,,,,,0,
NM_1549_1,QS402UK - Accommodation type - Households,Current (being actively updated),2014-06-13,17,False,False,False,,,,,,0,
NM_154_1,WD702EW - Distance travelled to work (Workday population),Current (being actively updated),2014-05-23,5,False,False,False,,,,,,0,
NM_1550_1,QS403UK - Tenure - People,Current (being actively updated),2014-06-13,17,False,False,False,,,,,,0,
NM_1551_1,QS404UK - Tenure - Household Reference Person aged 65 and over,Current (being actively updated),2014-06-13,17,False,False,False,,,,,,0,
NM_1552_1,QS405UK - Tenure - Households,Current (being actively updated),2014-06-13,17,False,False,False,,,,,,0,
NM_1553_1,QS406UK - Household size,Current (being actively updated),2014-06-13,17,False,False,False,,,,,,0,
NM_1554_1,QS407UK - Number of rooms,Current (being actively updated),2014-06-13,17,False,False,False,,,,,,0,
NM_1555_1,QS408UK - Occupancy rating,Current (being actively updated),2014-06-13,17,False,False,False,,,,,,0,
NM_1556_1,QS409UK - Persons per room - Households,Current (being actively updated),2014-06-13,17,False,False,False,,,,,,0,
NM_1557_1,QS410UK - Persons per room - People,Current (being actively updated),2014-06-13,17,False,False,False,,,,,,0,
NM_1558_1,QS415UK - Central heating,Current (being actively updated),2014-06-13,17,False,False,False,,,,,,0,
NM_1559_1,QS417UK - Household spaces,Current (being actively updated),2014-06-13,17,False,False,False,,,,,,0,
NM_155_1,WP102EW - Population density (Workplace population),Current (being actively updated),2014-05-23,6,False,False,False,,,,,,0,
NM_1560_1,QS418UK - Dwellings,Current (being actively updated),2014-06-13,17,False,False,False,,,,,,0,
NM_1561_1,QS419UK - Position in communal establishment,Current (being actively updated),2014-06-13,17,False,False,False,,,,,,0,
NM_1562_1,QS420UK - Communal establishment management and type -  Communal establishments,Current (being actively updated),2014-06-13,17,False,False,False,,,,,,0,
NM_1563_1,QS421UK - Communal establishment management and type - People,Current (being actively updated),2014-06-13,17,False,False,False,,,,,,0,
NM_1564_1,QS501UK - Highest level of qualification,Current (being actively updated),2014-06-13,17,False,False,False,,,,,,0,
NM_1565_1,QS601UK - Economic activity,Current (being actively updated),2014-06-13,17,False,False,False,,,,,,0,
NM_1566_1,QS603UK - Economic activity - Full-time students,Current (being actively updated),2014-06-13,17,False,False,False,,,,,,0,
NM_1567_1,QS604UK - Hours worked,Current (being actively updated),2014-06-13,17,False,False,False,,,,,,0,
NM_1568_1,QS605UK - Industry,Current (being actively updated),2014-08-12,17,False,False,False,,,,,,0,
NM_1569_1,QS606UK - Occupation,Current (being actively updated),2014-06-13,17,False,False,False,,,,,,0,
NM_156_1,WP702EW - Distance travelled to work (Workplace population),Current (being actively updated),2014-05-23,6,False,False,False,,,,,,0,
NM_1570_1,QS607UK - NS-SeC,Current (being actively updated),2014-06-13,17,False,False,False,,,,,,0,
NM_1571_1,QS608UK - NS-SeC of Household Reference Person (HRP) - People aged under 65,Current (being actively updated),2014-06-13,17,False,False,False,,,,,,0,
NM_1572_1,QS609UK - NS-SeC of Household Reference Person (HRP) - People,Current (being actively updated),2014-06-13,17,False,False,False,,,,,,0,
NM_1573_1,QS610UK - NS-SeC of Household Reference Person (HRP) - HRP aged under 65,Current (being actively updated),2014-06-13,17,False,False,False,,,,,,0,
NM_1574_1,QS611UK - Approximated social grade - Household Reference Person (HRP) aged 16 - 64,Current (being actively updated),2014-06-13,17,False,False,False,,,,,,0,
NM_1575_1,QS612UK - Year last worked,Current (being actively updated),2014-06-13,17,False,False,False,,,,,,0,
NM_157_1,OT102EW - Population density (Out of term-time population),Current (being actively updated),2014-09-24,23,False,False,False,,,,,,0,
NM_158_1,KS101UK - Usual resident population,Current (being actively updated),2014-06-13,17,False,False,False,,,,,,0,
NM_159_1,KS102UK - Age Structure,Current (being actively updated),2014-06-13,17,False,False,False,,,,,,0,
NM_1602_1,KS002 - Age structure,Historical (not actively being updated),2003-06-30,12,False,False,False,,,,,,0,
NM_1603_1,KS003 - Living arrangements,Historical (not actively being updated),2003-06-30,15,False,False,False,,,,,,0,
NM_1604_1,KS004 - Marital Status,Historical (not actively being updated),2003-06-30,15,False,False,False,,,,,,0,
NM_1605_1,KS005 - Country of birth,Historical (not actively being updated),2003-06-30,15,False,False,False,,,,,,0,
NM_1606_1,KS006 - Ethnic group,Historical (not actively being updated),2003-06-30,15,False,False,False,,,,,,0,
NM_1607_1,KS007 - Religion,Historical (not actively being updated),2003-06-30,15,False,False,False,,,,,,0,
NM_1608_1,KS008 - Health and provision of unpaid care,Historical (not actively being updated),2003-06-30,15,False,False,False,,,,,,0,
NM_1609_1,KS009a - Economic activity,Historical (not actively being updated),2003-06-30,15,False,False,False,,,,,,0,
NM_160_1,QS102UK - Population density,Current (being actively updated),2014-06-13,17,False,False,False,,,,,,0,
NM_1610_1,KS009b - Economic activity - males,Historical (not actively being updated),2003-06-30,15,False,False,False,,,,,,0,
NM_1611_1,KS009c - Economic activity - females,Historical (not actively being updated),2003-06-30,15,False,False,False,,,,,,0,
NM_1612_1,KS010 - Hours worked,Historical (not actively being updated),2003-06-30,12,False,False,False,,,,,,0,
NM_1613_1,KS011a - Industry of employment,Historical (not actively being updated),2003-06-30,15,False,False,False,,,,,,0,
NM_1614_1,KS011b - Industry of employment - males,Historical (not actively being updated),2003-06-30,15,False,False,False,,,,,,0,
NM_1615_1,KS011c - Industry of employment - females,Historical (not actively being updated),2003-06-30,15,False,False,False,,,,,,0,
NM_1616_1,KS012a - Occupation groups,Historical (not actively being updated),2003-06-30,15,False,False,False,,,,,,0,
NM_1617_1,KS012b - Occupation groups - males,Historical (not actively being updated),2003-06-30,15,False,False,False,,,,,,0,
NM_1618_1,KS012c - Occupation groups - females,Historical (not actively being updated),2003-06-30,15,False,False,False,,,,,,0,
NM_1619_1,KS013 - Qualifications and students,Historical (not actively being updated),2003-06-30,15,False,False,False,,,,,,0,
NM_161_1,"Mortality statistics - underlying cause, sex and age",Current (being actively updated),2025-10-09,13,False,False,True,,,,,,0,
NM_1620_1,KS014a - NS-SeC,Historical (not actively being updated),2003-06-30,15,False,False,False,,,,,,0,
NM_1621_1,KS014b - NS-SeC - males,Historical (not actively being updated),2003-06-30,15,False,False,False,,,,,,0,
NM_1622_1,KS014c - NS-SeC - females,Historical (not actively being updated),2003-06-30,15,False,False,False,,,,,,0,
NM_1623_1,KS015 - Travel to work,Historical (not actively being updated),2003-06-30,12,False,False,False,,,,,,0,
NM_1624_1,KS016 - Household spaces and accommodation type,Historical (not actively being updated),2003-06-30,15,False,False,False,,,,,,0,
NM_1625_1,KS017 - Cars or Vans,Historical (not actively being updated),2003-06-30,15,False,False,False,,,,,,0,
NM_1626_1,KS018 - Tenure,Historical (not actively being updated),2003-06-30,15,False,False,False,,,,,,0,
NM_1627_1,"KS019 - Rooms, amenities, central heating and lowest floor level",Historical (not actively being updated),2003-06-30,12,False,False,False,,,,,,0,
NM_1628_1,KS020 - Household composition,Historical (not actively being updated),2003-06-30,15,False,False,False,,,,,,0,
NM_1629_1,KS021 - Households with LLTI and dependent children,Historical (not actively being updated),2003-06-30,15,False,False,False,,,,,,0,
NM_1630_1,KS022 - Lone parent households with dependent children,Historical (not actively being updated),2003-06-30,15,False,False,False,,,,,,0,
NM_1631_1,KS023 - Communal establishment residents,Historical (not actively being updated),2003-06-30,15,False,False,False,,,,,,0,
NM_1632_1,KS024 - Migration,Historical (not actively being updated),2003-06-30,11,False,False,False,,,,,,0,
NM_1633_1,KS025 - Knowledge of Welsh,Historical (not actively being updated),2003-06-30,11,False,False,False,,,,,,0,
NM_1634_1,KS001 - Usual resident population,Historical (not actively being updated),2003-06-30,13,False,False,False,,,,,,0,
NM_1635_1,UV001 - Population,Historical (not actively being updated),2003-08-30,14,False,False,False,,,,,,0,
NM_1636_1,UV003 - Sex,Historical (not actively being updated),2003-08-30,14,False,False,False,,,,,,0,
NM_1637_1,UV004 - Age,Historical (not actively being updated),2003-08-30,14,False,False,False,,,,,,0,
NM_1638_1,UV005 - Schoolchildren and students in full time education living away from home during term-time,Historical (not actively being updated),2003-08-30,14,False,False,False,,,,,,0,
NM_1639_1,UV006 - Dependent children,Historical (not actively being updated),2003-08-30,14,False,False,False,,,,,,0,
NM_1640_1,UV007 - Marital status,Historical (not actively being updated),2003-08-30,14,False,False,False,,,,,,0,
NM_1641_1,UV008 - Country of birth,Historical (not actively being updated),2003-08-30,14,False,False,False,,,,,,0,
NM_1642_1,UV009 - Ethnic group,Historical (not actively being updated),2003-08-30,14,False,False,False,,,,,,0,
NM_1643_1,UV013 - Knowledge of Welsh,Historical (not actively being updated),2003-08-30,9,False,False,False,,,,,,0,
NM_1644_1,UV015 - Religion,Historical (not actively being updated),2003-08-30,14,False,False,False,,,,,,0,
NM_1645_1,UV020 - General health,Historical (not actively being updated),2003-08-30,14,False,False,False,,,,,,0,
NM_1646_1,UV021 - Provision of unpaid care,Historical (not actively being updated),2003-08-30,14,False,False,False,,,,,,0,
NM_1647_1,UV022 - Limiting long-term illness,Historical (not actively being updated),2003-08-30,14,False,False,False,,,,,,0,
NM_1648_1,UV023 - Migration,Historical (not actively being updated),2003-08-30,12,False,False,False,,,,,,0,
NM_1649_1,UV024 - Qualifications,Historical (not actively being updated),2003-08-30,14,False,False,False,,,,,,0,
NM_164_1,"Marriages of opposite-sex couples in England and Wales by age group, previous legal partnership status and ceremony type",Current (being actively updated),2026-01-26,0,False,False,False,,no geography types listed,,,,0,
NM_1650_1,UV027 - Time since last worked,Historical (not actively being updated),2003-08-30,14,False,False,False,,,,,,0,
NM_1651_1,UV028 - Economic activity,Historical (not actively being updated),2003-08-30,14,False,False,False,,,,,,0,
NM_1652_1,UV029 - Economic activity - full time students,Historical (not actively being updated),2003-08-30,14,False,False,False,,,,,,0,
NM_1653_1,UV030 - Occupation,Historical (not actively being updated),2003-08-30,14,False,False,False,,,,,,0,
NM_1654_1,UV031 - NS-SeC,Historical (not actively being updated),2003-08-30,14,False,False,False,,,,,,0,
NM_1655_1,UV032 - NS-SeC of Household Reference Person (HRP),Historical (not actively being updated),2003-08-30,14,False,False,False,,,,,,0,
NM_1656_1,UV033 - NS-SeC of Household Reference Person (All people),Historical (not actively being updated),2003-08-30,14,False,False,False,,,,,,0,
NM_1657_1,UV034 - Industry,Historical (not actively being updated),2003-08-30,14,False,False,False,,,,,,0,
NM_1658_1,UV035 - Distance travelled to work,Historical (not actively being updated),2003-08-30,14,False,False,False,,,,,,0,
NM_1659_1,UV037 - Method of travel to work,Historical (not actively being updated),2003-08-30,14,False,False,False,,,,,,0,
NM_165_1,"Marriages of opposite-sex couples in England and Wales by area of occurrence, broad age group, previous legal partnership status and ceremony type",Current (being actively updated),2026-01-26,7,False,False,False,,,,,,0,
NM_1660_1,UV039 - Method of travel to work - resident population,Historical (not actively being updated),2003-08-30,14,False,False,False,,,,,,0,
NM_1661_1,UV041 - Hours Worked,Historical (not actively being updated),2003-08-30,14,False,False,False,,,,,,0,
NM_1662_1,UV042 - Accommodation type (people),Historical (not actively being updated),2003-08-30,14,False,False,False,,,,,,0,
NM_1663_1,UV043 - Tenure,Historical (not actively being updated),2003-08-30,14,False,False,False,,,,,,0,
NM_1664_1,UV045 - Tenure of pensioners,Historical (not actively being updated),2003-08-30,14,False,False,False,,,,,,0,
NM_1665_1,UV046 - Household composition (People),Historical (not actively being updated),2003-08-30,14,False,False,False,,,,,,0,
NM_1666_1,UV047 - Household composition (People) (alternative classification),Historical (not actively being updated),2003-08-30,14,False,False,False,,,,,,0,
NM_1667_1,UV048 - People aged 18-64 in single adult households,Historical (not actively being updated),2003-08-30,14,False,False,False,,,,,,0,
NM_1668_1,UV050 - Approximated social grade,Historical (not actively being updated),2003-08-30,14,False,False,False,,,,,,0,
NM_1669_1,UV051 - Number of people living in households,Historical (not actively being updated),2003-08-30,14,False,False,False,,,,,,0,
NM_1670_1,UV052 - Migration (households),Historical (not actively being updated),2003-08-30,14,False,False,False,,,,,,0,
NM_1671_1,UV053 - Housing stock,Historical (not actively being updated),2003-08-30,14,False,False,False,,,,,,0,
NM_1672_1,UV055 - Dwellings,Historical (not actively being updated),2003-08-30,14,False,False,False,,,,,,0,
NM_1673_1,UV056 - Accommodation type (households),Historical (not actively being updated),2003-08-30,14,False,False,False,,,,,,0,
NM_1674_1,UV057 - Number of rooms,Historical (not actively being updated),2003-08-30,14,False,False,False,,,,,,0,
NM_1675_1,UV058 - Persons per room,Historical (not actively being updated),2003-08-30,14,False,False,False,,,,,,0,
NM_1676_1,UV059 - Occupancy,Historical (not actively being updated),2003-08-30,14,False,False,False,,,,,,0,
NM_1677_1,UV060 - Amenities,Historical (not actively being updated),2003-08-30,14,False,False,False,,,,,,0,
NM_1678_1,UV061 - Lowest floor level,Historical (not actively being updated),2003-08-30,14,False,False,False,,,,,,0,
NM_1679_1,UV062 - Cars or vans,Historical (not actively being updated),2003-08-30,14,False,False,False,,,,,,0,
NM_167_1,"Divorces of opposite-sex couples, England and Wales",Current (being actively updated),2022-11-02,0,False,False,False,,no geography types listed,,,,0,
NM_1680_1,UV063 - Tenure households,Historical (not actively being updated),2003-08-30,14,False,False,False,,,,,,0,
NM_1681_1,UV065 - Household composition (households),Historical (not actively being updated),2003-08-30,14,False,False,False,,,,,,0,
NM_1682_1,UV066 - Household Composition (Households) (Alternative Classification),Historical (not actively being updated),2003-08-30,14,False,False,False,,,,,,0,
NM_1683_1,UV067 - Households By Selected Household Characteristics,Historical (not actively being updated),2003-08-30,14,False,False,False,,,,,,0,
NM_1684_1,UV068 - Household type,Historical (not actively being updated),2003-08-30,14,False,False,False,,,,,,0,
NM_1685_1,UV069 - Multiple Ethnic Groups,Historical (not actively being updated),2003-08-30,14,False,False,False,,,,,,0,
NM_1686_1,UV070 - Communal Establishments,Historical (not actively being updated),2003-08-30,14,False,False,False,,,,,,0,
NM_1687_1,UV071 - Communal establishment residents,Historical (not actively being updated),2003-08-30,14,False,False,False,,,,,,0,
NM_1688_1,UV073 - All People In Communal Establishments,Historical (not actively being updated),2003-08-30,14,False,False,False,,,,,,0,
NM_1689_1,UV075 - Age (workplace population),Historical (not actively being updated),2003-08-30,12,False,False,False,,,,,,0,
NM_168_1,annual population survey - regional - employment by occupation (SOC2010),Current (being actively updated),2022-04-12,2,False,False,False,,,,,,0,
NM_1690_1,UV076 - NS-SeC (workplace population),Historical (not actively being updated),2003-08-30,12,False,False,False,,,,,,0,
NM_1691_1,UV078 - Approximated Social Grade (Workplace Population),Historical (not actively being updated),2003-08-30,12,False,False,False,,,,,,0,
NM_1692_1,UV080 - Distance Travelled To Work (Workplace Population),Historical (not actively being updated),2003-08-30,12,False,False,False,,,,,,0,
NM_1693_1,UV082 - Living Arrangements,Historical (not actively being updated),2003-08-30,14,False,False,False,,,,,,0,
NM_1694_1,UV083 - Persons per room,Historical (not actively being updated),2003-08-30,14,False,False,False,,,,,,0,
NM_1695_1,UV085 - Residents In Households By NS-Sec Of Household Reference Person Under Pensionable Age,Historical (not actively being updated),2003-08-30,14,False,False,False,,,,,,0,
NM_1696_1,UV093 - Same-Sex Couples,Historical (not actively being updated),2003-08-30,8,False,False,False,,,,,,0,
NM_1697_1,UV002 - Population density,Historical (not actively being updated),2003-08-30,14,False,False,False,,,,,,0,
NM_1698_1,UV081 - Armed forces,Historical (not actively being updated),2003-08-30,8,False,False,False,,,,,,0,
NM_169_1,annual population survey - regional - nationality,Current (being actively updated),2022-08-16,2,False,False,False,,,,,,0,
NM_1701_1,CS001 - Age by sex and resident type,Historical (not actively being updated),2003-08-30,17,False,False,False,,,,,,0,
NM_1702_1,CS002 - Age by sex and marital status,Historical (not actively being updated),2003-08-30,17,False,False,False,,,,,,0,
NM_1703_1,CS003 - Age of Household Reference Person (HRP) by sex and marital status,Historical (not actively being updated),2003-08-30,17,False,False,False,,,,,,0,
NM_1704_1,CS004 - Age by sex and living arrangements,Historical (not actively being updated),2003-08-30,17,False,False,False,,,,,,0,
NM_1705_1,CS005 - Age of Household Reference Person (HRP) by sex and living arrangements,Historical (not actively being updated),2003-08-30,17,False,False,False,,,,,,0,
NM_1707_1,CS007 - Age of Family Reference Person (FRP) and number and age of dependent children by family type,Historical (not actively being updated),2003-08-30,17,False,False,False,,,,,,0,
NM_1708_1,CS008 - Resident type and age by migration (OA/Ward Only),Historical (not actively being updated),2003-08-30,2,False,False,False,,,,,,0,
NM_1709_1,CS009 - Age (of HRP) and number of dependent children by migration of households (OA/Ward Only),Historical (not actively being updated),2003-08-30,2,False,False,False,,,,,,0,
NM_170_1,annual population survey - regional - labour market status by age,Current (being actively updated),2026-07-21,2,False,False,False,,,,,,0,
NM_1710_1,CS010 - Household composition by migration of households (OA/Ward Only),Historical (not actively being updated),2003-08-30,2,False,False,False,,,,,,0,
NM_1711_1,CS011 - Family composition by age of Family Reference Person (FRP),Historical (not actively being updated),2003-08-30,17,False,False,False,,,,,,0,
NM_1712_1,CS012 - Schoolchildren and students in full-time education living away from home in term-time by age,Historical (not actively being updated),2003-08-30,17,False,False,False,,,,,,0,
NM_1713_1,CS013 - Age of Household Reference Person (HRP) and tenure by economic activity of HRP,Historical (not actively being updated),2003-08-30,17,False,False,False,,,,,,0,
NM_1714_1,CS014 - Age and dependent children by household type (adults),Historical (not actively being updated),2003-08-30,17,False,False,False,,,,,,0,
NM_1715_1,CS015 - Country of birth by sex,Historical (not actively being updated),2003-08-30,17,False,False,False,,,,,,0,
NM_1716_1,CS016 - Sex and age by general health and limiting long-term illness,Historical (not actively being updated),2003-08-30,17,False,False,False,,,,,,0,
NM_1717_1,CS017 - Tenure and age by general health and limiting long-term illness,Historical (not actively being updated),2003-08-30,17,False,False,False,,,,,,0,
NM_1718_1,CS018 - Sex and amenities and central heating by general health and limiting long-term illness,Historical (not actively being updated),2003-08-30,17,False,False,False,,,,,,0,
NM_1719_1,CS019 - General health and limiting long-term illness and occupancy rating by age,Historical (not actively being updated),2003-08-30,17,False,False,False,,,,,,0,
NM_1720_1,CS020 - Limiting long-term illness and age by accommodation type and lowest floor level of accommodation,Historical (not actively being updated),2003-08-30,17,False,False,False,,,,,,0,
NM_1721_1,CS021 - Economic activity by sex and limiting long-term illness,Historical (not actively being updated),2003-08-30,17,False,False,False,,,,,,0,
NM_1722_1,CS022 - Sex and number of cars or vans in household by general health and limiting long-term illness,Historical (not actively being updated),2003-08-30,17,False,False,False,,,,,,0,
NM_1723_1,CS023 - Age and general health by NS-Sec,Historical (not actively being updated),2003-08-30,17,False,False,False,,,,,,0,
NM_1724_1,CS024 - Age and limiting long-term illness by NS-SeC,Historical (not actively being updated),2003-08-30,17,False,False,False,,,,,,0,
NM_1725_1,CS025 - Sex and age by general health and provision of unpaid care,Historical (not actively being updated),2003-08-30,17,False,False,False,,,,,,0,
NM_1726_1,CS026 - Sex and economic activity by general health and provision of unpaid care,Historical (not actively being updated),2003-08-30,17,False,False,False,,,,,,0,
NM_1727_1,CS027 - Households with a person with limiting long-term illness (LLTI) and their age by number of carers in household and economic activity,Historical (not actively being updated),2003-08-30,17,False,False,False,,,,,,0,
NM_1728_1,CS028 - Sex and age by economic activity,Historical (not actively being updated),2003-08-30,17,False,False,False,,,,,,0,
NM_1729_1,CS029 - sex and age by hours worked,Historical (not actively being updated),2003-08-30,17,False,False,False,,,,,,0,
NM_172_1,Business Register and Employment Survey (excluding units registered for PAYE only) : open access,Current (being actively updated),2016-09-28,35,False,False,False,nuts 2013 level 2; nuts 2010 level 2,,,,,0,
NM_1730_1,CS030 - Sex and economic activity by living arrangements,Historical (not actively being updated),2003-08-30,17,False,False,False,,,,,,0,
NM_1731_1,CS031 - Family composition and number of dependent children by economic activity,Historical (not actively being updated),2003-08-30,17,False,False,False,,,,,,0,
NM_1732_1,CS032 - Sex and age and level of qualifications by economic activity,Historical (not actively being updated),2003-08-30,17,False,False,False,,,,,,0,
NM_1733_1,CS033 - Sex and occupation by age,Historical (not actively being updated),2003-08-30,17,False,False,False,,,,,,0,
NM_1734_1,CS034 - Former occupation by age,Historical (not actively being updated),2003-08-30,17,False,False,False,,,,,,0,
NM_1735_1,CS035 - Sex and occupation by employment status and hours worked,Historical (not actively being updated),2003-08-30,17,False,False,False,,,,,,0,
NM_1736_1,CS036 - Sex and industry by age,Historical (not actively being updated),2003-08-30,17,False,False,False,,,,,,0,
NM_1737_1,CS037 - Former industry by age,Historical (not actively being updated),2003-08-30,17,False,False,False,,,,,,0,
NM_1738_1,CS038 - Sex and industry by employment status and hours worked,Historical (not actively being updated),2003-08-30,17,False,False,False,,,,,,0,
NM_1739_1,CS039 - Occupation by industry,Historical (not actively being updated),2003-08-30,17,False,False,False,,,,,,0,
NM_173_1,Business Register and Employment Survey (excluding units registered for PAYE only) public / private sector : open access,Current (being actively updated),2016-09-28,33,False,False,False,nuts 2013 level 2; nuts 2010 level 2,,,,,0,
NM_1740_1,CS040 - Sex and occupation by hours worked,Historical (not actively being updated),2003-08-30,17,False,False,False,,,,,,0,
NM_1741_1,CS041 - Economic activity and time since last worked by age,Historical (not actively being updated),2003-08-30,17,False,False,False,,,,,,0,
NM_1742_1,CS042 - NS-SeC by age,Historical (not actively being updated),2003-08-30,17,False,False,False,,,,,,0,
NM_1743_1,CS043 - NS-SeC by economic activity,Historical (not actively being updated),2003-08-30,17,False,False,False,,,,,,0,
NM_1744_1,CS044 - NS-SeC of Household Reference Person (HRP) by household composition,Historical (not actively being updated),2003-08-30,17,False,False,False,,,,,,0,
NM_1745_1,CS045 - NS-SeC of Household Reference Person (HRP) by age (HRP),Historical (not actively being updated),2003-08-30,17,False,False,False,,,,,,0,
NM_1746_1,CS046 - NS-SeC of Household Reference Person (HRP) by tenure,Historical (not actively being updated),2003-08-30,17,False,False,False,,,,,,0,
NM_1747_1,CS047 - NS-SeC by tenure,Historical (not actively being updated),2003-08-30,17,False,False,False,,,,,,0,
NM_1748_1,CS048 - Dwelling type and accommodation type by household space type,Historical (not actively being updated),2003-08-30,17,False,False,False,,,,,,0,
NM_1749_1,CS049 - Dwelling type and accommodation type by tenure (households and dwellings),Historical (not actively being updated),2003-08-30,17,False,False,False,,,,,,0,
NM_174_1,Marriages of same-sex couples in England and Wales,Current (being actively updated),2026-01-26,0,False,False,False,,no geography types listed,,,,0,
NM_1750_1,CS050 - Dwelling type and accommodation type by tenure (people),Historical (not actively being updated),2003-08-30,17,False,False,False,,,,,,0,
NM_1751_1,CS051 - Tenure and household size by number of rooms,Historical (not actively being updated),2003-08-30,17,False,False,False,,,,,,0,
NM_1752_1,CS052 - Tenure and persons per room by accommodation type,Historical (not actively being updated),2003-08-30,17,False,False,False,,,,,,0,
NM_1753_1,CS053 - Household composition by tenure and occupancy rating,Historical (not actively being updated),2003-08-30,17,False,False,False,,,,,,0,
NM_1754_1,CS054 - Shared/unshared dwelling and central heating and occupancy rating by age,Historical (not actively being updated),2003-08-30,17,False,False,False,,,,,,0,
NM_1755_1,CS055 - Dwelling type and accommodation type and central heating by tenure,Historical (not actively being updated),2003-08-30,17,False,False,False,,,,,,0,
NM_1756_1,CS056 - Tenure and amenities by household composition,Historical (not actively being updated),2003-08-30,17,False,False,False,,,,,,0,
NM_1757_1,CS057 - Tenure and lowest floor level by household composition,Historical (not actively being updated),2003-08-30,17,False,False,False,,,,,,0,
NM_1759_1,CS059 - Accommodation type and car or van availability by number of people aged 17 or over in the household,Historical (not actively being updated),2003-08-30,17,False,False,False,,,,,,0,
NM_1760_1,CS060 - Tenure and car or van availability by number of people aged 17 or over in the household,Historical (not actively being updated),2003-08-30,17,False,False,False,,,,,,0,
NM_1761_1,CS061 - Tenure and car or van availability by economic activity,Historical (not actively being updated),2003-08-30,17,False,False,False,,,,,,0,
NM_1762_1,CS062 - Household composition by number of cars or vans available,Historical (not actively being updated),2003-08-30,17,False,False,False,,,,,,0,
NM_1763_1,CS063 - Economic activity and age of full time students by household type,Historical (not actively being updated),2003-08-30,17,False,False,False,,,,,,0,
NM_1764_1,CS064 - Households with full time students away from home and age of student by number of students,Historical (not actively being updated),2003-08-30,17,False,False,False,,,,,,0,
NM_1765_1,CS065 - Sex and age by general health and limiting long-term illness,Historical (not actively being updated),2003-08-30,17,False,False,False,,,,,,0,
NM_1766_1,CS066 - Sex and approximated social grade by age,Historical (not actively being updated),2003-08-30,17,False,False,False,,,,,,0,
NM_1767_1,CS067 - Age of Household Reference Person (HRP) and dependent children by approximated social grade,Historical (not actively being updated),2003-08-30,17,False,False,False,,,,,,0,
NM_1768_1,CS068 - Age and dependent children by household type (HRPs),Historical (not actively being updated),2003-08-30,17,False,False,False,,,,,,0,
NM_1769_1,CS103 - Sex and age by religion,Historical (not actively being updated),2003-08-30,17,False,False,False,,,,,,0,
NM_1770_1,CS105 - Age by highest level of qualification,Historical (not actively being updated),2003-08-30,17,False,False,False,,,,,,0,
NM_1771_1,CS113 - Occupation by highest level of qualification,Historical (not actively being updated),2003-08-30,17,False,False,False,,,,,,0,
NM_1772_1,CS114 - NS-Sec by highest level of qualification,Historical (not actively being updated),2003-08-30,17,False,False,False,,,,,,0,
NM_1773_1,CS118 - Number of employed people and method of travel to work by number of cars or vans in household,Historical (not actively being updated),2003-08-30,17,False,False,False,,,,,,0,
NM_1774_1,CS119 - Sex and age by method of travel to work,Historical (not actively being updated),2003-08-30,17,False,False,False,,,,,,0,
NM_1775_1,CS120 - Sex and age by distance travelled to work,Historical (not actively being updated),2003-08-30,17,False,False,False,,,,,,0,
NM_1776_1,CS121 - Sex and distance travelled to work by method of travel to work,Historical (not actively being updated),2003-08-30,17,False,False,False,,,,,,0,
NM_1777_1,CS122 - NS-Sec by method of travel to work,Historical (not actively being updated),2003-08-30,17,False,False,False,,,,,,0,
NM_1778_1,CS126 - Type of Communal Establishment by resident type and sex,Historical (not actively being updated),2003-08-30,17,False,False,False,,,,,,0,
NM_1779_1,CS133 - Sex and age by knowledge of Welsh,Historical (not actively being updated),2003-08-30,15,False,False,False,,,,,,0,
NM_1780_1,CS145 - Type of communal establishment by knowledge of Welsh,Historical (not actively being updated),2012-03-07,15,False,False,False,,,,,,0,
NM_1781_1,CS146 - Sex and age by ability to speak Welsh,Historical (not actively being updated),2003-08-30,15,False,False,False,,,,,,0,
NM_1782_1,CS147 - Type of communal establishment by ability to speak Welsh,Historical (not actively being updated),2003-08-30,15,False,False,False,,,,,,0,
NM_1783_1,CT001 - Theme table on all dependent children in households,Historical (not actively being updated),2003-08-30,17,False,False,False,,,,,,0,
NM_1784_1,CT002 - Theme table on people aged 50 and over,Historical (not actively being updated),2003-08-30,17,False,False,False,,,,,,0,
NM_1785_1,CT003 - Theme table on ethnic group - people,Historical (not actively being updated),2003-08-30,17,False,False,False,,,,,,0,
NM_1786_1,CT004 - Theme table on ethnic group of Household Reference Person(HRP) - households,Historical (not actively being updated),2003-08-30,17,False,False,False,,,,,,0,
NM_1787_1,CT005 - Theme table on all persons,Historical (not actively being updated),2003-08-30,17,False,False,False,,,,,,0,
NM_1788_1,CT006 - Theme table on Welsh language,Historical (not actively being updated),2003-08-30,13,False,False,False,,,,,,0,
NM_1789_1,CT009 - Theme table on ability to speak Welsh,Historical (not actively being updated),2003-08-30,13,False,False,False,,,,,,0,
NM_1790_1,CT010 - Theme table on religion - people,Historical (not actively being updated),2003-08-30,17,False,False,False,,,,,,0,
NM_1791_1,CT011 - Theme table on religion of Household Reference Person (HRP) - households,Historical (not actively being updated),2003-08-30,17,False,False,False,,,,,,0,
NM_179_1,annual population survey - regional - country of birth,Current (being actively updated),2022-08-16,2,False,False,False,,,,,,0,
NM_1801_1,ST001 - Age by sex and resident type,Historical (not actively being updated),2003-08-30,8,False,False,False,,,,,,0,
NM_1802_1,ST002 - Age by sex and marital status,Historical (not actively being updated),2003-08-30,8,False,False,False,,,,,,0,
NM_1803_1,ST003 - Age of Household Reference Person (HRP) by sex and marital status (Headship),Historical (not actively being updated),2003-08-30,8,False,False,False,,,,,,0,
NM_1804_1,ST004 - Age by sex and living arrangements,Historical (not actively being updated),2003-08-30,8,False,False,False,,,,,,0,
NM_1805_1,ST005 - Age of household reference person (HRP) by sex and living arrangements,Historical (not actively being updated),2003-08-30,8,False,False,False,,,,,,0,
NM_1806_1,ST006 - Age of Family Reference Person (FRP) and number of dependent children by family type,Historical (not actively being updated),2003-08-30,8,False,False,False,,,,,,0,
NM_1807_1,ST007 - Age of Family Reference (FRP) and number and age of dependent children by family type,Historical (not actively being updated),2003-08-30,8,False,False,False,,,,,,0,
NM_1808_1,ST008 - Resident type and sex and age by migration,Historical (not actively being updated),2003-08-30,8,False,False,False,,,,,,0,
NM_1809_1,ST009 - Age of Household Reference Person (HRP) and number of dependent children by migration of households,Historical (not actively being updated),2003-08-30,8,False,False,False,,,,,,0,
NM_180_1,annual population survey - regional - ethnicity by industry,Current (being actively updated),2026-07-21,2,False,False,False,,,,,,0,
NM_1810_1,ST010 - Household composition by migration of households,Historical (not actively being updated),2003-08-30,8,False,False,False,,,,,,0,
NM_1811_1,ST011 - Family composition by age of Family Reference Person (FRP),Historical (not actively being updated),2003-08-30,8,False,False,False,,,,,,0,
NM_1812_1,ST012 - Schoolchildren and students in full-time education living away from home in term-time by age,Historical (not actively being updated),2003-08-30,8,False,False,False,,,,,,0,
NM_1813_1,ST013 - Age of Household Reference Person (HRP) and tenure by economic activity,Historical (not actively being updated),2003-08-30,8,False,False,False,,,,,,0,
NM_1814_1,ST014 - Age and dependent children by household type (Adults),Historical (not actively being updated),2003-08-30,8,False,False,False,,,,,,0,
NM_1815_1,ST015 - Country of birth by sex and age,Historical (not actively being updated),2003-08-30,8,False,False,False,,,,,,0,
NM_1816_1,ST016 - Sex and age by general health and limiting long-term illness,Historical (not actively being updated),2003-08-30,8,False,False,False,,,,,,0,
NM_1817_1,ST017 - Tenure and age by general health and limiting long-term illness,Historical (not actively being updated),2003-08-30,8,False,False,False,,,,,,0,
NM_1818_1,ST018 - Sex and amenities and central heating by general health and limiting long-term illness,Historical (not actively being updated),2003-08-30,8,False,False,False,,,,,,0,
NM_1819_1,ST019 - General health and limiting long-term illness and occupancy rating by age,Historical (not actively being updated),2003-08-30,8,False,False,False,,,,,,0,
NM_181_1,annual population survey - regional - economic inactivity by reasons,Current (being actively updated),2026-07-21,2,False,False,False,,,,,,0,
NM_1820_1,ST020 - Limiting long-term illness and age by accommodation type and lowest floor level of accommodation,Historical (not actively being updated),2003-08-30,8,False,False,False,,,,,,0,
NM_1821_1,ST021 - Economic activity and hours worked by sex and limiting long-term illness,Historical (not actively being updated),2003-08-30,8,False,False,False,,,,,,0,
NM_1822_1,ST022 - Sex and number of cars in household by general health and limiting long-term illness,Historical (not actively being updated),2003-08-30,8,False,False,False,,,,,,0,
NM_1823_1,ST023 - Sex and age and general health by NS-SeC,Historical (not actively being updated),2003-08-30,8,False,False,False,,,,,,0,
NM_1824_1,ST024 - Sex and age and limiting long-term illness by NS-SeC,Historical (not actively being updated),2003-08-30,8,False,False,False,,,,,,0,
NM_1825_1,ST025 - Sex and age by general health and provision of unpaid care,Historical (not actively being updated),2003-08-30,8,False,False,False,,,,,,0,
NM_1826_1,ST026 - Sex and economic activity by general health and provision of unpaid care,Historical (not actively being updated),2003-08-30,8,False,False,False,,,,,,0,
NM_1827_1,ST027 - Households with a person with a LLTI and their age by number of carers in household and economic activity,Historical (not actively being updated),2003-08-30,8,False,False,False,,,,,,0,
NM_1828_1,ST028 - Sex and age by economic activity,Historical (not actively being updated),2003-08-30,8,False,False,False,,,,,,0,
NM_1829_1,ST029 - Sex and age by hours worked,Historical (not actively being updated),2003-08-30,8,False,False,False,,,,,,0,
NM_1830_1,ST030 - Sex and economic activity by living arrangements,Historical (not actively being updated),2003-08-30,8,False,False,False,,,,,,0,
NM_1831_1,ST031 - Family composition and number of dependent children by sex and economic activity,Historical (not actively being updated),2003-08-30,8,False,False,False,,,,,,0,
NM_1832_1,ST032 - Sex and age and level of qualifications by economic activity,Historical (not actively being updated),2003-08-30,8,False,False,False,,,,,,0,
NM_1833_1,ST033 - Sex and occupation by age,Historical (not actively being updated),2003-08-30,8,False,False,False,,,,,,0,
NM_1834_1,ST034 - Sex and former occupation by age,Historical (not actively being updated),2003-08-30,8,False,False,False,,,,,,0,
NM_1835_1,ST035 - Sex and occupation by employment status and hours worked,Historical (not actively being updated),2003-08-30,8,False,False,False,,,,,,0,
NM_1836_1,ST036 - Sex and industry by age,Historical (not actively being updated),2003-08-30,8,False,False,False,,,,,,0,
NM_1837_1,ST037 - Sex and former industry by age,Historical (not actively being updated),2003-08-30,8,False,False,False,,,,,,0,
NM_1838_1,ST038 - Sex and industry by employment status and hours worked,Historical (not actively being updated),2003-08-30,8,False,False,False,,,,,,0,
NM_1839_1,ST039 - Occupation by industry,Historical (not actively being updated),2003-08-30,8,False,False,False,,,,,,0,
NM_1840_1,ST040 - Sex and occupation by hours worked,Historical (not actively being updated),2003-08-30,8,False,False,False,,,,,,0,
NM_1841_1,ST041 - Sex and economic activity and time since last worked by age,Historical (not actively being updated),2003-08-30,8,False,False,False,,,,,,0,
NM_1842_1,ST042 - NS-SeC by age,Historical (not actively being updated),2003-08-30,8,False,False,False,,,,,,0,
NM_1843_1,ST043 - Sex and NS-SeC by economic activity,Historical (not actively being updated),2003-08-30,8,False,False,False,,,,,,0,
NM_1844_1,ST044 - NS-SeC of Household Reference Person (HRP) by household composition,Historical (not actively being updated),2003-08-30,8,False,False,False,,,,,,0,
NM_1845_1,ST045 - NS-SeC of Household Reference Person (HRP) by age (of HRP),Historical (not actively being updated),2003-08-30,8,False,False,False,,,,,,0,
NM_1846_1,ST046 - NS-SeC of Household Reference Person (HRP) by tenure,Historical (not actively being updated),2003-08-30,8,False,False,False,,,,,,0,
NM_1847_1,ST047 - NS-SeC by tenure,Historical (not actively being updated),2003-08-30,8,False,False,False,,,,,,0,
NM_1848_1,ST048 - Dwelling type and accommodation type by household space type,Historical (not actively being updated),2003-08-30,8,False,False,False,,,,,,0,
NM_1849_1,ST049 - Dwelling type and accommodation type by tenure (households and dwellings),Historical (not actively being updated),2003-08-30,8,False,False,False,,,,,,0,
NM_184_1,Annual Civil Service Employment Survey with professions,Current (being actively updated),2018-08-03,13,False,False,False,nuts 2013 level 2,,,,,0,
NM_1850_1,ST050 - Dwelling type and accommodation type by tenure (people),Historical (not actively being updated),2003-08-30,8,False,False,False,,,,,,0,
NM_1851_1,ST051 - Tenure and household size by number of rooms,Historical (not actively being updated),2003-08-30,8,False,False,False,,,,,,0,
NM_1852_1,ST052 - Tenure and persons per room by accommodation type,Historical (not actively being updated),2003-08-30,8,False,False,False,,,,,,0,
NM_1853_1,ST053 - Household composition by tenure and occupancy rating,Historical (not actively being updated),2003-08-30,8,False,False,False,,,,,,0,
NM_1854_1,ST054 - Shared/unshared dwelling and central heating and occupancy rating by age,Historical (not actively being updated),2003-08-30,8,False,False,False,,,,,,0,
NM_1855_1,ST055 - Dwelling type and accommodation type and central heating by tenure,Historical (not actively being updated),2003-08-30,8,False,False,False,,,,,,0,
NM_1856_1,ST056 - Tenure and amenities by household composition,Historical (not actively being updated),2003-08-30,8,False,False,False,,,,,,0,
NM_1857_1,ST057 - Tenure and lowest floor level by household composition,Historical (not actively being updated),2003-08-30,8,False,False,False,,,,,,0,
NM_1858_1,ST058 - Households in a shared dwelling and amenities and household size by central heating and number of rooms,Historical (not actively being updated),2003-08-30,8,False,False,False,,,,,,0,
NM_1859_1,ST059 - Accommodation type and car or van availability by number of people aged 17 or over in the household,Historical (not actively being updated),2003-08-30,8,False,False,False,,,,,,0,
NM_1860_1,ST060 - Tenure and car or van availability by number of people aged 17 or over in the household,Historical (not actively being updated),2003-08-30,8,False,False,False,,,,,,0,
NM_1861_1,ST061 - Tenure and car or van availability by economic activity,Historical (not actively being updated),2003-08-30,8,False,False,False,,,,,,0,
NM_1862_1,ST062 - Household composition by number of cars or vans available,Historical (not actively being updated),2003-08-30,8,False,False,False,,,,,,0,
NM_1863_1,ST063 - Economic activity and age of full-time students by household type and tenure,Historical (not actively being updated),2003-08-30,8,False,False,False,,,,,,0,
NM_1864_1,ST064 - NS-SeC of Household Reference Person (HRP) by households with full-time students away from home and age of student,Historical (not actively being updated),2003-08-30,8,False,False,False,,,,,,0,
NM_1865_1,ST065 - Sex and age by general health and limiting long-term illness,Historical (not actively being updated),2003-08-30,8,False,False,False,,,,,,0,
NM_1866_1,ST066 - Sex and approximated social grade by age,Historical (not actively being updated),2003-08-30,8,False,False,False,,,,,,0,
NM_1867_1,ST067 - Age of household reference person (HRP) and dependent children by approximated social grade,Historical (not actively being updated),2003-08-30,8,False,False,False,,,,,,0,
NM_1868_1,ST068 - Age and dependent children by household type (HRPs),Historical (not actively being updated),2003-08-30,8,False,False,False,,,,,,0,
NM_1869_1,ST101 - Sex and age by ethnic group,Historical (not actively being updated),2003-08-30,8,False,False,False,,,,,,0,
NM_186_1,Annual Business Inquiry employee analysis : safeguarded access,Historical (not actively being updated),,55,False,False,False,nuts 2003 level 2,,,,,0,
NM_1870_1,ST102 - Sex and country of birth by ethnic group,Historical (not actively being updated),2003-08-30,8,False,False,False,,,,,,0,
NM_1871_1,ST103 - Sex and age by religion,Historical (not actively being updated),2003-08-30,8,False,False,False,,,,,,0,
NM_1872_1,ST104 - Ethnic group by religion,Historical (not actively being updated),2003-08-30,8,False,False,False,,,,,,0,
NM_1873_1,ST105 - Sex and age by highest level of qualification,Historical (not actively being updated),2003-08-30,8,False,False,False,,,,,,0,
NM_1874_1,ST106 - Household composition by ethnic group of Household Reference Person (HRP),Historical (not actively being updated),2003-08-30,8,False,False,False,,,,,,0,
NM_1875_1,ST107 - Sex and age and limiting long-term illness and general health by ethnic group,Historical (not actively being updated),2003-08-30,8,False,False,False,,,,,,0,
NM_1876_1,ST108 - Sex and age and economic activity by ethnic group,Historical (not actively being updated),2003-08-30,8,False,False,False,,,,,,0,
NM_1877_1,ST109 - Sex and occupation by ethnic group,Historical (not actively being updated),2003-08-30,8,False,False,False,,,,,,0,
NM_1878_1,ST110 - Sex and industry by ethnic group,Historical (not actively being updated),2003-08-30,8,False,False,False,,,,,,0,
NM_1879_1,ST111 - Tenure and number of cars or vans by ethnic group of Household Reference Person (HRP),Historical (not actively being updated),2003-08-30,8,False,False,False,,,,,,0,
NM_187_1,Annual Business Inquiry employee analysis : open access,Historical (not actively being updated),,55,False,False,False,nuts 2003 level 2,,,,,0,
NM_1880_1,ST112 - Sex and NS-SeC by ethnic group,Historical (not actively being updated),2003-08-30,8,False,False,False,,,,,,0,
NM_1881_1,ST113 - Sex and occupation by highest level of qualification,Historical (not actively being updated),2003-08-30,8,False,False,False,,,,,,0,
NM_1882_1,ST114 - Sex and NS-SeC by highest level of qualification,Historical (not actively being updated),2003-08-30,8,False,False,False,,,,,,0,
NM_1883_1,ST115 - Count of qualifications by sex,Historical (not actively being updated),2003-08-30,8,False,False,False,,,,,,0,
NM_1884_1,ST116 -  Employment activity and sex and professional qualifications by occupation,Historical (not actively being updated),2003-08-30,8,False,False,False,,,,,,0,
NM_1885_1,ST117 - Age and highest level of qualification by ethnic group,Historical (not actively being updated),2003-08-30,8,False,False,False,,,,,,0,
NM_1886_1,ST118 - Number of employed people and method of travel to work by number of cars or vans in household,Historical (not actively being updated),2003-08-30,8,False,False,False,,,,,,0,
NM_1887_1,ST119 - Sex and age by method of travel to work,Historical (not actively being updated),2003-08-30,8,False,False,False,,,,,,0,
NM_1888_1,ST120 - Sex and age by distance travelled to work,Historical (not actively being updated),2003-08-30,8,False,False,False,,,,,,0,
NM_1889_1,ST121 - Sex and distance travelled to work by method of travel to work,Historical (not actively being updated),2003-08-30,8,False,False,False,,,,,,0,
NM_1890_1,ST122 - Sex and NS-SeC by method of travel to work,Historical (not actively being updated),2003-08-30,8,False,False,False,,,,,,0,
NM_1891_1,ST123 - Shared /unshared dwelling and central heating and occupancy rating by ethnic group,Historical (not actively being updated),2003-08-30,8,False,False,False,,,,,,0,
NM_1892_1,ST124 - Shared/unshared dwelling and central heating and occupancy rating by ethnic group of Household Reference Person (HRP),Historical (not actively being updated),2003-08-30,8,False,False,False,,,,,,0,
NM_1893_1,ST125 - Sex and type of communal establishment by resident type and ethnic group,Historical (not actively being updated),2003-08-30,8,False,False,False,,,,,,0,
NM_1894_1,ST126 - Type of communal establishment and sex by resident type and age,Historical (not actively being updated),2003-08-30,8,False,False,False,,,,,,0,
NM_1895_1,ST127 - Type of communal establishment by type of resident and whether or not resident one year ago,Historical (not actively being updated),2003-08-30,8,False,False,False,,,,,,0,
NM_1896_1,ST128 - Residents (non-staff) in communal establishments and sex and limiting long-term illness and type of,Historical (not actively being updated),2003-08-30,8,False,False,False,,,,,,0,
NM_1897_1,ST129 - Sex and distance travelled to work by method of travel to work (workplace population),Historical (not actively being updated),2003-08-30,8,False,False,False,,,,,,0,
NM_1898_1,ST130 - Sex and industry by distance travelled to work (workplace population; no ward data),Historical (not actively being updated),2003-08-30,7,False,False,False,,,,,,0,
NM_1899_1,ST131 - Sex and industry by highest level of qualification (workplace population; no ward data),Historical (not actively being updated),2003-08-30,7,False,False,False,,,,,,0,
NM_189_1,Business Register and Employment Survey : open access,Current (being actively updated),2025-10-28,46,False,False,True,nuts 2016 level 2; nuts 2013 level 2; nuts 2010 level 2,,,,,0,
NM_1900_1,ST132 - Sex and industry by occupation (workplace population; no ward data),Historical (not actively being updated),2003-08-30,7,False,False,False,,,,,,0,
NM_1901_1,ST133 - Sex and age by country of birth and knowledge of Welsh,Historical (not actively being updated),,5,False,False,False,,,,,,0,
NM_1902_1,ST134 - Sex and knowledge of Welsh and age by migration within Wales,Historical (not actively being updated),,5,False,False,False,,,,,,0,
NM_1903_1,ST135 - Migration of Welsh speaking households within Wales by age of Household Reference Person (HRP) and presence of dependent children,Historical (not actively being updated),,5,False,False,False,,,,,,0,
NM_1904_1,ST136 - Age of household reference person (HRP) and tenure by knowledge of Welsh of household reference person (HRP),Historical (not actively being updated),,5,False,False,False,,,,,,0,
NM_1905_1,ST137 - Sex and age and limiting long-term illness and general health by knowledge of Welsh,Historical (not actively being updated),,5,False,False,False,,,,,,0,
NM_1906_1,ST138 - Sex and occupation by knowledge of Welsh,Historical (not actively being updated),,5,False,False,False,,,,,,0,
NM_1907_1,ST139 - Welsh speakers and economic activity and year last worked by age,Historical (not actively being updated),,5,False,False,False,,,,,,0,
NM_1908_1,ST140 - Sex and industry by knowledge of Welsh,Historical (not actively being updated),,5,False,False,False,,,,,,0,
NM_1909_1,ST141 - Sex and NS-SeC by knowledge of Welsh,Historical (not actively being updated),,5,False,False,False,,,,,,0,
NM_190_1,Business Register and Employment Survey public/private sector  : open access,Current (being actively updated),2025-10-28,44,False,False,True,nuts 2016 level 2; nuts 2013 level 2; nuts 2010 level 2,,,,,0,
NM_1910_1,ST142 - Age and highest level of qualification by knowledge of Welsh,Historical (not actively being updated),,5,False,False,False,,,,,,0,
NM_1911_1,ST143 - Children speaking Welsh in Welsh speaking households,Historical (not actively being updated),,5,False,False,False,,,,,,0,
NM_1912_1,ST144 - Welsh speaking adults in households by age of youngest dependent child,Historical (not actively being updated),,5,False,False,False,,,,,,0,
NM_1913_1,ST145 - Type of Communal Establishment by knowledge of Welsh,Historical (not actively being updated),,5,False,False,False,,,,,,0,
NM_1914_1,ST146 - Sex and ability to speak Welsh and age by migration within Wales,Historical (not actively being updated),,5,False,False,False,,,,,,0,
NM_1915_1,ST147 - Age of Household Reference Person (HRP) and tenure by ability to speak Welsh,Historical (not actively being updated),,5,False,False,False,,,,,,0,
NM_1916_1,ST148 - Type of communal establishment by ability to speak Welsh,Historical (not actively being updated),,5,False,False,False,,,,,,0,
NM_1917_1,ST149 - Sex and age by religion,Historical (not actively being updated),2003-08-30,8,False,False,False,,,,,,0,
NM_1918_1,ST150 - Sex and country of birth by religion,Historical (not actively being updated),2003-08-30,8,False,False,False,,,,,,0,
NM_1919_1,ST151 - Household composition by religion of Household Reference Person (HRP),Historical (not actively being updated),2003-08-30,8,False,False,False,,,,,,0,
NM_191_1,Annual Business Inquiry employee analysis (SIC 2007) : safeguarded access,Historical (not actively being updated),,35,False,False,False,nuts 2003 level 2,,,,,0,
NM_1920_1,ST152 - Sex and age and limiting long-term illness and general health by religion,Historical (not actively being updated),2003-08-30,8,False,False,False,,,,,,0,
NM_1921_1,ST153 - Sex and age and economic activity by religion,Historical (not actively being updated),2003-08-30,8,False,False,False,,,,,,0,
NM_1922_1,ST154 - Sex and occupation by religion,Historical (not actively being updated),2003-08-30,8,False,False,False,,,,,,0,
NM_1923_1,ST155 - Sex and industry by religion,Historical (not actively being updated),2003-08-30,8,False,False,False,,,,,,0,
NM_1924_1,ST156 - Tenure and number of cars or vans by religion of Household Reference Person (HRP),Historical (not actively being updated),2003-08-30,8,False,False,False,,,,,,0,
NM_1925_1,ST157 - Sex and NS-SeC by religion,Historical (not actively being updated),2003-08-30,8,False,False,False,,,,,,0,
NM_1926_1,ST158 - Age and highest level of qualification by religion,Historical (not actively being updated),2003-08-30,8,False,False,False,,,,,,0,
NM_1927_1,ST159 - Shared/unshared dwelling and central heating and occupancy rating by religion,Historical (not actively being updated),2003-08-30,8,False,False,False,,,,,,0,
NM_1928_1,ST160 - Shared/unshared dwelling and central heating and occupancy rating by religion of Household Reference Person,Historical (not actively being updated),2003-08-30,8,False,False,False,,,,,,0,
NM_1929_1,ST161 - Sex and type of communal establishment by resident type and religion,Historical (not actively being updated),2003-08-30,8,False,False,False,,,,,,0,
NM_192_1,Annual Business Inquiry employee analysis (SIC 2007) : open access,Historical (not actively being updated),,35,False,False,False,nuts 2003 level 2,,,,,0,
NM_1930_1,TT001 - Theme table on dependent children,Historical (not actively being updated),2003-08-30,8,False,False,False,,,,,,0,
NM_1931_1,TT002 - Theme table on students and schoolchildren,Historical (not actively being updated),2003-08-30,8,False,False,False,,,,,,0,
NM_1932_1,TT003 - Theme table on people aged 16 to 29 years,Historical (not actively being updated),2003-08-30,8,False,False,False,,,,,,0,
NM_1933_1,TT004 - Theme table on people aged 30 to 49 years,Historical (not actively being updated),2003-08-30,8,False,False,False,,,,,,0,
NM_1934_1,TT005 - Theme table on people aged 50 and over,Historical (not actively being updated),2003-08-30,8,False,False,False,,,,,,0,
NM_1935_1,TT006 - Theme table on pensioner households,Historical (not actively being updated),2003-08-30,8,False,False,False,,,,,,0,
NM_1936_1,TT007 - Theme table on all people,Historical (not actively being updated),2003-08-30,8,False,False,False,,,,,,0,
NM_1937_1,TT008 - Theme table on households,Historical (not actively being updated),2003-08-30,8,False,False,False,,,,,,0,
NM_1938_1,TT009 - Theme table on Communal establishment residents,Historical (not actively being updated),2003-08-30,8,False,False,False,,,,,,0,
NM_1939_1,"TT010 - Theme table on resident, workplace and daytime population",Historical (not actively being updated),2003-08-30,8,False,False,False,,,,,,0,
NM_193_1,Annual Employment Survey employee analysis : safeguarded access,Historical (not actively being updated),,43,False,False,False,nuts 2003 level 2,,,,,0,
NM_1940_1,TT011 - Theme table on travel to work,Historical (not actively being updated),2003-08-30,8,False,False,False,,,,,,0,
NM_1941_1,TT012 - Theme table on ethnicity of dependent children in households,Historical (not actively being updated),2003-08-30,8,False,False,False,,,,,,0,
NM_1942_1,TT013 - Theme table on ethnicity,Historical (not actively being updated),2003-08-30,8,False,False,False,,,,,,0,
NM_1943_1,TT015 - Theme table on Welsh language,Historical (not actively being updated),2003-08-30,5,False,False,False,,,,,,0,
NM_1944_1,TT033 - Theme table on migration - people,Historical (not actively being updated),2003-08-30,7,False,False,False,,,,,,0,
NM_1945_1,TT034 - Theme table on migration - households,Historical (not actively being updated),2003-08-30,8,False,False,False,,,,,,0,
NM_1946_1,TT039 - Theme table on ability to speak Welsh,Historical (not actively being updated),2003-08-30,5,False,False,False,,,,,,0,
NM_1947_1,TT052 - Theme table on religion of all dependent children in households,Historical (not actively being updated),2003-08-30,8,False,False,False,,,,,,0,
NM_1948_1,TT053 - Theme table on religion,Historical (not actively being updated),2003-08-30,8,False,False,False,,,,,,0,
NM_194_1,Annual Employment Survey employee analysis : open access,Historical (not actively being updated),,43,False,False,False,nuts 2003 level 2,,,,,0,
NM_195_1,Annual Employment Survey rescaled employee analysis : safeguarded access,Historical (not actively being updated),,40,False,False,False,nuts 2003 level 2,,,,,0,
NM_196_1,Annual Employment Survey rescaled employee analysis : open access,Historical (not actively being updated),,40,False,False,False,nuts 2003 level 2,,,,,0,
NM_197_1,Census of Employment employee analysis : safeguarded access,Historical (not actively being updated),,15,False,False,False,,,,,,0,
NM_198_1,Census of Employment employee analysis : open access,Historical (not actively being updated),,15,False,False,False,,,,,,0,
NM_19_1,vacancies - seasonally adjusted series,Historical (not actively being updated),,4,False,False,False,,,,,,0,
NM_2002_1,Population estimates - local authority based by single year of age,Current (being actively updated),2026-07-29,14,False,False,True,,,,,,0,
NM_2006_1,Subnational population projections for England: 2022-based,Current (being actively updated),2025-10-09,6,False,False,False,,,,,,0,
NM_2009_1,National population projections: 2022-based,Current (being actively updated),2025-02-05,1,False,False,False,,,,,,0,
NM_200_1,Business Register and Employment Survey : safeguarded access,Current (being actively updated),2025-10-28,47,False,False,True,nuts 2016 level 2; nuts 2013 level 2; nuts 2010 level 2,,,,,0,
NM_2010_1,Population estimates - small area (2011 based) by single year of age - England and Wales,Current (being actively updated),2021-09-16,18,False,False,False,nuts 2016 level 2,,,,,0,
NM_2014_1,Population estimates - small area (2021 based) by single year of age - England and Wales,Current (being actively updated),2025-11-07,19,False,False,True,,,,,,0,
NM_2017_1,TS060A - Industry,Current (being actively updated),,11,False,False,True,,,,,,0,
NM_2018_1,TS007B - Age by broad age bands,Current (being actively updated),,11,False,False,True,,,,,,0,
NM_2019_1,TS004A - Country of Birth,Current (being actively updated),,11,False,False,True,,,,,,0,
NM_201_1,Business Register and Employment Survey (excluding units registered for PAYE only) : safeguarded access,Current (being actively updated),2016-09-28,35,False,False,False,nuts 2013 level 2; nuts 2010 level 2,,,,,0,
NM_2020_1,TS007A - Age by five-year age bands,Current (being actively updated),,10,False,False,True,,,,,,0,
NM_2021_1,TS001 - Number of usual residents in households and communal establishments,Current (being actively updated),2022-11-02,21,False,False,True,,,,,,0,
NM_2022_1,TS002 - Legal partnership status,Current (being actively updated),2022-11-02,11,False,False,True,,,,,,0,
NM_2023_1,TS003 - Household composition,Current (being actively updated),2022-11-02,12,False,False,True,,,,,,0,
NM_2024_1,TS004 - Country of birth,Current (being actively updated),2022-11-02,21,False,False,True,,,,,,0,
NM_2025_1,TS005 - Passports held,Current (being actively updated),2022-11-02,12,False,False,True,,,,,,0,
NM_2026_1,TS006 - Population density,Current (being actively updated),2022-11-02,14,False,False,False,,,,,,0,
NM_2027_1,TS007 - Age by single year,Current (being actively updated),2022-11-02,10,False,False,True,,,,,,0,
NM_2028_1,TS008 - Sex,Current (being actively updated),2022-11-02,12,False,False,True,,,,,,0,
NM_2029_1,TS009 - Sex by single year of age,Current (being actively updated),2022-11-02,8,False,False,True,,,,,,0,
NM_2030_1,TS010 - Living arrangements,Current (being actively updated),2022-11-02,10,False,False,True,,,,,,0,
NM_2031_1,TS011 - Households by deprivation dimensions,Current (being actively updated),2022-11-02,12,False,False,True,,,,,,0,
NM_2032_1,TS012 - Country of birth (detailed),Current (being actively updated),2022-11-02,8,False,False,True,,,,,,0,
NM_2033_1,TS013 - Passports held (detailed),Current (being actively updated),2022-11-02,10,False,False,True,,,,,,0,
NM_2035_1,TS015 - Year of arrival in UK,Current (being actively updated),2022-11-02,12,False,False,True,,,,,,0,
NM_2036_1,TS016 - Length of residence,Current (being actively updated),2022-11-02,12,False,False,True,,,,,,0,
NM_2037_1,TS017 - Household size,Current (being actively updated),2022-11-02,12,False,False,True,,,,,,0,
NM_2038_1,TS018 - Age of arrival in the UK,Current (being actively updated),2022-11-02,21,False,False,True,,,,,,0,
NM_2039_1,TS019 - Migrant Indicator,Current (being actively updated),2022-11-02,12,False,False,True,,,,,,0,
NM_203_1,Live births in England and Wales by sex and characteristics of mother: national/regional,Current (being actively updated),2026-06-02,2,False,False,False,,,,,,0,
NM_2040_1,TS020 - Number of non-UK short-term residents by sex,Current (being actively updated),2022-11-02,21,False,False,True,,,,,,0,
NM_2041_1,TS021 - Ethnic group,Current (being actively updated),2022-11-29,12,False,False,True,,,,,,0,
NM_2042_1,TS023 - Multiple ethnic group,Current (being actively updated),2022-11-29,11,False,False,True,,,,,,0,
NM_2043_1,TS024 - Main language (detailed),Current (being actively updated),2022-11-29,7,False,False,True,,,,,,0,
NM_2044_1,TS025 - Household language,Current (being actively updated),2022-11-29,12,False,False,True,,,,,,0,
NM_2045_1,TS026 - Multiple main languages in household,Current (being actively updated),2022-11-29,12,False,False,True,,,,,,0,
NM_2046_1,TS027 - National identity - UK,Current (being actively updated),2022-11-29,12,False,False,True,,,,,,0,
NM_2047_1,TS028 - National identity (detailed),Current (being actively updated),2022-11-29,9,False,False,True,,,,,,0,
NM_2048_1,TS029 - Proficiency in English,Current (being actively updated),2022-11-29,12,False,False,True,,,,,,0,
NM_2049_1,TS030 - Religion,Current (being actively updated),2022-11-29,12,False,False,True,,,,,,0,
NM_204_1,Live births in England and Wales by characteristics of mother and father,Current (being actively updated),2026-06-02,0,False,False,False,,no geography types listed,,,,0,
NM_2050_1,TS032 - Welsh language skills (detailed),Current (being actively updated),2022-12-06,11,False,False,True,,,,,,0,
NM_2051_1,TS033 - Welsh language skills (speaking),Current (being actively updated),2022-12-06,11,False,False,True,,,,,,0,
NM_2052_1,TS034 - Welsh language skills (writing),Current (being actively updated),2022-12-06,11,False,False,True,,,,,,0,
NM_2053_1,TS035 - Welsh language skills (reading),Current (being actively updated),2022-12-06,11,False,False,True,,,,,,0,
NM_2054_1,TS036 - Welsh language skills (understanding),Current (being actively updated),2022-12-06,11,False,False,True,,,,,,0,
NM_2055_1,TS037 - General health,Current (being actively updated),,12,False,False,True,,,,,,0,
NM_2056_1,TS038 - Disability,Current (being actively updated),,12,False,False,True,,,,,,0,
NM_2057_1,TS039 - Provision of unpaid care,Current (being actively updated),,12,False,False,True,,,,,,0,
NM_2058_1,TS040 - Number of disabled people in the household,Current (being actively updated),,12,False,False,True,,,,,,0,
NM_2059_1,TS041 - Number of Households,Current (being actively updated),2022-11-02,21,False,False,True,,,,,,0,
NM_205_1,Live births in England and Wales down to local authority local area,Current (being actively updated),2026-06-02,11,False,False,True,,,,,,0,
NM_2060_1,TS077 - Sexual orientation,Current (being actively updated),,17,False,False,True,,,,,,0,
NM_2061_1,TS078 - Gender identity,Current (being actively updated),,17,False,False,True,,,,,,0,
NM_2062_1,TS044 - Accommodation type,Current (being actively updated),2023-01-05,12,False,False,True,,,,,,0,
NM_2063_1,TS045 - Car or van availability,Current (being actively updated),2023-01-05,12,False,False,True,,,,,,0,
NM_2064_1,TS046 - Central heating,Current (being actively updated),2023-01-05,12,False,False,True,,,,,,0,
NM_2065_1,TS047 - Communal establishment residents by age and sex,Current (being actively updated),2023-01-05,18,False,False,True,,,,,,0,
NM_2066_1,TS048 - Communal establishment management and type,Current (being actively updated),2023-01-05,18,False,False,True,,,,,,0,
NM_2068_1,TS050 - Number of bedrooms,Current (being actively updated),2023-01-05,12,False,False,True,,,,,,0,
NM_2069_1,TS051 -  Number of rooms,Current (being actively updated),2023-01-05,12,False,False,True,,,,,,0,
NM_206_1,Live births in England and Wales for small geographic areas,Current (being actively updated),2026-06-02,21,False,False,True,,,,,,0,
NM_2070_1,TS052 - Occupancy rating for bedrooms,Current (being actively updated),2023-01-05,12,False,False,True,,,,,,0,
NM_2071_1,TS053 - Occupancy rating for rooms,Current (being actively updated),2023-01-05,12,False,False,True,,,,,,0,
NM_2072_1,TS054 - Tenure,Current (being actively updated),2023-01-05,12,False,False,True,,,,,,0,
NM_2073_1,TS055 - Purpose of second address,Current (being actively updated),2023-01-05,21,False,False,True,,,,,,0,
NM_2074_1,TS056 - Second address indicator,Current (being actively updated),2023-01-05,12,False,False,True,,,,,,0,
NM_2075_1,TS058 - Distance travelled to work,Current (being actively updated),2022-12-08,17,False,False,True,,,,,,0,
NM_2076_1,TS059 - Hours worked,Current (being actively updated),2022-12-08,12,False,False,True,,,,,,0,
NM_2077_1,TS060 - Industry,Current (being actively updated),2022-12-08,9,False,False,True,,,,,,0,
NM_2078_1,TS061 - Method used to travel to work,Current (being actively updated),2022-12-08,12,False,False,True,,,,,,0,
NM_2079_1,TS062 - NS-SeC,Current (being actively updated),2022-12-08,12,False,False,True,,,,,,0,
NM_207_1,Live births in England and Wales: birth rates down to local authority areas,Current (being actively updated),2026-07-29,8,False,False,True,,,,,,0,
NM_2080_1,TS063 - Occupation,Current (being actively updated),2022-12-08,12,False,False,True,,,,,,0,
NM_2081_1,TS064 - Occupation - minor groups,Current (being actively updated),2024-05-23,9,False,False,True,,,,,,0,
NM_2082_1,TS065 - Employment history,Current (being actively updated),2022-12-08,12,False,False,True,,,,,,0,
NM_2083_1,TS066 - Economic activity status,Current (being actively updated),2022-12-08,17,False,False,True,,,,,,0,
NM_2084_1,TS067 - Highest level of qualification,Current (being actively updated),,12,False,False,True,,,,,,0,
NM_2085_1,TS068 - Schoolchildren and full-time students,Current (being actively updated),,17,False,False,True,,,,,,0,
NM_2086_1,TS079 - Sexual orientation (detailed),Current (being actively updated),2023-11-01,11,False,False,True,,,,,,0,
NM_2087_1,TS070 - Gender identity (detailed),Current (being actively updated),,11,False,False,True,,,,,,0,
NM_2088_1,TS071 - Previously served in the UK armed forces,Current (being actively updated),2022-11-10,10,False,False,True,,,,,,0,
NM_2089_1,TS072 - Number of people in household who have previously served in UK armed forces,Current (being actively updated),2022-11-10,10,False,False,True,,,,,,0,
NM_2090_1,TS073 - Population who have previously served in UK armed forces in communal establishments and in households,Current (being actively updated),2022-11-10,18,False,False,True,,,,,,0,
NM_2091_1,TS074 - Household Reference Person indicator of previous service in UK armed forces,Current (being actively updated),2022-11-10,10,False,False,True,,,,,,0,
NM_2092_1,TS037ASP - General health - Age-standardised proportions,Current (being actively updated),,9,False,False,False,,,,,,0,
NM_2093_1,TS038ASP - Disability - Age-standardised proportions,Current (being actively updated),,9,False,False,False,,,,,,0,
NM_2094_1,TS039ASP - Provision of unpaid care - Age-standardised proportions,Current (being actively updated),,9,False,False,False,,,,,,0,
NM_2095_1,TS022 - Ethnic group (detailed),Current (being actively updated),2022-11-29,14,False,False,True,,,,,,0,
NM_2096_1,TS031 - Religion (detailed),Current (being actively updated),2022-11-29,14,False,False,True,,,,,,0,
NM_2097_1,TS075 - Multi religion households,Current (being actively updated),2022-11-29,11,False,False,True,,,,,,0,
NM_2098_1,TS076 - Welsh language skills (speaking) by single year of age,Current (being actively updated),2022-12-06,7,False,False,True,,,,,,0,
NM_2099_1,TS048NP - Communal establishment management and type - National Parks,Current (being actively updated),,1,False,False,False,,,,,,0,
NM_20_1,vacancies by industry,Historical (not actively being updated),,13,False,False,False,,,,,,0,
NM_2100_1,TS060NP - Industry - National Parks,Current (being actively updated),,1,False,False,False,,,,,,0,
NM_2101_1,RM001 - Accommodation type by car or van availability by number of usual residents aged 17 years or over in household,Current (being actively updated),,20,False,False,True,,,,,,0,
NM_2102_1,RM002 - Accommodation type by household size,Current (being actively updated),,20,False,False,True,,,,,,0,
NM_2103_1,RM003 - Accommodation type by type of central heating in household by tenure,Current (being actively updated),,17,False,False,True,,,,,,0,
NM_2106_1,RM006 - Age of youngest dependent child by household type,Current (being actively updated),,20,False,False,True,,,,,,0,
NM_2108_1,RM008 - Car or van availability by household composition,Current (being actively updated),,17,False,False,True,,,,,,0,
NM_2109_1,RM009 - Concealed family status by family type by dependent children by age of Family Reference Person,Current (being actively updated),,20,False,False,True,,,,,,0,
NM_210_1,annual population survey - regional - occupation (SOC2010) by sex by employment type,Current (being actively updated),2022-04-12,2,False,False,False,,,,,,0,
NM_2111_1,RM011 - Country of birth by age,Current (being actively updated),2023-04-18,20,False,False,True,,,,,,0,
NM_2112_1,RM012 - Dependent children by ethnic group of Household Reference Person by age,Current (being actively updated),,20,False,False,True,,,,,,0,
NM_2114_1,RM014 - Distance travelled to work by age,Current (being actively updated),,17,False,False,True,,,,,,0,
NM_2115_1,RM015 - Distance travelled to work by car or van availability,Current (being actively updated),,12,False,False,False,,,,,,0,
NM_2116_1,RM016 - Distance travelled to work by occupation,Current (being actively updated),,17,False,False,True,,,,,,0,
NM_2117_1,RM017 - Economic activity status by country of birth,Current (being actively updated),,17,False,False,True,,,,,,0,
NM_2118_1,RM018 - Economic activity status by ethnic group,Current (being actively updated),,17,False,False,True,,,,,,0,
NM_2119_1,RM019 - Economic activity status by hours worked by disability,Current (being actively updated),2023-04-18,20,False,False,True,,,,,,0,
NM_2120_1,RM020 - Economic activity status by living arrangements,Current (being actively updated),2023-04-18,18,False,False,True,,,,,,0,
NM_2121_1,RM021 - Economic activity status by passports held,Current (being actively updated),,17,False,False,True,,,,,,0,
NM_2122_1,RM022 - Economic activity status by provision of unpaid care by general health,Current (being actively updated),,17,False,False,True,,,,,,0,
NM_2123_1,RM023 - Economic activity status by religion,Current (being actively updated),,17,False,False,True,,,,,,0,
NM_2124_1,RM024 - Economic activity status by sex by age,Current (being actively updated),,17,False,False,True,,,,,,0,
NM_2125_1,RM025 - Economic activity status by sex by employment history,Current (being actively updated),,17,False,False,True,,,,,,0,
NM_2126_1,RM026 - Ethnic group by accommodation type,Current (being actively updated),,15,False,False,True,,,,,,0,
NM_2127_1,RM027 - Ethnic group by age of arrival in the UK,Current (being actively updated),,17,False,False,True,,,,,,0,
NM_2128_1,RM028 - Ethnic group by occupancy rating (bedrooms),Current (being actively updated),,15,False,False,True,,,,,,0,
NM_2129_1,RM029 - Ethnic group by occupancy rating (rooms),Current (being actively updated),,15,False,False,True,,,,,,0,
NM_2130_1,RM030 - Ethnic group by provision of unpaid care by general health,Current (being actively updated),,17,False,False,True,,,,,,0,
NM_2131_1,RM031 - Ethnic group by religion,Current (being actively updated),,17,False,False,True,,,,,,0,
NM_2132_1,RM032 - Ethnic group by sex by age,Current (being actively updated),,17,False,False,True,,,,,,0,
NM_2133_1,RM033 - Ethnic group of dependent child by sex,Current (being actively updated),,20,False,False,True,,,,,,0,
NM_2134_1,RM034 - Family status by number of parents working by economic activity status,Current (being actively updated),2023-04-18,20,False,False,True,,,,,,0,
NM_2135_1,RM035 - Gender identity by age,Current (being actively updated),,11,False,False,True,,,,,,0,
NM_2136_1,RM036 - Gender identity by disability,Current (being actively updated),,11,False,False,True,,,,,,0,
NM_2137_1,RM037 - Gender identity by economic activity status,Current (being actively updated),,11,False,False,True,,,,,,0,
NM_2138_1,RM038 - Gender identity by ethnic group,Current (being actively updated),,11,False,False,True,,,,,,0,
NM_2139_1,RM039 - Gender identity by general health,Current (being actively updated),,11,False,False,True,,,,,,0,
NM_213_1,Census of Employment employee analysis (SIC 68) : safeguarded access,Historical (not actively being updated),,8,False,False,False,,,,,,0,
NM_2140_1,RM040 - Gender identity by legal partnership status,Current (being actively updated),,11,False,False,True,,,,,,0,
NM_2141_1,RM041 - Gender identity by occupation,Current (being actively updated),,11,False,False,True,,,,,,0,
NM_2142_1,RM042 - General health by car or van availability by sex,Current (being actively updated),,15,False,False,True,,,,,,0,
NM_2143_1,RM043 - General health by ethnic group by age,Current (being actively updated),,17,False,False,True,,,,,,0,
NM_2144_1,RM044 - General health by NS-SEC,Current (being actively updated),,17,False,False,True,,,,,,0,
NM_2145_1,RM045 - General health by religion by age,Current (being actively updated),,17,False,False,True,,,,,,0,
NM_2146_1,RM046 - General health by tenure by age,Current (being actively updated),,15,False,False,True,,,,,,0,
NM_2147_1,RM047 - Highest level of qualification by country of birth,Current (being actively updated),,17,False,False,True,,,,,,0,
NM_2148_1,RM048 - Highest level of qualification by economic activity status,Current (being actively updated),,17,False,False,True,,,,,,0,
NM_2149_1,RM049 - Highest level of qualification by ethnic group,Current (being actively updated),,17,False,False,True,,,,,,0,
NM_214_1,Census of Employment employee analysis (SIC 68) : Open access,Historical (not actively being updated),,8,False,False,False,,,,,,0,
NM_2151_1,RM051 - Highest level of qualification by household composition,Current (being actively updated),,15,False,False,True,,,,,,0,
NM_2152_1,RM052 - Highest level of qualification by disability,Current (being actively updated),,17,False,False,True,,,,,,0,
NM_2153_1,RM053 - Highest level of qualification by main language,Current (being actively updated),,17,False,False,True,,,,,,0,
NM_2154_1,RM054 - Highest level of qualification by religion,Current (being actively updated),,17,False,False,True,,,,,,0,
NM_2155_1,RM055 - Highest level of qualification by sex,Current (being actively updated),,17,False,False,True,,,,,,0,
NM_2156_1,RM056 - Hours worked by sex by age,Current (being actively updated),,17,False,False,True,,,,,,0,
NM_2157_1,RM057 - Household composition by age,Current (being actively updated),,15,False,False,True,,,,,,0,
NM_2158_1,RM058 - Household composition by ethnic group of Household Reference Person,Current (being actively updated),,17,False,False,True,,,,,,0,
NM_2159_1,RM059 - Household composition by number of bedrooms,Current (being actively updated),,17,False,False,True,,,,,,0,
NM_2160_1,RM060 - Household composition by number of people in household with a disability,Current (being actively updated),,17,False,False,True,,,,,,0,
NM_2161_1,RM061 - Household composition by religion of Household Reference Person,Current (being actively updated),,17,False,False,True,,,,,,0,
NM_2162_1,RM062 - Industry by age,Current (being actively updated),,17,False,False,True,,,,,,0,
NM_2163_1,RM063 - Industry by economic activity status,Current (being actively updated),,17,False,False,True,,,,,,0,
NM_2164_1,RM064 - Industry by ethnic group,Current (being actively updated),,17,False,False,True,,,,,,0,
NM_2165_1,RM065 - Industry by sex,Current (being actively updated),,17,False,False,True,,,,,,0,
NM_2166_1,RM066 - Living arrangements by age - Household Reference Person,Current (being actively updated),2023-04-18,20,False,False,True,,,,,,0,
NM_2167_1,RM067 - Living arrangements by sex by age,Current (being actively updated),2023-04-18,18,False,False,True,,,,,,0,
NM_2168_1,RM068 - Disability by car or van availability,Current (being actively updated),,15,False,False,True,,,,,,0,
NM_2169_1,RM069 - Disability by general health by age,Current (being actively updated),,15,False,False,True,,,,,,0,
NM_2170_1,RM070 - Disability by NS-SEC by age,Current (being actively updated),,17,False,False,True,,,,,,0,
NM_2171_1,RM071 - Disability by provision of unpaid care by sex,Current (being actively updated),,15,False,False,True,,,,,,0,
NM_2172_1,RM072 - Disability by religion by sex,Current (being actively updated),,17,False,False,True,,,,,,0,
NM_2173_1,RM073 - Disability by sex by age,Current (being actively updated),,15,False,False,True,,,,,,0,
NM_2174_1,RM074 - Legal partnership status by sex by age,Current (being actively updated),,17,False,False,True,,,,,,0,
NM_2175_1,RM075 - Method used to travel to work by age,Current (being actively updated),,17,False,False,True,,,,,,0,
NM_2176_1,RM076 - Method used to travel to work by car or van availability,Current (being actively updated),,15,False,False,True,,,,,,0,
NM_2177_1,RM077 - Method used to travel to work by distance travelled to work,Current (being actively updated),,17,False,False,True,,,,,,0,
NM_2178_1,RM078 - Method used to travel to work by industry,Current (being actively updated),,17,False,False,True,,,,,,0,
NM_2179_1,RM079 - Method used to travel to work by occupation,Current (being actively updated),,17,False,False,True,,,,,,0,
NM_2180_1,RM080 - Multi-language households by ethnic group of Household Reference Person,Current (being actively updated),,17,False,False,True,,,,,,0,
NM_2181_1,RM081 - Multi-language households by occupation of Household Reference Person,Current (being actively updated),,17,False,False,True,,,,,,0,
NM_2182_1,RM082 - Multi-language households by tenure,Current (being actively updated),,17,False,False,True,,,,,,0,
NM_2183_1,RM083 - Multi-religion households by ethnic group of Household Reference Person,Current (being actively updated),,17,False,False,True,,,,,,0,
NM_2184_1,RM084 - Multi-religion households by occupation of Household Reference Person,Current (being actively updated),,17,False,False,True,,,,,,0,
NM_2185_1,RM085 - Multi-religion households by tenure,Current (being actively updated),,17,False,False,True,,,,,,0,
NM_2186_1,RM086 - National identity by age,Current (being actively updated),,17,False,False,True,,,,,,0,
NM_2187_1,RM087 - National identity by ethnic group,Current (being actively updated),,17,False,False,True,,,,,,0,
NM_2188_1,RM088 - National identity by religion,Current (being actively updated),,17,False,False,True,,,,,,0,
NM_2189_1,RM089 - National Identity by sex by age,Current (being actively updated),,17,False,False,True,,,,,,0,
NM_218_1,annual population survey - regional - occupation (SOC2020) by sex by employment type,Current (being actively updated),2026-07-21,2,False,False,False,,,,,,0,
NM_2190_1,RM090 - NS-SEC by age,Current (being actively updated),,17,False,False,True,,,,,,0,
NM_2191_1,RM091 - NS-SEC by economic activity status,Current (being actively updated),,17,False,False,True,,,,,,0,
NM_2192_1,RM092 - NS-SEC by religion,Current (being actively updated),,17,False,False,True,,,,,,0,
NM_2193_1,RM093 - NS-SEC by sex,Current (being actively updated),,17,False,False,True,,,,,,0,
NM_2194_1,RM094 - NS-SEC of Household Reference Person by household composition,Current (being actively updated),,17,False,False,True,,,,,,0,
NM_2195_1,RM095 - Number of bedrooms by accommodation type by age of dependent children,Current (being actively updated),,18,False,False,True,,,,,,0,
NM_2196_1,RM096 - Number of bedrooms by tenure by age of dependent children,Current (being actively updated),,18,False,False,True,,,,,,0,
NM_2197_1,RM097 - Occupancy rating (bedrooms) by ethnic group of Household Reference Person,Current (being actively updated),,17,False,False,True,,,,,,0,
NM_2198_1,RM098 - Occupancy rating (bedrooms) by household composition,Current (being actively updated),,17,False,False,True,,,,,,0,
NM_2199_1,RM099 - Occupancy rating (bedrooms) by tenure,Current (being actively updated),,17,False,False,True,,,,,,0,
NM_21_1,vacancies by industry with duration analysis,Historical (not actively being updated),,13,False,False,False,,,,,,0,
NM_2200_1,RM100 - Occupancy rating (rooms) by household composition,Current (being actively updated),,17,False,False,True,,,,,,0,
NM_2201_1,RM101 - Occupancy rating (rooms) by tenure,Current (being actively updated),,17,False,False,True,,,,,,0,
NM_2202_1,RM102 - Occupation by age,Current (being actively updated),,17,False,False,True,,,,,,0,
NM_2203_1,RM103 - Occupation by economic activity status,Current (being actively updated),,17,False,False,True,,,,,,0,
NM_2204_1,RM104 - Occupation by ethnic group,Current (being actively updated),,17,False,False,True,,,,,,0,
NM_2205_1,RM105 - Occupation by hours worked,Current (being actively updated),,17,False,False,True,,,,,,0,
NM_2206_1,RM106 - Occupation by religion,Current (being actively updated),,17,False,False,True,,,,,,0,
NM_2207_1,RM107 - Occupation by sex,Current (being actively updated),,17,False,False,True,,,,,,0,
NM_2208_1,RM108 - Passports held by country of birth,Current (being actively updated),,17,False,False,True,,,,,,0,
NM_2209_1,RM109 - Passports held by age,Current (being actively updated),,17,False,False,True,,,,,,0,
NM_2210_1,RM110 - Passports held by year of arrival in the UK,Current (being actively updated),,17,False,False,True,,,,,,0,
NM_2211_1,RM111 - Proficiency in English by age,Current (being actively updated),,17,False,False,True,,,,,,0,
NM_2212_1,RM112 - Proficiency in English by economic activity status,Current (being actively updated),,17,False,False,True,,,,,,0,
NM_2213_1,RM113 - Provision of unpaid care by age,Current (being actively updated),,17,False,False,True,,,,,,0,
NM_2214_1,RM114 - Provision of unpaid care by general health by households with people who have a disability,Current (being actively updated),,15,False,False,True,,,,,,0,
NM_2215_1,RM115 - Provision of unpaid care by general health by age,Current (being actively updated),,15,False,False,True,,,,,,0,
NM_2216_1,RM116 - Provision of unpaid care by households with people with a disability by economic activity status,Current (being actively updated),,15,False,False,True,,,,,,0,
NM_2217_1,RM117 - Religion by accommodation type,Current (being actively updated),,15,False,False,True,,,,,,0,
NM_2218_1,RM118 - Religion by age,Current (being actively updated),,17,False,False,True,,,,,,0,
NM_2219_1,RM119 - Residence type by age,Current (being actively updated),2023-04-18,20,False,False,True,,,,,,0,
NM_2220_1,RM120 - Residence type by sex by age,Current (being actively updated),2023-04-18,20,False,False,True,,,,,,0,
NM_2221_1,RM121 - Sex by age,Current (being actively updated),,17,False,False,True,,,,,,0,
NM_2222_1,RM122 - Sexual orientation by age and sex,Current (being actively updated),,11,False,False,True,,,,,,0,
NM_2223_1,RM123 - Sexual orientation by disability,Current (being actively updated),,11,False,False,True,,,,,,0,
NM_2224_1,RM124 - Sexual orientation by economic activity status,Current (being actively updated),,11,False,False,True,,,,,,0,
NM_2225_1,RM125 - Sexual orientation by ethnic group,Current (being actively updated),,11,False,False,True,,,,,,0,
NM_2226_1,RM126 - Sexual orientation by general health,Current (being actively updated),,11,False,False,True,,,,,,0,
NM_2227_1,RM127 - Sexual orientation by legal partnership status,Current (being actively updated),,11,False,False,True,,,,,,0,
NM_2228_1,RM128 - Sexual orientation by occupation,Current (being actively updated),,11,False,False,True,,,,,,0,
NM_2229_1,RM129 - Student accommodation by age,Current (being actively updated),2023-04-18,20,False,False,True,,,,,,0,
NM_2230_1,RM130 - Tenure by car or van availability by ethnic group of Household Reference Person,Current (being actively updated),,17,False,False,True,,,,,,0,
NM_2231_1,RM131 - Tenure by car or van availability by number of usual residents aged 17 or over in household,Current (being actively updated),,20,False,False,True,,,,,,0,
NM_2232_1,RM132 - Tenure by dependent children in household,Current (being actively updated),,17,False,False,True,,,,,,0,
NM_2233_1,RM133 - Tenure by economic activity status - Household Reference Persons,Current (being actively updated),,17,False,False,True,,,,,,0,
NM_2234_1,RM134 - Tenure by ethnic group - Household Reference Persons,Current (being actively updated),,17,False,False,True,,,,,,0,
NM_2235_1,RM135 - Tenure by household composition,Current (being actively updated),,17,False,False,True,,,,,,0,
NM_2236_1,RM136 - Tenure by household size by number of bedrooms,Current (being actively updated),,17,False,False,True,,,,,,0,
NM_2237_1,RM137 - Tenure by number of rooms,Current (being actively updated),,17,False,False,True,,,,,,0,
NM_2238_1,RM138 - Tenure by NS-SEC - Household Reference Persons,Current (being actively updated),,17,False,False,True,,,,,,0,
NM_2239_1,RM139 - Tenure by number of people per room in household by accommodation type,Current (being actively updated),,17,False,False,True,,,,,,0,
NM_2240_1,RM140 - Tenure by occupation - Household Reference Persons,Current (being actively updated),,17,False,False,True,,,,,,0,
NM_2241_1,RM141 - Type of central heating in household by occupancy rating (rooms) by age,Current (being actively updated),,15,False,False,True,,,,,,0,
NM_2242_1,RM142 - Veteran households by tenure,Current (being actively updated),,15,False,False,True,,,,,,0,
NM_2243_1,RM143 - Veterans by disability,Current (being actively updated),,15,False,False,True,,,,,,0,
NM_2244_1,RM144 - Veterans by economic activity status,Current (being actively updated),,15,False,False,True,,,,,,0,
NM_2245_1,RM145 - Veterans by general health,Current (being actively updated),,15,False,False,True,,,,,,0,
NM_2246_1,RM146 - Veterans by occupation,Current (being actively updated),,15,False,False,True,,,,,,0,
NM_2247_1,RM147 - Veterans by age,Current (being actively updated),,15,False,False,True,,,,,,0,
NM_2248_1,RM148 - Year last worked by age,Current (being actively updated),,17,False,False,True,,,,,,0,
NM_2249_1,RM149 - Ability to speak Welsh by industry,Current (being actively updated),,13,False,False,True,,,,,,0,
NM_2250_1,RM150 - Ability to speak Welsh by national identity by age,Current (being actively updated),,13,False,False,True,,,,,,0,
NM_2251_1,RM151 - Ability to speak Welsh by NS-SEC,Current (being actively updated),,13,False,False,True,,,,,,0,
NM_2252_1,RM152 - Ability to speak Welsh by occupation,Current (being actively updated),,13,False,False,True,,,,,,0,
NM_2253_1,RM153 - Ability to speak Welsh by tenure - Household Reference Persons,Current (being actively updated),,13,False,False,True,,,,,,0,
NM_2254_1,RM154 - Ability to speak Welsh by employment history,Current (being actively updated),,13,False,False,True,,,,,,0,
NM_2255_1,RM155 - Family type by parents' ability to speak Welsh by age and ability to speak Welsh of dependent child,Current (being actively updated),,16,False,False,True,,,,,,0,
NM_2256_1,RM156 - General health by ability to speak Welsh by age,Current (being actively updated),,13,False,False,True,,,,,,0,
NM_2257_1,RM157 - Disability by ability to speak Welsh by age,Current (being actively updated),,13,False,False,True,,,,,,0,
NM_2258_1,RM158 - Number of people who can speak Welsh by household size,Current (being actively updated),,11,False,False,True,,,,,,0,
NM_2259_1,RM159 - Welsh household composition by age of youngest dependent child,Current (being actively updated),,16,False,False,True,,,,,,0,
NM_2260_1,RM160 - Welsh language skills by country of birth,Current (being actively updated),,13,False,False,True,,,,,,0,
NM_2261_1,RM161 - Welsh language skills by sex by age,Current (being actively updated),,13,False,False,True,,,,,,0,
NM_2262_1,RM162 - Welsh language skills by tenure - Household Reference Persons,Current (being actively updated),,13,False,False,True,,,,,,0,
NM_2263_1,RM163 - Gender identity by age by sex,Current (being actively updated),,11,False,False,True,,,,,,0,
NM_2264_1,RM164 - Gender identity by type of central heating in household,Current (being actively updated),,11,False,False,True,,,,,,0,
NM_2265_1,RM165 - Gender identity by dwelling type,Current (being actively updated),,11,False,False,True,,,,,,0,
NM_2266_1,RM166 - Gender identity by family composition,Current (being actively updated),,11,False,False,True,,,,,,0,
NM_2267_1,RM167 - Gender identity by highest qualification held,Current (being actively updated),,11,False,False,True,,,,,,0,
NM_2268_1,RM168 - Gender identity by hours worked,Current (being actively updated),,11,False,False,True,,,,,,0,
NM_2269_1,RM169 - Gender identity by industry,Current (being actively updated),,11,False,False,True,,,,,,0,
NM_2270_1,RM170 - Gender identity by NS-SEC,Current (being actively updated),,11,False,False,True,,,,,,0,
NM_2271_1,RM171 - Gender identity by occupancy rating (bedrooms),Current (being actively updated),,11,False,False,True,,,,,,0,
NM_2272_1,RM172 - Gender identity by occupancy rating (rooms),Current (being actively updated),,11,False,False,True,,,,,,0,
NM_2273_1,RM173 - Gender identity by religion,Current (being actively updated),,11,False,False,True,,,,,,0,
NM_2274_1,RM174 - Gender identity by sex,Current (being actively updated),,11,False,False,True,,,,,,0,
NM_2275_1,RM175 - Gender identity by sexual orientation,Current (being actively updated),,11,False,False,True,,,,,,0,
NM_2276_1,RM176 - Gender identity by tenure,Current (being actively updated),,11,False,False,True,,,,,,0,
NM_2277_1,RM177 - Sexual orientation by age,Current (being actively updated),,11,False,False,True,,,,,,0,
NM_2278_1,RM178 - Sexual orientation by unpaid carer status,Current (being actively updated),,11,False,False,True,,,,,,0,
NM_2279_1,RM179 - Sexual orientation by type of central heating in household,Current (being actively updated),,11,False,False,True,,,,,,0,
NM_2280_1,RM180 - Sexual orientation by dwelling type,Current (being actively updated),,11,False,False,True,,,,,,0,
NM_2281_1,RM181 - Sexual orientation by family composition,Current (being actively updated),,11,False,False,True,,,,,,0,
NM_2282_1,RM182 - Sexual orientation by highest qualification held,Current (being actively updated),,11,False,False,True,,,,,,0,
NM_2283_1,RM183 - Sexual orientation by hours worked,Current (being actively updated),,11,False,False,True,,,,,,0,
NM_2284_1,RM184 - Sexual orientation by industry,Current (being actively updated),,11,False,False,True,,,,,,0,
NM_2285_1,RM185 - Sexual orientation by NS-SEC,Current (being actively updated),,11,False,False,True,,,,,,0,
NM_2286_1,RM186 - Sexual orientation by occupancy rating (bedrooms),Current (being actively updated),,11,False,False,True,,,,,,0,
NM_2287_1,RM187 - Sexual orientation by occupancy rating (rooms),Current (being actively updated),,11,False,False,True,,,,,,0,
NM_2288_1,RM188 - Sexual orientation by religion,Current (being actively updated),,11,False,False,True,,,,,,0,
NM_2289_1,RM189 - Sexual orientation by sex,Current (being actively updated),,11,False,False,True,,,,,,0,
NM_2290_1,RM190 - Sexual orientation by tenure,Current (being actively updated),,11,False,False,True,,,,,,0,
NM_2291_1,RM191 - Gender identity by unpaid carer status,Current (being actively updated),,11,False,False,True,,,,,,0,
NM_2292_1,RM192 - Number of dwellings that are houses in multiple occupation (HMO),Current (being actively updated),,11,False,False,True,,,,,,0,
NM_2293_1,RM193 - Number of households in houses in multiple occupation (HMO) by accommodation type,Current (being actively updated),,11,False,False,True,,,,,,0,
NM_2294_1,RM194 - Number of households in houses in multiple occupation (HMO) by type of central heating in household,Current (being actively updated),,11,False,False,True,,,,,,0,
NM_2295_1,RM195 - Number of households in houses in multiple occupation (HMO) by type of occupancy rating (bedrooms),Current (being actively updated),,11,False,False,True,,,,,,0,
NM_2296_1,RM196 - Communal establishment management and type,Current (being actively updated),,18,False,False,True,,,,,,0,
NM_2297_1,RM197 - Number of multi-generational households by household tenure,Current (being actively updated),,11,False,False,True,,,,,,0,
NM_2298_1,RM198 - Number of multi-generational households by bedroom occupancy ratings,Current (being actively updated),,11,False,False,True,,,,,,0,
NM_22_1,vacancies by occupation,Historical (not actively being updated),,13,False,False,False,,,,,,0,
NM_2300_1,RM200 - Sex by single year of age (detailed),Current (being actively updated),,16,False,False,True,,,,,,0,
NM_2301_1,RM201 - Tenure by age - Household Reference Persons,Current (being actively updated),,17,False,False,True,,,,,,0,
NM_2302_1,RM202 - Household size by number of rooms,Current (being actively updated),,17,False,False,True,,,,,,0,
NM_2303_1,RM203 -  Legal partnership status by sex by age - Communal establishment residents,Current (being actively updated),,13,False,False,True,,,,,,0,
NM_2304_1,RM204 - Number of Dwellings,Current (being actively updated),,20,False,False,True,,,,,,0,
NM_2305_1,RM205 - Dwelling type,Current (being actively updated),,18,False,False,True,,,,,,0,
NM_2306_1,RM206 - Full-time students by age,Current (being actively updated),,17,False,False,True,,,,,,0,
NM_2307_1,RM207 - Accommodation type,Current (being actively updated),,17,False,False,True,,,,,,0,
NM_2308_1,RM208 - Economic activity status by hours worked by sex by long-term health problem or disability,Current (being actively updated),,12,False,False,False,,,,,,0,
NM_2311_1,SG001 - Approximated social grade - Household Reference Persons aged 16 to 64 years,Current (being actively updated),2023-08-17,10,False,False,True,,,,,,0,
NM_2312_1,SG002 - Approximated Social Grade,Current (being actively updated),2023-08-17,10,False,False,True,,,,,,0,
NM_2313_1,SG003 - Approximated Social Grade by adult lifestage - Household Reference Persons,Current (being actively updated),2023-08-17,8,False,False,True,,,,,,0,
NM_2314_1,SG004 - Approximated social grade by adult lifestage (detailed),Current (being actively updated),2023-08-17,8,False,False,True,,,,,,0,
NM_2315_1,SG005 - Approximated social grade by country of birth,Current (being actively updated),2023-08-17,8,False,False,True,,,,,,0,
NM_2316_1,SG006 - Approximated social grade by ethnic group,Current (being actively updated),2023-08-17,8,False,False,True,,,,,,0,
NM_2317_1,SG007 - Approximated social grade by household family composition - Household Reference Persons,Current (being actively updated),2023-08-17,8,False,False,True,,,,,,0,
NM_2318_1,SG008 - Approximated social grade by passports held,Current (being actively updated),2023-08-17,8,False,False,True,,,,,,0,
NM_2319_1,SG009 - Approximated social grade by tenure by car or van availability,Current (being actively updated),2023-08-17,8,False,False,True,,,,,,0,
NM_2320_1,SG010 - Approximated social grade by sex by age (detailed),Current (being actively updated),2023-08-17,8,False,False,True,,,,,,0,
NM_2321_1,SG011 - Dependent children's ability to speak Welsh by Welsh household composition by approximated social grade,Current (being actively updated),2023-08-17,4,False,False,False,,,,,,0,
NM_2322_1,SG012 - Approximated social grade by adult lifestage,Current (being actively updated),2023-08-17,10,False,False,True,,,,,,0,
NM_2323_1,SG013 - Approximated social grade by sex by age,Current (being actively updated),2023-08-17,10,False,False,True,,,,,,0,
NM_2324_1,TS045A - Number of cars or vans in the area,Current (being actively updated),,4,False,False,False,,,,,,0,
NM_2331_1,ST001 - Number of non-UK born short-term residents by residence type,Current (being actively updated),2023-04-18,8,False,False,False,,,,,,0,
NM_2332_1,ST002 - Number of non-UK born short-term residents by sex by age,Current (being actively updated),2023-04-18,8,False,False,False,,,,,,0,
NM_2333_1,ST003 - Number of non-UK born short-term residents by ethnicity,Current (being actively updated),2023-04-18,8,False,False,False,,,,,,0,
NM_2334_1,ST004 - Number of non-UK born short-term residents by country of birth,Current (being actively updated),2023-04-18,8,False,False,False,,,,,,0,
NM_2335_1,ST005 - Number of non-UK born short-term residents by main language,Current (being actively updated),2023-04-18,8,False,False,False,,,,,,0,
NM_2336_1,ST006 - Number of non-UK born short-term residents by passports held (detailed),Current (being actively updated),2023-04-18,8,False,False,False,,,,,,0,
NM_2337_1,ST007 - Number of non-UK born short-term residents by general health,Current (being actively updated),2023-04-18,8,False,False,False,,,,,,0,
NM_2338_1,ST008 - Number of non-UK born short-term residents in household spaces by tenure,Current (being actively updated),2023-04-18,8,False,False,False,,,,,,0,
NM_2339_1,ST009 - Number of non-UK born short-term residents by economic activity,Current (being actively updated),2023-04-18,8,False,False,False,,,,,,0,
NM_2340_1,ST010 - Number of non-UK born short-term residents by industry,Current (being actively updated),2023-04-18,8,False,False,False,,,,,,0,
NM_2341_1,ST011 - Number of non-UK born short-term residents by occupation,Current (being actively updated),2023-04-18,8,False,False,False,,,,,,0,
NM_2342_1,ST012 - Number of non-UK born short-term residents by NS-SEC,Current (being actively updated),2023-04-18,8,False,False,False,,,,,,0,
NM_2343_1,ST013 - Number of non-UK born short-term residents by sex by single year of age,Current (being actively updated),2023-04-18,2,False,False,False,,,,,,0,
NM_2351_1,PP001 - Number of Households,Current (being actively updated),2023-08-24,1,False,False,False,,,,,,0,
NM_2352_1,PP002 - Sex,Current (being actively updated),2023-08-24,1,False,False,False,,,,,,0,
NM_2353_1,PP003 - Disability,Current (being actively updated),2023-08-24,1,False,False,False,,,,,,0,
NM_2354_1,PP004 - Economic activity,Current (being actively updated),2023-08-24,1,False,False,False,,,,,,0,
NM_2355_1,PP005 - Ethnic group,Current (being actively updated),2023-08-24,1,False,False,False,,,,,,0,
NM_2356_1,PP006 - General health,Current (being actively updated),2023-08-24,1,False,False,False,,,,,,0,
NM_2357_1,PP007 - Household composition,Current (being actively updated),2023-08-24,1,False,False,False,,,,,,0,
NM_2358_1,PP008 - Tenure,Current (being actively updated),2023-08-24,1,False,False,False,,,,,,0,
NM_2359_1,PP009 - Industry,Current (being actively updated),2023-08-24,1,False,False,False,,,,,,0,
NM_2360_1,PP010 - Car or van availability,Current (being actively updated),2023-08-24,1,False,False,False,,,,,,0,
NM_2361_1,PP011 - Occupation,Current (being actively updated),2023-08-24,1,False,False,False,,,,,,0,
NM_2362_1,PP012 - Age,Current (being actively updated),2023-08-24,1,False,False,False,,,,,,0,
NM_2363_1,PP013 - Travel to work,Current (being actively updated),2023-08-24,1,False,False,False,,,,,,0,
NM_2364_1,PP014 - Welsh speaking ability,Current (being actively updated),2023-08-24,1,False,False,False,,,,,,0,
NM_23_1,vacancies by occupation with duration analysis,Historical (not actively being updated),,13,False,False,False,,,,,,0,
NM_2401_1,Energy efficiency of housing,Current (being actively updated),2024-02-09,6,False,False,True,,,,,,0,
NM_2402_1,Residential property sales,Current (being actively updated),2024-05-29,9,False,False,True,,,,,,0,
NM_2403_1,National population projections: 2024-based with variants,Current (being actively updated),2026-07-01,1,False,False,False,,,,,,0,
NM_24_1,vacancies - summary analysis,Historical (not actively being updated),,13,False,False,False,,,,,,0,
NM_29_1,vat registrations/deregistrations by industry,Historical (not actively being updated),2008-12-02,10,False,False,False,,,,,,0,
NM_2_1,claimant count - age and duration,Historical (not actively being updated),,37,False,False,False,nuts 2003 level 2,,,,,0,
NM_30_1,annual survey of hours and earnings - resident analysis,Current (being actively updated),2025-11-03,16,False,False,True,,,,,,0,
NM_31_1,Population estimates - local authority based by five year age band,Current (being actively updated),2025-07-30,27,False,False,True,,,,,,0,
NM_34_1,vat registrations/deregistrations by industry - 1968 SIC,Historical (not actively being updated),,6,False,False,False,,,,,,0,
NM_35_1,1991 census - local base statistics,Historical (not actively being updated),,25,False,False,False,nuts 2003 level 2,,,,,0,
NM_37_1,1991 census - special workplace statistics,Historical (not actively being updated),,17,False,False,False,,,,,,0,
NM_38_1,1991 census - small area statistics,Historical (not actively being updated),,27,False,False,False,nuts 2003 level 2,,,,,0,
NM_39_1,Jobseeker's Allowance flows - seasonally adjusted,Current (being actively updated),2026-01-20,4,False,False,False,,,,,,0,
NM_3_1,claimant count denominators - workforce series,Current (being actively updated),,2,False,False,False,,,,,,0,
NM_44_1,vacancies by occupation - SOC 2000,Historical (not actively being updated),,13,False,False,False,,,,,,0,
NM_45_1,Jobseeker's Allowance - seasonally adjusted,Current (being actively updated),2026-01-20,4,False,False,False,,,,,,0,
NM_47_1,local area labour force survey,Historical (not actively being updated),2014-10-15,22,False,False,False,nuts 2003 level 2,,,,,0,
NM_47_5,local area labour force survey (variables (percentages)),Historical (not actively being updated),2014-10-15,22,False,False,False,nuts 2003 level 2,,,,,0,
NM_501_1,QS101EW - Residence type,Current (being actively updated),2013-01-30,24,False,False,False,,,,,,0,
NM_503_1,QS103EW - Age by single year,Current (being actively updated),2013-01-30,24,False,False,False,,,,,,0,
NM_504_1,QS104EW - Sex,Current (being actively updated),2013-01-30,24,False,False,False,,,,,,0,
NM_505_1,QS105EW - Schoolchildren and full-time students at their non term-time address,Current (being actively updated),2013-01-30,24,False,False,False,,,,,,0,
NM_506_1,QS106EW - Second address,Current (being actively updated),2013-01-30,24,False,False,False,,,,,,0,
NM_507_1,Age,Historical (not actively being updated),,25,False,False,False,nuts 2003 level 2,,,,,0,
NM_508_1,QS108EW - Living Arrangements,Current (being actively updated),2013-01-30,23,False,False,False,,,,,,0,
NM_509_1,Population,Historical (not actively being updated),,25,False,False,False,nuts 2003 level 2,,,,,0,
NM_50_1,vacancies - notified by industry,Historical (not actively being updated),2012-12-12,33,False,False,False,,,,,,0,
NM_510_1,QS110EW - Adult lifestage (alternative adult definition),Current (being actively updated),2013-01-30,24,False,False,False,,,,,,0,
NM_511_1,QS111EW - Household lifestage,Current (being actively updated),2013-01-30,24,False,False,False,,,,,,0,
NM_512_1,QS112EW - Household composition - People,Current (being actively updated),2013-02-06,24,False,False,False,,,,,,0,
NM_513_1,QS113EW - Household composition - Households,Current (being actively updated),2013-01-30,24,False,False,False,,,,,,0,
NM_514_1,QS114EW - Household composition (alternative child and adult definition) - People,Current (being actively updated),2013-01-30,24,False,False,False,,,,,,0,
NM_515_1,QS115EW - Household composition (alternative child and adult definition) - Households,Current (being actively updated),2013-01-30,24,False,False,False,,,,,,0,
NM_516_1,QS116EW - Household type,Current (being actively updated),2013-01-30,24,False,False,False,,,,,,0,
NM_517_1,QS117EW - People aged 18 to 64 living in a one adult household,Current (being actively updated),2013-01-30,24,False,False,False,,,,,,0,
NM_518_1,QS118EW - Families with dependent children,Current (being actively updated),2013-01-30,24,False,False,False,,,,,,0,
NM_519_1,QS119EW - Households by deprivation dimensions,Current (being actively updated),2013-01-30,24,False,False,False,,,,,,0,
NM_51_1,vacancies - notified by occupation,Historical (not actively being updated),2012-12-12,33,False,False,False,,,,,,0,
NM_520_1,Ethnic Group,Historical (not actively being updated),2013-01-30,25,False,False,False,nuts 2003 level 2,,,,,0,
NM_521_1,QS121EW - Armed Forces,Current (being actively updated),2013-02-06,5,False,False,False,,,,,,0,
NM_522_1,QS201EW - Ethnic group,Current (being actively updated),2013-01-30,24,False,False,False,,,,,,0,
NM_523_1,QS202EW - Multiple ethnic groups,Current (being actively updated),2013-01-30,24,False,False,False,,,,,,0,
NM_524_1,QS203EW - Country of birth (detailed),Current (being actively updated),2013-01-30,24,False,False,False,,,,,,0,
NM_525_1,QS204EW - Main language (detailed),Current (being actively updated),2013-01-30,24,False,False,False,,,,,,0,
NM_526_1,QS205EW - Proficiency in English,Current (being actively updated),2013-01-30,24,False,False,False,,,,,,0,
NM_527_1,QS206WA - Welsh language skills,Current (being actively updated),2013-01-30,17,False,False,False,,,,,,0,
NM_528_1,QS207WA - Welsh language skills (detailed),Current (being actively updated),2013-01-30,17,False,False,False,,,,,,0,
NM_529_1,QS208EW - Religion,Current (being actively updated),2013-01-30,24,False,False,False,,,,,,0,
NM_530_1,QS301EW - Provision of unpaid care,Current (being actively updated),2013-01-30,25,False,False,False,,,,,,0,
NM_531_1,QS302EW - General health,Current (being actively updated),2013-01-30,24,False,False,False,,,,,,0,
NM_532_1,QS303EW - Long-term health problem or disability,Current (being actively updated),2013-01-30,24,False,False,False,,,,,,0,
NM_533_1,QS401EW - Accommodation type - People,Current (being actively updated),2013-01-30,24,False,False,False,,,,,,0,
NM_534_1,QS402EW - Accommodation type - Households,Current (being actively updated),2013-01-30,24,False,False,False,,,,,,0,
NM_535_1,QS403EW - Tenure - People,Current (being actively updated),2013-01-30,24,False,False,False,,,,,,0,
NM_536_1,QS404EW - Tenure - Household Reference Person aged 65 and over,Current (being actively updated),2013-01-30,24,False,False,False,,,,,,0,
NM_537_1,QS405EW - Tenure - Households,Current (being actively updated),2013-01-30,24,False,False,False,,,,,,0,
NM_538_1,QS406EW - Household size,Current (being actively updated),2013-01-30,24,False,False,False,,,,,,0,
NM_539_1,QS407EW - Number of rooms,Current (being actively updated),2013-01-30,24,False,False,False,,,,,,0,
NM_540_1,QS408EW - Occupancy rating (rooms),Current (being actively updated),2013-01-30,24,False,False,False,,,,,,0,
NM_541_1,QS409EW - Persons per room - Households,Current (being actively updated),2013-01-30,24,False,False,False,,,,,,0,
NM_542_1,QS410EW - Persons per room - People,Current (being actively updated),2013-01-30,24,False,False,False,,,,,,0,
NM_543_1,QS411EW - Number of bedrooms,Current (being actively updated),2013-01-30,24,False,False,False,,,,,,0,
NM_544_1,QS412EW - Occupancy rating (bedrooms),Current (being actively updated),2014-01-17,24,False,False,False,,,,,,0,
NM_545_1,QS413EW - Persons per bedroom - Households,Current (being actively updated),2013-01-30,24,False,False,False,,,,,,0,
NM_546_1,QS414EW - Persons per bedroom - People,Current (being actively updated),2013-01-30,24,False,False,False,,,,,,0,
NM_547_1,QS415EW - Central heating,Current (being actively updated),2013-01-30,24,False,False,False,,,,,,0,
NM_548_1,QS416EW - Car or van availability,Current (being actively updated),2013-01-30,24,False,False,False,,,,,,0,
NM_549_1,QS417EW - Household spaces,Current (being actively updated),2013-01-30,24,False,False,False,,,,,,0,
NM_550_1,QS418EW - Dwellings,Current (being actively updated),2013-01-30,24,False,False,False,,,,,,0,
NM_551_1,QS419EW - Position in communal establishment,Current (being actively updated),2013-01-30,24,False,False,False,,,,,,0,
NM_552_1,QS420EW - Communal establishment management and type - Communal establishments,Current (being actively updated),2013-01-30,24,False,False,False,,,,,,0,
NM_553_1,QS421EW - Communal establishment management and type - People,Current (being actively updated),2013-01-30,24,False,False,False,,,,,,0,
NM_554_1,QS501EW - Highest level of qualification,Current (being actively updated),2013-01-30,24,False,False,False,,,,,,0,
NM_555_1,QS502EW - Qualifications gained,Current (being actively updated),2013-01-30,24,False,False,False,,,,,,0,
NM_556_1,QS601EW - Economic activity,Current (being actively updated),2013-01-30,24,False,False,False,,,,,,0,
NM_557_1,QS602EW - Economic activity of Household Reference Person,Current (being actively updated),2013-02-01,24,False,False,False,,,,,,0,
NM_558_1,QS603EW - Economic activity - Full-time students,Current (being actively updated),2013-01-30,24,False,False,False,,,,,,0,
NM_559_1,QS604EW - Hours worked,Current (being actively updated),2013-01-30,24,False,False,False,,,,,,0,
NM_560_1,QS605EW - Industry,Current (being actively updated),2013-01-30,24,False,False,False,,,,,,0,
NM_561_1,QS606EW - Occupation (Minor Groups),Current (being actively updated),2013-01-30,24,False,False,False,,,,,,0,
NM_562_1,QS607EW - NS-SeC,Current (being actively updated),2013-01-30,24,False,False,False,,,,,,0,
NM_563_1,QS608EW - NS-SeC of Household Reference Person - People aged under 65,Current (being actively updated),2013-02-01,24,False,False,False,,,,,,0,
NM_564_1,QS609EW - NS-SeC of Household Reference Person - People,Current (being actively updated),2013-01-31,24,False,False,False,,,,,,0,
NM_565_1,QS610EW - NS-SeC of Household Reference Person (HRP) - HRP Aged under 65,Current (being actively updated),2013-02-06,24,False,False,False,,,,,,0,
NM_566_1,QS611EW - Approximated Social Grade,Current (being actively updated),2013-03-26,24,False,False,False,,,,,,0,
NM_567_1,QS612EW - Year last worked,Current (being actively updated),2013-02-13,24,False,False,False,,,,,,0,
NM_568_1,QS701EW - Method of travel to work,Current (being actively updated),2013-01-30,24,False,False,False,,,,,,0,
NM_569_1,QS801EW - Year of arrival in the UK,Current (being actively updated),2013-01-30,24,False,False,False,,,,,,0,
NM_570_1,QS802EW - Age of arrival in the UK,Current (being actively updated),2013-01-30,24,False,False,False,,,,,,0,
NM_571_1,QS803EW - length of residence in the UK,Current (being actively updated),2013-01-30,24,False,False,False,,,,,,0,
NM_573_1,QS210EW - Religion (detailed),Current (being actively updated),2013-01-30,24,False,False,False,,,,,,0,
NM_574_1,CT0010 - Ethnic group (write-in responses),Current (being actively updated),2013-02-08,24,False,False,False,,,,,,0,
NM_575_1,QS211EW - Ethnic group (detailed),Current (being actively updated),2013-02-12,24,False,False,False,,,,,,0,
NM_576_1,QS703EW - Method of Travel to Work (2001 specification),Current (being actively updated),2014-09-09,24,False,False,False,,,,,,0,
NM_577_1,QS212EW - Passports held,Current (being actively updated),2013-03-26,4,False,False,False,,,,,,0,
NM_578_1,QS213EW - Country of birth (expanded),Current (being actively updated),2013-03-26,2,False,False,False,,,,,,0,
NM_579_1,QS214EW - National Identity (detailed),Current (being actively updated),2013-01-30,5,False,False,False,,,,,,0,
NM_57_1,jobs density,Current (being actively updated),2026-04-21,37,False,False,True,,,,,,0,
NM_580_1,QS613EW - Approximated social grade,Current (being actively updated),2014-03-26,24,False,False,False,,,,,,0,
NM_582_1,Marital Status,Historical (not actively being updated),,25,False,False,False,nuts 2003 level 2,,,,,0,
NM_583_1,Country of Birth,Historical (not actively being updated),,25,False,False,False,nuts 2003 level 2,,,,,0,
NM_584_1,Economic Position - all persons,Historical (not actively being updated),,25,False,False,False,nuts 2003 level 2,,,,,0,
NM_585_1,Economic Position - males,Historical (not actively being updated),,25,False,False,False,nuts 2003 level 2,,,,,0,
NM_586_1,Economic Position - Females,Historical (not actively being updated),,25,False,False,False,nuts 2003 level 2,,,,,0,
NM_587_1,Hours Worked,Historical (not actively being updated),,25,False,False,False,nuts 2003 level 2,,,,,0,
NM_588_1,Industry,Historical (not actively being updated),,25,False,False,False,nuts 2003 level 2,,,,,0,
NM_589_1,Occupation,Historical (not actively being updated),,25,False,False,False,nuts 2003 level 2,,,,,0,
NM_58_1,2001 census - standard tables,Historical (not actively being updated),,9,False,False,False,,,,,,0,
NM_590_1,Qualifications,Historical (not actively being updated),,25,False,False,False,nuts 2003 level 2,,,,,0,
NM_59_1,labour force survey - national and regional - headline indicators (seasonally adjusted),Current (being actively updated),2026-09-15,2,False,False,False,,,,,,0,
NM_5_1,claimant count denominators - historical workforce series,Historical (not actively being updated),,16,False,False,False,nuts 2003 level 2,,,,,0,
NM_603_1,KS103EW - Marital and civil partnership status,Current (being actively updated),2013-02-01,24,False,False,False,,,,,,0,
NM_604_1,KS104EW - Living arrangements,Current (being actively updated),2013-01-30,24,False,False,False,,,,,,0,
NM_605_1,KS105EW - Household composition,Current (being actively updated),2013-01-30,24,False,False,False,,,,,,0,
NM_606_1,KS106EW - Adults not in employment and dependent children and persons with long-term health problems or disability for all households,Current (being actively updated),2013-01-30,24,False,False,False,,,,,,0,
NM_607_1,KS107EW - Lone parent households with dependent children,Current (being actively updated),2013-01-30,24,False,False,False,,,,,,0,
NM_608_1,KS201EW - Ethnic group,Current (being actively updated),2013-01-30,24,False,False,False,,,,,,0,
NM_609_1,KS202EW - National identity,Current (being actively updated),2013-01-30,24,False,False,False,,,,,,0,
NM_611_1,KS204EW - Country of birth,Current (being actively updated),2013-01-30,24,False,False,False,,,,,,0,
NM_612_1,KS205EW - Passports held,Current (being actively updated),2014-01-17,24,False,False,False,,,,,,0,
NM_613_1,KS206EW - Household language,Current (being actively updated),2013-01-30,24,False,False,False,,,,,,0,
NM_614_1,KS207WA - Welsh language skills,Current (being actively updated),2013-01-31,17,False,False,False,,,,,,0,
NM_615_1,KS208WA - Welsh language profile,Current (being actively updated),2013-01-31,17,False,False,False,,,,,,0,
NM_616_1,KS209EW - Religion,Current (being actively updated),2013-01-30,24,False,False,False,,,,,,0,
NM_617_1,KS301EW - Health and provision of unpaid care,Current (being actively updated),2013-01-30,24,False,False,False,,,,,,0,
NM_618_1,"KS401EW - Dwellings, household spaces and accommodation type",Current (being actively updated),2013-01-30,24,False,False,False,,,,,,0,
NM_619_1,KS402EW - Tenure,Current (being actively updated),2013-01-30,24,False,False,False,,,,,,0,
NM_621_1,KS404EW - Car or van availability,Current (being actively updated),2013-01-30,24,False,False,False,,,,,,0,
NM_622_1,KS405EW - Communal establishment residents,Current (being actively updated),2013-02-08,24,False,False,False,,,,,,0,
NM_623_1,KS501EW - Qualifications and students,Current (being actively updated),2013-01-30,24,False,False,False,,,,,,0,
NM_624_1,KS601EW to KS603EW - Economic activity by sex,Current (being actively updated),2013-02-01,24,False,False,False,,,,,,0,
NM_625_1,KS604EW - Hours worked,Current (being actively updated),2013-01-30,24,False,False,False,,,,,,0,
NM_626_1,KS605EW to KS607EW - Industry by sex,Current (being actively updated),2013-02-01,24,False,False,False,,,,,,0,
NM_627_1,KS608EW to KS610EW - Occupation by sex,Current (being actively updated),2013-02-01,24,False,False,False,,,,,,0,
NM_628_1,KS611EW to KS613EW - NS-SeC by sex,Current (being actively updated),2013-02-01,24,False,False,False,,,,,,0,
NM_62_1,2001 census - census area statistics,Historical (not actively being updated),,17,False,False,False,,,,,,0,
NM_62_5,2001 census - census area statistics (create your own variables (percentages)),Historical (not actively being updated),,17,False,False,False,,,,,,0,
NM_63_1,1991 census - small area statistics (NI data),Historical (not actively being updated),,17,False,False,False,nuts 2003 level 2,,,,,0,
NM_64_1,Jobseeker's Allowance by occupation,Current (being actively updated),2026-01-20,90,False,False,False,nuts 2016 level 2; nuts 2013 level 2; nuts 2010 level 2; nuts 2003 level 2,,,,,0,
NM_651_1,DC2101EW - Ethnic group by sex by age,Current (being actively updated),2013-05-16,8,False,False,False,,,,,,0,
NM_652_1,DC2102EW - National identity by sex by age,Current (being actively updated),2013-05-16,8,False,False,False,,,,,,0,
NM_653_1,DC2103EW - Country of birth by sex by age,Current (being actively updated),2013-05-16,8,False,False,False,,,,,,0,
NM_654_1,DC2104EW - Main Language by sex by age,Current (being actively updated),2013-05-16,8,False,False,False,,,,,,0,
NM_655_1,DC2105EW - Proficiency in English  by sex by age,Current (being actively updated),2013-05-16,8,False,False,False,,,,,,0,
NM_657_1,DC2107EW - Religion by sex by age,Current (being actively updated),2013-05-16,8,False,False,False,,,,,,0,
NM_658_1,DC2108EW - Passports held by sex by age,Current (being actively updated),2013-05-16,8,False,False,False,,,,,,0,
NM_659_1,DC2201EW - Ethnic Group by Religion,Current (being actively updated),2013-05-16,8,False,False,False,,,,,,0,
NM_65_1,"Jobseeker's Allowance by occupation, age and duration",Current (being actively updated),2026-01-20,90,False,False,False,nuts 2016 level 2; nuts 2013 level 2; nuts 2010 level 2; nuts 2003 level 2,,,,,0,
NM_660_1,DC2202EW - National identity by ethnic group,Current (being actively updated),2013-05-16,8,False,False,False,,,,,,0,
NM_661_1,DC2203WA - Ability to speak Welsh skills by national identity by sex by age,Current (being actively updated),2013-05-16,8,False,False,False,,,,,,0,
NM_662_1,DC2204EW - National identity by religion,Current (being actively updated),2013-05-16,8,False,False,False,,,,,,0,
NM_663_1,DC2205EW - Country of birth by ethnic group by sex,Current (being actively updated),2013-05-16,8,False,False,False,,,,,,0,
NM_664_1,DC2206WA - Welsh Language Skills by Country of Birth by sex by age,Current (being actively updated),2013-05-16,8,False,False,False,,,,,,0,
NM_665_1,DC2207EW - Country of birth by religion by sex,Current (being actively updated),2013-05-16,8,False,False,False,,,,,,0,
NM_666_1,DC2301EW - Ethnic group by provision of unpaid care by general health,Current (being actively updated),2013-05-16,8,False,False,False,,,,,,0,
NM_667_1,DC2801EW - Ethnic group by age of arrival in the UK,Current (being actively updated),2013-05-16,8,False,False,False,,,,,,0,
NM_668_1,DC2802EW - Country of birth by age of arrival in UK,Current (being actively updated),2013-05-16,8,False,False,False,,,,,,0,
NM_669_1,DC2803EW - Proficiency in English by age of arrival in the UK,Current (being actively updated),2013-05-16,8,False,False,False,,,,,,0,
NM_66_1,1981 census - small area statistics,Historical (not actively being updated),,12,False,False,False,,,,,,0,
NM_670_1,DC3201EW - Long-term health problem or disability by general health by ethnic group by sex by age,Current (being actively updated),2013-05-16,8,False,False,False,,,,,,0,
NM_671_1,DC3202WA - Long-term health problem or disability by general health by Welsh language skills by sex by age,Current (being actively updated),2013-05-16,8,False,False,False,,,,,,0,
NM_672_1,DC3203EW - Long-term health problem or disability by general health by religion by sex by age,Current (being actively updated),2013-05-16,8,False,False,False,,,,,,0,
NM_673_1,DC3301EW - Provision of unpaid care by general health by sex by age,Current (being actively updated),2013-05-16,8,False,False,False,,,,,,0,
NM_674_1,DC3302EW - Long term health problem or disability by health by sex by age,Current (being actively updated),2013-05-16,8,False,False,False,,,,,,0,
NM_675_1,DC3601EW - General health by NS-SeC by sex by age,Current (being actively updated),2013-05-16,8,False,False,False,,,,,,0,
NM_676_1,DC3602EW - Long-term health problem or disability by NS-SeC by sex by age,Current (being actively updated),2013-05-16,8,False,False,False,,,,,,0,
NM_677_1,DC6201EW - Economic activity by ethnic group by sex by age,Current (being actively updated),2013-05-16,8,False,False,False,,,,,,0,
NM_679_1,DC6203EW - Economic activity by country of birth by sex by age,Current (being actively updated),2013-05-16,8,False,False,False,,,,,,0,
NM_67_1,1981 census - special workplace statistics,Historical (not actively being updated),,11,False,False,False,,,,,,0,
NM_680_1,DC6204EW - Economic activity by passports held by sex by age,Current (being actively updated),2013-05-16,8,False,False,False,,,,,,0,
NM_681_1,DC6205EW - Economic activity by religion by sex by age,Current (being actively updated),2013-05-16,8,False,False,False,,,,,,0,
NM_682_1,DC6206EW - NS-SeC by ethnic group by sex by age,Current (being actively updated),2013-05-16,8,False,False,False,,,,,,0,
NM_683_1,DC6207EW - NS-SeC by religion by sex by age,Current (being actively updated),2013-05-16,8,False,False,False,,,,,,0,
NM_684_1,DC6301EWla - Economic activity by provision of unpaid care by general health by sex,Current (being actively updated),2013-05-16,3,False,False,False,,,,,,0,
NM_685_1,DC6302EW - Economic activity by hours worked by sex by long-term health problem or disability,Current (being actively updated),2013-05-16,8,False,False,False,,,,,,0,
NM_686_1,DC2109EWr - Country of birth by sex by age (regional),Current (being actively updated),2013-05-16,2,False,False,False,,,,,,0,
NM_687_1,DC2110EWr - Passports held by sex by age (regional),Current (being actively updated),2013-05-16,2,False,False,False,,,,,,0,
NM_688_1,DC2208EWr - Passports held by country of birth (regional),Current (being actively updated),2013-05-16,2,False,False,False,,,,,,0,
NM_689_1,DC2804EWr - Country of birth by year of arrival in the UK (regional),Current (being actively updated),2013-05-16,2,False,False,False,,,,,,0,
NM_68_1,benefit claimants 5% data - working age client group,Current (being actively updated),2016-11-16,11,False,False,False,,,,,,0,
NM_690_1,DC2805EWr - Passports held by year of arrival in the UK (regional),Current (being actively updated),2013-05-16,2,False,False,False,,,,,,0,
NM_691_1,DC3303EWr - Provision of unpaid care by general health by sex by age (regional),Current (being actively updated),2013-05-16,2,False,False,False,,,,,,0,
NM_692_1,DC6208EWr - Economic activity by country of birth by sex by age (regional),Current (being actively updated),2013-05-16,2,False,False,False,,,,,,0,
NM_693_1,DC6209EWr - Economic activity by passports held by sex by age (regional),Current (being actively updated),2013-05-16,2,False,False,False,,,,,,0,
NM_694_1,DC1101EW - Marital and civil partnership status by sex by age - Household Reference Persons,Current (being actively updated),2013-06-28,8,False,False,False,,,,,,0,
NM_695_1,DC1102EW - Living arrangements by sex by age - Household Reference Persons,Current (being actively updated),2013-06-28,8,False,False,False,,,,,,0,
NM_696_1,DC2604EW - Proficiency in English by industry by economic activity,Current (being actively updated),2013-11-29,8,False,False,False,,,,,,0,
NM_697_1,DC2605WAla - Ability to speak Welsh by year last worked by age,Current (being actively updated),2013-11-29,4,False,False,False,,,,,,0,
NM_698_1,DC2607WAla - Welsh language skills by industry,Current (being actively updated),2013-11-29,4,False,False,False,,,,,,0,
NM_699_1,DC2106WAla - Welsh language skills by sex by age,Current (being actively updated),2013-06-28,4,False,False,False,,,,,,0,
NM_69_1,benefit claimants 5% data - working age families,Current (being actively updated),2016-11-16,11,False,False,False,,,,,,0,
NM_6_1,claimant count - occupation,Historical (not actively being updated),,36,False,False,False,nuts 2003 level 2,,,,,0,
NM_700_1,DC2608WAla - Welsh language skills by occupation,Current (being actively updated),2013-11-29,4,False,False,False,,,,,,0,
NM_701_1,DC2401WA - Number of people who can speak Welsh by household size,Current (being actively updated),2013-06-28,6,False,False,False,,,,,,0,
NM_702_1,DC2402WA - Ability to speak Welsh by tenure by age - Household Reference Persons,Current (being actively updated),2013-06-28,6,False,False,False,,,,,,0,
NM_703_1,DC2403WA - Welsh language skills by tenure by age - Household Reference Persons,Current (being actively updated),2013-06-28,6,False,False,False,,,,,,0,
NM_704_1,DC2609WAla - Welsh language skills by NS-SeC,Current (being actively updated),2013-11-29,4,False,False,False,,,,,,0,
NM_705_1,DC2610WA - Ability to speak Welsh by year last worked,Current (being actively updated),2013-11-29,6,False,False,False,,,,,,0,
NM_706_1,DC2601WA - Ability of dependent child in a family to speak Welsh by NS-SeC of Household Reference Person by Welsh household composition,Current (being actively updated),2013-06-28,6,False,False,False,,,,,,0,
NM_707_1,DC4101EW - Tenure by household composition,Current (being actively updated),2013-06-28,8,False,False,False,,,,,,0,
NM_708_1,DC4102EW - Number of bedrooms by accommodation type by age of dependent children,Current (being actively updated),2013-06-28,8,False,False,False,,,,,,0,
NM_709_1,DC4103EW - Number of bedrooms by tenure by age of dependent children,Current (being actively updated),2013-06-28,8,False,False,False,,,,,,0,
NM_70_1,benefit claimants 5% data - children of working age clients,Current (being actively updated),2016-11-16,11,False,False,False,,,,,,0,
NM_710_1,DC4201EW - Tenure by ethnic group by age - Household Reference Persons,Current (being actively updated),2013-06-28,8,False,False,False,,,,,,0,
NM_711_1,DC4202EW - Tenure by car or van availability by ethnic group of Household Reference Person (HRP),Current (being actively updated),2013-06-28,8,False,False,False,,,,,,0,
NM_712_1,DC4203EW - Tenure by car or van availability by ethnic group,Current (being actively updated),2013-06-28,8,False,False,False,,,,,,0,
NM_713_1,DC4204EW - Tenure by car or van availability by religion of Household Reference Person (HRP),Current (being actively updated),2013-06-28,8,False,False,False,,,,,,0,
NM_714_1,DC4205EW - Dwelling type by type of central heating in household by occupancy rating (rooms) by ethnic group of Household Reference Person (HRP),Current (being actively updated),2013-06-28,8,False,False,False,,,,,,0,
NM_715_1,DC4206EW - Dwelling type by type of central heating in household by occupancy rating (bedrooms) by ethnic group of Household Reference Person (HRP),Current (being actively updated),2014-01-17,8,False,False,False,,,,,,0,
NM_716_1,DC4207EW - Dwelling type by type of central heating in household by occupancy rating (rooms) by religion of Household Reference Person (HRP),Current (being actively updated),2013-06-28,8,False,False,False,,,,,,0,
NM_717_1,DC4208EW - Dwelling type by type of central heating in household by occupancy rating (bedrooms) by religion of Household Reference Person (HRP),Current (being actively updated),2014-01-17,8,False,False,False,,,,,,0,
NM_718_1,DC2611WA - Ability to speak Welsh by industry,Current (being actively updated),2013-11-29,6,False,False,False,,,,,,0,
NM_719_1,DC4402EW - Accommodation type by type of central heating in household by tenure,Current (being actively updated),2013-06-28,8,False,False,False,,,,,,0,
NM_71_1,benefit claimants 5% data - pensionable age,Current (being actively updated),,11,False,False,False,,,,,,0,
NM_720_1,DC4403EW - Accommodation type by household spaces,Current (being actively updated),2013-06-28,8,False,False,False,,,,,,0,
NM_721_1,DC4404EW - Tenure by household size by number of rooms,Current (being actively updated),2013-06-28,8,False,False,False,,,,,,0,
NM_722_1,DC4405EW - Tenure by household size by number of bedrooms,Current (being actively updated),2013-06-28,8,False,False,False,,,,,,0,
NM_723_1,DC4406EW - Tenure by number of persons per room in household by accommodation type,Current (being actively updated),2013-06-28,8,False,False,False,,,,,,0,
NM_724_1,DC4407EW - Tenure by number of persons per bedroom in household by accommodation type,Current (being actively updated),2013-06-28,8,False,False,False,,,,,,0,
NM_725_1,DC4408EW - Tenure by number of persons per bedroom in household by household type,Current (being actively updated),2013-06-28,8,False,False,False,,,,,,0,
NM_726_1,DC4601EW - Tenure by economic activity by age - Household Reference Persons,Current (being actively updated),2013-06-28,8,False,False,False,,,,,,0,
NM_727_1,DC4602EWr - Tenure by industry by age - Household Reference Persons (regional),Current (being actively updated),2013-06-28,2,False,False,False,,,,,,0,
NM_728_1,DC2612WA - Ability to speak Welsh by occupation,Current (being actively updated),2013-11-29,6,False,False,False,,,,,,0,
NM_729_1,DC4604EW - Tenure by occupation by age - Household Reference Persons,Current (being actively updated),2013-06-28,8,False,False,False,,,,,,0,
NM_730_1,DC4605EW - Tenure by NS-SeC by age - Household Reference Persons,Current (being actively updated),2013-06-28,8,False,False,False,,,,,,0,
NM_731_1,DC4606EW - Tenure by number of bedrooms by occupation of Household Reference Person (HRP),Current (being actively updated),2013-06-28,8,False,False,False,,,,,,0,
NM_732_1,DC6101EW - NS-SeC by sex by age - Household Reference Persons,Current (being actively updated),2013-06-28,8,False,False,False,,,,,,0,
NM_733_1,DC6102EW - NS-SeC of Household Reference Person (HRP) by households with schoolchildren or full-time students living away during term-time,Current (being actively updated),2013-06-28,8,False,False,False,,,,,,0,
NM_734_1,DC4607EWr - Tenure by occupation by sex by age - Household Reference Persons (regional),Current (being actively updated),2013-06-28,2,False,False,False,,,,,,0,
NM_735_1,DC4608EWr - Tenure by NS-SeC by sex by age - Household Reference Persons (regional),Current (being actively updated),2013-06-28,2,False,False,False,,,,,,0,
NM_736_1,DC1103WAla - Extended Welsh household composition by age of youngest dependent child,Current (being actively updated),2013-07-12,4,False,False,False,,,,,,0,
NM_737_1,DC2112WAla - Extended Welsh household composition by ability to speak Welsh by age of dependent child,Current (being actively updated),2013-07-12,4,False,False,False,,,,,,0,
NM_738_1,DC2209EWr - Country of birth by national identity (regional),Current (being actively updated),2013-07-12,2,False,False,False,,,,,,0,
NM_739_1,DC3204EWr - General health by ethnic group by sex by age (regional),Current (being actively updated),2013-07-12,2,False,False,False,,,,,,0,
NM_73_1,benefit payments 5% data - pension credit,Current (being actively updated),2019-08-13,13,False,False,False,,,,,,0,
NM_740_1,DC3205EWr - Long-term health problem or disability by ethnic group by sex by age (regional),Current (being actively updated),2013-07-12,2,False,False,False,,,,,,0,
NM_741_1,DC6303EWr - NS-SeC by general health by sex by age (regional),Current (being actively updated),2013-07-12,2,False,False,False,,,,,,0,
NM_742_1,DC6304EWr - NS-SeC by long-term health problem or disability by sex by age (regional),Current (being actively updated),2013-07-12,2,False,False,False,,,,,,0,
NM_743_1,DC1104EW - Residence type by sex by age,Current (being actively updated),2013-08-30,8,False,False,False,,,,,,0,
NM_744_1,DC2613WA - Ability to speak Welsh by NS-SeC,Current (being actively updated),2013-11-29,6,False,False,False,,,,,,0,
NM_745_1,DC1106EW - Schoolchildren and full-time students at their non term-time address by sex by age,Current (being actively updated),2013-08-30,8,False,False,False,,,,,,0,
NM_746_1,DC1107EW - Marital and civil partnership status by sex by age,Current (being actively updated),2013-08-30,8,False,False,False,,,,,,0,
NM_747_1,DC1108EW - Living arrangements by sex by age,Current (being actively updated),2013-08-30,8,False,False,False,,,,,,0,
NM_748_1,DC1109EW - Household composition by age by sex,Current (being actively updated),2013-08-30,8,False,False,False,,,,,,0,
NM_749_1,DC1110EWla - Concealed family by family type by dependent children in family by age of Family Reference Person (FRP),Current (being actively updated),2014-01-17,4,False,False,False,,,,,,0,
NM_74_1,benefit payments 5% data - state pension,Current (being actively updated),2019-05-14,11,False,False,False,,,,,,0,
NM_750_1,DC6107EW - Economic Activity by sex by age,Current (being actively updated),2013-11-29,8,False,False,False,,,,,,0,
NM_751_1,DC1112EWla - Age of youngest dependent child by household type by sex by age,Current (being actively updated),2013-08-30,4,False,False,False,,,,,,0,
NM_752_1,DC1113EW - Age of youngest dependent child by household type,Current (being actively updated),2013-08-30,8,False,False,False,,,,,,0,
NM_753_1,DC6108EW - Economic activity of full-time students by student accommodation by age,Current (being actively updated),2013-11-29,8,False,False,False,,,,,,0,
NM_754_1,DC1115EW - Age of youngest dependent child by family type by marital status by age of Family Reference Person (FRP),Current (being actively updated),2013-08-30,8,False,False,False,,,,,,0,
NM_755_1,DC1201EW - Household composition by ethnic group of Household Reference Person (HRP),Current (being actively updated),2013-08-30,8,False,False,False,,,,,,0,
NM_756_1,DC1202EW - Household composition by religion of Household Reference Person (HRP),Current (being actively updated),2013-08-30,8,False,False,False,,,,,,0,
NM_757_1,DC1203EW - Dependent children by ethnic group of Household Reference Person (HRP) by age,Current (being actively updated),2013-08-30,8,False,False,False,,,,,,0,
NM_758_1,DC1301EW - Household composition by number of people in household with a long-term health problem or disability,Current (being actively updated),2013-08-30,8,False,False,False,,,,,,0,
NM_759_1,DC1401EW - Household composition by car or van availability,Current (being actively updated),2013-08-30,8,False,False,False,,,,,,0,
NM_75_1,benefit payments 5% data - IB/SDA,Current (being actively updated),2019-08-13,14,False,False,False,,,,,,0,
NM_760_1,DC1402EW - Household composition by number of bedrooms,Current (being actively updated),2013-08-30,8,False,False,False,,,,,,0,
NM_761_1,DC1601EWla - Family status by number of parents working by dependent children in family by economic activity,Current (being actively updated),2013-08-30,4,False,False,False,,,,,,0,
NM_762_1,DC6109EW - Hours worked by sex by age,Current (being actively updated),2013-11-29,8,False,False,False,,,,,,0,
NM_763_1,DC2115WA - Ability to speak Welsh by family type by Welsh speaking parents,Current (being actively updated),2013-08-30,6,False,False,False,,,,,,0,
NM_764_1,DC2116EW - Ethnic group of dependent child by sex,Current (being actively updated),2013-08-30,8,False,False,False,,,,,,0,
NM_765_1,DC2210EWr - Main language by proficiency in English (regional),Current (being actively updated),2013-08-30,2,False,False,False,,,,,,0,
NM_766_1,DC2302EWr - Proficiency in English by general health by sex by age,Current (being actively updated),2013-08-30,2,False,False,False,,,,,,0,
NM_767_1,DC2303EW - Proficiency in English by general health by sex by age,Current (being actively updated),2013-08-30,8,False,False,False,,,,,,0,
NM_768_1,DC2602EW - Proficiency in English by occupation by sex by age,Current (being actively updated),2013-08-30,8,False,False,False,,,,,,0,
NM_769_1,DC4104EWla - Tenure by occupancy rating (rooms) by household composition,Current (being actively updated),2013-08-30,4,False,False,False,,,,,,0,
NM_76_1,benefit payments 5% data - income support,Current (being actively updated),2019-08-13,14,False,False,False,,,,,,0,
NM_770_1,DC4105EWla - Tenure by occupancy rating (bedrooms) by household composition,Current (being actively updated),2014-01-17,4,False,False,False,,,,,,0,
NM_771_1,DC6110EW - Industry by sex by age,Current (being actively updated),2013-11-29,8,False,False,False,,,,,,0,
NM_772_1,DC4209EW - Number of persons per room in household by ethnic group of household reference person (HRP),Current (being actively updated),2013-08-30,8,False,False,False,,,,,,0,
NM_773_1,DC2806EW - Passports held by age of arrival in the UK,Current (being actively updated),2013-09-26,8,False,False,False,,,,,,0,
NM_774_1,DC1116EWla - Marital and civil partnership status by sex by age - Communal establishment residents,Current (being actively updated),2013-09-26,5,False,False,False,,,,,,0,
NM_775_1,DC2117EWla - Ethnic group by sex by age - Communal establishment residents,Current (being actively updated),2013-09-26,5,False,False,False,,,,,,0,
NM_776_1,DC2118EWla - Country of birth by age - Communal establishment residents,Current (being actively updated),2013-09-26,5,False,False,False,,,,,,0,
NM_777_1,DC2119EWla - Passports held by sex by age - Communal establishment residents,Current (being actively updated),2013-09-26,5,False,False,False,,,,,,0,
NM_778_1,DC2404WAla - Ability to speak Welsh by communal establishment management and type by position in communal establishment,Current (being actively updated),2013-09-26,5,False,False,False,,,,,,0,
NM_779_1,DC2405WAla - Welsh language skills by communal establishment management and type by position in communal establishment,Current (being actively updated),2013-09-26,5,False,False,False,,,,,,0,
NM_77_1,benefit payments 5% data - jobseekers allowance,Current (being actively updated),2019-08-13,13,False,False,False,,,,,,0,
NM_780_1,DC3304EWla - Long-term health problem or disability by general health by age - Communal establishment residents,Current (being actively updated),2013-09-26,5,False,False,False,,,,,,0,
NM_781_1,DC3401EWla - General health by communal establishment management and type by sex by age,Current (being actively updated),2013-09-26,5,False,False,False,,,,,,0,
NM_782_1,DC3402EWla - Long-term health problem or disability by communal establishment management and type by sex by age,Current (being actively updated),2013-09-26,5,False,False,False,,,,,,0,
NM_783_1,DC4107EWla - Position in communal establishment by sex by age,Current (being actively updated),2013-09-26,5,False,False,False,,,,,,0,
NM_784_1,DC4210EWla - Communal establishment management and type by sex by age,Current (being actively updated),2013-09-26,5,False,False,False,,,,,,0,
NM_785_1,DC4211EWla - Communal establishment management and type by ethnic group by sex,Current (being actively updated),2013-09-26,5,False,False,False,,,,,,0,
NM_786_1,DC4409EWla - Communal establishment management and type by religion by sex,Current (being actively updated),2013-09-26,5,False,False,False,,,,,,0,
NM_787_1,DC5101EWla - Highest level of qualification by sex by age - Communal establishment residents,Current (being actively updated),2013-09-26,5,False,False,False,,,,,,0,
NM_788_1,DC6103EWla - Economic activity by sex by age - Communal establishment residents,Current (being actively updated),2013-09-26,5,False,False,False,,,,,,0,
NM_789_1,DC6104EWla -  Industry by sex by age - Communal establishment residents,Current (being actively updated),2013-09-26,5,False,False,False,,,,,,0,
NM_78_1,benefit payments 5% data - attendance allowance,Current (being actively updated),2019-08-13,13,False,False,False,,,,,,0,
NM_790_1,DC6105EWla - Occupation by sex by age - Communal establishment residents,Current (being actively updated),2013-09-26,5,False,False,False,,,,,,0,
NM_791_1,DC6106EWla - NS-SeC by sex by age - Communal establishment residents,Current (being actively updated),2013-09-26,5,False,False,False,,,,,,0,
NM_792_1,DC1117EW - Sex by single year of age,Current (being actively updated),2013-09-26,8,False,False,False,,,,,,0,
NM_793_1,DC6111EW - Former industry by sex by age,Current (being actively updated),2013-11-29,8,False,False,False,,,,,,0,
NM_794_1,DC6112EW - Occupation by sex by age,Current (being actively updated),2013-11-29,8,False,False,False,,,,,,0,
NM_795_1,DC6113EW - Former occupation by sex by age,Current (being actively updated),2013-11-29,8,False,False,False,,,,,,0,
NM_796_1,DC6114EW - NS-SeC by sex by age,Current (being actively updated),2013-11-29,8,False,False,False,,,,,,0,
NM_797_1,DC6115EW - NS-SeC of Household Reference Person by household composition by sex,Current (being actively updated),2013-11-29,8,False,False,False,,,,,,0,
NM_798_1,DC6116EW - Year last worked by sex by age,Current (being actively updated),2013-11-29,8,False,False,False,,,,,,0,
NM_79_1,benefit payments 5% data - disability living allowance,Current (being actively updated),2019-08-13,13,False,False,False,,,,,,0,
NM_7_1,"claimant count - occupation, age and duration",Historical (not actively being updated),,36,False,False,False,nuts 2003 level 2,,,,,0,
NM_801_1,LC2101EW - Ethnic group by sex by age,Current (being actively updated),2013-07-31,22,False,False,False,,,,,,0,
NM_802_1,LC2102EW - National Identity by sex by age,Current (being actively updated),2013-07-31,22,False,False,False,,,,,,0,
NM_803_1,LC2104EW - Main language by sex by age,Current (being actively updated),2013-07-31,22,False,False,False,,,,,,0,
NM_804_1,LC2105EW - Proficiency in English by age,Current (being actively updated),2013-07-31,22,False,False,False,,,,,,0,
NM_805_1,LC2106WA - Welsh language skills by sex by age,Current (being actively updated),2013-07-31,15,False,False,False,,,,,,0,
NM_806_1,LC2107EW - Religion by sex by age,Current (being actively updated),2013-07-31,23,False,False,False,,,,,,0,
NM_807_1,LC2201EW - Ethnic group by religion,Current (being actively updated),2013-07-31,22,False,False,False,,,,,,0,
NM_808_1,LC2202EW - National identity by ethnic group,Current (being actively updated),2013-07-31,22,False,False,False,,,,,,0,
NM_809_1,LC2203WA - Ability to speak Welsh by national identity by age,Current (being actively updated),2013-07-31,15,False,False,False,,,,,,0,
NM_80_1,claimant count stocks,Historical (not actively being updated),,8,False,False,False,,,,,,0,
NM_810_1,LC2204EW - National Identity by religion,Current (being actively updated),2013-07-31,22,False,False,False,,,,,,0,
NM_811_1,LC2205EW - Country of birth by ethnic group,Current (being actively updated),2013-07-31,22,False,False,False,,,,,,0,
NM_812_1,LC2206WA - Welsh language skills by country of birth by age,Current (being actively updated),2013-07-31,15,False,False,False,,,,,,0,
NM_813_1,LC2207EW - Country of birth by religion by sex,Current (being actively updated),2013-07-31,22,False,False,False,,,,,,0,
NM_814_1,LC2801EW - Ethnic group by age of arrival in the UK,Current (being actively updated),2013-07-31,22,False,False,False,,,,,,0,
NM_815_1,LC2803EW -  Proficiency in English by age of arrival in the UK,Current (being actively updated),2013-07-31,22,False,False,False,,,,,,0,
NM_816_1,LC3202WA - General health by ability to speak Welsh by age,Current (being actively updated),2013-07-31,15,False,False,False,,,,,,0,
NM_817_1,LC3204WA - Long-term health problem or disability by ability to speak Welsh by age,Current (being actively updated),2013-07-31,16,False,False,False,,,,,,0,
NM_818_1,LC6201EW - Economic activity by ethnic group by age,Current (being actively updated),2013-07-31,22,False,False,False,,,,,,0,
NM_819_1,LC6205EW - Economic activity by Religion,Current (being actively updated),2013-07-31,22,False,False,False,,,,,,0,
NM_81_1,registrants stocks,Historical (not actively being updated),,8,False,False,False,,,,,,0,
NM_820_1,LC6206EW - NS-SeC by ethnic group by age,Current (being actively updated),2013-07-31,22,False,False,False,,,,,,0,
NM_821_1,LC6207EW - NS-SeC by religion,Current (being actively updated),2013-07-31,22,False,False,False,,,,,,0,
NM_822_1,LC2301EW - Ethnic group by provision of unpaid care by general health,Current (being actively updated),2013-08-30,22,False,False,False,,,,,,0,
NM_823_1,LC2303EW - Proficiency in English by general health by sex,Current (being actively updated),2013-08-30,22,False,False,False,,,,,,0,
NM_824_1,LC3203EW - General health by religion by sex by age,Current (being actively updated),2013-08-30,22,False,False,False,,,,,,0,
NM_826_1,LC3205EW - Long-term health problem or disability by ethnic group by sex by age,Current (being actively updated),2013-08-30,22,False,False,False,,,,,,0,
NM_827_1,LC3207EW - Long-term health problem or disability by religion by sex by age,Current (being actively updated),2013-08-30,22,False,False,False,,,,,,0,
NM_828_1,LC3301EW - Provision of unpaid care by general health by sex by age,Current (being actively updated),2013-08-30,22,False,False,False,,,,,,0,
NM_829_1,LC3302EW - Long-term health problem or disability by general health by sex by age,Current (being actively updated),2013-08-30,22,False,False,False,,,,,,0,
NM_82_1,registrants stocks - published,Historical (not actively being updated),,8,False,False,False,,,,,,0,
NM_830_1,LC3304EW - Provision of unpaid care by age,Current (being actively updated),2013-08-30,22,False,False,False,,,,,,0,
NM_831_1,LC3601EW - General health by NS-SeC,Current (being actively updated),2013-08-30,22,False,False,False,,,,,,0,
NM_832_1,LC3602EW - Long-term health problem or disability by NS-SeC by age,Current (being actively updated),2013-08-30,22,False,False,False,,,,,,0,
NM_833_1,LC6301EW - Economic activity by provision of unpaid care by general health,Current (being actively updated),2013-08-30,22,False,False,False,,,,,,0,
NM_834_1,LC6302EW - Economic activity by hours worked by long-term health problem or disability,Current (being actively updated),2013-08-30,22,False,False,False,,,,,,0,
NM_835_1,LC3206EW - General health by ethnic group by sex by age,Current (being actively updated),2013-08-30,24,False,False,False,,,,,,0,
NM_836_1,LC2103EW - Country of birth by sex by age,Current (being actively updated),2013-09-26,22,False,False,False,,,,,,0,
NM_837_1,LC2108EW - Passports held by sex by age,Current (being actively updated),2013-09-26,22,False,False,False,,,,,,0,
NM_838_1,LC2208EW - Passports held by country of birth,Current (being actively updated),2013-09-26,22,False,False,False,,,,,,0,
NM_839_1,LC2802EW - Country of birth by age of arrival in the UK,Current (being actively updated),2013-09-26,22,False,False,False,,,,,,0,
NM_83_1,registrants - age and duration,Historical (not actively being updated),,8,False,False,False,,,,,,0,
NM_840_1,LC2804EW - Country of birth by year of arrival in the UK,Current (being actively updated),2013-09-26,22,False,False,False,,,,,,0,
NM_841_1,LC2805EW - Passports held by year of arrival in the UK,Current (being actively updated),2013-09-26,22,False,False,False,,,,,,0,
NM_842_1,LC6203EW - Economic activity by country of birth by age,Current (being actively updated),2013-09-26,22,False,False,False,,,,,,0,
NM_843_1,LC6204EW - Economic activity by passports held by age,Current (being actively updated),2013-09-26,22,False,False,False,,,,,,0,
NM_844_1,LC2806EW - Passports held by age of arrival in the UK,Current (being actively updated),2013-09-26,22,False,False,False,,,,,,0,
NM_845_1,LC1104EW - Residence type by age,Current (being actively updated),2014-01-23,22,False,False,False,,,,,,0,
NM_846_1,LC1106EW - Schoolchildren and full-time students at their non term-time address by sex by age,Current (being actively updated),2014-01-23,22,False,False,False,,,,,,0,
NM_847_1,LC1107EW - Marital and civil partnership status by sex by age,Current (being actively updated),2014-01-23,22,False,False,False,,,,,,0,
NM_848_1,LC1108EW - Living arrangements by sex by age,Current (being actively updated),2014-01-23,22,False,False,False,,,,,,0,
NM_849_1,LC1109EW - Household composition by age by sex,Current (being actively updated),2014-01-23,22,False,False,False,,,,,,0,
NM_84_1,registrants - age and duration,Historical (not actively being updated),,8,False,False,False,,,,,,0,
NM_850_1,LC1110EW - Concealed family status by family type by dependent children by age of Family Reference Person (FRP),Current (being actively updated),2014-01-23,22,False,False,False,,,,,,0,
NM_851_1,LC1112EW - Age of youngest dependent child by household type by sex,Current (being actively updated),2014-01-23,22,False,False,False,,,,,,0,
NM_852_1,LC1113EW - Age of youngest dependent child by household type,Current (being actively updated),2014-01-23,22,False,False,False,,,,,,0,
NM_853_1,LC1114EW - Dependent children by family type,Current (being actively updated),2014-01-23,22,False,False,False,,,,,,0,
NM_854_1,LC1115EW - Age of youngest dependent child by family type by age of Family Reference Persion (FRP),Current (being actively updated),2014-01-23,22,False,False,False,,,,,,0,
NM_855_1,LC1118EW - Age of youngest dependent child by family type,Current (being actively updated),2014-01-23,22,False,False,False,,,,,,0,
NM_856_1,LC1201EW - Household composition by ethnic group of Household Reference Person (HRP),Current (being actively updated),2014-01-23,22,False,False,False,,,,,,0,
NM_857_1,LC1202EW - Household composition by religion of Household Reference Person (HRP),Current (being actively updated),2014-01-23,22,False,False,False,,,,,,0,
NM_858_1,LC1203EW - Dependent children by ethnic group of Household Reference Person (HRP) by age,Current (being actively updated),2014-01-23,22,False,False,False,,,,,,0,
NM_859_1,LC1301EW - Household composition by number of people in household with a long-term health problem or disability,Current (being actively updated),2014-01-23,22,False,False,False,,,,,,0,
NM_85_1,claimant flows,Historical (not actively being updated),,9,False,False,False,,,,,,0,
NM_860_1,LC1401EW - Household composition by car or van availability,Current (being actively updated),2014-01-23,22,False,False,False,,,,,,0,
NM_861_1,LC1402EW - Household composition by number of bedrooms,Current (being actively updated),2014-01-23,22,False,False,False,,,,,,0,
NM_862_1,LC1601EW - Family status by number of parents working by economic activity,Current (being actively updated),2014-01-23,22,False,False,False,,,,,,0,
NM_863_1,LC2115WA - Family type by parents ability to speak Welsh by age and ability to speak Welsh of dependent child,Current (being actively updated),2014-01-23,16,False,False,False,,,,,,0,
NM_864_1,LC2116EW - Ethnic group of dependent child by sex,Current (being actively updated),2014-01-23,22,False,False,False,,,,,,0,
NM_865_1,LC4104EW - Occupancy rating (rooms) by household composition,Current (being actively updated),2014-01-23,22,False,False,False,,,,,,0,
NM_866_1,LC4105EW - Occupancy rating (bedrooms) by household composition,Current (being actively updated),2014-01-23,22,False,False,False,,,,,,0,
NM_867_1,LC4106EW - Occupancy rating (rooms) by tenure,Current (being actively updated),2014-01-23,22,False,False,False,,,,,,0,
NM_868_1,LC4108EW - Occupancy rating (bedrooms) by tenure,Current (being actively updated),2014-01-23,22,False,False,False,,,,,,0,
NM_869_1,LC4209EW - Number of persons per room in household by ethnic group of household reference person (HRP),Current (being actively updated),2014-01-23,22,False,False,False,,,,,,0,
NM_870_1,LC1101EW - Marital and civil partnership status by sex by age - Household Reference Persons,Current (being actively updated),2014-01-23,22,False,False,False,,,,,,0,
NM_871_1,LC1102EW - Living arrangements by age - Household Reference Persons,Current (being actively updated),2014-01-23,22,False,False,False,,,,,,0,
NM_872_1,LC1103WA - Welsh household composition by age of youngest dependent child,Current (being actively updated),2014-01-23,16,False,False,False,,,,,,0,
NM_873_1,LC2401WA - Number of people who can speak Welsh by household size,Current (being actively updated),2014-01-23,16,False,False,False,,,,,,0,
NM_874_1,LC2402WA - Ability to speak Welsh by tenure - Household Reference Persons,Current (being actively updated),2014-01-23,16,False,False,False,,,,,,0,
NM_875_1,LC2403WA - Welsh language skills by tenure - Household Reference Persons,Current (being actively updated),2014-01-23,16,False,False,False,,,,,,0,
NM_876_1,LC4101EW - Tenure by household composition,Current (being actively updated),2014-01-23,22,False,False,False,,,,,,0,
NM_877_1,LC4102EW - Number of bedrooms by accommodation type by age of dependent children,Current (being actively updated),2014-01-23,22,False,False,False,,,,,,0,
NM_878_1,LC4103EW - Number of bedrooms by tenure by age of dependent children,Current (being actively updated),2014-01-23,22,False,False,False,,,,,,0,
NM_879_1,LC4201EW - Tenure by ethnic group by age - Household Reference Persons,Current (being actively updated),2014-01-23,22,False,False,False,,,,,,0,
NM_87_1,labour force survey - quarterly: four quarter averages,Historical (not actively being updated),,18,False,False,False,,,,,,0,
NM_880_1,LC4202EW - Tenure by car or van availability by ethnic group of Household Reference Person (HRP),Current (being actively updated),2014-01-23,22,False,False,False,,,,,,0,
NM_881_1,LC4203EW - Tenure by car or van availability by ethnic group,Current (being actively updated),2014-01-23,22,False,False,False,,,,,,0,
NM_882_1,LC4204EW - Tenure by car or van availability by religion of Household Reference Person (HRP),Current (being actively updated),2014-01-23,22,False,False,False,,,,,,0,
NM_883_1,LC4205EW - Occupancy rating (rooms) by ethnic group of Household Reference Person (HRP),Current (being actively updated),2014-01-23,22,False,False,False,,,,,,0,
NM_884_1,LC4206EW - Occupancy rating (bedrooms) by ethnic group of Household Reference Person (HRP),Current (being actively updated),2014-01-23,22,False,False,False,,,,,,0,
NM_885_1,LC4207EW - Occupancy rating (rooms) by religion of Household Reference Person (HRP),Current (being actively updated),2014-01-23,22,False,False,False,,,,,,0,
NM_886_1,LC4208EW - Occupancy rating (bedrooms) by religion of Household Reference Person (HRP),Current (being actively updated),2014-01-23,22,False,False,False,,,,,,0,
NM_887_1,LC4402EW - Accommodation type by type of central heating in household by tenure,Current (being actively updated),2014-01-23,22,False,False,False,,,,,,0,
NM_888_1,LC4403EW - Accommodation type by household spaces,Current (being actively updated),2014-01-23,22,False,False,False,,,,,,0,
NM_889_1,LC4404EW - Tenure by household size by number of rooms,Current (being actively updated),2014-01-23,22,False,False,False,,,,,,0,
NM_88_1,2001 census - census area statistics theme tables,Historical (not actively being updated),,12,False,False,False,,,,,,0,
NM_890_1,LC4405EW - Tenure by household size by number of bedrooms,Current (being actively updated),2014-01-23,22,False,False,False,,,,,,0,
NM_891_1,LC4406EW - Tenure by number of persons per room in household by accommodation type,Current (being actively updated),2014-01-23,22,False,False,False,,,,,,0,
NM_892_1,LC4407EW - Tenure by number of persons per bedroom in household by accommodation type,Current (being actively updated),2014-01-23,22,False,False,False,,,,,,0,
NM_893_1,LC4408EW - Tenure by number of persons per bedroom in household by household type,Current (being actively updated),2014-01-23,22,False,False,False,,,,,,0,
NM_894_1,LC4410EW - Type of central heating in household by occupancy rating (rooms) by age,Current (being actively updated),2014-01-23,22,False,False,False,,,,,,0,
NM_896_1,LC4412EW - Tenure by dependent children in household,Current (being actively updated),2014-01-23,22,False,False,False,,,,,,0,
NM_897_1,LC4413EW - Occupancy rating (rooms) by type of central heating in household,Current (being actively updated),2014-01-23,22,False,False,False,,,,,,0,
NM_898_1,LC4414EW - Occupancy rating (bedrooms) by type of central heating in household,Current (being actively updated),2014-01-23,22,False,False,False,,,,,,0,
NM_899_1,LC4601EW - Tenure by economic activity by age - Household Reference Persons,Current (being actively updated),2014-01-23,22,False,False,False,,,,,,0,
NM_89_1,vacancies - summary analysis,Historical (not actively being updated),2012-12-12,28,False,False,False,,,,,,0,
NM_8_1,"Jobseeker's Allowance off-flows by reason, age and duration",Current (being actively updated),2026-01-20,90,False,False,False,nuts 2016 level 2; nuts 2013 level 2; nuts 2010 level 2; nuts 2003 level 2,,,,,0,
NM_900_1,LC4602EW - Tenure by industry - Household Reference Persons,Current (being actively updated),2014-01-23,22,False,False,False,,,,,,0,
NM_901_1,ST101EWla - Residence type,Current (being actively updated),2013-10-31,5,False,False,False,,,,,,0,
NM_904_1,ST1117EWla - Sex by single year of age,Current (being actively updated),2013-10-31,5,False,False,False,,,,,,0,
NM_905_1,ST201EWla - Ethnic group,Current (being actively updated),2013-10-31,5,False,False,False,,,,,,0,
NM_906_1,ST203EWla - Country of Birth,Current (being actively updated),2013-10-31,5,False,False,False,,,,,,0,
NM_907_1,ST204EWla - Main language,Current (being actively updated),2013-10-31,5,False,False,False,,,,,,0,
NM_90_1,vacancies - unfilled by duration and occupation,Historical (not actively being updated),2012-12-12,26,False,False,False,,,,,,0,
NM_910_1,ST210EWla - Religion,Current (being actively updated),2013-10-31,5,False,False,False,,,,,,0,
NM_911_1,ST212EWla - Passports held (detailed),Current (being actively updated),2013-10-31,5,False,False,False,,,,,,0,
NM_912_1,ST301EWla - Provision of unpaid care,Current (being actively updated),2013-10-31,5,False,False,False,,,,,,0,
NM_913_1,ST302EWla - General Health,Current (being actively updated),2013-10-31,5,False,False,False,,,,,,0,
NM_914_1,ST403EWla - Tenure - People,Current (being actively updated),2014-01-17,5,False,False,False,,,,,,0,
NM_915_1,ST601EWla - Economic activity,Current (being actively updated),2013-10-31,5,False,False,False,,,,,,0,
NM_916_1,ST604EWla - Hours worked,Current (being actively updated),2013-10-31,5,False,False,False,,,,,,0,
NM_917_1,ST605EWla - Industry,Current (being actively updated),2013-10-31,5,False,False,False,,,,,,0,
NM_918_1,ST606EWla - Occupation,Current (being actively updated),2013-10-31,5,False,False,False,,,,,,0,
NM_919_1,ST607EWla - NS-SeC,Current (being actively updated),2013-10-31,5,False,False,False,,,,,,0,
NM_91_1,vacancies - outflow by duration and occupation,Historical (not actively being updated),2012-12-12,26,False,False,False,,,,,,0,
NM_920_1,ST701EWla - method of travel to work,Current (being actively updated),2013-10-31,5,False,False,False,,,,,,0,
NM_92_1,vacancies - unfilled by duration and industry,Historical (not actively being updated),2012-12-12,26,False,False,False,,,,,,0,
NM_931_1,WD1117EW - Sex by single year of age,Current (being actively updated),2014-05-23,5,False,False,False,,,,,,0,
NM_932_1,WD201EW - Ethnic group,Current (being actively updated),2014-05-23,22,False,False,False,,,,,,0,
NM_933_1,WD203EW - Country of birth,Current (being actively updated),2014-05-23,22,False,False,False,,,,,,0,
NM_934_1,WD204EW - Main language,Current (being actively updated),2014-05-23,22,False,False,False,,,,,,0,
NM_935_1,WD206WA - Welsh language skills,Current (being actively updated),2013-10-31,15,False,False,False,,,,,,0,
NM_936_1,WD207WA - Welsh language skills (detailed),Current (being actively updated),2013-10-31,15,False,False,False,,,,,,0,
NM_937_1,WD210EW - Religion,Current (being actively updated),2014-05-23,22,False,False,False,,,,,,0,
NM_938_1,WD212EW - Passports held (detailed),Current (being actively updated),2014-05-23,22,False,False,False,,,,,,0,
NM_939_1,WD302EW - General health,Current (being actively updated),2014-05-23,22,False,False,False,,,,,,0,
NM_93_1,vacancies - outflow by duration and industry,Historical (not actively being updated),2012-12-12,26,False,False,False,,,,,,0,
NM_940_1,WD403EW - Tenure - people,Current (being actively updated),2013-10-31,22,False,False,False,,,,,,0,
NM_941_1,WD501EW - Highest level of qualification,Current (being actively updated),2014-05-23,22,False,False,False,,,,,,0,
NM_942_1,WD601EW - Economic activity (Workday population),Current (being actively updated),2014-05-23,5,False,False,False,,,,,,0,
NM_943_1,WD604EW - Hours worked (Workday population),Current (being actively updated),2014-05-23,5,False,False,False,,,,,,0,
NM_944_1,WD605EW - Industry (Workday population),Current (being actively updated),2014-05-23,5,False,False,False,,,,,,0,
NM_945_1,WD606EW - Occupation (Workday population),Current (being actively updated),2014-05-23,5,False,False,False,,,,,,0,
NM_946_1,WD607EW - NS-SeC (Workday population),Current (being actively updated),2014-05-23,23,False,False,False,,,,,,0,
NM_947_1,WD613EW - Approximated Social Grade (Workday population),Current (being actively updated),2014-05-23,23,False,False,False,,,,,,0,
NM_948_1,WD803EW - Length of residence in the UK,Current (being actively updated),2014-05-23,22,False,False,False,,,,,,0,
NM_949_1,WD703EW - Method of travel to work (2001 specification) (Workday population),Current (being actively updated),2014-05-23,5,False,False,False,,,,,,0,
NM_94_1,2001 census - theme tables,Historical (not actively being updated),,7,False,False,False,,,,,,0,
NM_950_1,WD1101EW - Sex by Age (Workday population),Current (being actively updated),2014-05-23,23,False,False,False,,,,,,0,
NM_951_1,DC6210EW - Economic activity by country of birth,Current (being actively updated),2014-02-26,8,False,False,False,,,,,,0,
NM_952_1,DC6211EW - Industry by ethnic group by age,Current (being actively updated),2013-11-29,8,False,False,False,,,,,,0,
NM_953_1,DC6212EW - Industry by religion by age,Current (being actively updated),2013-11-29,8,False,False,False,,,,,,0,
NM_954_1,DC6213EW - Occupation by ethnic group by sex by age,Current (being actively updated),2013-11-29,8,False,False,False,,,,,,0,
NM_955_1,DC6214EW - Occupation by religion by sex by age,Current (being actively updated),2013-11-29,8,False,False,False,,,,,,0,
NM_956_1,DC6215EW - Economic activity by passports held,Current (being actively updated),2014-02-26,8,False,False,False,,,,,,0,
NM_957_1,DC6216EW - Industry by ethnic group by sex,Current (being actively updated),2013-11-29,8,False,False,False,,,,,,0,
NM_958_1,DC6217EW - Industry by religion by sex,Current (being actively updated),2013-11-29,8,False,False,False,,,,,,0,
NM_959_1,DC6401EW - Economic activity by living arrangements,Current (being actively updated),2013-11-29,8,False,False,False,,,,,,0,
NM_961_1,DC6601EW - Occupation by economic activity by sex,Current (being actively updated),2013-11-29,8,False,False,False,,,,,,0,
NM_962_1,DC6602EW - Industry by economic activity,Current (being actively updated),2013-11-29,8,False,False,False,,,,,,0,
NM_963_1,DC6603EW - Occupation by economic activity by age,Current (being actively updated),2013-11-29,8,False,False,False,,,,,,0,
NM_964_1,DC6604EW - Occupation by industry,Current (being actively updated),2013-11-29,8,False,False,False,,,,,,0,
NM_965_1,DC6605EW - Occupation by hours worked by sex,Current (being actively updated),2013-11-29,8,False,False,False,,,,,,0,
NM_966_1,DC6606EW - NS-SeC by economic activity by sex,Current (being actively updated),2013-11-29,8,False,False,False,,,,,,0,
NM_967_1,DC6607EWla - Home-worker by economic activity by sex by age,Current (being actively updated),2013-11-29,5,False,False,False,,,,,,0,
NM_968_1,DC6608EWla - Home-worker by industry by sex by age,Current (being actively updated),2013-11-29,5,False,False,False,,,,,,0,
NM_969_1,DC6609EWla - Home-worker by occupation by sex by age,Current (being actively updated),2013-11-29,5,False,False,False,,,,,,0,
NM_96_1,Jobseeker's Allowance flows by occupation,Current (being actively updated),2026-01-20,90,False,False,False,nuts 2016 level 2; nuts 2013 level 2; nuts 2010 level 2; nuts 2003 level 2,,,,,0,
NM_970_1,CT0347 - Occupation (full) by sex,Current (being actively updated),,7,False,False,False,,,,,,0,
NM_974_1,CT0144 - Occupation (full) by industry (full) (national),Current (being actively updated),2014-04-09,0,False,False,False,,no geography types listed,,,,0,
NM_97_1,Jobseeker's Allowance on-flows by occupation and age,Current (being actively updated),2026-01-20,90,False,False,False,nuts 2016 level 2; nuts 2013 level 2; nuts 2010 level 2; nuts 2003 level 2,,,,,0,
NM_986_1,CT0065 - Proficiency in English by year of arrival in the UK by country of birth (national),Current (being actively updated),2013-07-12,0,False,False,False,,no geography types listed,,,,0,
NM_987_1,CT0066 - Proficiency in English by year of arrival in the UK by passports held (national),Current (being actively updated),2013-07-12,0,False,False,False,,no geography types listed,,,,0,
NM_988_1,CT0067 - General health by year of arrival in the UK by country of birth by age (national),Current (being actively updated),2013-07-12,0,False,False,False,,no geography types listed,,,,0,
NM_989_1,CT0068 - General health by year of arrival in the UK by passports held by age (national),Current (being actively updated),2013-07-12,0,False,False,False,,no geography types listed,,,,0,
NM_98_1,"Jobseeker's Allowance off-flows by occupation, age and duration",Current (being actively updated),2026-01-20,90,False,False,False,nuts 2016 level 2; nuts 2013 level 2; nuts 2010 level 2; nuts 2003 level 2,,,,,0,
NM_990_1,CT0069 - Tenure by year of arrival in the UK by country of birth (national),Current (being actively updated),2013-07-12,0,False,False,False,,no geography types listed,,,,0,
NM_991_1,CT0070 - Tenure by year of arrival in the UK by passports held (national),Current (being actively updated),2013-07-12,0,False,False,False,,no geography types listed,,,,0,
NM_992_1,CT0071 - Highest level of qualification by year of arrival in the UK by country of birth by age (national),Current (being actively updated),2013-07-12,0,False,False,False,,no geography types listed,,,,0,
NM_993_1,CT0072 - Highest level of qualification by year of arrival in the UK by passports held by age (national),Current (being actively updated),2013-07-12,0,False,False,False,,no geography types listed,,,,0,
NM_994_1,CT0073 - Economic activity by year of arrival in the UK by country of birth (national),Current (being actively updated),2013-07-12,0,False,False,False,,no geography types listed,,,,0,
NM_995_1,CT0074 - Economic activity by year of arrival in the UK by passports held (national),Current (being actively updated),2013-07-12,0,False,False,False,,no geography types listed,,,,0,
NM_996_1,CT0075 - Industry by year of arrival in the UK by country of birth (national),Current (being actively updated),2013-07-12,0,False,False,False,,no geography types listed,,,,0,
NM_997_1,CT0076 - Industry by year of arrival in the UK by passports held (national),Current (being actively updated),2013-07-12,0,False,False,False,,no geography types listed,,,,0,
NM_998_1,CT0077 - Occupation by year of arrival in the UK by country of birth (national),Current (being actively updated),2013-07-12,0,False,False,False,,no geography types listed,,,,0,
NM_999_1,CT0078 - Occupation by year of arrival in the UK by passports held (national),Current (being actively updated),2013-07-12,0,False,False,False,,no geography types listed,,,,0,
NM_99_1,annual survey of hours and earnings - workplace analysis,Current (being actively updated),2025-11-03,16,False,False,True,,,,,,0,
NM_9_1,Jobseeker's Allowance flows by age and duration,Current (being actively updated),2026-01-20,98,False,False,False,nuts 2016 level 2; nuts 2013 level 2; nuts 2010 level 2; nuts 2003 level 2,,,,,0,
